season,date,dow,month,start,home,away,stadium,home_teams,is_dome,is_secondary,crowd,capacity,occupancy,sold_out,home_rank,home_wpct,home_gb,home_streak,home_last10,away_rank,away_wpct,away_gb,away_streak,away_last10,gb_from_playoff_line,season_progress,temp,rain,rain_game,humid,wind,cloud
2021,2021-04-03,토,04,14:00,키움,삼성,고척,키움,1,0,1665,1674,0.9946,1,,,,0,,,,,0,,,0.0,,,,,,
2021,2021-04-04,일,04,14:00,키움,삼성,고척,키움,1,0,1655,1674,0.9886,1,1,1.0,0.0,1,1,2,0.0,1.0,-1,0,-0.5,0.001,,,,,,
2021,2021-04-04,일,04,14:00,SSG,롯데,문학,SSG,0,0,2300,2300,1.0,1,3,,0.5,0,,4,,0.5,0,,,0.001,,,,,,
2021,2021-04-04,일,04,14:00,KT,한화,수원,KT,0,0,1956,2000,0.978,0,5,,0.5,0,,6,,0.5,0,,,0.001,,,,,,
2021,2021-04-04,일,04,14:00,두산,KIA,잠실,LG;두산,0,0,2410,2472,0.9749,0,7,,0.5,0,,8,,0.5,0,,,0.001,,,,,,
2021,2021-04-04,일,04,14:00,NC,LG,창원,NC,0,0,4376,5061,0.8647,0,9,,0.5,0,,10,,0.5,0,,,0.001,,,,,,
2021,2021-04-06,화,04,18:30,키움,KIA,고척,키움,1,0,1614,1674,0.9642,0,1,1.0,0.0,2,2,9,0.0,1.5,-1,0,-0.5,0.008,,,,,,
2021,2021-04-06,화,04,18:30,SSG,한화,문학,SSG,0,0,2268,2300,0.9861,1,2,1.0,0.5,1,1,8,0.0,1.5,-1,0,0.0,0.008,,,,,,
2021,2021-04-06,화,04,18:30,KT,LG,수원,KT,0,0,1956,2000,0.978,0,3,1.0,0.5,1,1,5,1.0,0.5,1,1,0.0,0.008,,,,,,
2021,2021-04-06,화,04,18:30,두산,삼성,잠실,LG;두산,0,0,2245,2472,0.9082,0,4,1.0,0.5,1,1,6,0.0,2.0,-2,0,0.0,0.008,,,,,,
2021,2021-04-06,화,04,18:30,NC,롯데,창원,NC,0,0,2327,5061,0.4598,0,10,0.0,1.5,-1,0,7,0.0,1.5,-1,0,1.0,0.008,,,,,,
2021,2021-04-07,수,04,18:30,키움,KIA,고척,키움,1,0,1628,1674,0.9725,0,4,0.667,0.5,-1,2,7,0.5,1.0,1,1,-0.5,0.015,,,,,,
2021,2021-04-07,수,04,18:30,SSG,한화,문학,SSG,0,0,2264,2300,0.9843,1,1,1.0,0.0,2,2,9,0.0,2.0,-2,0,-1.0,0.015,,,,,,
2021,2021-04-07,수,04,18:30,KT,LG,수원,KT,0,0,1706,2000,0.853,0,6,0.5,1.0,-1,1,3,1.0,0.0,2,2,0.0,0.015,,,,,,
2021,2021-04-07,수,04,18:30,두산,삼성,잠실,LG;두산,0,0,2142,2472,0.8665,0,2,1.0,0.0,2,2,8,0.0,2.5,-3,0,-1.0,0.015,,,,,,
2021,2021-04-07,수,04,18:30,NC,롯데,창원,NC,0,0,2225,5061,0.4396,0,10,0.0,2.0,-2,0,5,0.5,1.0,1,1,1.0,0.015,,,,,,
2021,2021-04-08,목,04,18:30,키움,KIA,고척,키움,1,0,1660,1674,0.9916,1,6,0.5,1.5,-2,2,4,0.667,1.0,2,2,0.5,0.022,,,,,,
2021,2021-04-08,목,04,18:30,SSG,한화,문학,SSG,0,0,2278,2300,0.9904,1,2,0.667,1.0,-1,2,8,0.333,2.0,1,1,0.0,0.022,,,,,,
2021,2021-04-08,목,04,18:30,KT,LG,수원,KT,0,0,1605,2000,0.8025,0,3,0.667,1.0,1,2,5,0.667,1.0,-1,2,0.0,0.022,,,,,,
2021,2021-04-08,목,04,18:30,두산,삼성,잠실,LG;두산,0,0,2273,2472,0.9195,0,1,1.0,0.0,3,3,10,0.0,3.5,-4,0,-1.0,0.022,,,,,,
2021,2021-04-08,목,04,18:30,NC,롯데,창원,NC,0,0,2261,5061,0.4467,0,9,0.333,2.0,1,1,7,0.333,2.0,-1,1,1.0,0.022,,,,,,
2021,2021-04-09,금,04,18:30,KIA,NC,광주,KIA,0,0,3869,1168,3.3125,1,3,0.75,0.0,3,3,9,0.25,2.0,-1,1,-1.0,0.029,,,,,,
2021,2021-04-09,금,04,18:30,삼성,KT,대구,삼성,0,0,2724,7033,0.3873,0,10,0.2,2.5,1,1,6,0.5,1.0,-1,2,1.5,0.029,,,,,,
2021,2021-04-09,금,04,18:30,롯데,키움,사직,롯데,0,0,2364,2364,1.0,1,5,0.5,1.0,1,2,7,0.4,1.5,-3,2,0.0,0.029,,,,,,
2021,2021-04-09,금,04,18:30,LG,SSG,잠실,LG;두산,0,0,2414,2472,0.9765,0,4,0.75,0.0,1,3,1,0.75,0.0,1,3,-1.0,0.029,,,,,,
2021,2021-04-09,금,04,18:30,한화,두산,한밭,한화,0,0,1300,3900,0.3333,0,8,0.25,2.0,-1,1,2,0.75,0.0,-1,3,1.0,0.029,,,,,,
2021,2021-04-10,토,04,17:00,KIA,NC,광주,KIA,0,0,4114,1168,3.5223,1,4,0.6,1.0,-1,3,9,0.4,2.0,1,2,-0.5,0.036,,,,,,
2021,2021-04-10,토,04,14:00,삼성,KT,대구,삼성,0,0,3813,7033,0.5422,0,10,0.333,2.5,2,2,7,0.4,2.0,-2,2,1.0,0.036,,,,,,
2021,2021-04-10,토,04,17:00,롯데,키움,사직,롯데,0,0,2364,2364,1.0,1,6,0.4,2.0,-1,2,5,0.5,1.5,1,3,0.5,0.036,,,,,,
2021,2021-04-10,토,04,14:00,LG,SSG,잠실,LG;두산,0,0,2431,2472,0.9834,1,1,0.8,0.0,2,4,2,0.6,1.0,-1,3,-1.5,0.036,,,,,,
2021,2021-04-10,토,04,17:00,한화,두산,한밭,한화,0,0,1300,3900,0.3333,0,8,0.4,2.0,1,2,3,0.6,1.0,-2,3,0.5,0.036,,,,,,
2021,2021-04-11,일,04,14:00,KIA,NC,광주,KIA,0,0,4264,1168,3.6507,1,5,0.5,1.0,-2,3,6,0.5,1.0,2,3,0.0,0.043,,,,,,
2021,2021-04-11,일,04,14:00,삼성,KT,대구,삼성,0,0,4658,7033,0.6623,0,8,0.429,1.5,3,3,9,0.333,2.0,-3,2,0.5,0.043,,,,,,
2021,2021-04-11,일,04,14:00,롯데,키움,사직,롯데,0,0,2364,2364,1.0,1,4,0.5,1.0,1,3,7,0.429,1.5,-1,3,0.0,0.043,,,,,,
2021,2021-04-11,일,04,14:00,LG,SSG,잠실,LG;두산,0,0,2454,2472,0.9927,1,3,0.667,0.0,-1,4,1,0.667,0.0,1,4,-1.0,0.043,,,,,,
2021,2021-04-11,일,04,14:00,한화,두산,한밭,한화,0,0,1300,3900,0.3333,0,10,0.333,2.0,-1,2,2,0.667,0.0,1,4,1.0,0.043,,,,,,
2021,2021-04-13,화,04,18:30,키움,LG,고척,키움,1,0,1479,1674,0.8835,0,5,0.5,1.5,1,4,1,0.714,0.0,1,5,0.0,0.05,,,,,,
2021,2021-04-13,화,04,18:30,KIA,롯데,광주,KIA,0,0,808,1168,0.6918,0,9,0.429,2.0,-3,3,7,0.429,2.0,-1,3,0.5,0.05,,,,,,
2021,2021-04-13,화,04,18:30,삼성,한화,대구,삼성,0,0,1363,7033,0.1938,0,6,0.5,1.5,4,4,8,0.429,2.0,1,3,0.0,0.05,,,,,,
2021,2021-04-13,화,04,18:30,SSG,NC,문학,SSG,0,0,1632,2300,0.7096,0,2,0.571,1.0,-1,4,4,0.571,1.0,3,4,-0.5,0.05,,,,,,
2021,2021-04-13,화,04,18:30,두산,KT,잠실,LG;두산,0,0,1128,2472,0.4563,0,3,0.571,1.0,-1,4,10,0.286,3.0,-4,2,-0.5,0.05,,,,,,
2021,2021-04-14,수,04,18:30,키움,LG,고척,키움,1,0,1311,1674,0.7832,0,3,0.556,0.5,2,5,2,0.625,0.0,-1,5,-0.5,0.057,,,,,,
2021,2021-04-14,수,04,18:30,KIA,롯데,광주,KIA,0,0,884,1168,0.7568,0,10,0.375,2.0,-4,3,6,0.5,1.0,1,4,1.0,0.057,,,,,,
2021,2021-04-14,수,04,18:30,삼성,한화,대구,삼성,0,0,1564,7033,0.2224,0,4,0.556,0.5,5,5,9,0.375,2.0,-1,3,-0.5,0.057,,,,,,
2021,2021-04-14,수,04,18:30,SSG,NC,문학,SSG,0,0,1571,2300,0.683,0,5,0.5,1.0,-2,4,1,0.625,0.0,4,5,0.0,0.057,,,,,,
2021,2021-04-14,수,04,18:30,두산,KT,잠실,LG;두산,0,0,1038,2472,0.4199,0,7,0.5,1.0,-2,4,8,0.375,2.0,1,3,0.0,0.057,,,,,,
2021,2021-04-15,목,04,18:30,키움,LG,고척,키움,1,0,1354,1674,0.8088,0,4,0.5,1.5,-1,5,2,0.667,0.0,1,6,0.0,0.064,,,,,,
2021,2021-04-15,목,04,18:30,KIA,롯데,광주,KIA,0,0,1503,1168,1.2868,1,9,0.444,2.0,1,4,7,0.444,2.0,-1,4,0.5,0.064,,,,,,
2021,2021-04-15,목,04,18:30,삼성,한화,대구,삼성,0,0,1728,7033,0.2457,0,5,0.5,1.5,-1,5,8,0.444,2.0,1,4,0.0,0.064,,,,,,
2021,2021-04-15,목,04,18:30,SSG,NC,문학,SSG,0,0,1539,2300,0.6691,0,6,0.444,2.0,-3,4,1,0.667,0.0,5,6,0.5,0.064,,,,,,
2021,2021-04-15,목,04,18:30,두산,KT,잠실,LG;두산,0,0,1124,2472,0.4547,0,3,0.556,1.0,1,5,10,0.333,3.0,-1,3,-0.5,0.064,,,,,,
2021,2021-04-16,금,04,18:30,SSG,KIA,문학,SSG,0,0,2300,2300,1.0,1,4,0.5,2.0,1,5,6,0.5,2.0,2,5,0.0,0.071,,,,,,
2021,2021-04-16,금,04,18:30,롯데,삼성,사직,롯데,0,0,1927,2364,0.8151,0,8,0.4,3.0,-2,4,3,0.545,1.5,1,6,1.0,0.071,,,,,,
2021,2021-04-16,금,04,18:30,KT,키움,수원,KT,0,0,929,2000,0.4645,0,9,0.4,3.0,1,4,7,0.455,2.5,-2,4,1.0,0.071,,,,,,
2021,2021-04-16,금,04,18:30,LG,두산,잠실,LG;두산,0,0,2442,2472,0.9879,1,1,0.7,0.0,2,7,5,0.5,2.0,-1,5,-2.0,0.071,,,,,,
2021,2021-04-16,금,04,19:00,NC,한화,창원,NC,0,0,5061,5061,1.0,1,2,0.6,1.0,-1,6,10,0.4,3.0,-1,4,-1.0,0.071,,,,,,
2021,2021-04-17,토,04,14:00,SSG,KIA,문학,SSG,0,0,2300,2300,1.0,1,5,0.455,3.0,-1,4,3,0.545,2.0,3,6,0.0,0.078,,,,,,
2021,2021-04-17,토,04,17:00,롯데,삼성,사직,롯데,0,0,2364,2364,1.0,1,6,0.455,3.0,1,5,4,0.5,2.5,-1,6,0.0,0.078,,,,,,
2021,2021-04-17,토,04,17:00,KT,키움,수원,KT,0,0,1658,2000,0.829,0,7,0.455,3.0,2,4,9,0.417,3.5,-3,3,0.0,0.078,,,,,,
2021,2021-04-17,토,04,17:00,LG,두산,잠실,LG;두산,0,0,2472,2472,1.0,1,1,0.727,0.0,3,7,8,0.455,3.0,-2,4,-3.0,0.078,,,,,,
2021,2021-04-17,토,04,17:00,NC,한화,창원,NC,0,0,3495,5061,0.6906,0,2,0.636,1.0,1,7,10,0.364,4.0,-2,4,-2.0,0.078,,,,,,
2021,2021-04-18,일,04,14:00,SSG,KIA,문학,SSG,0,0,2300,2300,1.0,1,4,0.5,2.0,1,4,7,0.5,2.0,-1,5,0.0,0.085,,,,,,
2021,2021-04-18,일,04,14:00,롯데,삼성,사직,롯데,0,0,2364,2364,1.0,1,8,0.417,3.0,-1,4,3,0.538,1.5,1,7,1.0,0.085,,,,,,
2021,2021-04-18,일,04,14:00,KT,키움,수원,KT,0,0,1956,2000,0.978,0,5,0.5,2.0,3,5,9,0.385,3.5,-4,3,0.0,0.085,,,,,,
2021,2021-04-18,일,04,14:00,LG,두산,잠실,LG;두산,0,0,2472,2472,1.0,1,2,0.667,0.0,-1,6,6,0.5,2.0,1,4,-2.0,0.085,,,,,,
2021,2021-04-18,일,04,14:00,NC,한화,창원,NC,0,0,2632,5061,0.5201,0,1,0.667,0.0,2,8,10,0.333,4.0,-3,4,-2.0,0.085,,,,,,
2021,2021-04-20,화,04,18:30,삼성,SSG,대구,삼성,0,0,2104,7033,0.2992,0,3,0.571,0.5,2,8,4,0.538,1.0,2,5,-0.5,0.092,,,,,,
2021,2021-04-20,화,04,18:30,롯데,두산,사직,롯데,0,0,1197,2364,0.5063,0,8,0.385,3.0,-2,4,6,0.538,1.0,2,4,2.0,0.092,,,,,,
2021,2021-04-20,화,04,18:30,LG,KIA,잠실,LG;두산,0,0,2453,2472,0.9923,1,2,0.615,0.0,-2,6,7,0.462,2.0,-2,4,-1.0,0.092,,,,,,
2021,2021-04-20,화,04,18:30,NC,KT,창원,NC,0,0,1229,5061,0.2428,0,1,0.615,0.0,-1,7,5,0.538,1.0,4,5,-1.0,0.092,,,,,,
2021,2021-04-20,화,04,18:30,한화,키움,한밭,한화,0,0,1003,3900,0.2572,0,9,0.385,3.0,1,4,10,0.357,3.5,-5,3,2.0,0.092,,,,,,
2021,2021-04-21,수,04,18:30,삼성,SSG,대구,삼성,0,0,2823,7033,0.4014,0,5,0.533,0.5,-1,7,1,0.571,0.0,3,5,0.0,0.099,,,,,,
2021,2021-04-21,수,04,18:30,롯데,두산,사직,롯데,0,0,1278,2364,0.5406,0,8,0.429,2.0,1,4,6,0.5,1.0,-1,4,1.5,0.099,,,,,,
2021,2021-04-21,수,04,18:30,LG,KIA,잠실,LG;두산,0,0,2457,2472,0.9939,1,4,0.571,0.0,-3,5,7,0.5,1.0,1,4,-0.5,0.099,,,,,,
2021,2021-04-21,수,04,18:30,NC,KT,창원,NC,0,0,1103,5061,0.2179,0,3,0.571,0.0,-2,7,2,0.571,0.0,5,6,-0.5,0.099,,,,,,
2021,2021-04-21,수,04,18:30,한화,키움,한밭,한화,0,0,1007,3900,0.2582,0,9,0.429,2.0,2,5,10,0.333,3.5,-6,3,1.5,0.099,,,,,,
2021,2021-04-22,목,04,18:30,삼성,SSG,대구,삼성,0,0,2636,7033,0.3748,0,3,0.562,0.5,1,7,4,0.533,1.0,-1,5,-0.5,0.106,,,,,,
2021,2021-04-22,목,04,18:30,롯데,두산,사직,롯데,0,0,1686,2364,0.7132,0,6,0.467,2.0,2,5,8,0.467,2.0,-2,4,1.0,0.106,,,,,,
2021,2021-04-22,목,04,18:30,LG,KIA,잠실,LG;두산,0,0,2472,2472,1.0,1,2,0.6,0.0,1,5,9,0.467,2.0,-1,4,-1.0,0.106,,,,,,
2021,2021-04-22,목,04,18:30,NC,KT,창원,NC,0,0,1393,5061,0.2752,0,1,0.6,0.0,1,7,5,0.533,1.0,-1,6,-1.0,0.106,,,,,,
2021,2021-04-22,목,04,18:30,한화,키움,한밭,한화,0,0,1071,3900,0.2746,0,7,0.467,2.0,3,5,10,0.312,4.5,-7,2,1.0,0.106,,,,,,
2021,2021-04-23,금,04,18:30,키움,SSG,고척,키움,1,0,1258,1674,0.7515,0,10,0.353,3.5,1,3,1,0.562,0.0,1,5,3.0,0.113,,,,,,
2021,2021-04-23,금,04,18:30,KIA,삼성,광주,KIA,0,0,1318,1168,1.1284,1,7,0.5,1.0,1,5,5,0.529,0.5,-1,6,0.5,0.113,,,,,,
2021,2021-04-23,금,04,18:30,KT,롯데,수원,KT,0,0,1544,2000,0.772,0,2,0.562,0.0,1,7,8,0.438,2.0,-1,4,-0.5,0.113,,,,,,
2021,2021-04-23,금,04,18:30,두산,NC,잠실,LG;두산,0,0,2225,2472,0.9001,0,6,0.5,1.0,1,4,3,0.562,0.0,-1,6,0.5,0.113,,,,,,
2021,2021-04-23,금,04,18:30,한화,LG,한밭,한화,0,0,1300,3900,0.3333,0,9,0.438,2.0,-1,5,4,0.562,0.0,-1,5,1.5,0.113,,,,,,
2021,2021-04-24,토,04,14:00,키움,SSG,고척,키움,1,0,1638,1674,0.9785,0,10,0.333,4.5,-1,2,1,0.588,0.0,2,6,3.5,0.119,,,,,,
2021,2021-04-24,토,04,17:00,KIA,삼성,광주,KIA,0,0,2808,1168,2.4041,1,5,0.529,1.0,2,6,7,0.5,1.5,-2,5,0.0,0.119,,,,,,
2021,2021-04-24,토,04,17:00,KT,롯데,수원,KT,0,0,1956,2000,0.978,0,3,0.529,1.0,-1,7,8,0.471,2.0,1,5,0.0,0.119,,,,,,
2021,2021-04-24,토,04,17:00,두산,NC,잠실,LG;두산,0,0,2410,2472,0.9749,0,4,0.529,1.0,2,5,6,0.529,1.0,-2,5,0.0,0.119,,,,,,
2021,2021-04-24,토,04,14:00,한화,LG,한밭,한화,0,0,1300,3900,0.3333,0,9,0.412,3.0,-2,4,2,0.588,0.0,1,5,2.0,0.119,,,,,,
2021,2021-04-25,일,04,14:00,키움,SSG,고척,키움,1,0,1640,1674,0.9797,0,10,0.316,5.5,-2,1,1,0.611,0.0,3,7,3.5,0.126,,,,,,
2021,2021-04-25,일,04,14:00,KIA,삼성,광주,KIA,0,0,2749,1168,2.3536,1,7,0.5,2.0,-1,6,4,0.526,1.5,1,5,0.0,0.126,,,,,,
2021,2021-04-25,일,04,14:00,KT,롯데,수원,KT,0,0,1956,2000,0.978,0,6,0.5,2.0,-2,6,5,0.5,2.0,2,5,0.0,0.126,,,,,,
2021,2021-04-25,일,04,14:00,두산,NC,잠실,LG;두산,0,0,2410,2472,0.9749,0,2,0.556,1.0,3,6,8,0.5,2.0,-3,4,-1.0,0.126,,,,,,
2021,2021-04-25,일,04,14:00,한화,LG,한밭,한화,0,0,1300,3900,0.3333,0,9,0.444,3.0,1,5,3,0.556,1.0,-1,5,1.0,0.126,,,,,,
2021,2021-04-27,화,04,18:30,키움,두산,고척,키움,1,0,1166,1674,0.6965,0,10,0.35,4.5,1,2,5,0.526,1.0,-1,5,3.5,0.133,,,,,,
2021,2021-04-27,화,04,18:30,KIA,한화,광주,KIA,0,0,898,1168,0.7688,0,8,0.474,2.0,-2,5,9,0.421,3.0,-1,4,1.0,0.133,,,,,,
2021,2021-04-27,화,04,18:30,삼성,NC,대구,삼성,0,0,2528,7033,0.3594,0,3,0.55,0.5,2,6,6,0.526,1.0,1,4,-0.5,0.133,,,,,,
2021,2021-04-27,화,04,18:30,SSG,KT,문학,SSG,0,0,1756,2300,0.7635,0,1,0.579,0.0,-1,7,4,0.526,1.0,1,7,-1.0,0.133,,,,,,
2021,2021-04-27,화,04,18:30,LG,롯데,잠실,LG;두산,0,0,2347,2472,0.9494,0,2,0.579,0.0,1,5,7,0.474,2.0,-1,5,-1.0,0.133,,,,,,
2021,2021-04-28,수,04,18:30,키움,두산,고척,키움,1,0,1213,1674,0.7246,0,10,0.381,4.5,2,3,5,0.5,2.0,-2,5,2.5,0.14,,,,,,
2021,2021-04-28,수,04,18:30,KIA,한화,광주,KIA,0,0,1502,1168,1.286,1,6,0.5,2.0,1,5,9,0.4,4.0,-2,4,0.0,0.14,,,,,,
2021,2021-04-28,수,04,18:30,삼성,NC,대구,삼성,0,0,2130,7033,0.3029,0,2,0.571,0.5,3,6,7,0.5,2.0,-1,4,-1.5,0.14,,,,,,
2021,2021-04-28,수,04,18:30,SSG,KT,문학,SSG,0,0,1797,2300,0.7813,0,3,0.55,1.0,-2,6,4,0.55,1.0,2,7,-1.0,0.14,,,,,,
2021,2021-04-28,수,04,18:30,LG,롯데,잠실,LG;두산,0,0,2455,2472,0.9931,1,1,0.6,0.0,2,5,8,0.45,3.0,-2,5,-2.0,0.14,,,,,,
2021,2021-04-29,목,04,18:30,키움,두산,고척,키움,1,0,1394,1674,0.8327,0,9,0.409,4.0,3,4,7,0.476,2.5,-3,5,2.5,0.147,,,,,,
2021,2021-04-29,목,04,18:30,KIA,한화,광주,KIA,0,0,1478,1168,1.2654,1,5,0.524,1.5,2,5,10,0.381,4.5,-3,4,0.0,0.147,,,,,,
2021,2021-04-29,목,04,18:30,삼성,NC,대구,삼성,0,0,2628,7033,0.3737,0,1,0.591,0.0,4,7,8,0.476,2.5,-2,3,-1.5,0.147,,,,,,
2021,2021-04-29,목,04,18:30,SSG,KT,문학,SSG,0,0,2132,2300,0.927,0,2,0.571,0.5,1,7,4,0.524,1.5,-1,6,-1.0,0.147,,,,,,
2021,2021-04-29,목,04,18:30,LG,롯데,잠실,LG;두산,0,0,2472,2472,1.0,1,3,0.571,0.5,-1,4,6,0.476,2.5,1,5,-1.0,0.147,,,,,,
2021,2021-04-30,금,04,18:30,삼성,LG,대구,삼성,0,0,4161,7033,0.5916,0,2,0.565,0.5,-1,6,1,0.591,0.0,1,5,-0.5,0.154,,,,,,
2021,2021-04-30,금,04,18:30,롯데,한화,사직,롯데,0,0,2271,2364,0.9607,0,8,0.455,3.0,-1,5,10,0.364,5.0,-4,4,2.0,0.154,,,,,,
2021,2021-04-30,금,04,18:30,KT,KIA,수원,KT,0,0,1956,2000,0.978,0,4,0.545,1.0,1,6,5,0.545,1.0,3,6,0.0,0.154,,,,,,
2021,2021-04-30,금,04,18:30,두산,SSG,잠실,LG;두산,0,0,2410,2472,0.9749,0,6,0.5,2.0,1,5,3,0.545,1.0,-1,6,1.0,0.154,,,,,,
2021,2021-04-30,금,04,19:00,NC,키움,창원,NC,0,0,1909,5061,0.3772,0,7,0.5,2.0,1,3,9,0.391,4.5,-1,4,1.0,0.154,,,,,,
2021,2021-05-01,토,05,17:00,삼성,LG,대구,삼성,0,0,7033,7033,1.0,1,1,0.583,0.0,1,6,3,0.565,0.5,-1,5,-1.5,0.161,,,,,,
2021,2021-05-01,토,05,17:00,롯데,한화,사직,롯데,0,0,2351,2364,0.9945,1,8,0.435,3.5,-2,5,10,0.391,4.5,1,4,2.0,0.161,,,,,,
2021,2021-05-01,토,05,17:00,KT,KIA,수원,KT,0,0,1956,2000,0.978,0,2,0.565,0.5,2,6,6,0.522,1.5,-1,6,-1.0,0.161,,,,,,
2021,2021-05-01,토,05,17:00,두산,SSG,잠실,LG;두산,0,0,2427,2472,0.9818,1,5,0.522,1.5,2,5,4,0.522,1.5,-2,5,0.0,0.161,,,,,,
2021,2021-05-01,토,05,17:00,NC,키움,창원,NC,0,0,2694,5061,0.5323,0,7,0.478,2.5,-1,3,9,0.417,4.0,1,5,1.0,0.161,,,,,,
2021,2021-05-02,일,05,14:00,삼성,LG,대구,삼성,0,0,7033,7033,1.0,1,1,0.6,0.0,2,7,4,0.542,1.5,-2,5,-2.5,0.168,,,,,,
2021,2021-05-02,일,05,14:00,롯데,한화,사직,롯데,0,0,2364,2364,1.0,1,9,0.417,4.5,-3,4,10,0.417,4.5,2,4,2.0,0.168,,,,,,
2021,2021-05-02,일,05,14:00,KT,KIA,수원,KT,0,0,1956,2000,0.978,0,2,0.583,0.5,3,6,6,0.5,2.5,-2,5,-2.0,0.168,,,,,,
2021,2021-05-02,일,05,14:00,두산,SSG,잠실,LG;두산,0,0,2427,2472,0.9818,1,5,0.5,2.5,-1,5,3,0.542,1.5,1,5,0.0,0.168,,,,,,
2021,2021-05-02,일,05,14:00,NC,키움,창원,NC,0,0,2066,5061,0.4082,0,7,0.458,3.5,-2,3,8,0.44,4.0,2,6,1.0,0.168,,,,,,
2021,2021-05-05,수,05,14:00,키움,KT,고척,키움,1,0,1674,1674,1.0,1,9,0.423,5.0,-1,6,2,0.6,0.5,4,7,2.5,0.175,,,,,,
2021,2021-05-05,수,05,14:00,롯데,KIA,사직,롯데,0,0,2364,2364,1.0,1,10,0.4,5.5,-4,3,6,0.48,3.5,-3,5,3.0,0.175,,,,,,
2021,2021-05-05,수,05,14:00,두산,LG,잠실,LG;두산,0,0,2427,2472,0.9818,1,4,0.52,2.5,1,6,5,0.52,2.5,-3,4,0.0,0.175,,,,,,
2021,2021-05-05,수,05,14:00,NC,SSG,창원,NC,0,0,4768,5061,0.9421,0,7,0.48,3.5,1,3,3,0.52,2.5,-1,5,1.0,0.175,,,,,,
2021,2021-05-05,수,05,14:00,한화,삼성,한밭,한화,0,0,3900,3900,1.0,1,8,0.44,4.5,3,4,1,0.615,0.0,3,7,2.0,0.175,,,,,,
2021,2021-05-06,목,05,18:30,키움,KT,고척,키움,1,0,957,1674,0.5717,0,8,0.444,5.0,1,6,2,0.577,1.5,-1,6,1.5,0.182,,,,,,
2021,2021-05-06,목,05,18:30,롯데,KIA,사직,롯데,0,0,2068,2364,0.8748,0,10,0.385,6.5,-5,3,6,0.5,3.5,1,5,3.0,0.182,,,,,,
2021,2021-05-06,목,05,18:30,두산,LG,잠실,LG;두산,0,0,2427,2472,0.9818,1,5,0.5,3.5,-1,5,4,0.538,2.5,1,5,0.0,0.182,,,,,,
2021,2021-05-06,목,05,18:30,NC,SSG,창원,NC,0,0,1980,5061,0.3912,0,7,0.462,4.5,-1,3,3,0.538,2.5,1,5,1.0,0.182,,,,,,
2021,2021-05-06,목,05,18:30,한화,삼성,한밭,한화,0,0,2522,3900,0.6467,0,9,0.423,5.5,-1,4,1,0.63,0.0,4,8,2.0,0.182,,,,,,
2021,2021-05-07,금,05,18:30,삼성,롯데,대구,삼성,0,0,5960,7033,0.8474,0,1,0.607,0.0,-1,8,10,0.407,5.5,1,3,-3.5,0.189,,,,,,
2021,2021-05-08,토,05,17:00,KIA,두산,광주,KIA,0,0,2462,1168,2.1079,1,6,0.481,4.0,-1,4,5,0.481,4.0,-2,4,0.0,0.19,,,,,,
2021,2021-05-08,토,05,17:00,삼성,롯데,대구,삼성,0,0,7033,7033,1.0,1,1,0.621,0.0,1,8,10,0.393,6.5,-1,2,-4.0,0.19,,,,,,
2021,2021-05-08,토,05,17:00,SSG,키움,문학,SSG,0,0,2300,2300,1.0,1,4,0.519,3.0,-1,4,8,0.464,4.5,2,7,-1.0,0.19,,,,,,
2021,2021-05-08,토,05,17:00,KT,NC,수원,KT,0,0,1566,2000,0.783,0,2,0.556,2.0,-2,6,7,0.481,4.0,1,4,-2.0,0.19,,,,,,
2021,2021-05-08,토,05,17:00,LG,한화,잠실,LG;두산,0,0,2441,2472,0.9875,1,3,0.556,2.0,2,5,9,0.444,5.0,1,5,-2.0,0.19,,,,,,
2021,2021-05-09,일,05,17:00,KIA,두산,광주,KIA,0,0,2646,1168,2.2654,1,8,0.464,4.0,-2,4,5,0.5,3.0,1,4,1.0,0.197,,,,,,
2021,2021-05-09,일,05,17:00,KIA,두산,광주,KIA,0,0,1142,1168,0.9777,0,8,0.464,4.0,-2,4,5,0.5,3.0,1,4,1.0,0.197,,,,,,
2021,2021-05-09,일,05,14:00,삼성,롯데,대구,삼성,0,0,7033,7033,1.0,1,1,0.6,0.0,-1,7,10,0.414,5.5,1,3,-3.0,0.197,,,,,,
2021,2021-05-09,일,05,17:00,SSG,키움,문학,SSG,0,0,2300,2300,1.0,1,4,0.5,3.0,-2,3,7,0.483,3.5,3,8,0.0,0.197,,,,,,
2021,2021-05-09,일,05,17:00,SSG,키움,문학,SSG,0,0,2156,2300,0.9374,0,4,0.5,3.0,-2,3,7,0.483,3.5,3,8,0.0,0.197,,,,,,
2021,2021-05-09,일,05,17:00,KT,NC,수원,KT,0,0,1759,2000,0.8795,0,3,0.536,2.0,-3,6,6,0.5,3.0,2,5,-1.0,0.197,,,,,,
2021,2021-05-09,일,05,17:00,KT,NC,수원,KT,0,0,845,2000,0.4225,0,3,0.536,2.0,-3,6,6,0.5,3.0,2,5,-1.0,0.197,,,,,,
2021,2021-05-09,일,05,17:00,LG,한화,잠실,LG;두산,0,0,2472,2472,1.0,1,2,0.571,1.0,3,6,9,0.429,5.0,-1,4,-2.0,0.197,,,,,,
2021,2021-05-09,일,05,17:00,LG,한화,잠실,LG;두산,0,0,2472,2472,1.0,1,2,0.571,1.0,3,6,9,0.429,5.0,-1,4,-2.0,0.197,,,,,,
2021,2021-05-11,화,05,18:30,KIA,LG,광주,KIA,0,0,1047,1168,0.8964,0,9,0.433,5.5,-4,3,2,0.567,1.5,-1,5,3.0,0.21,,,,,,
2021,2021-05-11,화,05,18:30,롯데,SSG,사직,롯데,0,0,1915,2364,0.8101,0,10,0.4,6.5,-1,3,3,0.533,2.5,2,5,4.0,0.21,,,,,,
2021,2021-05-11,화,05,18:30,KT,삼성,수원,KT,0,0,1646,2000,0.823,0,4,0.533,2.5,1,5,1,0.613,0.0,1,7,0.0,0.21,,,,,,
2021,2021-05-11,화,05,18:30,두산,키움,잠실,LG;두산,0,0,1606,2472,0.6497,0,5,0.533,2.5,3,6,7,0.452,5.0,-2,6,0.0,0.21,,,,,,
2021,2021-05-11,화,05,18:30,한화,NC,한밭,한화,0,0,1065,3900,0.2731,0,8,0.433,5.5,1,5,6,0.5,3.5,-1,5,3.0,0.21,,,,,,
2021,2021-05-12,수,05,18:30,KIA,LG,광주,KIA,0,0,1337,1168,1.1447,1,7,0.452,4.5,1,3,5,0.548,1.5,-2,5,3.0,0.217,,,,,,
2021,2021-05-12,수,05,18:30,롯데,SSG,사직,롯데,0,0,1529,2364,0.6468,0,10,0.387,6.5,-2,2,2,0.548,1.5,3,5,5.0,0.217,,,,,,
2021,2021-05-12,수,05,18:30,KT,삼성,수원,KT,0,0,1608,2000,0.804,0,3,0.548,1.5,2,6,1,0.594,0.0,-1,6,0.0,0.217,,,,,,
2021,2021-05-12,수,05,18:30,두산,키움,잠실,LG;두산,0,0,1628,2472,0.6586,0,4,0.548,1.5,4,7,8,0.438,5.0,-3,5,0.0,0.217,,,,,,
2021,2021-05-12,수,05,18:30,한화,NC,한밭,한화,0,0,1007,3900,0.2582,0,9,0.419,5.5,-1,5,6,0.516,2.5,1,6,4.0,0.217,,,,,,
2021,2021-05-13,목,05,18:30,KIA,LG,광주,KIA,0,0,1168,1168,1.0,1,7,0.469,4.5,2,3,6,0.531,2.5,-3,4,2.0,0.224,,,,,,
2021,2021-05-13,목,05,18:30,롯데,SSG,사직,롯데,0,0,1823,2364,0.7712,0,10,0.375,7.5,-3,2,2,0.562,1.5,4,6,5.0,0.224,,,,,,
2021,2021-05-13,목,05,18:30,KT,삼성,수원,KT,0,0,1956,2000,0.978,0,3,0.531,2.5,-1,5,1,0.606,0.0,1,7,0.0,0.224,,,,,,
2021,2021-05-13,목,05,18:30,두산,키움,잠실,LG;두산,0,0,1896,2472,0.767,0,4,0.531,2.5,-1,6,8,0.455,5.0,1,6,0.0,0.224,,,,,,
2021,2021-05-13,목,05,18:30,한화,NC,한밭,한화,0,0,1103,3900,0.2828,0,9,0.406,6.5,-2,5,5,0.531,2.5,2,6,4.0,0.224,,,,,,
2021,2021-05-14,금,05,18:30,키움,한화,고척,키움,1,0,1563,1674,0.9337,0,7,0.471,5.0,2,6,10,0.394,7.5,-3,4,1.5,0.231,,,,,,
2021,2021-05-14,금,05,18:30,SSG,두산,문학,SSG,0,0,2300,2300,1.0,1,2,0.545,2.5,-1,6,6,0.515,3.5,-2,5,-1.0,0.231,,,,,,
2021,2021-05-14,금,05,18:30,롯데,KT,사직,롯데,0,0,1816,2364,0.7682,0,9,0.394,7.5,1,3,5,0.515,3.5,-2,4,4.0,0.231,,,,,,
2021,2021-05-14,금,05,18:30,LG,삼성,잠실,LG;두산,0,0,2472,2472,1.0,1,4,0.545,2.5,1,5,1,0.618,0.0,2,7,-1.0,0.231,,,,,,
2021,2021-05-14,금,05,19:00,NC,KIA,창원,NC,0,0,2329,5061,0.4602,0,3,0.545,2.5,3,7,8,0.455,5.5,-1,3,-1.0,0.231,,,,,,
2021,2021-05-15,토,05,14:00,키움,한화,고척,키움,1,0,1674,1674,1.0,1,7,0.457,5.0,-1,5,9,0.412,6.5,1,4,2.5,0.237,,,,,,
2021,2021-05-15,토,05,17:00,롯데,KT,사직,롯데,0,0,1365,2364,0.5774,0,10,0.382,7.5,-1,3,5,0.529,2.5,1,4,5.0,0.237,,,,,,
2021,2021-05-15,토,05,17:00,LG,삼성,잠실,LG;두산,0,0,2455,2472,0.9931,1,3,0.559,1.5,2,6,1,0.6,0.0,-1,6,-1.0,0.237,,,,,,
2021,2021-05-15,토,05,14:00,NC,KIA,창원,NC,0,0,1590,5061,0.3142,0,2,0.559,1.5,4,8,8,0.441,5.5,-2,3,-1.0,0.237,,,,,,
2021,2021-05-16,일,05,14:00,키움,한화,고척,키움,1,0,1674,1674,1.0,1,7,0.472,4.0,1,6,9,0.4,6.5,-1,3,2.0,0.243,,,,,,
2021,2021-05-17,월,05,18:30,SSG,두산,문학,SSG,0,0,1664,2300,0.7235,0,5,0.529,2.0,-2,5,6,0.529,2.0,1,6,0.0,0.244,,,,,,
2021,2021-05-17,월,05,18:30,LG,삼성,잠실,LG;두산,0,0,1975,2472,0.7989,0,3,0.571,0.5,3,7,1,0.583,0.0,-2,5,-1.5,0.244,,,,,,
2021,2021-05-18,화,05,18:30,KIA,SSG,광주,KIA,0,0,2446,1168,2.0942,1,8,0.429,6.0,-3,3,6,0.514,3.0,-3,5,4.0,0.247,,,,,,
2021,2021-05-18,화,05,18:30,삼성,키움,대구,삼성,0,0,4225,7033,0.6007,0,1,0.595,0.0,1,5,7,0.486,4.0,2,6,-2.0,0.247,,,,,,
2021,2021-05-18,화,05,18:30,KT,두산,수원,KT,0,0,1722,2000,0.861,0,4,0.543,2.0,2,4,5,0.543,2.0,2,6,0.0,0.247,,,,,,
2021,2021-05-18,화,05,18:30,LG,NC,잠실,LG;두산,0,0,2428,2472,0.9822,1,3,0.556,1.5,-1,6,2,0.571,1.0,5,8,-0.5,0.247,,,,,,
2021,2021-05-18,화,05,18:30,한화,롯데,한밭,한화,0,0,1927,3900,0.4941,0,9,0.389,7.5,-2,3,10,0.371,8.0,-2,3,5.5,0.247,,,,,,
2021,2021-05-19,수,05,14:00,KIA,SSG,광주,KIA,0,0,3378,1168,2.8921,1,8,0.417,6.0,-4,2,5,0.528,2.0,1,5,4.0,0.254,,,,,,
2021,2021-05-19,수,05,14:00,삼성,키움,대구,삼성,0,0,7033,7033,1.0,1,1,0.579,0.0,-1,5,7,0.5,3.0,3,6,-2.0,0.254,,,,,,
2021,2021-05-19,수,05,14:00,KT,두산,수원,KT,0,0,1956,2000,0.978,0,3,0.556,1.0,3,5,6,0.528,2.0,-1,6,-1.0,0.254,,,,,,
2021,2021-05-19,수,05,14:00,LG,NC,잠실,LG;두산,0,0,2472,2472,1.0,1,2,0.568,0.5,1,6,4,0.556,1.0,-1,8,-1.5,0.254,,,,,,
2021,2021-05-19,수,05,14:00,한화,롯데,한밭,한화,0,0,3900,3900,1.0,1,10,0.378,7.5,-3,2,9,0.389,7.0,1,4,5.5,0.254,,,,,,
2021,2021-05-20,목,05,18:30,LG,NC,잠실,LG;두산,0,0,1929,2472,0.7803,0,1,0.579,0.0,2,6,5,0.541,1.5,-2,7,-1.5,0.261,,,,,,
2021,2021-05-21,금,05,18:30,키움,NC,고척,키움,1,0,1009,1674,0.6027,0,7,0.513,2.0,4,6,4,0.553,0.5,1,7,1.0,0.263,,,,,,
2021,2021-05-21,금,05,18:30,삼성,KIA,대구,삼성,0,0,3495,7033,0.4969,0,2,0.564,0.0,-2,4,8,0.405,6.0,-5,2,-1.0,0.263,,,,,,
2021,2021-05-21,금,05,18:30,SSG,LG,문학,SSG,0,0,2300,2300,1.0,1,5,0.541,1.0,2,6,3,0.564,0.0,-1,5,0.0,0.263,,,,,,
2021,2021-05-21,금,05,18:30,두산,롯데,잠실,LG;두산,0,0,2427,2472,0.9818,1,6,0.514,2.0,-2,6,10,0.378,7.0,-1,3,1.0,0.263,,,,,,
2021,2021-05-21,금,05,18:30,한화,KT,한밭,한화,0,0,948,3900,0.2431,0,9,0.395,6.5,1,3,1,0.568,0.0,4,6,5.5,0.263,,,,,,
2021,2021-05-22,토,05,17:00,키움,NC,고척,키움,1,0,1674,1674,1.0,1,6,0.525,2.0,5,7,5,0.538,1.5,-1,6,0.5,0.269,,,,,,
2021,2021-05-22,토,05,17:00,삼성,KIA,대구,삼성,0,0,7033,7033,1.0,1,1,0.575,0.0,1,5,10,0.395,7.0,-6,2,-1.5,0.269,,,,,,
2021,2021-05-22,토,05,17:00,SSG,LG,문학,SSG,0,0,2300,2300,1.0,1,2,0.553,1.0,3,7,4,0.55,1.0,-2,5,-0.5,0.269,,,,,,
2021,2021-05-22,토,05,17:00,두산,롯데,잠실,LG;두산,0,0,2427,2472,0.9818,1,7,0.5,3.0,-3,5,9,0.395,7.0,1,4,1.5,0.269,,,,,,
2021,2021-05-22,토,05,17:00,한화,KT,한밭,한화,0,0,3103,3900,0.7956,0,8,0.41,6.5,2,4,3,0.553,1.0,-1,6,5.0,0.269,,,,,,
2021,2021-05-23,일,05,14:00,키움,NC,고척,키움,1,0,1618,1674,0.9665,0,4,0.537,1.0,6,8,6,0.525,1.5,-2,6,0.0,0.276,,,,,,
2021,2021-05-23,일,05,14:00,삼성,KIA,대구,삼성,0,0,6780,7033,0.964,0,2,0.561,0.0,-1,4,9,0.41,6.0,1,3,-1.0,0.276,,,,,,
2021,2021-05-23,일,05,14:00,SSG,LG,문학,SSG,0,0,2300,2300,1.0,1,1,0.564,0.0,4,7,5,0.537,1.0,-3,5,-1.0,0.276,,,,,,
2021,2021-05-23,일,05,14:00,두산,롯데,잠실,LG;두산,0,0,2427,2472,0.9818,1,7,0.513,2.0,1,5,10,0.385,7.0,-1,3,1.0,0.276,,,,,,
2021,2021-05-23,일,05,14:00,한화,KT,한밭,한화,0,0,2516,3900,0.6451,0,8,0.425,5.5,3,4,3,0.538,1.0,-2,6,4.5,0.276,,,,,,
2021,2021-05-26,수,05,18:30,KIA,키움,광주,KIA,0,0,1003,1168,0.8587,0,9,0.4,7.0,-1,3,4,0.548,1.0,7,9,5.0,0.283,,,,,,
2021,2021-05-26,수,05,18:30,롯데,LG,사직,롯데,0,0,1536,2364,0.6497,0,10,0.375,8.0,-2,3,6,0.524,2.0,-4,5,6.0,0.283,,,,,,
2021,2021-05-26,수,05,18:30,KT,SSG,수원,KT,0,0,1420,2000,0.71,0,3,0.55,1.0,1,6,1,0.575,0.0,5,7,-1.0,0.283,,,,,,
2021,2021-05-26,수,05,18:30,두산,한화,잠실,LG;두산,0,0,2385,2472,0.9648,0,5,0.525,2.0,2,5,8,0.415,6.5,-1,4,0.0,0.283,,,,,,
2021,2021-05-26,수,05,18:30,NC,삼성,창원,NC,0,0,2199,5061,0.4345,0,7,0.512,2.5,-3,5,2,0.571,0.0,1,5,0.5,0.283,,,,,,
2021,2021-05-27,목,05,18:30,KIA,키움,광주,KIA,0,0,1047,1168,0.8964,0,8,0.415,7.0,1,3,5,0.535,2.0,-1,8,5.0,0.29,,,,,,
2021,2021-05-27,목,05,18:30,롯데,LG,사직,롯데,0,0,1310,2364,0.5541,0,10,0.366,9.0,-3,3,6,0.535,2.0,1,5,7.0,0.29,,,,,,
2021,2021-05-27,목,05,18:30,KT,SSG,수원,KT,0,0,1141,2000,0.5705,0,3,0.537,2.0,-1,5,1,0.585,0.0,6,7,0.0,0.29,,,,,,
2021,2021-05-27,목,05,18:30,두산,한화,잠실,LG;두산,0,0,2085,2472,0.8434,0,4,0.537,2.0,3,5,9,0.405,7.5,-2,4,0.0,0.29,,,,,,
2021,2021-05-27,목,05,18:30,NC,삼성,창원,NC,0,0,1763,5061,0.3484,0,7,0.5,3.5,-4,4,2,0.581,0.0,2,5,1.5,0.29,,,,,,
2021,2021-05-28,금,05,18:30,KIA,KT,광주,KIA,0,0,1032,1168,0.8836,0,8,0.429,6.0,2,3,3,0.548,1.0,1,6,4.0,0.297,,,,,,
2021,2021-05-28,금,05,18:30,삼성,두산,대구,삼성,0,0,4027,7033,0.5726,0,2,0.568,0.0,-1,4,5,0.524,2.0,-1,5,-2.0,0.297,,,,,,
2021,2021-05-28,금,05,18:30,LG,키움,잠실,LG;두산,0,0,2409,2472,0.9745,0,4,0.545,1.0,2,5,6,0.523,2.0,-2,7,-1.0,0.297,,,,,,
2021,2021-05-28,금,05,18:30,한화,SSG,한밭,한화,0,0,1663,3900,0.4264,0,9,0.419,6.5,1,5,1,0.571,0.0,-1,6,4.5,0.297,,,,,,
2021,2021-05-29,토,05,17:00,KIA,KT,광주,KIA,0,0,2352,1168,2.0137,1,8,0.442,6.0,3,4,4,0.535,2.0,-1,6,4.0,0.303,,,,,,
2021,2021-05-29,토,05,17:00,삼성,두산,대구,삼성,0,0,7033,7033,1.0,1,2,0.556,1.0,-2,4,5,0.535,2.0,1,6,-1.0,0.303,,,,,,
2021,2021-05-29,토,05,17:00,롯데,NC,사직,롯데,0,0,1544,2364,0.6531,0,10,0.357,9.5,-4,3,6,0.512,3.0,1,4,7.5,0.303,,,,,,
2021,2021-05-29,토,05,17:00,롯데,NC,사직,롯데,0,0,3527,2364,1.492,1,10,0.357,9.5,-4,3,6,0.512,3.0,1,4,7.5,0.303,,,,,,
2021,2021-05-29,토,05,17:00,LG,키움,잠실,LG;두산,0,0,2429,2472,0.9826,1,3,0.556,1.0,3,5,7,0.511,3.0,-3,7,-1.0,0.303,,,,,,
2021,2021-05-29,토,05,17:00,한화,SSG,한밭,한화,0,0,3900,3900,1.0,1,9,0.409,7.5,-1,4,1,0.581,0.0,1,7,5.5,0.303,,,,,,
2021,2021-05-30,일,05,14:00,KIA,KT,광주,KIA,0,0,3179,1168,2.7217,1,8,0.432,7.0,-1,4,3,0.545,2.0,1,6,4.0,0.311,,,,,,
2021,2021-05-30,일,05,14:00,삼성,두산,대구,삼성,0,0,6500,7033,0.9242,0,2,0.565,1.0,1,5,5,0.523,3.0,-1,5,-2.0,0.311,,,,,,
2021,2021-05-30,일,05,14:00,롯데,NC,사직,롯데,0,0,2874,2364,1.2157,1,10,0.349,10.5,-5,2,6,0.523,3.0,2,3,7.5,0.311,,,,,,
2021,2021-05-30,일,05,14:00,LG,키움,잠실,LG;두산,0,0,2472,2472,1.0,1,4,0.543,2.0,-1,5,7,0.522,3.0,1,7,-1.0,0.311,,,,,,
2021,2021-05-30,일,05,14:00,한화,SSG,한밭,한화,0,0,2987,3900,0.7659,0,9,0.4,8.5,-2,4,1,0.591,0.0,2,8,5.5,0.311,,,,,,
2021,2021-06-01,화,06,18:30,키움,롯데,고척,키움,1,0,1090,1674,0.6511,0,7,0.511,4.0,-1,6,10,0.341,11.5,-6,2,1.0,0.318,,,,,,
2021,2021-06-01,화,06,18:30,SSG,삼성,문학,SSG,0,0,2300,2300,1.0,1,1,0.6,0.0,3,9,3,0.553,2.0,-1,4,-3.0,0.318,,,,,,
2021,2021-06-01,화,06,18:30,LG,KT,잠실,LG;두산,0,0,1656,2472,0.6699,0,4,0.553,2.0,1,5,2,0.556,2.0,2,6,-1.0,0.318,,,,,,
2021,2021-06-01,화,06,18:30,NC,두산,창원,NC,0,0,1414,5061,0.2794,0,6,0.533,3.0,3,4,5,0.533,3.0,1,5,0.0,0.318,,,,,,
2021,2021-06-01,화,06,18:30,한화,KIA,한밭,한화,0,0,1133,3900,0.2905,0,9,0.391,9.5,-3,4,8,0.422,8.0,-2,4,6.5,0.318,,,,,,
2021,2021-06-02,수,06,18:30,키움,롯데,고척,키움,1,0,1048,1674,0.626,0,7,0.5,5.0,-2,5,10,0.356,11.5,1,2,2.0,0.325,,,,,,
2021,2021-06-02,수,06,18:30,SSG,삼성,문학,SSG,0,0,2300,2300,1.0,1,1,0.609,0.0,4,9,4,0.542,3.0,-2,4,-3.0,0.325,,,,,,
2021,2021-06-02,수,06,18:30,LG,KT,잠실,LG;두산,0,0,1820,2472,0.7362,0,5,0.542,3.0,-1,4,2,0.565,2.0,3,6,0.0,0.325,,,,,,
2021,2021-06-02,수,06,18:30,NC,두산,창원,NC,0,0,1354,5061,0.2675,0,6,0.522,4.0,-1,4,3,0.543,3.0,2,6,1.0,0.325,,,,,,
2021,2021-06-02,수,06,18:30,한화,KIA,한밭,한화,0,0,1474,3900,0.3779,0,9,0.404,9.5,1,5,8,0.413,9.0,-3,4,6.5,0.325,,,,,,
2021,2021-06-03,목,06,18:30,키움,롯데,고척,키움,1,0,1197,1674,0.7151,0,7,0.49,5.0,-3,4,10,0.37,10.5,2,3,2.0,0.332,,,,,,
2021,2021-06-04,금,06,18:30,키움,삼성,고척,키움,1,0,1585,1674,0.9468,0,7,0.5,4.5,1,4,3,0.551,2.0,1,5,1.5,0.333,,,,,,
2021,2021-06-04,금,06,18:30,KIA,LG,광주,KIA,0,0,1230,1168,1.0531,1,8,0.426,8.0,1,5,4,0.551,2.0,1,5,5.0,0.333,,,,,,
2021,2021-06-04,금,06,18:30,KT,롯데,수원,KT,0,0,1709,2000,0.8545,0,2,0.553,2.0,-1,5,10,0.362,11.0,-1,2,-1.0,0.333,,,,,,
2021,2021-06-04,금,06,18:30,두산,SSG,잠실,LG;두산,0,0,2427,2472,0.9818,1,5,0.532,3.0,-1,6,1,0.596,0.0,-1,8,0.0,0.333,,,,,,
2021,2021-06-04,금,06,19:00,NC,한화,창원,NC,0,0,1742,5061,0.3442,0,6,0.532,3.0,1,4,9,0.396,9.5,-1,4,0.0,0.333,,,,,,
2021,2021-06-05,토,06,17:00,키움,삼성,고척,키움,1,0,1674,1674,1.0,1,7,0.49,4.5,-1,3,2,0.56,1.0,2,5,2.5,0.34,,,,,,
2021,2021-06-05,토,06,17:00,KIA,LG,광주,KIA,0,0,2983,1168,2.5539,1,8,0.438,7.0,2,6,6,0.54,2.0,-1,5,5.0,0.34,,,,,,
2021,2021-06-05,토,06,17:00,KT,롯데,수원,KT,0,0,2000,2000,1.0,1,3,0.542,2.0,-2,5,10,0.375,10.0,1,3,0.0,0.34,,,,,,
2021,2021-06-05,토,06,17:00,두산,SSG,잠실,LG;두산,0,0,2427,2472,0.9818,1,4,0.542,2.0,1,7,1,0.583,0.0,-2,7,0.0,0.34,,,,,,
2021,2021-06-05,토,06,17:00,NC,한화,창원,NC,0,0,3365,5061,0.6649,0,5,0.542,2.0,2,5,9,0.388,9.5,-2,3,0.0,0.34,,,,,,
2021,2021-06-06,일,06,17:00,키움,삼성,고척,키움,1,0,1674,1674,1.0,1,7,0.5,3.5,1,3,5,0.549,1.0,-1,5,2.5,0.347,,,,,,
2021,2021-06-06,일,06,17:00,KIA,LG,광주,KIA,0,0,1807,1168,1.5471,1,8,0.429,7.0,-1,5,6,0.549,1.0,1,6,6.0,0.347,,,,,,
2021,2021-06-06,일,06,17:00,KT,롯데,수원,KT,0,0,2000,2000,1.0,1,2,0.551,1.0,1,6,10,0.367,10.0,-1,3,0.0,0.347,,,,,,
2021,2021-06-06,일,06,17:00,두산,SSG,잠실,LG;두산,0,0,2427,2472,0.9818,1,3,0.551,1.0,2,7,1,0.571,0.0,-3,6,0.0,0.347,,,,,,
2021,2021-06-06,일,06,17:00,NC,한화,창원,NC,0,0,2296,5061,0.4537,0,4,0.551,1.0,3,6,9,0.38,9.5,-3,2,0.0,0.347,,,,,,
2021,2021-06-08,화,06,18:30,삼성,KIA,대구,삼성,0,0,1241,7033,0.1765,0,2,0.558,1.0,1,5,8,0.42,8.0,-2,5,-1.0,0.354,,,,,,
2021,2021-06-08,화,06,18:30,SSG,KT,문학,SSG,0,0,1902,2300,0.827,0,1,0.58,0.0,1,6,4,0.54,2.0,-1,5,-2.0,0.354,,,,,,
2021,2021-06-08,화,06,18:30,롯데,두산,사직,롯데,0,0,1285,2364,0.5436,0,10,0.38,10.0,1,4,5,0.54,2.0,-1,6,8.0,0.354,,,,,,
2021,2021-06-08,화,06,18:30,LG,NC,잠실,LG;두산,0,0,1847,2472,0.7472,0,3,0.558,1.0,2,7,6,0.54,2.0,-1,6,-1.0,0.354,,,,,,
2021,2021-06-08,화,06,18:30,한화,키움,한밭,한화,0,0,936,3900,0.24,0,9,0.392,9.5,1,3,7,0.491,4.5,-1,3,7.5,0.354,,,,,,
2021,2021-06-09,수,06,18:30,삼성,KIA,대구,삼성,0,0,1341,7033,0.1907,0,2,0.566,0.0,2,5,8,0.412,8.0,-3,4,-2.0,0.361,,,,,,
2021,2021-06-09,수,06,18:30,SSG,KT,문학,SSG,0,0,1792,2300,0.7791,0,1,0.569,0.0,-1,5,4,0.549,1.0,1,6,-2.0,0.361,,,,,,
2021,2021-06-09,수,06,18:30,롯데,두산,사직,롯데,0,0,1308,2364,0.5533,0,10,0.392,9.0,2,5,5,0.529,2.0,-2,5,7.0,0.361,,,,,,
2021,2021-06-09,수,06,18:30,LG,NC,잠실,LG;두산,0,0,1736,2472,0.7023,0,3,0.566,0.0,3,7,6,0.529,2.0,-2,6,-2.0,0.361,,,,,,
2021,2021-06-09,수,06,18:30,한화,키움,한밭,한화,0,0,920,3900,0.2359,0,9,0.404,8.5,2,4,7,0.481,4.5,-2,3,6.5,0.361,,,,,,
2021,2021-06-10,목,06,18:30,삼성,KIA,대구,삼성,0,0,1597,7033,0.2271,0,4,0.556,1.0,-1,5,8,0.423,8.0,1,4,-1.0,0.368,,,,,,
2021,2021-06-10,목,06,18:30,롯데,두산,사직,롯데,0,0,1422,2364,0.6015,0,10,0.385,10.0,-1,5,5,0.538,2.0,1,6,8.0,0.368,,,,,,
2021,2021-06-10,목,06,18:30,LG,NC,잠실,LG;두산,0,0,1624,2472,0.657,0,1,0.574,0.0,4,7,6,0.519,3.0,-3,5,-2.0,0.368,,,,,,
2021,2021-06-10,목,06,18:30,한화,키움,한밭,한화,0,0,872,3900,0.2236,0,9,0.396,9.5,-1,3,7,0.491,4.5,1,4,7.5,0.368,,,,,,
2021,2021-06-11,금,06,18:30,삼성,NC,대구,삼성,0,0,1233,7033,0.1753,0,1,0.564,0.0,1,6,6,0.528,2.0,1,6,-2.0,0.374,,,,,,
2021,2021-06-11,금,06,18:30,SSG,키움,문학,SSG,0,0,2231,2300,0.97,0,3,0.558,0.5,-2,5,7,0.482,4.5,-1,3,-1.5,0.374,,,,,,
2021,2021-06-11,금,06,18:30,KT,한화,수원,KT,0,0,1661,2000,0.8305,0,4,0.558,0.5,2,6,9,0.407,8.5,1,4,-1.5,0.374,,,,,,
2021,2021-06-11,금,06,18:30,LG,두산,잠실,LG;두산,0,0,2472,2472,1.0,1,2,0.564,0.0,-1,6,5,0.528,2.0,-1,5,-2.0,0.374,,,,,,
2021,2021-06-12,토,06,17:00,삼성,NC,대구,삼성,0,0,2317,7033,0.3294,0,4,0.554,1.0,-1,5,5,0.537,2.0,2,6,-1.0,0.379,,,,,,
2021,2021-06-12,토,06,17:00,SSG,키움,문학,SSG,0,0,2300,2300,1.0,1,2,0.566,0.5,1,5,7,0.474,5.5,-2,3,-1.5,0.379,,,,,,
2021,2021-06-12,토,06,17:00,KT,한화,수원,KT,0,0,2000,2000,1.0,1,3,0.566,0.5,3,7,9,0.4,9.5,-1,4,-1.5,0.379,,,,,,
2021,2021-06-12,토,06,17:00,LG,두산,잠실,LG;두산,0,0,2472,2472,1.0,1,1,0.571,0.0,1,7,6,0.519,3.0,-2,5,-2.0,0.379,,,,,,
2021,2021-06-13,일,06,17:00,삼성,NC,대구,삼성,0,0,2240,7033,0.3185,0,3,0.561,0.5,1,6,6,0.527,2.5,-1,5,-2.0,0.385,,,,,,
2021,2021-06-13,일,06,17:00,SSG,키움,문학,SSG,0,0,2300,2300,1.0,1,1,0.574,0.0,2,5,7,0.466,6.0,-3,3,-2.5,0.385,,,,,,
2021,2021-06-13,일,06,17:00,롯데,KIA,사직,롯데,0,0,2119,2364,0.8964,0,9,0.396,9.5,1,6,8,0.415,8.5,-1,3,7.0,0.385,,,,,,
2021,2021-06-13,일,06,17:00,롯데,KIA,사직,롯데,0,0,2284,2364,0.9662,0,9,0.396,9.5,1,6,8,0.415,8.5,-1,3,7.0,0.385,,,,,,
2021,2021-06-13,일,06,17:00,KT,한화,수원,KT,0,0,2000,2000,1.0,1,2,0.574,0.0,4,7,10,0.393,10.0,-2,4,-2.5,0.385,,,,,,
2021,2021-06-13,일,06,17:00,LG,두산,잠실,LG;두산,0,0,2472,2472,1.0,1,4,0.561,0.5,-1,6,5,0.527,2.5,1,5,-2.0,0.385,,,,,,
2021,2021-06-15,화,06,18:30,키움,LG,고척,키움,1,0,1348,1674,0.8053,0,7,0.475,6.0,1,4,3,0.569,0.5,1,7,2.5,0.393,,,,,,
2021,2021-06-15,화,06,18:30,두산,삼성,잠실,LG;두산,0,0,2706,2472,1.0947,1,5,0.518,3.5,-1,4,2,0.569,0.5,2,7,0.0,0.393,,,,,,
2021,2021-06-15,화,06,18:30,한화,롯데,한밭,한화,0,0,1067,3900,0.2736,0,10,0.386,11.0,-3,3,9,0.4,10.0,-1,6,7.5,0.393,,,,,,
2021,2021-06-16,수,06,18:30,키움,LG,고척,키움,1,0,1445,1674,0.8632,0,7,0.467,6.5,-1,3,3,0.576,0.0,2,7,3.0,0.397,,,,,,
2021,2021-06-16,수,06,18:30,KIA,SSG,광주,KIA,0,0,573,1168,0.4906,0,8,0.418,9.0,1,4,4,0.564,1.0,-1,4,5.5,0.397,,,,,,
2021,2021-06-16,수,06,18:30,KIA,SSG,광주,KIA,0,0,916,1168,0.7842,0,8,0.418,9.0,1,4,4,0.564,1.0,-1,4,5.5,0.397,,,,,,
2021,2021-06-16,수,06,18:30,두산,삼성,잠실,LG;두산,0,0,3702,2472,1.4976,1,6,0.509,4.0,-2,4,2,0.576,0.0,3,7,0.5,0.397,,,,,,
2021,2021-06-16,수,06,18:30,NC,KT,창원,NC,0,0,1127,5061,0.2227,0,5,0.518,3.5,-2,5,1,0.582,0.0,5,7,0.0,0.397,,,,,,
2021,2021-06-16,수,06,18:30,한화,롯데,한밭,한화,0,0,805,3900,0.2064,0,9,0.397,10.5,1,4,10,0.393,10.5,-2,5,7.0,0.397,,,,,,
2021,2021-06-16,수,06,18:30,한화,롯데,한밭,한화,0,0,1150,3900,0.2949,0,9,0.397,10.5,1,4,10,0.393,10.5,-2,5,7.0,0.397,,,,,,
2021,2021-06-17,목,06,18:30,키움,LG,고척,키움,1,0,1739,1674,1.0388,1,7,0.475,6.5,1,4,3,0.567,1.0,-1,7,2.0,0.407,,,,,,
2021,2021-06-17,목,06,18:30,KIA,SSG,광주,KIA,0,0,925,1168,0.792,0,8,0.421,9.5,1,4,4,0.561,1.5,-1,4,5.0,0.407,,,,,,
2021,2021-06-17,목,06,18:30,두산,삼성,잠실,LG;두산,0,0,3258,2472,1.318,1,6,0.5,5.0,-3,3,2,0.583,0.0,4,7,0.5,0.407,,,,,,
2021,2021-06-17,목,06,18:30,NC,KT,창원,NC,0,0,1143,5061,0.2258,0,5,0.509,4.5,-3,4,1,0.589,0.0,6,7,0.0,0.407,,,,,,
2021,2021-06-17,목,06,18:30,한화,롯데,한밭,한화,0,0,1078,3900,0.2764,0,9,0.417,10.0,3,6,10,0.379,12.0,-4,4,5.5,0.407,,,,,,
2021,2021-06-18,금,06,18:30,롯데,삼성,사직,롯데,0,0,1737,2364,0.7348,0,10,0.39,11.0,1,5,2,0.574,0.0,-1,7,7.5,0.414,,,,,,
2021,2021-06-18,금,06,18:30,KT,두산,수원,KT,0,0,1445,2000,0.7225,0,1,0.579,0.0,-1,7,6,0.508,4.0,1,3,-3.5,0.414,,,,,,
2021,2021-06-18,금,06,18:30,LG,KIA,잠실,LG;두산,0,0,4860,2472,1.966,1,3,0.574,0.0,1,7,8,0.414,9.5,-1,3,-3.5,0.414,,,,,,
2021,2021-06-18,금,06,19:00,NC,키움,창원,NC,0,0,1273,5061,0.2515,0,5,0.517,3.5,1,4,7,0.468,6.5,-1,3,0.0,0.414,,,,,,
2021,2021-06-18,금,06,18:30,한화,SSG,한밭,한화,0,0,1084,3900,0.2779,0,9,0.41,10.0,-1,5,4,0.569,0.5,1,5,6.5,0.414,,,,,,
2021,2021-06-19,토,06,17:00,롯데,삼성,사직,롯데,0,0,5382,2364,2.2766,1,10,0.4,11.0,2,5,3,0.565,1.0,-2,6,7.5,0.421,,,,,,
2021,2021-06-19,토,06,17:00,KT,두산,수원,KT,0,0,2274,2000,1.137,1,2,0.569,1.0,-2,7,6,0.517,4.0,2,4,-2.5,0.421,,,,,,
2021,2021-06-19,토,06,17:00,KT,두산,수원,KT,0,0,2922,2000,1.461,1,2,0.569,1.0,-2,7,6,0.517,4.0,2,4,-2.5,0.421,,,,,,
2021,2021-06-19,토,06,17:00,LG,KIA,잠실,LG;두산,0,0,7405,2472,2.9956,1,1,0.581,0.0,2,7,9,0.407,10.5,-2,3,-3.5,0.421,,,,,,
2021,2021-06-19,토,06,17:00,NC,키움,창원,NC,0,0,3074,5061,0.6074,0,5,0.525,3.5,2,4,7,0.46,7.5,-2,3,0.0,0.421,,,,,,
2021,2021-06-19,토,06,17:00,한화,SSG,한밭,한화,0,0,3552,3900,0.9108,0,8,0.419,10.0,1,5,4,0.559,1.5,-1,5,6.5,0.421,,,,,,
2021,2021-06-20,일,06,17:00,롯데,삼성,사직,롯데,0,0,3485,2364,1.4742,1,10,0.393,12.0,-1,4,2,0.571,1.0,1,6,7.5,0.429,,,,,,
2021,2021-06-20,일,06,17:00,KT,두산,수원,KT,0,0,2585,2000,1.2925,1,4,0.567,1.5,1,7,6,0.516,4.5,-1,4,-3.0,0.429,,,,,,
2021,2021-06-20,일,06,17:00,LG,KIA,잠실,LG;두산,0,0,6602,2472,2.6707,1,1,0.587,0.0,3,7,9,0.4,11.5,-3,3,-4.5,0.429,,,,,,
2021,2021-06-20,일,06,17:00,NC,키움,창원,NC,0,0,2071,5061,0.4092,0,5,0.517,4.5,-1,4,7,0.469,7.5,1,4,0.0,0.429,,,,,,
2021,2021-06-20,일,06,17:00,한화,SSG,한밭,한화,0,0,2107,3900,0.5403,0,8,0.413,11.0,-1,5,3,0.567,1.5,1,5,6.5,0.429,,,,,,
2021,2021-06-22,화,06,18:30,삼성,한화,대구,삼성,0,0,2127,7033,0.3024,0,4,0.562,2.0,-1,6,8,0.406,12.0,-2,4,-3.5,0.436,,,,,,
2021,2021-06-22,화,06,18:30,SSG,LG,문학,SSG,0,0,3625,2300,1.5761,1,2,0.574,1.5,2,6,1,0.594,0.0,4,7,-4.0,0.436,,,,,,
2021,2021-06-22,화,06,18:30,롯데,NC,사직,롯데,0,0,2036,2364,0.8613,0,9,0.403,12.0,1,5,5,0.508,5.5,-2,4,6.5,0.436,,,,,,
2021,2021-06-22,화,06,18:30,KT,KIA,수원,KT,0,0,1668,2000,0.834,0,3,0.574,1.5,2,7,10,0.393,12.5,-4,3,-4.0,0.436,,,,,,
2021,2021-06-22,화,06,18:30,두산,키움,잠실,LG;두산,0,0,1364,2472,0.5518,0,6,0.508,5.5,-2,4,7,0.477,7.5,2,4,0.0,0.436,,,,,,
2021,2021-06-23,수,06,18:30,삼성,한화,대구,삼성,0,0,2366,7033,0.3364,0,3,0.569,2.0,1,6,8,0.4,13.0,-3,4,-3.5,0.443,,,,,,
2021,2021-06-23,수,06,18:30,SSG,LG,문학,SSG,0,0,3587,2300,1.5596,1,4,0.565,2.5,-1,6,1,0.6,0.0,5,8,-3.0,0.443,,,,,,
2021,2021-06-23,수,06,18:30,롯데,NC,사직,롯데,0,0,1705,2364,0.7212,0,9,0.397,13.0,-1,4,5,0.516,5.5,1,5,7.5,0.443,,,,,,
2021,2021-06-23,수,06,18:30,KT,KIA,수원,KT,0,0,1368,2000,0.684,0,2,0.581,1.5,3,7,10,0.387,13.5,-5,2,-4.0,0.443,,,,,,
2021,2021-06-23,수,06,18:30,두산,키움,잠실,LG;두산,0,0,1585,2472,0.6412,0,6,0.516,5.5,1,5,7,0.47,8.5,-1,4,0.0,0.443,,,,,,
2021,2021-06-24,목,06,18:30,삼성,한화,대구,삼성,0,0,3029,7033,0.4307,0,2,0.576,1.0,2,7,10,0.394,13.0,-4,4,-4.5,0.45,,,,,,
2021,2021-06-24,목,06,18:30,SSG,LG,문학,SSG,0,0,4253,2300,1.8491,1,3,0.571,1.5,1,6,1,0.591,0.0,-1,7,-4.0,0.45,,,,,,
2021,2021-06-24,목,06,18:30,롯데,NC,사직,롯데,0,0,2197,2364,0.9294,0,8,0.406,12.0,1,4,5,0.508,5.5,-1,4,6.5,0.45,,,,,,
2021,2021-06-24,목,06,18:30,KT,KIA,수원,KT,0,0,1625,2000,0.8125,0,4,0.571,1.5,-1,6,9,0.397,12.5,1,3,-4.0,0.45,,,,,,
2021,2021-06-24,목,06,18:30,두산,키움,잠실,LG;두산,0,0,1773,2472,0.7172,0,6,0.508,5.5,-1,4,7,0.478,7.5,1,5,0.0,0.45,,,,,,
2021,2021-06-25,금,06,18:30,키움,KIA,고척,키움,1,0,1981,1674,1.1834,1,7,0.485,6.5,2,6,9,0.391,12.5,-1,3,2.0,0.457,,,,,,
2021,2021-06-25,금,06,18:30,두산,롯데,잠실,LG;두산,0,0,3558,2472,1.4393,1,6,0.5,5.5,-2,4,8,0.4,12.0,-1,4,1.0,0.457,,,,,,
2021,2021-06-25,금,06,19:00,NC,SSG,창원,NC,0,0,2375,5061,0.4693,0,5,0.516,4.5,1,4,3,0.578,0.5,2,6,0.0,0.457,,,,,,
2021,2021-06-25,금,06,18:30,한화,KT,한밭,한화,0,0,1123,3900,0.2879,0,10,0.388,13.0,-5,4,4,0.578,0.5,1,6,8.5,0.457,,,,,,
2021,2021-06-26,토,06,17:00,키움,KIA,고척,키움,1,0,3346,1674,1.9988,1,6,0.493,6.0,3,6,9,0.385,13.0,-2,2,2.0,0.463,,,,,,
2021,2021-06-26,토,06,17:00,삼성,LG,대구,삼성,0,0,3445,7033,0.4898,0,2,0.582,0.0,3,7,3,0.582,0.0,-2,7,-4.0,0.463,,,,,,
2021,2021-06-26,토,06,17:00,삼성,LG,대구,삼성,0,0,8162,7033,1.1605,1,2,0.582,0.0,3,7,3,0.582,0.0,-2,7,-4.0,0.463,,,,,,
2021,2021-06-26,토,06,17:00,두산,롯데,잠실,LG;두산,0,0,5297,2472,2.1428,1,7,0.493,6.0,-3,4,8,0.409,11.5,1,5,2.0,0.463,,,,,,
2021,2021-06-26,토,06,17:00,NC,SSG,창원,NC,0,0,3576,5061,0.7066,0,5,0.523,4.0,2,5,4,0.569,1.0,-1,6,0.0,0.463,,,,,,
2021,2021-06-26,토,06,17:00,한화,KT,한밭,한화,0,0,2241,3900,0.5746,0,10,0.382,13.5,-6,3,1,0.585,0.0,2,6,9.5,0.463,,,,,,
2021,2021-06-27,일,06,17:00,키움,KIA,고척,키움,1,0,2696,1674,1.6105,1,6,0.5,6.0,4,7,9,0.379,14.0,-3,2,1.5,0.471,,,,,,
2021,2021-06-27,일,06,17:00,삼성,LG,대구,삼성,0,0,8007,7033,1.1385,1,2,0.58,0.5,1,6,3,0.58,0.5,-1,6,-4.0,0.471,,,,,,
2021,2021-06-27,일,06,17:00,두산,롯데,잠실,LG;두산,0,0,4549,2472,1.8402,1,7,0.485,7.0,-4,4,8,0.418,11.5,2,6,2.5,0.471,,,,,,
2021,2021-06-27,일,06,17:00,NC,SSG,창원,NC,0,0,2771,5061,0.5475,0,5,0.523,4.5,2,5,4,0.569,1.5,-1,5,0.0,0.471,,,,,,
2021,2021-06-27,일,06,17:00,한화,KT,한밭,한화,0,0,1545,3900,0.3962,0,10,0.377,14.5,-7,2,1,0.591,0.0,3,6,10.0,0.471,,,,,,
2021,2021-06-29,화,06,18:30,키움,롯데,고척,키움,1,0,1639,1674,0.9791,0,6,0.507,6.0,5,7,8,0.426,11.5,3,7,1.5,0.478,,,,,,
2021,2021-06-29,화,06,18:30,KIA,NC,광주,KIA,0,0,746,1168,0.6387,0,9,0.373,15.0,-4,1,5,0.53,4.5,3,6,10.5,0.478,,,,,,
2021,2021-06-29,화,06,18:30,SSG,삼성,문학,SSG,0,0,3120,2300,1.3565,1,4,0.561,2.5,-2,5,3,0.571,1.5,-1,5,-2.0,0.478,,,,,,
2021,2021-06-30,수,06,18:30,키움,롯데,고척,키움,1,0,2001,1674,1.1953,1,6,0.5,6.5,-1,7,8,0.435,11.0,4,7,2.5,0.482,,,,,,
2021,2021-06-30,수,06,18:30,SSG,삼성,문학,SSG,0,0,2481,2300,1.0787,1,3,0.567,2.0,1,5,4,0.563,2.0,-2,5,-2.0,0.482,,,,,,
2021,2021-06-30,수,06,18:30,SSG,삼성,문학,SSG,0,0,2886,2300,1.2548,1,3,0.567,2.0,1,5,4,0.563,2.0,-2,5,-2.0,0.482,,,,,,
2021,2021-06-30,수,06,18:30,LG,KT,잠실,LG;두산,0,0,2851,2472,1.1533,1,2,0.586,0.5,1,7,1,0.597,0.0,4,7,-3.5,0.482,,,,,,
2021,2021-06-30,수,06,18:30,한화,두산,한밭,한화,0,0,1082,3900,0.2774,0,9,0.371,15.5,-8,1,7,0.478,8.0,-5,3,11.5,0.482,,,,,,
2021,2021-07-01,목,07,18:30,키움,롯데,고척,키움,1,0,2049,1674,1.224,1,6,0.507,6.5,1,8,8,0.429,12.0,-1,6,2.0,0.489,,,,,,
2021,2021-07-01,목,07,18:30,KIA,NC,광주,KIA,0,0,842,1168,0.7209,0,9,0.368,16.0,-5,1,5,0.537,4.5,4,6,11.5,0.489,,,,,,
2021,2021-07-01,목,07,18:30,SSG,삼성,문학,SSG,0,0,3239,2300,1.4083,1,3,0.574,2.0,2,5,4,0.556,3.0,-3,4,-2.5,0.489,,,,,,
2021,2021-07-01,목,07,18:30,LG,KT,잠실,LG;두산,0,0,2919,2472,1.1808,1,2,0.577,1.5,-1,6,1,0.603,0.0,5,8,-3.0,0.489,,,,,,
2021,2021-07-01,목,07,18:30,한화,두산,한밭,한화,0,0,1255,3900,0.3218,0,10,0.366,16.5,-9,1,7,0.486,8.0,1,3,12.0,0.489,,,,,,
2021,2021-07-02,금,07,18:30,KIA,두산,광주,KIA,0,0,1391,1168,1.1909,1,9,0.377,16.0,1,2,7,0.493,8.0,2,3,10.5,0.496,,,,,,
2021,2021-07-02,금,07,18:30,SSG,롯데,문학,SSG,0,0,4529,2300,1.9691,1,3,0.565,3.0,-1,4,8,0.423,13.0,-2,6,-2.5,0.496,,,,,,
2021,2021-07-02,금,07,18:30,KT,키움,수원,KT,0,0,1667,2000,0.8335,0,1,0.609,0.0,6,9,6,0.514,6.5,2,8,-5.5,0.496,,,,,,
2021,2021-07-02,금,07,18:30,LG,한화,잠실,LG;두산,0,0,4589,2472,1.8564,1,2,0.569,2.5,-2,5,10,0.361,17.5,-10,0,-3.0,0.496,,,,,,
2021,2021-07-02,금,07,19:00,NC,삼성,창원,NC,0,0,3608,5061,0.7129,0,5,0.529,5.5,-1,5,4,0.562,3.0,1,5,0.0,0.496,,,,,,
2021,2021-07-04,일,07,17:00,KIA,두산,광주,KIA,0,0,1218,1168,1.0428,1,9,0.386,16.0,2,3,7,0.486,9.0,-1,3,9.5,0.503,,,,,,
2021,2021-07-04,일,07,17:00,SSG,롯데,문학,SSG,0,0,4288,2300,1.8643,1,4,0.557,4.0,-2,4,8,0.431,13.0,1,6,-2.5,0.503,,,,,,
2021,2021-07-04,일,07,17:00,KT,키움,수원,KT,0,0,2066,2000,1.033,1,1,0.614,0.0,7,9,6,0.507,7.5,-1,7,-6.5,0.503,,,,,,
2021,2021-07-04,일,07,17:00,LG,한화,잠실,LG;두산,0,0,3428,2472,1.3867,1,3,0.562,3.5,-3,4,10,0.37,17.5,1,1,-3.0,0.503,,,,,,
2021,2021-07-04,일,07,17:00,NC,삼성,창원,NC,0,0,3603,5061,0.7119,0,5,0.522,6.5,-2,5,2,0.568,3.0,2,5,0.0,0.503,,,,,,
2021,2021-07-05,월,07,18:30,SSG,롯데,문학,SSG,0,0,2473,2300,1.0752,1,4,0.549,5.0,-3,3,8,0.438,13.0,2,7,-2.5,0.51,,,,,,
2021,2021-07-05,월,07,18:30,KT,키움,수원,KT,0,0,1015,2000,0.5075,0,1,0.62,0.0,8,9,6,0.5,8.5,-2,7,-7.5,0.51,,,,,,
2021,2021-07-05,월,07,18:30,LG,한화,잠실,LG;두산,0,0,2075,2472,0.8394,0,3,0.568,3.5,1,4,10,0.365,18.5,-1,1,-4.0,0.51,,,,,,
2021,2021-07-06,화,07,18:30,키움,SSG,고척,키움,1,0,1549,1674,0.9253,0,6,0.506,7.5,1,7,4,0.556,4.0,1,3,0.5,0.514,,,,,,
2021,2021-07-06,화,07,18:30,두산,NC,잠실,LG;두산,0,0,1633,2472,0.6606,0,7,0.479,9.5,-2,3,5,0.514,7.0,-3,5,2.5,0.514,,,,,,
2021,2021-07-07,수,07,18:30,키움,SSG,고척,키움,1,0,1328,1674,0.7933,0,6,0.513,7.0,2,7,4,0.548,4.5,-1,3,0.5,0.517,,,,,,
2021,2021-07-07,수,07,18:30,두산,NC,잠실,LG;두산,0,0,924,2472,0.3738,0,7,0.473,10.0,-3,2,5,0.521,6.5,1,5,3.5,0.517,,,,,,
2021,2021-07-07,수,07,18:30,한화,KIA,한밭,한화,0,0,518,3900,0.1328,0,10,0.36,18.5,-2,1,9,0.394,15.5,3,4,12.0,0.517,,,,,,
2021,2021-07-08,목,07,18:30,키움,SSG,고척,키움,1,0,1436,1674,0.8578,0,5,0.519,6.5,3,7,4,0.541,5.0,-2,3,0.0,0.521,,,,,,
2021,2021-07-08,목,07,18:30,삼성,KT,대구,삼성,0,0,1994,7033,0.2835,0,2,0.573,2.5,3,5,1,0.611,0.0,-1,8,-4.0,0.521,,,,,,
2021,2021-07-09,금,07,18:30,KIA,KT,광주,KIA,0,0,1168,1168,1.0,1,9,0.403,15.5,4,5,1,0.616,0.0,1,9,8.0,0.524,,,,,,
2021,2021-07-09,금,07,18:30,삼성,롯데,대구,삼성,0,0,2754,7033,0.3916,0,3,0.566,3.5,-1,4,8,0.432,13.5,-1,6,-4.0,0.524,,,,,,
2021,2021-07-09,금,07,18:30,SSG,한화,문학,SSG,0,0,3370,2300,1.4652,1,4,0.547,5.0,1,4,10,0.355,19.5,-3,1,-2.5,0.524,,,,,,
2021,2021-07-10,토,07,18:00,삼성,롯데,대구,삼성,0,0,8207,7033,1.1669,1,3,0.558,3.5,-2,4,8,0.44,12.5,1,7,-3.5,0.528,,,,,,
2021,2021-07-10,토,07,18:00,SSG,한화,문학,SSG,0,0,4747,2300,2.0639,1,4,0.539,5.0,-1,3,10,0.364,18.5,1,2,-2.0,0.528,,,,,,
2021,2021-07-11,일,07,17:00,KIA,KT,광주,KIA,0,0,1546,1168,1.3236,1,9,0.411,14.5,5,5,1,0.608,0.0,-1,8,7.5,0.531,,,,,,
2021,2021-07-11,일,07,17:00,삼성,롯데,대구,삼성,0,0,5890,7033,0.8375,0,3,0.564,3.0,1,4,8,0.434,13.0,-1,6,-4.0,0.531,,,,,,
2021,2021-07-11,일,07,17:00,SSG,한화,문학,SSG,0,0,3754,2300,1.6322,1,4,0.532,5.5,-2,3,10,0.372,18.0,2,3,-1.5,0.531,,,,,,
2021,2021-08-10,화,08,18:30,키움,KT,고척,키움,1,0,0,1674,0.0,0,6,0.512,6.5,-1,6,1,0.6,0.0,-2,7,0.0,0.535,,,,,,
2021,2021-08-10,화,08,18:30,KIA,한화,광주,KIA,0,0,836,1168,0.7158,0,9,0.419,13.5,6,6,10,0.367,18.0,-1,3,7.0,0.535,,,,,,
2021,2021-08-10,화,08,18:30,LG,SSG,잠실,LG;두산,0,0,0,2472,0.0,0,2,0.573,2.0,2,4,4,0.538,4.5,1,3,-4.5,0.535,,,,,,
2021,2021-08-10,화,08,18:30,NC,롯데,창원,NC,0,0,0,5061,0.0,0,5,0.514,6.5,-1,5,8,0.429,13.0,-2,5,0.0,0.535,,,,,,
2021,2021-08-11,수,08,18:30,키움,KT,고척,키움,1,0,0,1674,0.0,0,5,0.519,5.5,1,6,1,0.592,0.0,-3,6,0.0,0.54,,,,,,
2021,2021-08-11,수,08,18:30,KIA,한화,광주,KIA,0,0,1853,1168,1.5865,1,9,0.427,12.5,7,7,10,0.362,18.0,-2,3,7.0,0.54,,,,,,
2021,2021-08-11,수,08,18:30,삼성,두산,대구,삼성,0,0,2433,7033,0.3459,0,3,0.57,1.5,2,5,7,0.48,8.5,1,3,-4.0,0.54,,,,,,
2021,2021-08-11,수,08,18:30,LG,SSG,잠실,LG;두산,0,0,0,2472,0.0,0,2,0.579,1.0,3,5,4,0.532,4.5,-1,3,-4.5,0.54,,,,,,
2021,2021-08-11,수,08,18:30,NC,롯데,창원,NC,0,0,0,5061,0.0,0,6,0.507,6.5,-2,4,8,0.436,12.0,1,5,1.0,0.54,,,,,,
2021,2021-08-12,목,08,18:30,키움,KT,고척,키움,1,0,0,1674,0.0,0,5,0.524,4.5,2,7,1,0.584,0.0,-4,5,0.0,0.547,,,,,,
2021,2021-08-12,목,08,18:30,삼성,두산,대구,삼성,0,0,2489,7033,0.3539,0,3,0.562,1.5,-1,5,7,0.487,7.5,2,4,-3.0,0.547,,,,,,
2021,2021-08-12,목,08,18:30,NC,롯데,창원,NC,0,0,0,5061,0.0,0,6,0.5,6.5,-3,3,8,0.443,11.0,2,5,2.0,0.547,,,,,,
2021,2021-08-13,금,08,18:30,키움,두산,고척,키움,1,0,0,1674,0.0,0,4,0.53,4.0,3,7,7,0.481,8.0,-1,4,-0.5,0.551,,,,,,
2021,2021-08-13,금,08,18:30,SSG,KIA,문학,SSG,0,0,0,2300,0.0,0,5,0.525,4.5,-2,3,9,0.427,12.0,7,7,0.0,0.551,,,,,,
2021,2021-08-13,금,08,18:30,KT,삼성,수원,KT,0,0,0,2000,0.0,0,2,0.577,0.5,-5,4,3,0.568,1.0,1,6,-4.0,0.551,,,,,,
2021,2021-08-13,금,08,18:30,LG,롯데,잠실,LG;두산,0,0,0,2472,0.0,0,1,0.584,0.0,4,6,8,0.438,11.5,-1,5,-4.5,0.551,,,,,,
2021,2021-08-13,금,08,18:30,한화,NC,한밭,한화,0,0,0,3900,0.0,0,10,0.362,17.5,-2,3,6,0.507,6.0,1,4,13.0,0.551,,,,,,
2021,2021-08-14,토,08,18:00,키움,두산,고척,키움,1,0,0,1674,0.0,0,4,0.524,4.5,-1,6,7,0.487,7.5,1,5,-0.5,0.558,,,,,,
2021,2021-08-14,토,08,18:00,SSG,KIA,문학,SSG,0,0,0,2300,0.0,0,5,0.519,5.0,-3,3,9,0.434,11.5,8,8,0.0,0.558,,,,,,
2021,2021-08-14,토,08,18:00,KT,삼성,수원,KT,0,0,0,2000,0.0,0,1,0.582,0.0,1,4,3,0.561,1.5,-1,6,-5.0,0.558,,,,,,
2021,2021-08-14,토,08,18:00,LG,롯데,잠실,LG;두산,0,0,0,2472,0.0,0,2,0.577,0.5,-1,5,8,0.444,11.0,1,6,-4.5,0.558,,,,,,
2021,2021-08-14,토,08,18:00,한화,NC,한밭,한화,0,0,0,3900,0.0,0,10,0.358,18.0,-3,3,6,0.513,5.5,2,4,13.0,0.558,,,,,,
2021,2021-08-15,일,08,17:00,키움,두산,고척,키움,1,0,0,1674,0.0,0,4,0.529,4.5,1,7,7,0.481,8.5,-1,5,-1.0,0.565,,,,,,
2021,2021-08-15,일,08,17:00,SSG,KIA,문학,SSG,0,0,0,2300,0.0,0,5,0.519,5.5,-3,2,9,0.434,12.0,8,8,0.0,0.565,,,,,,
2021,2021-08-15,일,08,17:00,KT,삼성,수원,KT,0,0,0,2000,0.0,0,1,0.588,0.0,2,4,3,0.554,2.5,-2,5,-5.5,0.565,,,,,,
2021,2021-08-15,일,08,17:00,LG,롯데,잠실,LG;두산,0,0,0,2472,0.0,0,2,0.57,1.5,-2,5,8,0.451,11.0,2,6,-4.0,0.565,,,,,,
2021,2021-08-15,일,08,17:00,한화,NC,한밭,한화,0,0,0,3900,0.0,0,10,0.358,18.5,-3,2,6,0.513,6.0,2,3,13.0,0.565,,,,,,
2021,2021-08-17,화,08,18:30,롯데,키움,사직,롯데,0,0,0,2364,0.0,0,8,0.446,12.0,-1,5,4,0.535,4.5,2,8,6.5,0.572,,,,,,
2021,2021-08-17,화,08,18:30,KT,LG,수원,KT,0,0,0,2000,0.0,0,1,0.593,0.0,3,4,2,0.575,1.5,1,5,-5.5,0.572,,,,,,
2021,2021-08-17,화,08,18:30,한화,삼성,한밭,한화,0,0,0,3900,0.0,0,10,0.358,19.0,-3,2,3,0.548,3.5,-3,4,13.5,0.572,,,,,,
2021,2021-08-18,수,08,18:30,SSG,NC,문학,SSG,0,0,0,2300,0.0,0,5,0.524,5.5,1,3,6,0.513,6.5,2,3,0.0,0.576,,,,,,
2021,2021-08-18,수,08,18:30,롯데,키움,사직,롯데,0,0,0,2364,0.0,0,8,0.452,11.5,1,6,4,0.529,5.0,-1,7,6.0,0.576,,,,,,
2021,2021-08-18,수,08,18:30,KT,LG,수원,KT,0,0,0,2000,0.0,0,1,0.593,0.0,3,4,2,0.575,1.5,1,5,-5.5,0.576,,,,,,
2021,2021-08-18,수,08,18:30,두산,KIA,잠실,LG;두산,0,0,0,2472,0.0,0,7,0.475,9.5,-2,4,9,0.429,13.0,-1,7,4.0,0.576,,,,,,
2021,2021-08-18,수,08,18:30,한화,삼성,한밭,한화,0,0,0,3900,0.0,0,10,0.366,18.5,1,3,3,0.541,4.0,-4,3,13.0,0.576,,,,,,
2021,2021-08-19,목,08,18:30,SSG,NC,문학,SSG,0,0,0,2300,0.0,0,4,0.53,5.5,2,4,6,0.506,7.5,-1,3,-0.5,0.583,,,,,,
2021,2021-08-19,목,08,18:30,KT,LG,수원,KT,0,0,0,2000,0.0,0,1,0.598,0.0,4,4,2,0.568,2.5,-1,5,-6.0,0.583,,,,,,
2021,2021-08-19,목,08,18:30,두산,KIA,잠실,LG;두산,0,0,0,2472,0.0,0,7,0.469,10.5,-3,3,9,0.436,13.0,1,7,4.5,0.583,,,,,,
2021,2021-08-19,목,08,18:30,한화,삼성,한밭,한화,0,0,0,3900,0.0,0,10,0.361,19.5,-1,3,3,0.547,4.0,1,4,13.5,0.583,,,,,,
2021,2021-08-20,금,08,18:30,KIA,키움,광주,KIA,0,0,1157,1168,0.9906,1,9,0.436,12.5,1,6,5,0.523,5.5,-2,6,7.0,0.589,,,,,,
2021,2021-08-20,금,08,18:30,삼성,SSG,대구,삼성,0,0,2504,7033,0.356,0,3,0.552,3.0,2,5,4,0.524,5.5,-1,3,-2.5,0.589,,,,,,
2021,2021-08-20,금,08,18:30,롯데,KT,사직,롯데,0,0,0,2364,0.0,0,8,0.459,11.0,2,6,1,0.59,0.0,-1,4,5.5,0.589,,,,,,
2021,2021-08-20,금,08,18:30,두산,한화,잠실,LG;두산,0,0,0,2472,0.0,0,7,0.469,10.0,-3,3,10,0.357,19.5,-2,2,4.5,0.589,,,,,,
2021,2021-08-20,금,08,19:00,NC,LG,창원,NC,0,0,0,5061,0.0,0,6,0.513,6.5,1,4,2,0.573,1.5,1,6,1.0,0.589,,,,,,
2021,2021-08-21,토,08,18:00,두산,한화,잠실,LG;두산,0,0,0,2472,0.0,0,7,0.476,10.0,1,4,10,0.353,20.5,-3,1,3.5,0.596,,,,,,
2021,2021-08-22,일,08,17:00,KIA,키움,광주,KIA,0,0,1340,1168,1.1473,1,9,0.443,12.5,2,6,6,0.517,6.5,-3,5,6.0,0.597,,,,,,
2021,2021-08-22,일,08,17:00,삼성,SSG,대구,삼성,0,0,4433,7033,0.6303,0,3,0.557,3.0,3,5,5,0.518,6.5,-2,3,-3.5,0.597,,,,,,
2021,2021-08-22,일,08,17:00,롯데,KT,사직,롯데,0,0,0,2364,0.0,0,8,0.453,12.0,-1,6,1,0.595,0.0,1,5,5.5,0.597,,,,,,
2021,2021-08-22,일,08,17:00,두산,한화,잠실,LG;두산,0,0,0,2472,0.0,0,7,0.47,10.5,-1,4,10,0.36,20.0,1,2,4.0,0.597,,,,,,
2021,2021-08-22,일,08,17:00,NC,LG,창원,NC,0,0,0,5061,0.0,0,4,0.519,6.5,2,4,2,0.566,2.5,-1,5,0.0,0.597,,,,,,
2021,2021-08-23,월,08,18:30,롯데,KT,사직,롯데,0,0,0,2364,0.0,0,8,0.448,13.0,-2,6,1,0.6,0.0,2,6,6.5,0.604,,,,,,
2021,2021-08-24,화,08,18:30,KIA,키움,광주,KIA,0,0,379,1168,0.3245,0,9,0.438,13.0,-1,5,5,0.522,6.0,1,6,7.0,0.606,,,,,,
2021,2021-08-24,화,08,18:30,삼성,SSG,대구,삼성,0,0,852,7033,0.1211,0,3,0.557,3.0,3,4,6,0.518,6.5,-2,3,-3.0,0.606,,,,,,
2021,2021-08-24,화,08,18:30,두산,한화,잠실,LG;두산,0,0,0,2472,0.0,0,7,0.464,11.0,-2,3,10,0.368,19.5,2,3,5.0,0.606,,,,,,
2021,2021-08-25,수,08,18:30,키움,한화,고척,키움,1,0,0,1674,0.0,0,4,0.527,5.5,2,6,10,0.364,20.0,-1,3,-0.5,0.61,,,,,,
2021,2021-08-25,수,08,18:30,KIA,롯데,광주,KIA,0,0,579,1168,0.4957,0,9,0.432,13.5,-2,4,8,0.455,12.0,1,6,7.5,0.61,,,,,,
2021,2021-08-25,수,08,18:30,KT,SSG,수원,KT,0,0,0,2000,0.0,0,1,0.593,0.0,-1,6,6,0.512,7.0,-3,2,-6.0,0.61,,,,,,
2021,2021-08-25,수,08,18:30,LG,삼성,잠실,LG;두산,0,0,0,2472,0.0,0,3,0.56,3.0,-2,4,2,0.562,2.5,4,5,-3.0,0.61,,,,,,
2021,2021-08-26,목,08,18:30,키움,한화,고척,키움,1,0,0,1674,0.0,0,5,0.522,6.5,-1,5,10,0.371,20.0,1,4,0.0,0.615,,,,,,
2021,2021-08-26,목,08,18:30,KIA,롯데,광주,KIA,0,0,1131,1168,0.9683,0,9,0.439,13.5,1,4,8,0.449,13.0,-1,5,7.0,0.615,,,,,,
2021,2021-08-26,목,08,18:30,KT,SSG,수원,KT,0,0,0,2000,0.0,0,1,0.598,0.0,1,7,6,0.506,8.0,-4,2,-6.5,0.615,,,,,,
2021,2021-08-26,목,08,18:30,LG,삼성,잠실,LG;두산,0,0,0,2472,0.0,0,3,0.56,3.5,-2,3,2,0.562,3.0,4,4,-3.0,0.615,,,,,,
2021,2021-08-26,목,08,18:30,NC,두산,창원,NC,0,0,0,5061,0.0,0,4,0.525,6.5,3,5,7,0.471,11.0,1,3,0.0,0.615,,,,,,
2021,2021-08-26,목,08,18:30,NC,두산,창원,NC,0,0,0,5061,0.0,0,4,0.525,6.5,3,5,7,0.471,11.0,1,3,0.0,0.615,,,,,,
2021,2021-08-27,금,08,18:30,키움,한화,고척,키움,1,0,0,1674,0.0,0,4,0.522,7.0,-1,4,10,0.371,20.5,1,4,-1.0,0.624,,,,,,
2021,2021-08-27,금,08,18:30,KT,SSG,수원,KT,0,0,0,2000,0.0,0,1,0.602,0.0,2,7,6,0.5,9.0,-5,2,-8.0,0.624,,,,,,
2021,2021-08-27,금,08,18:30,LG,삼성,잠실,LG;두산,0,0,0,2472,0.0,0,2,0.565,3.5,1,3,3,0.556,4.0,-1,4,-4.5,0.624,,,,,,
2021,2021-08-27,금,08,19:00,NC,두산,창원,NC,0,0,0,5061,0.0,0,5,0.512,8.0,-2,5,7,0.483,10.5,3,4,0.0,0.624,,,,,,
2021,2021-08-28,토,08,18:00,SSG,KIA,문학,SSG,0,0,0,2300,0.0,0,6,0.494,10.0,-6,2,9,0.439,14.5,1,4,2.0,0.629,,,,,,
2021,2021-08-28,토,08,18:00,롯데,두산,사직,롯데,0,0,0,2364,0.0,0,8,0.449,14.0,-1,5,7,0.477,11.5,-1,4,6.0,0.629,,,,,,
2021,2021-08-28,토,08,18:00,KT,삼성,수원,KT,0,0,0,2000,0.0,0,1,0.607,0.0,3,7,3,0.549,5.0,-2,4,-8.0,0.629,,,,,,
2021,2021-08-28,토,08,18:00,LG,키움,잠실,LG;두산,0,0,0,2472,0.0,0,2,0.57,3.5,2,4,4,0.527,7.0,1,5,-4.5,0.629,,,,,,
2021,2021-08-28,토,08,18:00,한화,NC,한밭,한화,0,0,0,3900,0.0,0,10,0.367,21.5,-1,4,5,0.518,8.0,1,5,13.5,0.629,,,,,,
2021,2021-08-29,일,08,17:00,SSG,KIA,문학,SSG,0,0,0,2300,0.0,0,6,0.5,9.0,1,3,9,0.434,14.5,-1,3,1.0,0.636,,,,,,
2021,2021-08-29,일,08,17:00,롯데,두산,사직,롯데,0,0,0,2364,0.0,0,8,0.449,13.5,-1,4,7,0.477,11.0,-1,4,5.5,0.636,,,,,,
2021,2021-08-29,일,08,17:00,KT,삼성,수원,KT,0,0,0,2000,0.0,0,1,0.6,0.0,-1,6,3,0.554,4.0,1,5,-8.0,0.636,,,,,,
2021,2021-08-29,일,08,17:00,LG,키움,잠실,LG;두산,0,0,0,2472,0.0,0,2,0.575,2.5,3,5,4,0.521,7.0,-1,4,-5.5,0.636,,,,,,
2021,2021-08-29,일,08,17:00,한화,NC,한밭,한화,0,0,0,3900,0.0,0,10,0.374,20.5,1,4,5,0.512,8.0,-1,4,12.5,0.636,,,,,,
2021,2021-08-31,화,08,18:30,삼성,키움,대구,삼성,0,0,1495,7033,0.2126,0,3,0.548,5.0,-1,5,4,0.516,8.0,-2,3,-4.0,0.643,,,,,,
2021,2021-08-31,화,08,18:30,롯데,LG,사직,롯데,0,0,0,2364,0.0,0,8,0.456,13.5,1,4,2,0.58,2.5,4,5,4.5,0.643,,,,,,
2021,2021-08-31,화,08,18:30,한화,KT,한밭,한화,0,0,0,3900,0.0,0,10,0.38,20.5,2,5,1,0.604,0.0,1,7,11.5,0.643,,,,,,
2021,2021-09-01,수,09,18:30,삼성,키움,대구,삼성,0,0,580,7033,0.0825,0,3,0.553,4.0,1,5,4,0.51,8.0,-3,3,-4.5,0.647,,,,,,
2021,2021-09-01,수,09,18:30,SSG,NC,문학,SSG,0,0,0,2300,0.0,0,6,0.505,8.5,2,3,5,0.506,8.5,-2,4,0.0,0.647,,,,,,
2021,2021-09-01,수,09,18:30,SSG,NC,문학,SSG,0,0,0,2300,0.0,0,6,0.505,8.5,2,3,5,0.506,8.5,-2,4,0.0,0.647,,,,,,
2021,2021-09-01,수,09,18:30,두산,KIA,잠실,LG;두산,0,0,0,2472,0.0,0,7,0.472,11.5,-2,4,9,0.429,15.0,-2,3,3.0,0.647,,,,,,
2021,2021-09-01,수,09,18:30,두산,KIA,잠실,LG;두산,0,0,0,2472,0.0,0,7,0.472,11.5,-2,4,9,0.429,15.0,-2,3,3.0,0.647,,,,,,
2021,2021-09-01,수,09,18:30,한화,KT,한밭,한화,0,0,227,3900,0.0582,0,10,0.387,19.5,3,6,1,0.598,0.0,-1,6,11.0,0.647,,,,,,
2021,2021-09-02,목,09,18:30,키움,KT,고척,키움,1,0,0,1674,0.0,0,6,0.505,9.0,-4,3,1,0.602,0.0,1,7,0.0,0.656,,,,,,
2021,2021-09-02,목,09,18:30,KIA,삼성,광주,KIA,0,0,555,1168,0.4752,0,9,0.43,15.5,1,3,3,0.558,4.0,2,5,6.5,0.656,,,,,,
2021,2021-09-02,목,09,18:30,SSG,두산,문학,SSG,0,0,0,2300,0.0,0,5,0.505,9.0,1,3,7,0.473,12.0,-1,4,0.0,0.656,,,,,,
2021,2021-09-02,목,09,18:30,LG,NC,잠실,LG;두산,0,0,0,2472,0.0,0,2,0.584,2.0,5,6,4,0.506,9.0,-1,5,-7.0,0.656,,,,,,
2021,2021-09-03,금,09,18:30,키움,KT,고척,키움,1,0,0,1674,0.0,0,5,0.51,8.0,1,4,1,0.596,0.0,-1,6,0.0,0.661,,,,,,
2021,2021-09-03,금,09,18:30,KIA,삼성,광주,KIA,0,0,887,1168,0.7594,0,9,0.425,15.5,-1,3,3,0.562,3.0,3,5,7.5,0.661,,,,,,
2021,2021-09-03,금,09,18:30,SSG,두산,문학,SSG,0,0,0,2300,0.0,0,4,0.511,8.0,2,4,7,0.467,12.0,-2,4,0.0,0.661,,,,,,
2021,2021-09-03,금,09,18:30,롯데,한화,사직,롯데,0,0,0,2364,0.0,0,8,0.451,13.5,-1,4,10,0.383,20.0,-1,6,5.5,0.661,,,,,,
2021,2021-09-03,금,09,18:30,롯데,한화,사직,롯데,0,0,0,2364,0.0,0,8,0.451,13.5,-1,4,10,0.383,20.0,-1,6,5.5,0.661,,,,,,
2021,2021-09-03,금,09,18:30,LG,NC,잠실,LG;두산,0,0,0,2472,0.0,0,2,0.589,1.0,6,7,6,0.5,9.0,-2,4,-7.0,0.661,,,,,,
2021,2021-09-04,토,09,17:00,키움,SSG,고척,키움,1,0,0,1674,0.0,0,6,0.505,9.0,-1,3,4,0.516,8.0,3,5,0.0,0.669,,,,,,
2021,2021-09-04,토,09,17:00,삼성,두산,대구,삼성,0,0,4769,7033,0.6781,0,3,0.567,3.0,4,6,8,0.462,13.0,-3,4,-6.0,0.669,,,,,,
2021,2021-09-04,토,09,17:00,LG,KT,잠실,LG;두산,0,0,0,2472,0.0,0,2,0.582,2.0,-1,6,1,0.6,0.0,1,6,-7.0,0.669,,,,,,
2021,2021-09-04,토,09,17:00,NC,롯데,창원,NC,0,0,2368,5061,0.4679,0,5,0.506,9.0,1,4,7,0.462,13.0,2,4,0.0,0.669,,,,,,
2021,2021-09-04,토,09,17:00,한화,KIA,한밭,한화,0,0,1647,3900,0.4223,0,10,0.375,21.5,-3,4,9,0.42,16.5,-2,2,12.5,0.669,,,,,,
2021,2021-09-05,일,09,14:00,키움,SSG,고척,키움,1,0,0,1674,0.0,0,5,0.51,9.0,1,3,4,0.51,9.0,-1,5,0.0,0.676,,,,,,
2021,2021-09-05,일,09,14:00,삼성,두산,대구,삼성,0,0,4795,7033,0.6818,0,3,0.571,3.0,5,6,8,0.457,14.0,-4,3,-6.0,0.676,,,,,,
2021,2021-09-05,일,09,14:00,LG,KT,잠실,LG;두산,0,0,0,2472,0.0,0,2,0.576,3.0,-2,6,1,0.604,0.0,2,7,-6.0,0.676,,,,,,
2021,2021-09-05,일,09,14:00,NC,롯데,창원,NC,0,0,2407,5061,0.4756,0,6,0.5,10.0,-1,3,7,0.468,13.0,3,5,1.0,0.676,,,,,,
2021,2021-09-05,일,09,14:00,한화,KIA,한밭,한화,0,0,1618,3900,0.4149,0,10,0.381,21.5,1,5,9,0.416,17.5,-3,2,12.5,0.676,,,,,,
2021,2021-09-07,화,09,18:30,삼성,롯데,대구,삼성,0,0,1466,7033,0.2084,0,3,0.566,4.0,-1,6,7,0.463,14.0,-1,5,-6.0,0.683,,,,,,
2021,2021-09-07,화,09,18:30,NC,한화,창원,NC,0,0,534,5061,0.1055,0,5,0.505,10.0,1,4,10,0.381,22.0,1,4,0.0,0.683,,,,,,
2021,2021-09-08,수,09,18:30,삼성,롯데,대구,삼성,0,0,2463,7033,0.3502,0,3,0.56,4.5,-2,6,7,0.469,13.5,1,5,-5.0,0.686,,,,,,
2021,2021-09-08,수,09,18:30,SSG,LG,문학,SSG,0,0,0,2300,0.0,0,6,0.505,10.0,-2,5,2,0.57,4.0,-3,6,0.5,0.686,,,,,,
2021,2021-09-08,수,09,18:30,KT,KIA,수원,KT,0,0,0,2000,0.0,0,1,0.608,0.0,3,7,9,0.416,18.0,-3,2,-9.5,0.686,,,,,,
2021,2021-09-08,수,09,18:30,두산,키움,잠실,LG;두산,0,0,0,2472,0.0,0,8,0.463,14.0,1,3,4,0.515,9.0,2,4,4.5,0.686,,,,,,
2021,2021-09-08,수,09,18:30,NC,한화,창원,NC,0,0,680,5061,0.1344,0,5,0.511,9.5,2,5,10,0.378,22.5,-1,4,0.0,0.686,,,,,,
2021,2021-09-09,목,09,18:30,키움,KIA,고척,키움,1,0,0,1674,0.0,0,5,0.51,9.5,-1,4,9,0.416,18.0,-3,1,0.0,0.693,,,,,,
2021,2021-09-09,목,09,18:30,삼성,KT,대구,삼성,0,0,1478,7033,0.2102,0,3,0.554,5.0,-3,6,1,0.608,0.0,3,6,-4.5,0.693,,,,,,
2021,2021-09-09,목,09,18:30,롯데,SSG,사직,롯데,0,0,1390,2364,0.588,0,7,0.474,13.0,2,6,4,0.51,9.5,1,6,3.5,0.693,,,,,,
2021,2021-09-09,목,09,18:30,LG,한화,잠실,LG;두산,0,0,0,2472,0.0,0,2,0.564,4.5,-4,6,10,0.384,22.0,1,5,-5.0,0.693,,,,,,
2021,2021-09-09,목,09,18:30,NC,두산,창원,NC,0,0,705,5061,0.1393,0,6,0.505,10.0,-1,4,8,0.469,13.5,2,3,0.5,0.693,,,,,,
2021,2021-09-10,금,09,18:30,키움,KIA,고척,키움,1,0,0,1674,0.0,0,5,0.515,8.5,1,4,9,0.411,18.0,-4,1,0.0,0.7,,,,,,
2021,2021-09-10,금,09,18:30,삼성,KT,대구,삼성,0,0,2873,7033,0.4085,0,3,0.559,4.0,1,6,1,0.602,0.0,-1,5,-4.5,0.7,,,,,,
2021,2021-09-10,금,09,18:30,롯데,SSG,사직,롯데,0,0,1550,2364,0.6557,0,8,0.469,13.0,-1,6,4,0.515,8.5,2,7,4.5,0.7,,,,,,
2021,2021-09-10,금,09,18:30,LG,한화,잠실,LG;두산,0,0,0,2472,0.0,0,2,0.568,3.5,1,6,10,0.38,22.0,-1,4,-5.0,0.7,,,,,,
2021,2021-09-10,금,09,19:00,NC,두산,창원,NC,0,0,966,5061,0.1909,0,6,0.5,10.0,-2,4,7,0.474,12.5,3,4,1.5,0.7,,,,,,
2021,2021-09-11,토,09,17:00,KIA,NC,광주,KIA,0,0,1178,1168,1.0086,1,9,0.407,18.5,-5,1,6,0.495,10.5,-3,4,9.5,0.707,,,,,,
2021,2021-09-11,토,09,17:00,롯데,키움,사직,롯데,0,0,3031,2364,1.2821,1,8,0.475,12.5,1,7,4,0.519,8.0,2,5,3.5,0.707,,,,,,
2021,2021-09-11,토,09,17:00,KT,SSG,수원,KT,0,0,0,2000,0.0,0,1,0.602,0.0,-1,5,5,0.51,9.0,-1,6,-9.0,0.707,,,,,,
2021,2021-09-11,토,09,17:00,두산,LG,잠실,LG;두산,0,0,0,2472,0.0,0,7,0.48,12.0,4,5,2,0.573,3.0,2,6,3.0,0.707,,,,,,
2021,2021-09-11,토,09,17:00,한화,삼성,한밭,한화,0,0,2428,3900,0.6226,0,10,0.376,22.5,-2,3,3,0.559,4.0,1,6,13.5,0.707,,,,,,
2021,2021-09-12,일,09,17:00,KIA,NC,광주,KIA,0,0,1170,1168,1.0017,1,9,0.413,18.0,1,2,6,0.49,11.0,-4,3,9.0,0.714,,,,,,
2021,2021-09-12,일,09,17:00,KIA,NC,광주,KIA,0,0,975,1168,0.8348,0,9,0.413,18.0,1,2,6,0.49,11.0,-4,3,9.0,0.714,,,,,,
2021,2021-09-12,일,09,17:00,롯데,키움,사직,롯데,0,0,2558,2364,1.0821,1,8,0.47,13.0,-1,6,4,0.524,7.5,3,6,4.0,0.714,,,,,,
2021,2021-09-12,일,09,17:00,롯데,키움,사직,롯데,0,0,1942,2364,0.8215,0,8,0.47,13.0,-1,6,4,0.524,7.5,3,6,4.0,0.714,,,,,,
2021,2021-09-12,일,09,17:00,KT,SSG,수원,KT,0,0,0,2000,0.0,0,1,0.602,0.0,-1,4,5,0.51,9.0,-1,5,-9.0,0.714,,,,,,
2021,2021-09-12,일,09,17:00,KT,SSG,수원,KT,0,0,0,2000,0.0,0,1,0.602,0.0,-1,4,5,0.51,9.0,-1,5,-9.0,0.714,,,,,,
2021,2021-09-12,일,09,17:00,두산,LG,잠실,LG;두산,0,0,0,2472,0.0,0,7,0.48,12.0,4,5,2,0.573,3.0,2,5,3.0,0.714,,,,,,
2021,2021-09-12,일,09,17:00,두산,LG,잠실,LG;두산,0,0,0,2472,0.0,0,7,0.48,12.0,4,5,2,0.573,3.0,2,5,3.0,0.714,,,,,,
2021,2021-09-12,일,09,17:00,한화,삼성,한밭,한화,0,0,1954,3900,0.501,0,10,0.373,23.0,-3,2,3,0.563,3.5,2,6,14.0,0.714,,,,,,
2021,2021-09-12,일,09,17:00,한화,삼성,한밭,한화,0,0,1400,3900,0.359,0,10,0.373,23.0,-3,2,3,0.563,3.5,2,6,14.0,0.714,,,,,,
2021,2021-09-14,화,09,18:30,KIA,롯데,광주,KIA,0,0,533,1168,0.4563,0,9,0.404,20.0,-2,1,8,0.471,14.0,1,6,9.0,0.728,,,,,,
2021,2021-09-14,화,09,18:30,삼성,LG,대구,삼성,0,0,2163,7033,0.3076,0,2,0.563,4.5,2,4,3,0.561,5.0,-2,3,-6.5,0.728,,,,,,
2021,2021-09-14,화,09,18:30,SSG,한화,문학,SSG,0,0,0,2300,0.0,0,5,0.5,11.0,-3,4,10,0.373,24.0,-3,2,0.0,0.728,,,,,,
2021,2021-09-14,화,09,18:30,두산,KT,잠실,LG;두산,0,0,0,2472,0.0,0,7,0.49,12.0,6,6,1,0.61,0.0,2,5,1.0,0.728,,,,,,
2021,2021-09-14,화,09,18:30,NC,키움,창원,NC,0,0,516,5061,0.102,0,6,0.5,11.0,2,5,4,0.523,8.5,-1,7,0.0,0.728,,,,,,
2021,2021-09-15,수,09,18:30,KIA,롯데,광주,KIA,0,0,389,1168,0.333,0,9,0.4,21.0,-3,1,8,0.476,14.0,2,6,10.0,0.735,,,,,,
2021,2021-09-15,수,09,18:30,KIA,롯데,광주,KIA,0,0,618,1168,0.5291,0,9,0.4,21.0,-3,1,8,0.476,14.0,2,6,10.0,0.735,,,,,,
2021,2021-09-15,수,09,18:30,삼성,LG,대구,삼성,0,0,2214,7033,0.3148,0,2,0.563,5.0,2,3,3,0.561,5.5,-2,2,-6.0,0.735,,,,,,
2021,2021-09-15,수,09,18:30,SSG,한화,문학,SSG,0,0,0,2300,0.0,0,6,0.495,12.0,-4,3,10,0.379,24.0,1,3,1.0,0.735,,,,,,
2021,2021-09-15,수,09,18:30,두산,KT,잠실,LG;두산,0,0,0,2472,0.0,0,7,0.485,13.0,-1,6,1,0.614,0.0,3,6,2.0,0.735,,,,,,
2021,2021-09-15,수,09,18:30,NC,키움,창원,NC,0,0,728,5061,0.1438,0,5,0.505,11.0,3,5,4,0.519,9.5,-2,6,0.0,0.735,,,,,,
2021,2021-09-16,목,09,18:30,키움,한화,고척,키움,1,0,0,1674,0.0,0,4,0.514,9.5,-3,6,10,0.375,24.0,-1,2,-0.5,0.743,,,,,,
2021,2021-09-16,목,09,18:30,삼성,KIA,대구,삼성,0,0,1710,7033,0.2431,0,3,0.558,5.0,-1,2,9,0.402,20.5,1,2,-5.0,0.743,,,,,,
2021,2021-09-16,목,09,18:30,KT,롯데,수원,KT,0,0,0,2000,0.0,0,1,0.608,0.0,-1,5,8,0.476,13.5,-1,6,-10.0,0.743,,,,,,
2021,2021-09-16,목,09,18:30,두산,SSG,잠실,LG;두산,0,0,0,2472,0.0,0,7,0.49,12.0,1,7,6,0.5,11.0,1,3,2.0,0.743,,,,,,
2021,2021-09-16,목,09,18:30,NC,LG,창원,NC,0,0,690,5061,0.1363,0,5,0.51,10.0,4,6,2,0.566,4.5,1,3,0.0,0.743,,,,,,
2021,2021-09-17,금,09,18:30,키움,한화,고척,키움,1,0,0,1674,0.0,0,5,0.514,10.0,-3,5,10,0.375,24.5,-1,2,0.0,0.75,,,,,,
2021,2021-09-17,금,09,18:30,삼성,KIA,대구,삼성,0,0,2570,7033,0.3654,0,3,0.552,6.0,-2,2,9,0.408,20.5,2,3,-4.0,0.75,,,,,,
2021,2021-09-17,금,09,18:30,KT,롯데,수원,KT,0,0,0,2000,0.0,0,1,0.612,0.0,1,5,8,0.472,14.5,-2,5,-10.0,0.75,,,,,,
2021,2021-09-17,금,09,18:30,두산,SSG,잠실,LG;두산,0,0,0,2472,0.0,0,7,0.49,12.5,1,7,6,0.5,11.5,1,3,2.5,0.75,,,,,,
2021,2021-09-17,금,09,18:30,NC,LG,창원,NC,0,0,850,5061,0.168,0,4,0.515,10.0,5,6,2,0.56,5.5,-1,3,0.0,0.75,,,,,,
2021,2021-09-18,토,09,17:00,키움,두산,고척,키움,1,0,0,1674,0.0,0,5,0.509,10.0,-4,4,7,0.495,11.5,2,7,0.0,0.757,,,,,,
2021,2021-09-18,토,09,17:00,SSG,삼성,문학,SSG,0,0,0,2300,0.0,0,6,0.495,11.5,-1,3,2,0.557,5.0,1,3,1.5,0.757,,,,,,
2021,2021-09-18,토,09,17:00,LG,KIA,잠실,LG;두산,0,0,0,2472,0.0,0,3,0.554,5.5,-2,3,9,0.404,20.5,-1,3,-4.5,0.757,,,,,,
2021,2021-09-18,토,09,17:00,NC,KT,창원,NC,0,0,2208,5061,0.4363,0,4,0.52,9.0,6,6,1,0.606,0.0,-1,4,-1.0,0.757,,,,,,
2021,2021-09-18,토,09,17:00,한화,롯데,한밭,한화,0,0,2112,3900,0.5415,0,10,0.381,23.5,1,3,8,0.477,13.5,1,5,13.5,0.757,,,,,,
2021,2021-09-19,일,09,14:00,키움,두산,고척,키움,1,0,0,1674,0.0,0,5,0.509,10.5,-4,4,6,0.495,12.0,2,6,0.0,0.764,,,,,,
2021,2021-09-19,일,09,14:00,SSG,삼성,문학,SSG,0,0,0,2300,0.0,0,7,0.491,12.5,-2,2,2,0.561,5.0,2,4,2.0,0.764,,,,,,
2021,2021-09-19,일,09,14:00,LG,KIA,잠실,LG;두산,0,0,0,2472,0.0,0,3,0.549,6.5,-3,3,9,0.41,20.5,1,4,-4.0,0.764,,,,,,
2021,2021-09-19,일,09,14:00,NC,KT,창원,NC,0,0,2286,5061,0.4517,0,4,0.515,10.0,-1,6,1,0.61,0.0,1,5,-0.5,0.764,,,,,,
2021,2021-09-19,일,09,14:00,한화,롯데,한밭,한화,0,0,2307,3900,0.5915,0,10,0.387,23.5,2,3,8,0.472,14.5,-1,5,13.0,0.764,,,,,,
2021,2021-09-21,화,09,14:00,KIA,KT,광주,KIA,0,0,1484,1168,1.2705,1,9,0.406,21.5,-1,4,1,0.613,0.0,2,6,10.0,0.771,,,,,,
2021,2021-09-21,화,09,14:00,SSG,키움,문학,SSG,0,0,0,2300,0.0,0,7,0.491,13.0,-2,1,5,0.505,11.5,-5,3,1.5,0.771,,,,,,
2021,2021-09-21,화,09,14:00,롯데,삼성,사직,롯데,0,0,2333,2364,0.9869,1,8,0.477,14.5,1,5,2,0.561,5.5,2,3,3.0,0.771,,,,,,
2021,2021-09-21,화,09,14:00,두산,NC,잠실,LG;두산,0,0,0,2472,0.0,0,6,0.5,12.0,3,6,4,0.51,11.0,-2,6,0.5,0.771,,,,,,
2021,2021-09-21,화,09,14:00,한화,LG,한밭,한화,0,0,2187,3900,0.5608,0,10,0.383,24.5,-1,3,3,0.553,6.5,1,3,13.0,0.771,,,,,,
2021,2021-09-22,수,09,14:00,KIA,KT,광주,KIA,0,0,1437,1168,1.2303,1,9,0.402,22.5,-2,3,1,0.617,0.0,3,7,10.5,0.778,,,,,,
2021,2021-09-22,수,09,14:00,SSG,키움,문학,SSG,0,0,0,2300,0.0,0,7,0.495,13.0,1,2,6,0.5,12.5,-6,2,1.0,0.778,,,,,,
2021,2021-09-22,수,09,14:00,롯데,삼성,사직,롯데,0,0,5058,2364,2.1396,1,8,0.473,15.5,-1,5,2,0.565,5.5,3,4,3.5,0.778,,,,,,
2021,2021-09-22,수,09,14:00,두산,NC,잠실,LG;두산,0,0,0,2472,0.0,0,4,0.505,12.0,4,6,5,0.505,12.0,-3,6,0.0,0.778,,,,,,
2021,2021-09-22,수,09,14:00,한화,LG,한밭,한화,0,0,2585,3900,0.6628,0,10,0.389,24.5,1,4,3,0.548,7.5,-1,2,12.5,0.778,,,,,,
2021,2021-09-23,목,09,18:30,키움,NC,고척,키움,1,0,0,1674,0.0,0,5,0.5,12.0,-6,1,6,0.5,12.0,-4,6,0.0,0.785,,,,,,
2021,2021-09-23,목,09,18:30,KIA,두산,광주,KIA,0,0,840,1168,0.7192,0,9,0.408,21.5,1,4,4,0.509,11.0,5,7,9.5,0.785,,,,,,
2021,2021-09-23,목,09,18:30,SSG,롯데,문학,SSG,0,0,0,2300,0.0,0,7,0.495,12.5,1,2,8,0.477,14.5,1,6,0.5,0.785,,,,,,
2021,2021-09-23,목,09,18:30,KT,한화,수원,KT,0,0,0,2000,0.0,0,1,0.611,0.0,-1,7,10,0.385,24.5,-1,4,-12.0,0.785,,,,,,
2021,2021-09-23,목,09,18:30,LG,삼성,잠실,LG;두산,0,0,0,2472,0.0,0,3,0.552,6.5,1,3,2,0.56,5.5,-1,3,-5.5,0.785,,,,,,
2021,2021-09-24,금,09,18:30,키움,NC,고척,키움,1,0,0,1674,0.0,0,5,0.504,12.0,1,1,7,0.495,13.0,-5,5,0.0,0.792,,,,,,
2021,2021-09-24,금,09,18:30,KIA,두산,광주,KIA,0,0,883,1168,0.756,0,9,0.404,22.5,-1,4,4,0.514,11.0,6,7,10.5,0.792,,,,,,
2021,2021-09-24,금,09,18:30,SSG,롯데,문학,SSG,0,0,0,2300,0.0,0,6,0.5,12.5,2,3,8,0.473,15.5,-1,5,0.5,0.792,,,,,,
2021,2021-09-24,금,09,18:30,SSG,롯데,문학,SSG,0,0,0,2300,0.0,0,6,0.5,12.5,2,3,8,0.473,15.5,-1,5,0.5,0.792,,,,,,
2021,2021-09-24,금,09,18:30,KT,한화,수원,KT,0,0,0,2000,0.0,0,1,0.615,0.0,1,7,10,0.382,25.5,-2,4,-12.0,0.792,,,,,,
2021,2021-09-24,금,09,18:30,LG,삼성,잠실,LG;두산,0,0,0,2472,0.0,0,3,0.547,7.5,-1,3,2,0.564,5.5,1,4,-4.5,0.792,,,,,,
2021,2021-09-25,토,09,17:00,키움,롯데,고척,키움,1,0,0,1674,0.0,0,5,0.509,11.0,2,2,8,0.469,15.5,-2,3,0.0,0.8,,,,,,
2021,2021-09-25,토,09,17:00,KIA,SSG,광주,KIA,0,0,1925,1168,1.6481,1,9,0.4,22.5,-2,4,6,0.505,11.5,3,4,11.5,0.8,,,,,,
2021,2021-09-25,토,09,17:00,삼성,NC,대구,삼성,0,0,6428,7033,0.914,0,2,0.559,5.5,-1,4,7,0.491,13.0,-6,4,-5.5,0.8,,,,,,
2021,2021-09-25,토,09,17:00,KT,LG,수원,KT,0,0,0,2000,0.0,0,1,0.609,0.0,-1,6,3,0.551,6.5,1,4,-11.0,0.8,,,,,,
2021,2021-09-25,토,09,17:00,두산,한화,잠실,LG;두산,0,0,0,2472,0.0,0,4,0.519,10.0,7,7,10,0.387,24.5,1,5,-1.0,0.8,,,,,,
2021,2021-09-26,일,09,14:00,키움,롯데,고척,키움,1,0,0,1674,0.0,0,5,0.504,11.5,-1,2,8,0.474,15.0,1,4,0.0,0.807,,,,,,
2021,2021-09-26,일,09,14:00,KIA,SSG,광주,KIA,0,0,1809,1168,1.5488,1,9,0.406,22.0,1,5,6,0.5,12.0,-1,3,10.5,0.807,,,,,,
2021,2021-09-26,일,09,14:00,삼성,NC,대구,삼성,0,0,5739,7033,0.816,0,2,0.562,5.0,1,5,7,0.486,13.5,-7,3,-6.5,0.807,,,,,,
2021,2021-09-26,일,09,14:00,KT,LG,수원,KT,0,0,0,2000,0.0,0,1,0.609,0.0,-1,5,3,0.551,6.5,1,4,-11.5,0.807,,,,,,
2021,2021-09-26,일,09,14:00,두산,한화,잠실,LG;두산,0,0,0,2472,0.0,0,4,0.514,10.5,-1,7,10,0.393,24.0,2,5,-1.0,0.807,,,,,,
2021,2021-09-28,화,09,18:30,삼성,SSG,대구,삼성,0,0,2389,7033,0.3397,0,2,0.566,4.0,2,6,6,0.495,12.0,-2,3,-6.5,0.814,,,,,,
2021,2021-09-28,화,09,18:30,KT,두산,수원,KT,0,0,0,2000,0.0,0,1,0.604,0.0,-2,5,4,0.518,9.5,1,7,-10.5,0.814,,,,,,
2021,2021-09-28,화,09,18:30,LG,롯데,잠실,LG;두산,0,0,0,2472,0.0,0,3,0.556,5.5,2,4,8,0.47,15.0,-1,4,-5.0,0.814,,,,,,
2021,2021-09-28,화,09,18:30,NC,KIA,창원,NC,0,0,893,5061,0.1764,0,7,0.482,13.5,-8,2,9,0.411,21.0,2,5,3.0,0.814,,,,,,
2021,2021-09-28,화,09,18:30,한화,키움,한밭,한화,0,0,919,3900,0.2356,0,10,0.389,24.0,-1,5,5,0.509,10.5,1,3,13.5,0.814,,,,,,
2021,2021-09-29,수,09,18:30,KT,두산,수원,KT,0,0,0,2000,0.0,0,1,0.607,0.0,1,5,4,0.514,10.5,-1,7,-11.0,0.821,,,,,,
2021,2021-09-29,수,09,18:30,NC,KIA,창원,NC,0,0,447,5061,0.0883,0,7,0.486,13.5,1,2,9,0.407,22.0,-1,4,2.5,0.821,,,,,,
2021,2021-09-30,목,09,18:30,KIA,키움,광주,KIA,0,0,543,1168,0.4649,0,9,0.404,22.0,-2,4,5,0.509,10.5,1,3,11.5,0.824,,,,,,
2021,2021-09-30,목,09,18:30,삼성,한화,대구,삼성,0,0,2676,7033,0.3805,0,2,0.561,4.5,-1,6,10,0.389,24.0,-1,5,-6.0,0.824,,,,,,
2021,2021-09-30,목,09,18:30,롯데,KT,사직,롯데,0,0,1151,2364,0.4869,0,8,0.466,15.5,-2,3,1,0.602,0.0,-1,5,5.0,0.824,,,,,,
2021,2021-09-30,목,09,18:30,LG,두산,잠실,LG;두산,0,0,0,2472,0.0,0,3,0.56,5.0,3,5,4,0.518,9.5,1,7,-5.5,0.824,,,,,,
2021,2021-09-30,목,09,18:30,NC,SSG,창원,NC,0,0,796,5061,0.1573,0,7,0.491,12.5,2,2,6,0.5,11.5,1,4,2.0,0.824,,,,,,
2021,2021-10-01,금,10,18:30,KIA,키움,광주,KIA,0,0,855,1168,0.732,0,9,0.4,22.0,-3,3,5,0.513,9.5,2,4,12.5,0.831,,,,,,
2021,2021-10-01,금,10,18:30,삼성,한화,대구,삼성,0,0,5966,7033,0.8483,0,2,0.565,3.5,1,6,10,0.386,24.0,-2,4,-6.0,0.831,,,,,,
2021,2021-10-01,금,10,18:30,롯데,KT,사직,롯데,0,0,930,2364,0.3934,0,8,0.47,14.5,1,4,1,0.596,0.0,-2,4,5.0,0.831,,,,,,
2021,2021-10-01,금,10,18:30,롯데,KT,사직,롯데,0,0,1340,2364,0.5668,0,8,0.47,14.5,1,4,1,0.596,0.0,-2,4,5.0,0.831,,,,,,
2021,2021-10-01,금,10,18:30,LG,두산,잠실,LG;두산,0,0,0,2472,0.0,0,3,0.564,4.0,4,6,4,0.513,9.5,-1,7,-5.5,0.831,,,,,,
2021,2021-10-01,금,10,19:00,NC,SSG,창원,NC,0,0,1374,5061,0.2715,0,7,0.496,11.5,3,3,6,0.496,11.5,-1,4,2.0,0.831,,,,,,
2021,2021-10-02,토,10,17:00,키움,LG,고척,키움,1,0,0,1674,0.0,0,5,0.508,9.0,-1,4,3,0.559,3.5,-1,6,0.0,0.839,,,,,,
2021,2021-10-02,토,10,17:00,KIA,한화,광주,KIA,0,0,1891,1168,1.619,1,9,0.405,20.5,1,4,10,0.391,22.5,1,4,11.5,0.839,,,,,,
2021,2021-10-02,토,10,17:00,SSG,KT,문학,SSG,0,0,0,2300,0.0,0,6,0.496,10.5,-1,4,1,0.586,0.0,-4,2,1.5,0.839,,,,,,
2021,2021-10-02,토,10,17:00,롯데,NC,사직,롯데,0,0,3771,2364,1.5952,1,8,0.479,12.5,3,5,7,0.496,10.5,3,3,3.5,0.839,,,,,,
2021,2021-10-02,토,10,17:00,두산,삼성,잠실,LG;두산,0,0,0,2472,0.0,0,4,0.518,8.0,1,7,2,0.56,3.0,-1,5,-1.0,0.839,,,,,,
2021,2021-10-03,일,10,14:00,키움,LG,고척,키움,1,0,0,1674,0.0,0,5,0.504,9.5,-2,4,2,0.562,3.0,1,6,0.0,0.846,,,,,,
2021,2021-10-03,일,10,14:00,KIA,한화,광주,KIA,0,0,1810,1168,1.5497,1,9,0.405,20.5,1,4,10,0.391,22.5,1,4,11.0,0.846,,,,,,
2021,2021-10-03,일,10,14:00,SSG,KT,문학,SSG,0,0,0,2300,0.0,0,6,0.496,10.5,-1,3,1,0.586,0.0,-4,2,1.0,0.846,,,,,,
2021,2021-10-03,일,10,14:00,롯데,NC,사직,롯데,0,0,3986,2364,1.6861,1,8,0.479,12.5,3,4,7,0.496,10.5,3,3,3.0,0.846,,,,,,
2021,2021-10-03,일,10,14:00,두산,삼성,잠실,LG;두산,0,0,0,2472,0.0,0,4,0.522,7.5,2,7,3,0.556,3.5,-2,5,-2.0,0.846,,,,,,
2021,2021-10-05,화,10,18:30,키움,삼성,고척,키움,1,0,0,1674,0.0,0,5,0.504,10.0,-2,4,3,0.559,3.5,1,5,0.0,0.853,,,,,,
2021,2021-10-05,화,10,18:30,롯데,KIA,사직,롯데,0,0,1867,2364,0.7898,0,8,0.483,12.5,4,5,9,0.411,20.5,2,4,2.5,0.853,,,,,,
2021,2021-10-05,화,10,18:30,KT,NC,수원,KT,0,0,0,2000,0.0,0,1,0.59,0.0,1,2,7,0.491,11.5,-1,3,-10.0,0.853,,,,,,
2021,2021-10-05,화,10,18:30,LG,SSG,잠실,LG;두산,0,0,0,2472,0.0,0,2,0.562,3.5,1,6,6,0.491,11.5,-2,3,-6.5,0.853,,,,,,
2021,2021-10-05,화,10,18:30,한화,두산,한밭,한화,0,0,1033,3900,0.2649,0,10,0.388,23.5,-1,3,4,0.517,8.5,-1,6,13.5,0.853,,,,,,
2021,2021-10-06,수,10,18:30,키움,삼성,고척,키움,1,0,0,1674,0.0,0,5,0.508,9.5,1,5,3,0.555,4.0,-1,5,0.0,0.86,,,,,,
2021,2021-10-06,수,10,18:30,롯데,KIA,사직,롯데,0,0,3885,2364,1.6434,1,8,0.488,12.0,5,6,9,0.407,21.0,-1,4,2.5,0.86,,,,,,
2021,2021-10-06,수,10,18:30,KT,NC,수원,KT,0,0,0,2000,0.0,0,1,0.59,0.0,1,2,7,0.491,11.5,-1,3,-9.5,0.86,,,,,,
2021,2021-10-06,수,10,18:30,LG,SSG,잠실,LG;두산,0,0,0,2472,0.0,0,2,0.558,4.0,-1,5,6,0.496,11.0,1,3,-5.5,0.86,,,,,,
2021,2021-10-06,수,10,18:30,LG,SSG,잠실,LG;두산,0,0,0,2472,0.0,0,2,0.558,4.0,-1,5,6,0.496,11.0,1,3,-5.5,0.86,,,,,,
2021,2021-10-06,수,10,18:30,한화,두산,한밭,한화,0,0,1052,3900,0.2697,0,10,0.393,23.0,1,4,4,0.513,9.0,-2,5,13.5,0.86,,,,,,
2021,2021-10-07,목,10,18:30,KIA,LG,광주,KIA,0,0,820,1168,0.7021,0,9,0.412,20.0,1,5,3,0.557,3.5,-1,5,10.5,0.868,,,,,,
2021,2021-10-07,목,10,18:30,KT,키움,수원,KT,0,0,0,2000,0.0,0,1,0.585,0.0,-1,2,5,0.504,9.5,-1,4,-9.5,0.868,,,,,,
2021,2021-10-07,목,10,18:30,두산,롯데,잠실,LG;두산,0,0,0,2472,0.0,0,4,0.517,8.0,1,5,8,0.484,12.0,-1,6,-1.5,0.868,,,,,,
2021,2021-10-07,목,10,18:30,NC,삼성,창원,NC,0,0,1067,5061,0.2108,0,7,0.496,10.5,1,4,2,0.558,3.0,1,5,1.0,0.868,,,,,,
2021,2021-10-07,목,10,18:30,한화,SSG,한밭,한화,0,0,642,3900,0.1646,0,10,0.39,23.0,-1,4,6,0.496,10.5,1,3,13.5,0.868,,,,,,
2021,2021-10-08,금,10,18:30,KIA,LG,광주,KIA,0,0,1249,1168,1.0693,1,9,0.409,21.0,-1,4,3,0.56,3.5,1,6,10.5,0.875,,,,,,
2021,2021-10-08,금,10,18:30,두산,롯데,잠실,LG;두산,0,0,0,2472,0.0,0,4,0.513,9.0,-1,5,8,0.488,12.0,1,6,-1.5,0.875,,,,,,
2021,2021-10-08,금,10,19:00,NC,삼성,창원,NC,0,0,1885,5061,0.3725,0,7,0.491,11.5,-1,4,2,0.562,3.0,2,6,1.0,0.875,,,,,,
2021,2021-10-08,금,10,18:30,한화,SSG,한밭,한화,0,0,1211,3900,0.3105,0,10,0.395,23.0,1,4,6,0.492,11.5,-1,3,12.5,0.875,,,,,,
2021,2021-10-09,토,10,17:00,SSG,롯데,문학,SSG,0,0,0,2300,0.0,0,6,0.496,11.0,1,4,8,0.484,12.5,-1,6,0.5,0.881,,,,,,
2021,2021-10-09,토,10,17:00,LG,KT,잠실,LG;두산,0,0,0,2472,0.0,0,2,0.56,3.5,1,5,1,0.588,0.0,1,3,-7.0,0.881,,,,,,
2021,2021-10-09,토,10,17:00,한화,KIA,한밭,한화,0,0,2707,3900,0.6941,0,10,0.392,23.5,-1,3,9,0.409,21.0,-1,3,13.0,0.881,,,,,,
2021,2021-10-10,일,10,14:00,NC,두산,창원,NC,0,0,2856,5061,0.5643,0,7,0.496,10.5,1,5,4,0.517,8.0,1,5,0.5,0.885,,,,,,
2021,2021-10-10,일,10,17:00,한화,KIA,한밭,한화,0,0,2333,3900,0.5982,0,10,0.388,23.5,-2,3,9,0.414,20.0,1,4,13.5,0.885,,,,,,
2021,2021-10-10,일,10,17:00,한화,KIA,한밭,한화,0,0,1641,3900,0.4208,0,10,0.388,23.5,-2,3,9,0.414,20.0,1,4,13.5,0.885,,,,,,
2021,2021-10-11,월,10,14:00,LG,KT,잠실,LG;두산,0,0,0,2472,0.0,0,2,0.564,2.5,2,5,1,0.583,0.0,-1,2,-7.5,0.889,,,,,,
2021,2021-10-12,화,10,18:30,키움,NC,고척,키움,1,0,0,1674,0.0,0,5,0.5,10.5,-2,3,7,0.5,10.5,2,5,0.0,0.89,,,,,,
2021,2021-10-12,화,10,18:30,KIA,삼성,광주,KIA,0,0,535,1168,0.458,0,9,0.424,19.5,3,6,3,0.557,3.5,-1,5,9.0,0.89,,,,,,
2021,2021-10-12,화,10,18:30,SSG,LG,문학,SSG,0,0,0,2300,0.0,0,6,0.5,10.5,2,4,2,0.559,3.5,-1,4,0.0,0.89,,,,,,
2021,2021-10-12,화,10,18:30,두산,KT,잠실,LG;두산,0,0,0,2472,0.0,0,4,0.512,9.0,-1,5,1,0.587,0.0,1,3,-1.5,0.89,,,,,,
2021,2021-10-13,수,10,18:30,키움,NC,고척,키움,1,0,0,1674,0.0,0,5,0.504,9.5,1,4,7,0.496,10.5,-1,4,0.0,0.896,,,,,,
2021,2021-10-13,수,10,18:30,KIA,삼성,광주,KIA,0,0,862,1168,0.738,0,9,0.42,19.5,-1,5,2,0.561,2.5,1,5,10.0,0.896,,,,,,
2021,2021-10-13,수,10,18:30,롯데,LG,사직,롯데,0,0,1629,2364,0.6891,0,8,0.48,12.5,-2,6,3,0.559,3.0,-1,4,3.0,0.896,,,,,,
2021,2021-10-13,수,10,18:30,두산,KT,잠실,LG;두산,0,0,0,2472,0.0,0,4,0.516,8.0,1,5,1,0.582,0.0,-1,3,-1.5,0.896,,,,,,
2021,2021-10-14,목,10,18:30,키움,NC,고척,키움,1,0,0,1674,0.0,0,5,0.508,8.5,2,4,7,0.492,10.5,-2,3,0.0,0.901,,,,,,
2021,2021-10-14,목,10,18:30,KIA,삼성,광주,KIA,0,0,727,1168,0.6224,0,9,0.417,19.5,-2,5,2,0.565,1.5,2,6,11.0,0.901,,,,,,
2021,2021-10-14,목,10,18:30,롯데,LG,사직,롯데,0,0,1663,2364,0.7035,0,8,0.48,12.0,-2,5,3,0.559,2.5,-1,3,3.5,0.901,,,,,,
2021,2021-10-14,목,10,18:30,두산,KT,잠실,LG;두산,0,0,0,2472,0.0,0,4,0.52,7.0,2,6,1,0.577,0.0,-2,3,-1.5,0.901,,,,,,
2021,2021-10-15,금,10,18:30,삼성,키움,대구,삼성,0,0,2745,7033,0.3903,0,3,0.56,2.5,-1,5,5,0.504,9.5,-1,4,-7.0,0.907,,,,,,
2021,2021-10-15,금,10,18:30,롯데,LG,사직,롯데,0,0,1850,2364,0.7826,0,8,0.476,13.0,-3,4,2,0.563,2.5,1,4,3.5,0.907,,,,,,
2021,2021-10-15,금,10,18:30,KT,KIA,수원,KT,0,0,0,2000,0.0,0,1,0.581,0.0,1,4,9,0.421,19.5,1,5,-9.5,0.907,,,,,,
2021,2021-10-15,금,10,18:30,두산,NC,잠실,LG;두산,0,0,0,2472,0.0,0,4,0.516,8.0,-1,5,7,0.496,10.5,1,4,-1.5,0.907,,,,,,
2021,2021-10-16,토,10,17:00,삼성,키움,대구,삼성,0,0,4418,7033,0.6282,0,3,0.556,3.0,-2,5,5,0.508,9.0,1,4,-6.0,0.912,,,,,,
2021,2021-10-16,토,10,17:00,삼성,키움,대구,삼성,0,0,4174,7033,0.5935,0,3,0.556,3.0,-2,5,5,0.508,9.0,1,4,-6.0,0.912,,,,,,
2021,2021-10-16,토,10,17:00,롯데,SSG,사직,롯데,0,0,2336,2364,0.9882,1,8,0.48,12.5,1,4,7,0.5,10.0,2,4,3.5,0.912,,,,,,
2021,2021-10-16,토,10,17:00,KT,한화,수원,KT,0,0,0,2000,0.0,0,1,0.581,0.0,1,4,10,0.382,24.5,-4,3,-9.0,0.912,,,,,,
2021,2021-10-16,토,10,17:00,두산,KIA,잠실,LG;두산,0,0,0,2472,0.0,0,4,0.512,8.5,-2,4,9,0.421,19.5,1,5,-0.5,0.912,,,,,,
2021,2021-10-16,토,10,17:00,NC,LG,창원,NC,0,0,2317,5061,0.4578,0,6,0.5,10.0,2,5,2,0.558,3.0,-1,4,1.0,0.912,,,,,,
2021,2021-10-17,일,10,14:00,삼성,키움,대구,삼성,0,0,5668,7033,0.8059,0,2,0.562,2.5,2,6,7,0.5,10.5,-2,4,-7.5,0.921,,,,,,
2021,2021-10-17,일,10,17:00,롯데,SSG,사직,롯데,0,0,2257,2364,0.9547,0,8,0.477,13.5,-1,4,5,0.504,10.0,3,5,3.5,0.921,,,,,,
2021,2021-10-17,일,10,17:00,롯데,SSG,사직,롯데,0,0,1264,2364,0.5347,0,8,0.477,13.5,-1,4,5,0.504,10.0,3,5,3.5,0.921,,,,,,
2021,2021-10-17,일,10,14:00,KT,한화,수원,KT,0,0,0,2000,0.0,0,1,0.584,0.0,2,4,10,0.379,25.5,-5,2,-10.0,0.921,,,,,,
2021,2021-10-17,일,10,17:00,두산,KIA,잠실,LG;두산,0,0,0,2472,0.0,0,4,0.508,9.5,-3,4,9,0.426,19.5,2,5,-0.5,0.921,,,,,,
2021,2021-10-17,일,10,17:00,두산,KIA,잠실,LG;두산,0,0,0,2472,0.0,0,4,0.508,9.5,-3,4,9,0.426,19.5,2,5,-0.5,0.921,,,,,,
2021,2021-10-17,일,10,17:00,NC,LG,창원,NC,0,0,2282,5061,0.4509,0,6,0.504,10.0,3,6,3,0.554,4.0,-2,3,0.0,0.921,,,,,,
2021,2021-10-17,일,10,17:00,NC,LG,창원,NC,0,0,1175,5061,0.2322,0,6,0.504,10.0,3,6,3,0.554,4.0,-2,3,0.0,0.921,,,,,,
2021,2021-10-19,화,10,18:30,KIA,SSG,광주,KIA,0,0,595,1168,0.5094,0,9,0.423,19.5,-1,5,5,0.504,9.5,-1,6,10.0,0.932,,,,,,
2021,2021-10-19,화,10,18:30,삼성,두산,대구,삼성,0,0,2750,7033,0.391,0,2,0.566,1.5,3,7,4,0.512,8.5,1,4,-8.0,0.932,,,,,,
2021,2021-10-19,화,10,18:30,LG,키움,잠실,LG;두산,0,0,1624,2472,0.657,0,3,0.561,2.5,2,4,6,0.496,10.5,-3,4,-7.0,0.932,,,,,,
2021,2021-10-19,화,10,18:30,NC,KT,창원,NC,0,0,764,5061,0.151,0,7,0.496,10.5,-2,5,1,0.579,0.0,-1,4,1.0,0.932,,,,,,
2021,2021-10-20,수,10,18:30,KIA,KT,광주,KIA,0,0,688,1168,0.589,0,9,0.427,18.5,1,5,1,0.575,0.0,-2,4,9.0,0.938,,,,,,
2021,2021-10-20,수,10,18:30,SSG,NC,문학,SSG,0,0,956,2300,0.4157,0,7,0.5,9.5,-2,5,6,0.5,9.5,1,6,0.0,0.938,,,,,,
2021,2021-10-20,수,10,18:30,LG,키움,잠실,LG;두산,0,0,1606,2472,0.6497,0,3,0.556,2.5,-1,4,5,0.5,9.5,1,4,-7.0,0.938,,,,,,
2021,2021-10-21,목,10,18:30,KIA,한화,광주,KIA,0,0,963,1168,0.8245,0,9,0.432,17.5,2,5,10,0.384,23.5,1,3,9.0,0.942,,,,,,
2021,2021-10-21,목,10,18:30,SSG,두산,문학,SSG,0,0,1253,2300,0.5448,0,7,0.5,9.0,-2,5,4,0.516,7.0,2,5,0.5,0.942,,,,,,
2021,2021-10-21,목,10,18:30,LG,키움,잠실,LG;두산,0,0,1617,2472,0.6541,0,3,0.552,2.5,-2,3,5,0.504,8.5,2,5,-6.0,0.942,,,,,,
2021,2021-10-22,금,10,18:30,삼성,KT,대구,삼성,0,0,5866,7033,0.8341,0,2,0.562,1.0,-1,6,1,0.57,0.0,-3,3,-7.5,0.946,,,,,,
2021,2021-10-22,금,10,18:30,SSG,두산,문학,SSG,0,0,1631,2300,0.7091,0,5,0.504,8.5,1,5,4,0.512,7.5,-1,4,0.0,0.946,,,,,,
2021,2021-10-22,금,10,18:30,롯데,한화,사직,롯데,0,0,1429,2364,0.6045,0,8,0.477,12.0,1,3,10,0.389,23.0,2,4,3.5,0.946,,,,,,
2021,2021-10-22,금,10,19:00,NC,KIA,창원,NC,0,0,1079,5061,0.2132,0,7,0.5,9.0,1,5,9,0.429,18.0,-1,4,0.5,0.946,,,,,,
2021,2021-10-23,토,10,17:00,삼성,KT,대구,삼성,0,0,8512,7033,1.2103,1,2,0.565,0.0,1,6,1,0.566,0.0,-4,3,-7.5,0.951,,,,,,
2021,2021-10-23,토,10,17:00,롯데,한화,사직,롯데,0,0,3051,2364,1.2906,1,8,0.481,11.0,2,4,10,0.386,23.0,-1,3,3.5,0.951,,,,,,
2021,2021-10-23,토,10,17:00,두산,LG,잠실,LG;두산,0,0,3593,2472,1.4535,1,5,0.508,7.5,-2,4,3,0.552,2.0,-2,3,0.0,0.951,,,,,,
2021,2021-10-23,토,10,17:00,NC,KIA,창원,NC,0,0,1579,5061,0.312,0,7,0.496,9.0,-1,4,9,0.433,17.0,1,5,1.5,0.951,,,,,,
2021,2021-10-23,토,10,17:00,NC,KIA,창원,NC,0,0,1472,5061,0.2909,0,7,0.496,9.0,-1,4,9,0.433,17.0,1,5,1.5,0.951,,,,,,
2021,2021-10-24,일,10,14:00,삼성,SSG,대구,삼성,0,0,8576,7033,1.2194,1,1,0.568,0.0,2,7,4,0.508,8.0,2,6,-8.0,0.958,,,,,,
2021,2021-10-24,일,10,14:00,롯데,한화,사직,롯데,0,0,3167,2364,1.3397,1,8,0.481,11.5,2,3,10,0.386,23.5,-1,3,3.5,0.958,,,,,,
2021,2021-10-24,일,10,14:00,KT,키움,수원,KT,0,0,2145,2000,1.0725,1,2,0.562,1.0,-5,2,6,0.504,8.5,2,5,-7.0,0.958,,,,,,
2021,2021-10-24,일,10,17:00,두산,LG,잠실,LG;두산,0,0,2862,2472,1.1578,1,5,0.508,8.0,-2,3,3,0.552,2.5,-2,3,0.0,0.958,,,,,,
2021,2021-10-24,일,10,17:00,두산,LG,잠실,LG;두산,0,0,3254,2472,1.3163,1,5,0.508,8.0,-2,3,3,0.552,2.5,-2,3,0.0,0.958,,,,,,
2021,2021-10-24,일,10,14:00,NC,KIA,창원,NC,0,0,1712,5061,0.3383,0,7,0.496,9.5,1,5,9,0.434,17.5,-1,5,1.5,0.958,,,,,,
2021,2021-10-25,월,10,18:30,LG,롯데,잠실,LG;두산,0,0,3249,2472,1.3143,1,3,0.548,3.0,-3,2,8,0.485,11.0,3,4,-5.0,0.967,,,,,,
2021,2021-10-25,월,10,18:30,한화,키움,한밭,한화,0,0,1014,3900,0.26,0,10,0.383,24.0,-2,2,6,0.5,9.0,-1,4,16.0,0.967,,,,,,
2021,2021-10-26,화,10,18:30,두산,키움,잠실,LG;두산,0,0,2293,2472,0.9276,0,4,0.511,7.5,1,3,6,0.504,8.5,1,4,-0.5,0.969,,,,,,
2021,2021-10-26,화,10,18:30,NC,SSG,창원,NC,0,0,1091,5061,0.2156,0,7,0.5,9.0,2,5,5,0.508,8.0,2,5,1.0,0.969,,,,,,
2021,2021-10-26,화,10,18:30,한화,LG,한밭,한화,0,0,1011,3900,0.2592,0,10,0.38,24.5,-3,2,3,0.548,3.0,-3,2,16.5,0.969,,,,,,
2021,2021-10-27,수,10,18:30,키움,삼성,고척,키움,1,0,2569,1674,1.5346,1,6,0.5,9.0,-1,4,1,0.568,0.0,2,6,1.5,0.974,,,,,,
2021,2021-10-27,수,10,18:30,SSG,두산,문학,SSG,0,0,2039,2300,0.8865,0,5,0.512,7.5,3,5,4,0.515,7.0,2,4,0.0,0.974,,,,,,
2021,2021-10-27,수,10,18:30,롯데,KIA,사직,롯데,0,0,1458,2364,0.6168,0,8,0.485,11.0,3,4,9,0.431,18.0,-2,5,3.5,0.974,,,,,,
2021,2021-10-27,수,10,18:30,KT,NC,수원,KT,0,0,1564,2000,0.782,0,2,0.565,0.5,1,3,7,0.496,9.5,-1,4,-7.0,0.974,,,,,,
2021,2021-10-27,수,10,18:30,한화,LG,한밭,한화,0,0,1125,3900,0.2885,0,10,0.377,25.0,-4,2,3,0.551,2.5,1,3,17.5,0.974,,,,,,
2021,2021-10-28,목,10,18:30,SSG,두산,문학,SSG,0,0,2515,2300,1.0935,1,5,0.508,7.5,-1,5,4,0.519,6.0,3,5,0.0,0.981,,,,,,
2021,2021-10-28,목,10,18:30,롯데,KIA,사직,롯데,0,0,1462,2364,0.6184,0,8,0.481,11.0,-1,4,9,0.435,17.0,1,5,3.5,0.981,,,,,,
2021,2021-10-28,목,10,18:30,KT,NC,수원,KT,0,0,622,2000,0.311,0,2,0.561,0.5,-1,3,7,0.5,8.5,1,4,-7.0,0.981,,,,,,
2021,2021-10-28,목,10,18:30,KT,NC,수원,KT,0,0,1144,2000,0.572,0,2,0.561,0.5,-1,3,7,0.5,8.5,1,4,-7.0,0.981,,,,,,
2021,2021-10-28,목,10,18:30,한화,LG,한밭,한화,0,0,1543,3900,0.3956,0,10,0.374,25.0,-5,2,3,0.555,1.5,2,3,17.5,0.981,,,,,,
2021,2021-10-29,금,10,18:30,키움,KT,고척,키움,1,0,1495,1674,0.8931,0,6,0.504,8.0,1,4,2,0.564,0.0,1,3,1.0,0.988,,,,,,
2021,2021-10-29,금,10,18:30,KIA,두산,광주,KIA,0,0,1883,1168,1.6122,1,9,0.439,16.5,2,6,4,0.515,6.5,-1,5,9.5,0.988,,,,,,
2021,2021-10-29,금,10,18:30,롯데,LG,사직,롯데,0,0,2556,2364,1.0812,1,8,0.478,11.5,-2,4,3,0.555,1.5,2,2,4.5,0.988,,,,,,
2021,2021-10-29,금,10,19:00,NC,삼성,창원,NC,0,0,3309,5061,0.6538,0,7,0.496,9.0,-1,4,1,0.564,0.0,-1,5,2.0,0.988,,,,,,
2021,2021-10-30,토,10,17:00,KIA,키움,광주,KIA,0,0,3831,1168,3.28,1,9,0.436,16.5,-1,6,6,0.507,7.0,2,5,10.0,0.993,,,,,,
2021,2021-10-30,토,10,17:00,SSG,KT,문학,SSG,0,0,4484,2300,1.9496,1,5,0.512,6.5,1,5,2,0.56,0.0,-1,2,0.0,0.993,,,,,,
2021,2021-10-30,토,10,17:00,롯데,LG,사직,롯데,0,0,5855,2364,2.4767,1,8,0.474,11.5,-3,3,3,0.558,0.5,3,3,5.0,0.993,,,,,,
2021,2021-10-30,토,10,17:00,NC,삼성,창원,NC,0,0,5061,5061,1.0,1,7,0.5,8.0,1,4,1,0.56,0.0,-2,5,1.5,0.993,,,,,,
2021,2021-10-30,토,10,17:00,한화,두산,한밭,한화,0,0,3900,3900,1.0,1,10,0.374,24.5,-5,2,4,0.519,5.5,1,5,18.0,0.993,,,,,,
2022,2022-04-02,토,04,14:00,키움,롯데,고척,키움,1,0,8257,10074,0.8196,0,,,,0,,,,,0,,,0.0,,,,,,
2022,2022-04-02,토,04,14:00,KIA,LG,광주,KIA,0,0,16908,17231,0.9813,1,,,,0,,,,,0,,,0.0,,,,,,
2022,2022-04-02,토,04,14:00,KT,삼성,수원,KT,0,0,17057,20000,0.8528,0,,,,0,,,,,0,,,0.0,,,,,,
2022,2022-04-02,토,04,14:00,두산,한화,잠실,LG;두산,0,0,16271,12917,1.2597,1,,,,0,,,,,0,,,0.0,,,,,,
2022,2022-04-02,토,04,14:00,NC,SSG,창원,NC,0,0,7814,12938,0.604,0,,,,0,,,,,0,,,0.0,,,,,,
2022,2022-04-03,일,04,14:00,키움,롯데,고척,키움,1,0,6115,10074,0.607,0,6,0.0,1.0,-1,0,1,1.0,0.0,1,1,1.0,0.007,,,,,,
2022,2022-04-03,일,04,14:00,KIA,LG,광주,KIA,0,0,10290,17231,0.5972,0,7,0.0,1.0,-1,0,2,1.0,0.0,1,1,1.0,0.007,,,,,,
2022,2022-04-03,일,04,14:00,KT,삼성,수원,KT,0,0,10321,20000,0.5161,0,3,1.0,0.0,1,1,8,0.0,1.0,-1,0,0.0,0.007,,,,,,
2022,2022-04-03,일,04,14:00,두산,한화,잠실,LG;두산,0,0,11345,12917,0.8783,0,4,1.0,0.0,1,1,9,0.0,1.0,-1,0,0.0,0.007,,,,,,
2022,2022-04-03,일,04,14:00,NC,SSG,창원,NC,0,0,4808,12938,0.3716,0,10,0.0,1.0,-1,0,5,1.0,0.0,1,1,1.0,0.007,,,,,,
2022,2022-04-05,화,04,18:30,키움,LG,고척,키움,1,0,2298,10074,0.2281,0,4,0.5,1.0,1,1,1,1.0,0.0,2,2,0.0,0.014,,,,,,
2022,2022-04-05,화,04,18:30,KIA,한화,광주,KIA,0,0,2840,17231,0.1648,0,8,0.0,2.0,-2,0,9,0.0,2.0,-2,0,1.0,0.014,,,,,,
2022,2022-04-05,화,04,18:30,KT,SSG,수원,KT,0,0,2055,20000,0.1027,0,6,0.5,1.0,-1,1,3,1.0,0.0,2,2,0.0,0.014,,,,,,
2022,2022-04-05,화,04,18:30,두산,삼성,잠실,LG;두산,0,0,4109,12917,0.3181,0,2,1.0,0.0,2,2,7,0.5,1.0,1,1,-1.0,0.014,,,,,,
2022,2022-04-05,화,04,18:30,NC,롯데,창원,NC,0,0,3246,12938,0.2509,0,10,0.0,2.0,-2,0,5,0.5,1.0,-1,1,1.0,0.014,,,,,,
2022,2022-04-06,수,04,18:30,키움,LG,고척,키움,1,0,2304,10074,0.2287,0,6,0.333,2.0,-1,1,1,1.0,0.0,3,3,1.0,0.021,,,,,,
2022,2022-04-06,수,04,18:30,KIA,한화,광주,KIA,0,0,3117,17231,0.1809,0,7,0.333,2.0,1,1,9,0.0,3.0,-3,0,1.0,0.021,,,,,,
2022,2022-04-06,수,04,18:30,KT,SSG,수원,KT,0,0,2094,20000,0.1047,0,8,0.333,2.0,-2,1,2,1.0,0.0,3,3,1.0,0.021,,,,,,
2022,2022-04-06,수,04,18:30,두산,삼성,잠실,LG;두산,0,0,4161,12917,0.3221,0,5,0.667,1.0,-1,2,4,0.667,1.0,2,2,0.0,0.021,,,,,,
2022,2022-04-06,수,04,18:30,NC,롯데,창원,NC,0,0,3000,12938,0.2319,0,10,0.0,3.0,-3,0,3,0.667,1.0,1,2,2.0,0.021,,,,,,
2022,2022-04-07,목,04,18:30,키움,LG,고척,키움,1,0,2055,10074,0.204,0,7,0.25,3.0,-2,1,1,1.0,0.0,4,4,1.0,0.028,,,,,,
2022,2022-04-07,목,04,18:30,KIA,한화,광주,KIA,0,0,2773,17231,0.1609,0,5,0.5,2.0,2,2,10,0.0,4.0,-4,0,0.0,0.028,,,,,,
2022,2022-04-07,목,04,18:30,KT,SSG,수원,KT,0,0,2530,20000,0.1265,0,8,0.25,3.0,-3,1,2,1.0,0.0,4,4,1.0,0.028,,,,,,
2022,2022-04-07,목,04,18:30,두산,삼성,잠실,LG;두산,0,0,4055,12917,0.3139,0,6,0.5,2.0,-2,2,3,0.75,1.0,3,3,0.0,0.028,,,,,,
2022,2022-04-07,목,04,18:30,NC,롯데,창원,NC,0,0,3017,12938,0.2332,0,9,0.25,3.0,1,1,4,0.5,2.0,-1,2,1.0,0.028,,,,,,
2022,2022-04-08,금,04,18:30,삼성,키움,대구,삼성,0,0,9244,24000,0.3852,0,5,0.6,2.0,-1,3,7,0.2,4.0,-3,1,0.0,0.035,,,,,,
2022,2022-04-08,금,04,18:30,SSG,KIA,문학,SSG,0,0,15615,23000,0.6789,0,2,1.0,0.0,5,5,4,0.6,2.0,3,3,-2.0,0.035,,,,,,
2022,2022-04-08,금,04,18:30,롯데,두산,사직,롯데,0,0,8860,22990,0.3854,0,3,0.6,2.0,1,3,6,0.6,2.0,1,3,0.0,0.035,,,,,,
2022,2022-04-08,금,04,18:30,LG,NC,잠실,LG;두산,0,0,10623,12917,0.8224,0,1,1.0,0.0,5,5,9,0.2,4.0,-1,1,-2.0,0.035,,,,,,
2022,2022-04-08,금,04,18:30,한화,KT,한밭,한화,0,0,5520,11336,0.4869,0,10,0.0,5.0,-5,0,8,0.2,4.0,-4,1,3.0,0.035,,,,,,
2022,2022-04-09,토,04,17:00,삼성,키움,대구,삼성,0,0,13059,24000,0.5441,0,6,0.5,3.0,-2,3,7,0.333,4.0,1,2,0.0,0.042,,,,,,
2022,2022-04-09,토,04,17:00,SSG,KIA,문학,SSG,0,0,21005,23000,0.9133,0,1,1.0,0.0,6,6,5,0.5,3.0,-1,3,-3.0,0.042,,,,,,
2022,2022-04-09,토,04,17:00,롯데,두산,사직,롯데,0,0,13045,22990,0.5674,0,4,0.5,3.0,-1,3,3,0.667,2.0,2,4,0.0,0.042,,,,,,
2022,2022-04-09,토,04,17:00,LG,NC,잠실,LG;두산,0,0,14328,12917,1.1092,1,2,0.833,1.0,-1,5,9,0.333,4.0,1,2,-2.0,0.042,,,,,,
2022,2022-04-09,토,04,17:00,한화,KT,한밭,한화,0,0,6538,11336,0.5767,0,10,0.0,6.0,-6,0,8,0.333,4.0,1,2,3.0,0.042,,,,,,
2022,2022-04-10,일,04,14:00,삼성,키움,대구,삼성,0,0,11610,24000,0.4838,0,7,0.429,4.0,-3,3,5,0.429,4.0,2,3,0.0,0.049,,,,,,
2022,2022-04-10,일,04,14:00,SSG,KIA,문학,SSG,0,0,17849,23000,0.776,0,1,1.0,0.0,7,7,6,0.429,4.0,-2,3,-4.0,0.049,,,,,,
2022,2022-04-10,일,04,14:00,롯데,두산,사직,롯데,0,0,11646,22990,0.5066,0,3,0.571,3.0,1,4,4,0.571,3.0,-1,4,-1.0,0.049,,,,,,
2022,2022-04-10,일,04,14:00,LG,NC,잠실,LG;두산,0,0,13095,12917,1.0138,1,2,0.857,1.0,1,6,9,0.286,5.0,-1,2,-3.0,0.049,,,,,,
2022,2022-04-10,일,04,14:00,한화,KT,한밭,한화,0,0,5735,11336,0.5059,0,10,0.143,6.0,1,1,8,0.286,5.0,-1,2,2.0,0.049,,,,,,
2022,2022-04-12,화,04,18:30,키움,NC,고척,키움,1,0,774,10074,0.0768,0,4,0.5,4.0,3,4,10,0.25,6.0,-2,2,0.0,0.056,,,,,,
2022,2022-04-12,화,04,18:30,KIA,롯데,광주,KIA,0,0,3654,17231,0.2121,0,6,0.375,5.0,-3,3,5,0.5,4.0,-1,4,1.0,0.056,,,,,,
2022,2022-04-12,화,04,18:30,삼성,한화,대구,삼성,0,0,4047,24000,0.1686,0,7,0.375,5.0,-4,3,9,0.25,6.0,2,2,1.0,0.056,,,,,,
2022,2022-04-12,화,04,18:30,KT,두산,수원,KT,0,0,2450,20000,0.1225,0,8,0.25,6.0,-2,2,3,0.625,3.0,1,5,2.0,0.056,,,,,,
2022,2022-04-12,화,04,18:30,LG,SSG,잠실,LG;두산,0,0,6028,12917,0.4667,0,2,0.875,1.0,2,7,1,1.0,0.0,8,8,-3.0,0.056,,,,,,
2022,2022-04-13,수,04,18:30,키움,NC,고척,키움,1,0,893,10074,0.0886,0,4,0.556,4.0,4,5,10,0.222,7.0,-3,2,-1.0,0.062,,,,,,
2022,2022-04-13,수,04,18:30,삼성,한화,대구,삼성,0,0,2156,24000,0.0898,0,7,0.444,5.0,1,4,9,0.222,7.0,-1,2,0.0,0.062,,,,,,
2022,2022-04-13,수,04,18:30,LG,SSG,잠실,LG;두산,0,0,4547,12917,0.352,0,2,0.778,2.0,-1,7,1,1.0,0.0,9,9,-3.0,0.062,,,,,,
2022,2022-04-14,목,04,18:30,키움,NC,고척,키움,1,0,1020,10074,0.1013,0,4,0.6,4.0,5,6,10,0.2,8.0,-4,2,-1.0,0.067,,,,,,
2022,2022-04-14,목,04,18:30,KIA,롯데,광주,KIA,0,0,3838,17231,0.2227,0,7,0.444,5.5,1,4,6,0.444,5.5,-2,4,0.5,0.067,,,,,,
2022,2022-04-14,목,04,18:30,삼성,한화,대구,삼성,0,0,2869,24000,0.1195,0,5,0.5,5.0,2,5,9,0.2,8.0,-2,2,0.0,0.067,,,,,,
2022,2022-04-14,목,04,18:30,KT,두산,수원,KT,0,0,2241,20000,0.112,0,8,0.222,7.5,-3,2,3,0.667,3.5,2,6,2.5,0.067,,,,,,
2022,2022-04-14,목,04,18:30,LG,SSG,잠실,LG;두산,0,0,6500,12917,0.5032,0,2,0.7,3.0,-2,7,1,1.0,0.0,10,10,-2.0,0.067,,,,,,
2022,2022-04-15,금,04,18:30,SSG,삼성,문학,SSG,0,0,9441,23000,0.4105,0,1,0.909,0.0,-1,9,5,0.545,4.0,3,6,-4.0,0.074,,,,,,
2022,2022-04-15,금,04,18:30,롯데,KT,사직,롯데,0,0,4610,22990,0.2005,0,6,0.5,4.5,1,5,8,0.2,7.5,-4,2,0.5,0.074,,,,,,
2022,2022-04-15,금,04,18:30,두산,키움,잠실,LG;두산,0,0,4423,12917,0.3424,0,3,0.7,2.5,3,7,4,0.636,3.0,6,7,-1.5,0.074,,,,,,
2022,2022-04-15,금,04,18:30,NC,KIA,창원,NC,0,0,3002,12938,0.232,0,10,0.182,8.0,-5,2,7,0.4,5.5,-1,4,4.0,0.074,,,,,,
2022,2022-04-15,금,04,18:30,한화,LG,한밭,한화,0,0,3320,11336,0.2929,0,9,0.182,8.0,-3,2,2,0.727,2.0,1,7,4.0,0.074,,,,,,
2022,2022-04-16,토,04,14:00,SSG,삼성,문학,SSG,0,0,16037,23000,0.6973,0,1,0.917,0.0,1,9,6,0.5,5.0,-1,5,-4.5,0.081,,,,,,
2022,2022-04-16,토,04,17:00,롯데,KT,사직,롯데,0,0,10639,22990,0.4628,0,5,0.545,4.5,2,5,10,0.182,8.5,-5,1,0.0,0.081,,,,,,
2022,2022-04-16,토,04,17:00,두산,키움,잠실,LG;두산,0,0,9737,12917,0.7538,0,4,0.636,3.5,-1,6,2,0.667,3.0,7,7,-1.0,0.081,,,,,,
2022,2022-04-16,토,04,17:00,NC,KIA,창원,NC,0,0,4580,12938,0.354,0,9,0.25,8.0,1,3,7,0.364,6.5,-2,4,3.5,0.081,,,,,,
2022,2022-04-16,토,04,17:00,한화,LG,한밭,한화,0,0,8112,11336,0.7156,0,8,0.25,8.0,1,3,3,0.667,3.0,-1,6,3.5,0.081,,,,,,
2022,2022-04-17,일,04,14:00,SSG,삼성,문학,SSG,0,0,15104,23000,0.6567,0,1,0.923,0.0,2,9,6,0.462,6.0,-2,4,-5.5,0.087,,,,,,
2022,2022-04-17,일,04,14:00,롯데,KT,사직,롯데,0,0,9231,22990,0.4015,0,5,0.5,5.5,-1,5,8,0.25,8.5,1,2,0.0,0.087,,,,,,
2022,2022-04-17,일,04,14:00,두산,키움,잠실,LG;두산,0,0,8762,12917,0.6783,0,3,0.667,3.5,1,6,4,0.615,4.0,-1,7,-2.0,0.087,,,,,,
2022,2022-04-17,일,04,14:00,NC,KIA,창원,NC,0,0,3902,12938,0.3016,0,10,0.231,9.0,-1,3,7,0.417,6.5,1,5,3.5,0.087,,,,,,
2022,2022-04-17,일,04,14:00,한화,LG,한밭,한화,0,0,6566,11336,0.5792,0,9,0.231,9.0,-1,3,2,0.692,3.0,1,6,3.5,0.087,,,,,,
2022,2022-04-19,화,04,18:30,KIA,두산,광주,KIA,0,0,2658,17231,0.1543,0,6,0.462,6.5,2,5,4,0.615,4.5,-1,6,1.0,0.094,,,,,,
2022,2022-04-19,화,04,18:30,SSG,키움,문학,SSG,0,0,5931,23000,0.2579,0,1,0.929,0.0,3,9,3,0.643,4.0,1,8,-5.5,0.094,,,,,,
2022,2022-04-19,화,04,18:30,롯데,한화,사직,롯데,0,0,4053,22990,0.1763,0,5,0.538,5.5,1,5,9,0.214,10.0,-2,3,0.0,0.094,,,,,,
2022,2022-04-19,화,04,18:30,LG,KT,잠실,LG;두산,0,0,4537,12917,0.3512,0,2,0.714,3.0,2,6,8,0.231,9.5,-1,2,-2.5,0.094,,,,,,
2022,2022-04-19,화,04,18:30,NC,삼성,창원,NC,0,0,1725,12938,0.1333,0,10,0.214,10.0,-2,2,7,0.429,7.0,-3,3,4.5,0.094,,,,,,
2022,2022-04-20,수,04,18:30,KIA,두산,광주,KIA,0,0,4010,17231,0.2327,0,6,0.5,5.5,3,5,4,0.571,4.5,-2,6,0.0,0.101,,,,,,
2022,2022-04-20,수,04,18:30,SSG,키움,문학,SSG,0,0,5061,23000,0.22,0,1,0.867,0.0,-1,8,2,0.667,3.0,2,9,-5.5,0.101,,,,,,
2022,2022-04-20,수,04,18:30,롯데,한화,사직,롯데,0,0,4340,22990,0.1888,0,5,0.5,5.5,-1,5,9,0.267,9.0,1,4,0.0,0.101,,,,,,
2022,2022-04-20,수,04,18:30,LG,KT,잠실,LG;두산,0,0,4595,12917,0.3557,0,3,0.667,3.0,-1,5,8,0.286,8.5,1,3,-2.5,0.101,,,,,,
2022,2022-04-20,수,04,18:30,NC,삼성,창원,NC,0,0,2104,12938,0.1626,0,10,0.267,9.0,1,3,7,0.4,7.0,-4,3,3.5,0.101,,,,,,
2022,2022-04-21,목,04,18:30,KIA,두산,광주,KIA,0,0,3474,17231,0.2016,0,6,0.467,6.5,-1,4,4,0.6,4.5,1,6,1.0,0.108,,,,,,
2022,2022-04-21,목,04,18:30,SSG,키움,문학,SSG,0,0,8080,23000,0.3513,0,1,0.875,0.0,1,8,2,0.625,4.0,-1,8,-5.5,0.108,,,,,,
2022,2022-04-21,목,04,18:30,롯데,한화,사직,롯데,0,0,3306,22990,0.1438,0,5,0.533,5.5,1,5,10,0.25,10.0,-1,4,0.0,0.108,,,,,,
2022,2022-04-21,목,04,18:30,LG,KT,잠실,LG;두산,0,0,4410,12917,0.3414,0,3,0.625,4.0,-2,5,8,0.333,8.5,2,4,-1.5,0.108,,,,,,
2022,2022-04-21,목,04,18:30,NC,삼성,창원,NC,0,0,1675,12938,0.1295,0,9,0.312,9.0,2,3,7,0.375,8.0,-5,3,3.5,0.108,,,,,,
2022,2022-04-22,금,04,18:30,키움,KIA,고척,키움,1,0,4289,10074,0.4257,0,3,0.588,5.0,-2,7,6,0.438,7.5,-2,4,-1.5,0.115,,,,,,
2022,2022-04-22,금,04,18:30,삼성,롯데,대구,삼성,0,0,7951,24000,0.3313,0,7,0.412,8.0,1,4,5,0.5,6.5,-1,5,1.5,0.115,,,,,,
2022,2022-04-22,금,04,18:30,KT,NC,수원,KT,0,0,2276,20000,0.1138,0,8,0.375,8.5,3,4,10,0.294,10.0,-1,3,2.0,0.115,,,,,,
2022,2022-04-22,금,04,18:30,두산,LG,잠실,LG;두산,0,0,8472,12917,0.6559,0,2,0.625,4.5,2,6,4,0.588,5.0,-3,4,-2.0,0.115,,,,,,
2022,2022-04-22,금,04,18:30,한화,SSG,한밭,한화,0,0,3146,11336,0.2775,0,9,0.294,10.0,1,4,1,0.882,0.0,2,8,3.5,0.115,,,,,,
2022,2022-04-23,토,04,14:00,키움,KIA,고척,키움,1,0,8338,10074,0.8277,0,4,0.556,5.0,-3,6,6,0.471,6.5,1,5,-0.5,0.122,,,,,,
2022,2022-04-23,토,04,17:00,삼성,롯데,대구,삼성,0,0,14983,24000,0.6243,0,8,0.389,8.0,-1,4,5,0.529,5.5,1,5,2.5,0.122,,,,,,
2022,2022-04-23,토,04,17:00,KT,NC,수원,KT,0,0,8255,20000,0.4128,0,7,0.412,7.5,4,5,10,0.278,10.0,-2,3,2.0,0.122,,,,,,
2022,2022-04-23,토,04,17:00,두산,LG,잠실,LG;두산,0,0,17799,12917,1.378,1,3,0.588,4.5,-1,6,2,0.611,4.0,1,4,-1.0,0.122,,,,,,
2022,2022-04-23,토,04,17:00,한화,SSG,한밭,한화,0,0,7514,11336,0.6628,0,9,0.333,9.0,2,4,1,0.833,0.0,-1,7,3.5,0.122,,,,,,
2022,2022-04-24,일,04,14:00,키움,KIA,고척,키움,1,0,7406,10074,0.7352,0,3,0.579,4.0,1,6,6,0.444,6.5,-1,5,-0.5,0.129,,,,,,
2022,2022-04-24,일,04,14:00,삼성,롯데,대구,삼성,0,0,12782,24000,0.5326,0,8,0.368,8.0,-2,3,5,0.556,4.5,2,6,3.5,0.129,,,,,,
2022,2022-04-24,일,04,14:00,KT,NC,수원,KT,0,0,5719,20000,0.2859,0,7,0.444,6.5,5,6,10,0.263,10.0,-3,3,2.0,0.129,,,,,,
2022,2022-04-24,일,04,14:00,두산,LG,잠실,LG;두산,0,0,14848,12917,1.1495,1,2,0.611,3.5,1,6,4,0.579,4.0,-1,4,-1.0,0.129,,,,,,
2022,2022-04-24,일,04,14:00,한화,SSG,한밭,한화,0,0,6612,11336,0.5833,0,9,0.368,8.0,3,5,1,0.789,0.0,-2,6,3.5,0.129,,,,,,
2022,2022-04-26,화,04,18:30,삼성,LG,대구,삼성,0,0,3920,24000,0.1633,0,8,0.35,9.0,-3,2,2,0.6,4.0,1,5,4.0,0.136,,,,,,
2022,2022-04-26,화,04,18:30,롯데,SSG,사직,롯데,0,0,2731,22990,0.1188,0,3,0.579,4.5,3,7,1,0.8,0.0,1,6,-0.5,0.136,,,,,,
2022,2022-04-26,화,04,18:30,KT,KIA,수원,KT,0,0,6277,20000,0.3139,0,7,0.421,7.5,-1,6,6,0.474,6.5,1,5,2.5,0.136,,,,,,
2022,2022-04-26,화,04,18:30,두산,NC,잠실,LG;두산,0,0,3644,12917,0.2821,0,4,0.579,4.5,-1,5,10,0.3,10.0,1,4,-0.5,0.136,,,,,,
2022,2022-04-26,화,04,18:30,한화,키움,한밭,한화,0,0,2647,11336,0.2335,0,9,0.35,9.0,-1,5,5,0.55,5.0,-1,5,4.0,0.136,,,,,,
2022,2022-04-27,수,04,18:30,삼성,LG,대구,삼성,0,0,5063,24000,0.211,0,8,0.381,9.0,1,2,3,0.571,5.0,-1,4,3.0,0.143,,,,,,
2022,2022-04-27,수,04,18:30,롯데,SSG,사직,롯데,0,0,6831,22990,0.2971,0,4,0.55,5.5,-1,6,1,0.81,0.0,2,7,-0.5,0.143,,,,,,
2022,2022-04-27,수,04,18:30,KT,KIA,수원,KT,0,0,6123,20000,0.3061,0,7,0.4,8.5,-2,6,6,0.5,6.5,2,6,2.5,0.143,,,,,,
2022,2022-04-27,수,04,18:30,두산,NC,잠실,LG;두산,0,0,3450,12917,0.2671,0,2,0.6,4.5,1,5,10,0.286,11.0,-1,4,-1.5,0.143,,,,,,
2022,2022-04-27,수,04,18:30,한화,키움,한밭,한화,0,0,3459,11336,0.3051,0,9,0.381,9.0,1,6,5,0.524,6.0,-2,4,3.0,0.143,,,,,,
2022,2022-04-28,목,04,18:30,삼성,LG,대구,삼성,0,0,5279,24000,0.22,0,8,0.364,9.5,-1,2,3,0.591,4.5,1,5,4.0,0.15,,,,,,
2022,2022-04-28,목,04,18:30,롯데,SSG,사직,롯데,0,0,7126,22990,0.31,0,4,0.55,5.5,-1,5,1,0.81,0.0,2,6,0.0,0.15,,,,,,
2022,2022-04-28,목,04,18:30,KT,KIA,수원,KT,0,0,6111,20000,0.3055,0,7,0.429,8.0,1,7,6,0.476,7.0,-1,6,2.5,0.15,,,,,,
2022,2022-04-28,목,04,18:30,두산,NC,잠실,LG;두산,0,0,5223,12917,0.4044,0,2,0.619,4.0,2,6,10,0.273,11.5,-2,3,-1.5,0.15,,,,,,
2022,2022-04-28,목,04,18:30,한화,키움,한밭,한화,0,0,3531,11336,0.3115,0,9,0.364,9.5,-1,5,5,0.545,5.5,1,4,4.0,0.15,,,,,,
2022,2022-04-29,금,04,18:30,키움,KT,고척,키움,1,0,1770,10074,0.1757,0,5,0.565,4.5,2,5,7,0.455,7.0,2,7,0.0,0.157,,,,,,
2022,2022-04-29,금,04,18:30,KIA,삼성,광주,KIA,0,0,7487,17231,0.4345,0,6,0.455,7.0,-2,5,8,0.348,9.5,-2,2,2.5,0.157,,,,,,
2022,2022-04-29,금,04,18:30,SSG,두산,문학,SSG,0,0,10306,23000,0.4481,0,1,0.773,0.0,-1,5,3,0.591,4.0,-1,5,-4.5,0.157,,,,,,
2022,2022-04-29,금,04,18:30,LG,롯데,잠실,LG;두산,0,0,15681,12917,1.214,1,2,0.609,3.5,2,5,4,0.571,4.5,1,6,-1.0,0.157,,,,,,
2022,2022-04-29,금,04,18:30,NC,한화,창원,NC,0,0,3405,12938,0.2632,0,10,0.304,10.5,1,4,9,0.348,9.5,-2,5,6.0,0.157,,,,,,
2022,2022-04-30,토,04,17:00,키움,KT,고척,키움,1,0,4075,10074,0.4045,0,5,0.542,5.5,-1,4,6,0.478,7.0,3,8,0.0,0.164,,,,,,
2022,2022-04-30,토,04,14:00,KIA,삼성,광주,KIA,0,0,11159,17231,0.6476,0,7,0.435,8.0,-3,4,8,0.375,9.5,1,3,2.5,0.164,,,,,,
2022,2022-04-30,토,04,17:00,SSG,두산,문학,SSG,0,0,20094,23000,0.8737,0,1,0.783,0.0,1,5,4,0.565,5.0,-2,5,-5.5,0.164,,,,,,
2022,2022-04-30,토,04,17:00,LG,롯데,잠실,LG;두산,0,0,23018,12917,1.782,1,3,0.583,4.5,-1,4,2,0.591,4.5,2,6,-1.0,0.164,,,,,,
2022,2022-04-30,토,04,17:00,NC,한화,창원,NC,0,0,6045,12938,0.4672,0,10,0.333,10.5,2,5,9,0.333,10.5,-3,5,5.0,0.164,,,,,,
2022,2022-05-01,일,05,14:00,키움,KT,고척,키움,1,0,3213,10074,0.3189,0,3,0.56,5.5,1,4,6,0.458,8.0,-1,7,-0.5,0.171,,,,,,
2022,2022-05-01,일,05,14:00,KIA,삼성,광주,KIA,0,0,11555,17231,0.6706,0,7,0.417,9.0,-4,3,8,0.4,9.5,2,4,3.0,0.171,,,,,,
2022,2022-05-01,일,05,14:00,SSG,두산,문학,SSG,0,0,18130,23000,0.7883,0,1,0.792,0.0,2,6,5,0.542,6.0,-3,5,-6.0,0.171,,,,,,
2022,2022-05-01,일,05,14:00,LG,롯데,잠실,LG;두산,0,0,20513,12917,1.5881,1,4,0.56,5.5,-2,4,2,0.609,4.5,3,7,-0.5,0.171,,,,,,
2022,2022-05-01,일,05,14:00,NC,한화,창원,NC,0,0,5185,12938,0.4008,0,10,0.32,11.5,-1,4,9,0.36,10.5,1,5,5.5,0.171,,,,,,
2022,2022-05-03,화,05,18:30,KIA,키움,광주,KIA,0,0,5277,17231,0.3063,0,8,0.4,9.0,-5,3,3,0.577,4.5,2,5,3.5,0.178,,,,,,
2022,2022-05-03,화,05,18:30,삼성,NC,대구,삼성,0,0,5728,24000,0.2387,0,7,0.423,8.5,3,5,10,0.308,11.5,-2,3,3.0,0.178,,,,,,
2022,2022-05-03,화,05,18:30,SSG,한화,문학,SSG,0,0,9110,23000,0.3961,0,1,0.76,0.0,-1,5,9,0.385,9.5,2,6,-5.5,0.178,,,,,,
2022,2022-05-03,화,05,18:30,KT,롯데,수원,KT,0,0,6251,20000,0.3125,0,6,0.44,8.0,-2,6,2,0.625,3.5,4,7,2.5,0.178,,,,,,
2022,2022-05-03,화,05,18:30,LG,두산,잠실,LG;두산,0,0,10124,12917,0.7838,0,5,0.538,5.5,-3,4,4,0.56,5.0,1,5,0.0,0.178,,,,,,
2022,2022-05-04,수,05,18:30,KIA,키움,광주,KIA,0,0,11234,17231,0.652,0,8,0.385,10.0,-6,3,3,0.593,4.5,3,6,4.0,0.185,,,,,,
2022,2022-05-04,수,05,18:30,삼성,NC,대구,삼성,0,0,8712,24000,0.363,0,7,0.407,9.5,-1,4,10,0.333,11.5,1,4,3.5,0.185,,,,,,
2022,2022-05-04,수,05,18:30,SSG,한화,문학,SSG,0,0,11331,23000,0.4927,0,1,0.769,0.0,1,5,9,0.37,10.5,-1,5,-6.0,0.185,,,,,,
2022,2022-05-04,수,05,18:30,KT,롯데,수원,KT,0,0,7532,20000,0.3766,0,6,0.462,8.0,1,6,2,0.6,4.5,-1,7,2.0,0.185,,,,,,
2022,2022-05-04,수,05,18:30,LG,두산,잠실,LG;두산,0,0,14480,12917,1.121,1,4,0.556,5.5,1,5,5,0.538,6.0,-1,4,-0.5,0.185,,,,,,
2022,2022-05-05,목,05,14:00,KIA,키움,광주,KIA,0,0,16072,17231,0.9327,0,8,0.407,9.0,1,3,3,0.571,4.5,-1,6,3.5,0.192,,,,,,
2022,2022-05-05,목,05,14:00,삼성,NC,대구,삼성,0,0,20938,24000,0.8724,0,7,0.429,8.5,1,5,10,0.321,11.5,-1,4,3.0,0.192,,,,,,
2022,2022-05-05,목,05,14:00,SSG,한화,문학,SSG,0,0,23000,23000,1.0,1,1,0.741,0.0,-1,5,9,0.393,9.5,1,5,-5.5,0.192,,,,,,
2022,2022-05-05,목,05,14:00,KT,롯데,수원,KT,0,0,20000,20000,1.0,1,6,0.444,8.0,-1,5,2,0.615,3.5,1,7,2.5,0.192,,,,,,
2022,2022-05-05,목,05,14:00,LG,두산,잠실,LG;두산,0,0,24012,12917,1.8589,1,5,0.536,5.5,-1,4,4,0.556,5.0,1,5,0.0,0.192,,,,,,
2022,2022-05-06,금,05,18:30,키움,SSG,고척,키움,1,0,4627,10074,0.4593,0,4,0.552,5.5,-2,5,1,0.75,0.0,1,6,-1.0,0.199,,,,,,
2022,2022-05-06,금,05,18:30,롯데,삼성,사직,롯데,0,0,22990,22990,1.0,1,2,0.593,4.5,-1,6,7,0.448,8.5,2,6,-2.0,0.199,,,,,,
2022,2022-05-06,금,05,18:30,두산,KT,잠실,LG;두산,0,0,8709,12917,0.6742,0,3,0.571,5.0,2,5,6,0.464,8.0,1,5,-1.5,0.199,,,,,,
2022,2022-05-06,금,05,18:30,NC,LG,창원,NC,0,0,5883,12938,0.4547,0,10,0.31,12.5,-2,4,5,0.517,6.5,-2,4,6.0,0.199,,,,,,
2022,2022-05-06,금,05,18:30,한화,KIA,한밭,한화,0,0,10305,11336,0.9091,0,9,0.379,10.5,-1,4,8,0.429,9.0,2,4,4.0,0.199,,,,,,
2022,2022-05-07,토,05,17:00,키움,SSG,고척,키움,1,0,5637,10074,0.5596,0,3,0.567,4.5,1,6,1,0.724,0.0,-1,5,-1.0,0.206,,,,,,
2022,2022-05-07,토,05,17:00,롯데,삼성,사직,롯데,0,0,22990,22990,1.0,1,2,0.571,4.5,-2,5,7,0.467,7.5,3,7,-1.0,0.206,,,,,,
2022,2022-05-07,토,05,17:00,두산,KT,잠실,LG;두산,0,0,10546,12917,0.8164,0,4,0.552,5.0,-1,5,6,0.483,7.0,2,6,-0.5,0.206,,,,,,
2022,2022-05-07,토,05,17:00,NC,LG,창원,NC,0,0,5585,12938,0.4317,0,10,0.3,12.5,-3,3,5,0.533,5.5,1,4,7.0,0.206,,,,,,
2022,2022-05-07,토,05,17:00,한화,KIA,한밭,한화,0,0,11114,11336,0.9804,1,9,0.367,10.5,-2,4,8,0.448,8.0,3,4,5.0,0.206,,,,,,
2022,2022-05-08,일,05,14:00,키움,SSG,고척,키움,1,0,4765,10074,0.473,0,4,0.548,5.5,-1,6,1,0.733,0.0,1,5,0.0,0.212,,,,,,
2022,2022-05-08,일,05,14:00,롯데,삼성,사직,롯데,0,0,16456,22990,0.7158,0,3,0.552,5.5,-3,5,6,0.484,7.5,4,7,0.0,0.212,,,,,,
2022,2022-05-08,일,05,14:00,두산,KT,잠실,LG;두산,0,0,7124,12917,0.5515,0,2,0.567,5.0,1,5,8,0.467,8.0,-1,6,-0.5,0.212,,,,,,
2022,2022-05-08,일,05,14:00,NC,LG,창원,NC,0,0,3642,12938,0.2815,0,10,0.29,13.5,-4,3,5,0.548,5.5,2,5,8.0,0.212,,,,,,
2022,2022-05-08,일,05,14:00,한화,KIA,한밭,한화,0,0,7918,11336,0.6985,0,9,0.355,11.5,-3,3,7,0.467,8.0,4,4,6.0,0.212,,,,,,
2022,2022-05-10,화,05,18:30,키움,두산,고척,키움,1,0,3564,10074,0.3538,0,5,0.531,6.5,-2,5,3,0.548,6.0,-1,4,0.0,0.219,,,,,,
2022,2022-05-10,화,05,18:30,KIA,KT,광주,KIA,0,0,5240,17231,0.3041,0,7,0.484,8.0,5,5,8,0.484,8.0,1,6,1.5,0.219,,,,,,
2022,2022-05-10,화,05,18:30,삼성,SSG,대구,삼성,0,0,5088,24000,0.212,0,6,0.5,7.5,5,8,1,0.742,0.0,2,6,1.0,0.219,,,,,,
2022,2022-05-10,화,05,18:30,롯데,NC,사직,롯데,0,0,8521,22990,0.3706,0,4,0.533,6.5,-4,5,10,0.281,14.5,-5,3,0.0,0.219,,,,,,
2022,2022-05-10,화,05,18:30,LG,한화,잠실,LG;두산,0,0,7270,12917,0.5628,0,2,0.562,5.5,3,5,9,0.344,12.5,-4,3,-1.0,0.219,,,,,,
2022,2022-05-11,수,05,18:30,키움,두산,고척,키움,1,0,2641,10074,0.2622,0,5,0.515,7.5,-3,4,3,0.562,6.0,1,5,0.0,0.226,,,,,,
2022,2022-05-11,수,05,18:30,KIA,KT,광주,KIA,0,0,6542,17231,0.3797,0,6,0.5,8.0,6,6,8,0.469,9.0,-1,5,0.5,0.226,,,,,,
2022,2022-05-11,수,05,18:30,삼성,SSG,대구,삼성,0,0,4786,24000,0.1994,0,7,0.485,8.5,-1,8,1,0.75,0.0,3,7,1.0,0.226,,,,,,
2022,2022-05-11,수,05,18:30,롯데,NC,사직,롯데,0,0,7761,22990,0.3376,0,4,0.548,6.5,1,5,10,0.273,15.5,-6,2,-1.0,0.226,,,,,,
2022,2022-05-11,수,05,18:30,LG,한화,잠실,LG;두산,0,0,8064,12917,0.6243,0,2,0.576,5.5,4,5,9,0.333,13.5,-5,3,-2.0,0.226,,,,,,
2022,2022-05-12,목,05,18:30,키움,두산,고척,키움,1,0,2649,10074,0.263,0,5,0.5,7.5,-4,4,3,0.576,5.0,2,6,0.0,0.233,,,,,,
2022,2022-05-12,목,05,18:30,KIA,KT,광주,KIA,0,0,5224,17231,0.3032,0,7,0.485,8.0,-1,6,8,0.485,8.0,1,5,0.5,0.233,,,,,,
2022,2022-05-12,목,05,18:30,삼성,SSG,대구,삼성,0,0,5541,24000,0.2309,0,6,0.5,7.5,1,8,1,0.727,0.0,-1,6,0.0,0.233,,,,,,
2022,2022-05-12,목,05,18:30,롯데,NC,사직,롯데,0,0,8782,22990,0.382,0,4,0.562,5.5,2,5,10,0.265,15.5,-7,1,-2.0,0.233,,,,,,
2022,2022-05-12,목,05,18:30,LG,한화,잠실,LG;두산,0,0,8620,12917,0.6673,0,2,0.588,4.5,5,6,9,0.324,13.5,-6,3,-3.0,0.233,,,,,,
2022,2022-05-13,금,05,18:30,SSG,NC,문학,SSG,0,0,8121,23000,0.3531,0,1,0.706,0.0,-2,5,10,0.286,14.5,1,2,-6.5,0.24,,,,,,
2022,2022-05-13,금,05,18:30,KT,키움,수원,KT,0,0,4246,20000,0.2123,0,8,0.471,8.0,-1,5,7,0.486,7.5,-5,3,1.5,0.24,,,,,,
2022,2022-05-13,금,05,18:30,LG,KIA,잠실,LG;두산,0,0,19411,12917,1.5027,1,2,0.6,3.5,6,7,6,0.5,7.0,1,7,-3.0,0.24,,,,,,
2022,2022-05-13,금,05,18:30,한화,롯데,한밭,한화,0,0,6773,11336,0.5975,0,9,0.314,13.5,-7,2,4,0.545,5.5,-1,4,7.0,0.24,,,,,,
2022,2022-05-14,토,05,17:00,삼성,두산,대구,삼성,0,0,17161,24000,0.715,0,6,0.514,6.0,2,8,2,0.588,3.5,3,7,0.0,0.246,,,,,,
2022,2022-05-14,토,05,17:00,SSG,NC,문학,SSG,0,0,15131,23000,0.6579,0,1,0.686,0.0,-3,5,10,0.306,13.5,2,3,-6.0,0.246,,,,,,
2022,2022-05-14,토,05,17:00,KT,키움,수원,KT,0,0,10061,20000,0.503,0,8,0.457,8.0,-2,5,7,0.5,6.5,1,3,2.0,0.246,,,,,,
2022,2022-05-14,토,05,17:00,LG,KIA,잠실,LG;두산,0,0,24132,12917,1.8682,1,3,0.583,3.5,-1,7,5,0.514,6.0,2,8,-2.5,0.246,,,,,,
2022,2022-05-14,토,05,17:00,한화,롯데,한밭,한화,0,0,10860,11336,0.958,0,9,0.306,13.5,-8,1,4,0.559,4.5,1,4,7.5,0.246,,,,,,
2022,2022-05-15,일,05,14:00,삼성,두산,대구,삼성,0,0,14754,24000,0.6148,0,5,0.528,6.0,3,8,4,0.571,4.5,-1,6,0.0,0.253,,,,,,
2022,2022-05-15,일,05,14:00,SSG,NC,문학,SSG,0,0,11414,23000,0.4963,0,1,0.694,0.0,1,5,10,0.297,14.5,-1,2,-6.0,0.253,,,,,,
2022,2022-05-15,일,05,14:00,KT,키움,수원,KT,0,0,6587,20000,0.3293,0,8,0.444,9.0,-3,4,6,0.514,6.5,2,3,3.0,0.253,,,,,,
2022,2022-05-15,일,05,14:00,LG,KIA,잠실,LG;두산,0,0,23097,12917,1.7881,1,2,0.595,3.5,1,7,7,0.5,7.0,-1,8,-2.5,0.253,,,,,,
2022,2022-05-15,일,05,14:00,한화,롯데,한밭,한화,0,0,8154,11336,0.7193,0,9,0.297,14.5,-9,1,3,0.571,4.5,2,5,8.5,0.253,,,,,,
2022,2022-05-17,화,05,18:30,롯데,KIA,사직,롯데,0,0,9055,22990,0.3939,0,3,0.556,4.5,-1,4,7,0.486,7.0,-2,7,-0.5,0.26,,,,,,
2022,2022-05-17,화,05,18:30,KT,LG,수원,KT,0,0,5600,20000,0.28,0,8,0.432,9.0,-4,4,2,0.605,2.5,2,8,4.0,0.26,,,,,,
2022,2022-05-17,화,05,18:30,두산,SSG,잠실,LG;두산,0,0,5743,12917,0.4446,0,4,0.556,4.5,-2,6,1,0.676,0.0,-1,5,-0.5,0.26,,,,,,
2022,2022-05-17,화,05,18:30,NC,키움,창원,NC,0,0,2420,12938,0.187,0,10,0.316,13.5,1,3,6,0.526,5.5,3,4,8.5,0.26,,,,,,
2022,2022-05-17,화,05,18:30,한화,삼성,한밭,한화,0,0,3941,11336,0.3477,0,9,0.316,13.5,1,1,5,0.541,5.0,4,9,8.5,0.26,,,,,,
2022,2022-05-18,수,05,18:30,롯데,KIA,사직,롯데,0,0,9885,22990,0.43,0,4,0.541,5.0,-2,4,7,0.5,6.5,1,7,0.0,0.267,,,,,,
2022,2022-05-18,수,05,18:30,KT,LG,수원,KT,0,0,5106,20000,0.2553,0,8,0.447,8.5,1,4,2,0.59,3.0,-1,8,3.5,0.267,,,,,,
2022,2022-05-18,수,05,18:30,두산,SSG,잠실,LG;두산,0,0,5586,12917,0.4325,0,3,0.556,4.5,-2,5,1,0.676,0.0,-1,4,-0.5,0.267,,,,,,
2022,2022-05-18,수,05,18:30,NC,키움,창원,NC,0,0,2526,12938,0.1952,0,10,0.308,14.0,-1,3,5,0.538,5.0,4,5,9.0,0.267,,,,,,
2022,2022-05-18,수,05,18:30,한화,삼성,한밭,한화,0,0,4107,11336,0.3623,0,9,0.333,13.0,2,2,6,0.526,5.5,-1,8,8.0,0.267,,,,,,
2022,2022-05-19,목,05,18:30,롯데,KIA,사직,롯데,0,0,10396,22990,0.4522,0,5,0.526,6.0,-3,4,7,0.513,6.5,2,7,0.0,0.274,,,,,,
2022,2022-05-19,목,05,18:30,KT,LG,수원,KT,0,0,5234,20000,0.2617,0,8,0.436,9.5,-1,3,2,0.6,3.0,1,8,3.5,0.274,,,,,,
2022,2022-05-19,목,05,18:30,두산,SSG,잠실,LG;두산,0,0,7360,12917,0.5698,0,3,0.541,5.5,-3,4,1,0.684,0.0,1,5,-0.5,0.274,,,,,,
2022,2022-05-19,목,05,18:30,NC,키움,창원,NC,0,0,2686,12938,0.2076,0,10,0.325,14.0,1,4,6,0.525,6.0,-1,4,8.0,0.274,,,,,,
2022,2022-05-19,목,05,18:30,한화,삼성,한밭,한화,0,0,4014,11336,0.3541,0,9,0.325,14.0,-1,2,4,0.538,5.5,1,8,8.0,0.274,,,,,,
2022,2022-05-20,금,05,18:30,키움,한화,고척,키움,1,0,3080,10074,0.3057,0,4,0.537,6.0,1,5,9,0.317,15.0,-2,2,-0.5,0.281,,,,,,
2022,2022-05-20,금,05,18:30,KIA,NC,광주,KIA,0,0,9135,17231,0.5301,0,6,0.525,6.5,3,7,10,0.317,15.0,-1,4,0.0,0.281,,,,,,
2022,2022-05-20,금,05,18:30,삼성,KT,대구,삼성,0,0,9838,24000,0.4099,0,3,0.55,5.5,2,8,8,0.425,10.5,-2,3,-1.0,0.281,,,,,,
2022,2022-05-20,금,05,18:30,SSG,LG,문학,SSG,0,0,13904,23000,0.6045,0,1,0.692,0.0,2,5,2,0.61,3.0,2,8,-6.5,0.281,,,,,,
2022,2022-05-20,금,05,18:30,두산,롯데,잠실,LG;두산,0,0,15486,12917,1.1989,1,5,0.526,6.5,-4,4,7,0.513,7.0,-4,4,0.0,0.281,,,,,,
2022,2022-05-21,토,05,17:00,키움,한화,고척,키움,1,0,6689,10074,0.664,0,3,0.548,6.0,2,6,9,0.31,16.0,-3,2,-0.5,0.287,,,,,,
2022,2022-05-21,토,05,17:00,KIA,NC,광주,KIA,0,0,15565,17231,0.9033,0,4,0.537,6.5,4,7,10,0.31,16.0,-2,4,0.0,0.287,,,,,,
2022,2022-05-21,토,05,17:00,삼성,KT,대구,삼성,0,0,15676,24000,0.6532,0,5,0.537,6.5,-1,7,8,0.439,10.5,1,3,0.0,0.287,,,,,,
2022,2022-05-21,토,05,17:00,SSG,LG,문학,SSG,0,0,21315,23000,0.9267,0,1,0.7,0.0,3,5,2,0.595,4.0,-1,7,-6.5,0.287,,,,,,
2022,2022-05-21,토,05,14:00,두산,롯데,잠실,LG;두산,0,0,20588,12917,1.5939,1,7,0.513,7.5,-5,3,6,0.525,7.0,1,5,1.0,0.287,,,,,,
2022,2022-05-22,일,05,14:00,키움,한화,고척,키움,1,0,5330,10074,0.5291,0,3,0.558,5.0,3,7,10,0.302,16.0,-4,2,-1.5,0.294,,,,,,
2022,2022-05-22,일,05,14:00,KIA,NC,광주,KIA,0,0,16282,17231,0.9449,0,5,0.524,6.5,-1,6,9,0.326,15.0,1,5,0.0,0.294,,,,,,
2022,2022-05-22,일,05,14:00,삼성,KT,대구,삼성,0,0,11507,24000,0.4795,0,6,0.524,6.5,-2,6,8,0.452,9.5,2,4,0.0,0.294,,,,,,
2022,2022-05-22,일,05,14:00,SSG,LG,문학,SSG,0,0,18157,23000,0.7894,0,1,0.683,0.0,-1,4,2,0.605,3.0,1,7,-6.5,0.294,,,,,,
2022,2022-05-22,일,05,14:00,두산,롯데,잠실,LG;두산,0,0,19143,12917,1.482,1,4,0.525,6.5,1,4,7,0.512,7.0,-1,4,0.0,0.294,,,,,,
2022,2022-05-24,화,05,18:30,삼성,KIA,대구,삼성,0,0,7081,24000,0.295,0,5,0.535,6.5,1,7,4,0.535,6.5,1,7,0.0,0.301,,,,,,
2022,2022-05-24,화,05,18:30,SSG,롯데,문학,SSG,0,0,11996,23000,0.5216,0,1,0.69,0.0,1,5,6,0.524,7.0,1,4,-6.5,0.301,,,,,,
2022,2022-05-24,화,05,18:30,LG,키움,잠실,LG;두산,0,0,6074,12917,0.4702,0,2,0.591,4.0,-1,6,3,0.545,6.0,-1,7,-2.5,0.301,,,,,,
2022,2022-05-24,화,05,18:30,NC,KT,창원,NC,0,0,1686,12938,0.1303,0,10,0.318,16.0,-1,5,8,0.442,10.5,-1,3,9.5,0.301,,,,,,
2022,2022-05-24,화,05,18:30,한화,두산,한밭,한화,0,0,3172,11336,0.2798,0,9,0.318,16.0,1,3,7,0.512,7.5,-1,3,9.5,0.301,,,,,,
2022,2022-05-25,수,05,18:30,삼성,KIA,대구,삼성,0,0,8000,24000,0.3333,0,5,0.523,7.5,-1,6,4,0.545,6.5,2,7,0.0,0.308,,,,,,
2022,2022-05-25,수,05,18:30,SSG,롯데,문학,SSG,0,0,9890,23000,0.43,0,1,0.698,0.0,2,6,6,0.512,8.0,-1,4,-7.5,0.308,,,,,,
2022,2022-05-25,수,05,18:30,LG,키움,잠실,LG;두산,0,0,6937,12917,0.537,0,2,0.578,5.0,-2,5,3,0.556,6.0,1,8,-2.5,0.308,,,,,,
2022,2022-05-25,수,05,18:30,NC,KT,창원,NC,0,0,2428,12938,0.1877,0,10,0.333,16.0,1,5,8,0.432,11.5,-2,3,8.5,0.308,,,,,,
2022,2022-05-25,수,05,18:30,한화,두산,한밭,한화,0,0,5253,11336,0.4634,0,9,0.333,16.0,2,4,7,0.5,8.5,-2,2,8.5,0.308,,,,,,
2022,2022-05-26,목,05,18:30,삼성,KIA,대구,삼성,0,0,7568,24000,0.3153,0,5,0.511,8.5,-2,5,4,0.556,6.5,3,7,0.0,0.315,,,,,,
2022,2022-05-26,목,05,18:30,SSG,롯데,문학,SSG,0,0,13672,23000,0.5944,0,1,0.705,0.0,3,7,6,0.5,9.0,-2,3,-8.5,0.315,,,,,,
2022,2022-05-26,목,05,18:30,LG,키움,잠실,LG;두산,0,0,6655,12917,0.5152,0,3,0.565,6.0,-3,5,2,0.565,6.0,2,8,-2.5,0.315,,,,,,
2022,2022-05-26,목,05,18:30,NC,KT,창원,NC,0,0,1728,12938,0.1336,0,10,0.326,17.0,-1,4,8,0.444,11.5,1,4,8.5,0.315,,,,,,
2022,2022-05-26,목,05,18:30,한화,두산,한밭,한화,0,0,4638,11336,0.4091,0,9,0.348,16.0,3,5,7,0.488,9.5,-3,1,7.5,0.315,,,,,,
2022,2022-05-27,금,05,18:30,KIA,SSG,광주,KIA,0,0,10208,17231,0.5924,0,3,0.565,6.5,4,8,1,0.711,0.0,4,7,-3.0,0.322,,,,,,
2022,2022-05-27,금,05,18:30,롯데,키움,사직,롯데,0,0,11008,22990,0.4788,0,7,0.489,10.0,-3,2,2,0.574,6.0,3,8,0.5,0.322,,,,,,
2022,2022-05-27,금,05,18:30,KT,한화,수원,KT,0,0,6090,20000,0.3045,0,8,0.457,11.5,2,5,9,0.34,17.0,-1,5,2.0,0.322,,,,,,
2022,2022-05-27,금,05,18:30,LG,삼성,잠실,LG;두산,0,0,13775,12917,1.0664,1,4,0.553,7.0,-4,4,5,0.5,9.5,-3,4,-2.5,0.322,,,,,,
2022,2022-05-27,금,05,18:30,NC,두산,창원,NC,0,0,3328,12938,0.2572,0,10,0.319,18.0,-2,4,6,0.5,9.5,1,2,8.5,0.322,,,,,,
2022,2022-05-28,토,05,14:00,KIA,SSG,광주,KIA,0,0,12245,17231,0.7106,0,4,0.553,7.5,-1,8,1,0.717,0.0,5,8,-2.0,0.329,,,,,,
2022,2022-05-28,토,05,14:00,롯데,키움,사직,롯데,0,0,13820,22990,0.6011,0,7,0.478,11.0,-4,2,2,0.583,6.0,4,8,1.5,0.329,,,,,,
2022,2022-05-28,토,05,17:00,KT,한화,수원,KT,0,0,11494,20000,0.5747,0,8,0.447,12.5,-1,5,9,0.354,17.0,1,5,3.0,0.329,,,,,,
2022,2022-05-28,토,05,17:00,LG,삼성,잠실,LG;두산,0,0,21100,12917,1.6335,1,3,0.562,7.0,1,4,6,0.489,10.5,-4,3,-2.5,0.329,,,,,,
2022,2022-05-28,토,05,17:00,NC,두산,창원,NC,0,0,7638,12938,0.5904,0,10,0.312,19.0,-3,3,5,0.511,9.5,2,3,9.5,0.329,,,,,,
2022,2022-05-29,일,05,14:00,KIA,SSG,광주,KIA,0,0,12595,17231,0.731,0,4,0.562,6.5,1,8,1,0.702,0.0,-1,8,-3.0,0.336,,,,,,
2022,2022-05-29,일,05,14:00,롯데,키움,사직,롯데,0,0,12038,22990,0.5236,0,7,0.468,11.0,-5,2,2,0.592,5.0,5,8,1.5,0.336,,,,,,
2022,2022-05-29,일,05,14:00,KT,한화,수원,KT,0,0,9503,20000,0.4752,0,8,0.438,12.5,-2,4,9,0.367,16.0,2,5,3.0,0.336,,,,,,
2022,2022-05-29,일,05,14:00,LG,삼성,잠실,LG;두산,0,0,17435,12917,1.3498,1,3,0.571,6.0,2,5,6,0.479,10.5,-5,3,-3.5,0.336,,,,,,
2022,2022-05-29,일,05,14:00,NC,두산,창원,NC,0,0,3979,12938,0.3075,0,10,0.327,18.0,1,4,5,0.5,9.5,-1,3,8.5,0.336,,,,,,
2022,2022-05-31,화,05,18:30,키움,삼성,고척,키움,1,0,4100,10074,0.407,0,2,0.6,5.0,6,9,6,0.49,10.5,1,3,-4.5,0.343,,,,,,
2022,2022-05-31,화,05,18:30,SSG,KT,문학,SSG,0,0,7883,23000,0.3427,0,1,0.708,0.0,1,8,8,0.429,13.5,-3,4,-9.5,0.343,,,,,,
2022,2022-05-31,화,05,18:30,롯데,LG,사직,롯데,0,0,7815,22990,0.3399,0,7,0.458,12.0,-6,2,3,0.56,7.0,-1,4,2.5,0.343,,,,,,
2022,2022-05-31,화,05,18:30,두산,KIA,잠실,LG;두산,0,0,18194,12917,1.4085,1,5,0.511,9.5,1,4,4,0.551,7.5,-1,7,0.0,0.343,,,,,,
2022,2022-05-31,화,05,18:30,한화,NC,한밭,한화,0,0,4269,11336,0.3766,0,9,0.38,16.0,3,6,10,0.32,19.0,-1,3,6.5,0.343,,,,,,
2022,2022-06-01,수,06,17:00,키움,삼성,고척,키움,1,0,7181,10074,0.7128,0,2,0.608,4.0,7,9,6,0.48,10.5,-1,2,-5.5,0.35,,,,,,
2022,2022-06-01,수,06,17:00,SSG,KT,문학,SSG,0,0,15288,23000,0.6647,0,1,0.694,0.0,-1,7,8,0.44,12.5,1,5,-9.5,0.35,,,,,,
2022,2022-06-01,수,06,17:00,롯데,LG,사직,롯데,0,0,11093,22990,0.4825,0,7,0.469,11.0,1,3,4,0.549,7.0,-2,3,1.5,0.35,,,,,,
2022,2022-06-01,수,06,17:00,두산,KIA,잠실,LG;두산,0,0,23244,12917,1.7995,1,5,0.5,9.5,-1,4,3,0.56,6.5,1,7,0.0,0.35,,,,,,
2022,2022-06-01,수,06,17:00,한화,NC,한밭,한화,0,0,6851,11336,0.6044,0,9,0.373,16.0,-1,6,10,0.333,18.0,1,4,6.5,0.35,,,,,,
2022,2022-06-02,목,06,18:30,키움,삼성,고척,키움,1,0,2477,10074,0.2459,0,2,0.596,5.0,-1,8,5,0.49,10.5,1,3,-5.5,0.357,,,,,,
2022,2022-06-02,목,06,18:30,SSG,KT,문학,SSG,0,0,5525,23000,0.2402,0,1,0.7,0.0,1,7,8,0.431,13.5,-1,4,-10.5,0.357,,,,,,
2022,2022-06-02,목,06,18:30,롯데,LG,사직,롯데,0,0,8384,22990,0.3647,0,7,0.46,12.0,-1,2,4,0.558,7.0,1,4,1.5,0.357,,,,,,
2022,2022-06-02,목,06,18:30,두산,KIA,잠실,LG;두산,0,0,11029,12917,0.8538,0,6,0.49,10.5,-2,4,3,0.569,6.5,2,7,0.0,0.357,,,,,,
2022,2022-06-02,목,06,18:30,한화,NC,한밭,한화,0,0,3003,11336,0.2649,0,9,0.385,16.0,1,7,10,0.327,19.0,-1,4,5.5,0.357,,,,,,
2022,2022-06-03,금,06,18:30,삼성,두산,대구,삼성,0,0,8600,24000,0.3583,0,5,0.481,10.5,-1,3,6,0.48,10.5,-3,3,0.0,0.364,,,,,,
2022,2022-06-03,금,06,18:30,KT,KIA,수원,KT,0,0,10749,20000,0.5374,0,8,0.442,12.5,1,4,3,0.577,5.5,3,8,2.0,0.364,,,,,,
2022,2022-06-03,금,06,18:30,LG,SSG,잠실,LG;두산,0,0,9487,12917,0.7345,0,4,0.558,6.5,1,3,1,0.686,0.0,-1,7,-4.0,0.364,,,,,,
2022,2022-06-03,금,06,18:30,NC,롯데,창원,NC,0,0,9544,12938,0.7377,0,10,0.34,18.0,1,4,7,0.46,11.5,-1,2,7.5,0.364,,,,,,
2022,2022-06-03,금,06,18:30,한화,키움,한밭,한화,0,0,4166,11336,0.3675,0,9,0.377,16.0,-1,7,2,0.604,4.0,1,8,5.5,0.364,,,,,,
2022,2022-06-04,토,06,17:00,삼성,두산,대구,삼성,0,0,16425,24000,0.6844,0,5,0.491,9.5,1,3,6,0.471,10.5,-4,3,0.0,0.371,,,,,,
2022,2022-06-04,토,06,17:00,KT,KIA,수원,KT,0,0,20000,20000,1.0,1,7,0.453,11.5,2,5,3,0.566,5.5,-1,7,2.0,0.371,,,,,,
2022,2022-06-04,토,06,17:00,LG,SSG,잠실,LG;두산,0,0,16345,12917,1.2654,1,4,0.566,5.5,2,4,1,0.673,0.0,-2,6,-4.0,0.371,,,,,,
2022,2022-06-04,토,06,17:00,NC,롯데,창원,NC,0,0,11736,12938,0.9071,0,10,0.352,17.0,2,5,8,0.451,11.5,-2,1,7.5,0.371,,,,,,
2022,2022-06-04,토,06,17:00,한화,키움,한밭,한화,0,0,9140,11336,0.8063,0,9,0.389,15.0,1,7,2,0.593,4.0,-1,8,5.5,0.371,,,,,,
2022,2022-06-05,일,06,17:00,KT,KIA,수원,KT,0,0,20000,20000,1.0,1,7,0.463,10.5,3,6,4,0.556,5.5,-2,6,1.0,0.378,,,,,,
2022,2022-06-05,일,06,17:00,LG,SSG,잠실,LG;두산,0,0,14964,12917,1.1585,1,3,0.574,4.5,3,5,1,0.66,0.0,-3,5,-5.0,0.378,,,,,,
2022,2022-06-07,화,06,18:30,키움,KT,고척,키움,1,0,1904,10074,0.189,0,2,0.6,3.5,1,8,7,0.463,11.0,3,5,-6.5,0.381,,,,,,
2022,2022-06-07,화,06,18:30,롯데,삼성,사직,롯데,0,0,4680,22990,0.2036,0,8,0.462,11.0,1,2,5,0.481,10.0,-1,3,1.0,0.381,,,,,,
2022,2022-06-07,화,06,18:30,두산,한화,잠실,LG;두산,0,0,4702,12917,0.364,0,6,0.481,10.0,1,4,9,0.382,15.5,-1,6,0.0,0.381,,,,,,
2022,2022-06-07,화,06,18:30,NC,SSG,창원,NC,0,0,2158,12938,0.1668,0,10,0.345,17.5,-1,4,1,0.667,0.0,1,5,7.5,0.381,,,,,,
2022,2022-06-08,수,06,18:30,키움,KT,고척,키움,1,0,1342,10074,0.1332,0,2,0.607,2.5,2,8,7,0.455,11.0,-1,4,-6.5,0.386,,,,,,
2022,2022-06-08,수,06,18:30,KIA,LG,광주,KIA,0,0,6812,17231,0.3953,0,4,0.556,5.5,-2,5,3,0.564,5.0,-1,5,-3.5,0.386,,,,,,
2022,2022-06-08,수,06,18:30,롯데,삼성,사직,롯데,0,0,4733,22990,0.2059,0,8,0.453,11.0,-1,2,5,0.491,9.0,1,4,2.0,0.386,,,,,,
2022,2022-06-08,수,06,18:30,두산,한화,잠실,LG;두산,0,0,4882,12917,0.378,0,6,0.491,9.0,2,5,9,0.375,15.5,-2,5,0.0,0.386,,,,,,
2022,2022-06-08,수,06,18:30,NC,SSG,창원,NC,0,0,2316,12938,0.179,0,10,0.357,16.5,1,5,1,0.655,0.0,-1,4,7.5,0.386,,,,,,
2022,2022-06-09,목,06,18:30,키움,KT,고척,키움,1,0,1414,10074,0.1404,0,2,0.607,2.5,2,7,7,0.455,11.0,-1,4,-6.0,0.393,,,,,,
2022,2022-06-09,목,06,18:30,KIA,LG,광주,KIA,0,0,7606,17231,0.4414,0,4,0.545,6.0,-3,4,3,0.571,4.5,1,6,-2.5,0.393,,,,,,
2022,2022-06-09,목,06,18:30,롯데,삼성,사직,롯데,0,0,5236,22990,0.2278,0,8,0.444,11.5,-2,2,5,0.5,8.5,2,5,3.0,0.393,,,,,,
2022,2022-06-09,목,06,18:30,두산,한화,잠실,LG;두산,0,0,6612,12917,0.5119,0,6,0.481,9.5,-1,4,9,0.386,15.0,1,6,1.0,0.393,,,,,,
2022,2022-06-09,목,06,18:30,NC,SSG,창원,NC,0,0,3010,12938,0.2326,0,10,0.357,16.5,1,5,1,0.655,0.0,-1,3,8.0,0.393,,,,,,
2022,2022-06-10,금,06,18:30,KIA,키움,광주,KIA,0,0,8951,17231,0.5195,0,4,0.554,5.0,1,5,2,0.596,2.5,-1,6,-3.5,0.4,,,,,,
2022,2022-06-10,금,06,18:30,삼성,NC,대구,삼성,0,0,10012,24000,0.4172,0,5,0.491,8.5,-1,5,10,0.368,15.5,2,6,0.0,0.4,,,,,,
2022,2022-06-10,금,06,18:30,SSG,한화,문학,SSG,0,0,9958,23000,0.433,0,1,0.643,0.0,-2,3,9,0.379,15.0,-1,5,-8.5,0.4,,,,,,
2022,2022-06-10,금,06,18:30,롯데,KT,사직,롯데,0,0,4902,22990,0.2132,0,8,0.455,10.5,1,3,7,0.464,10.0,1,5,2.0,0.4,,,,,,
2022,2022-06-10,금,06,18:30,LG,두산,잠실,LG;두산,0,0,11791,12917,0.9128,0,3,0.561,4.5,-1,5,6,0.491,8.5,1,4,-4.0,0.4,,,,,,
2022,2022-06-11,토,06,17:00,KIA,키움,광주,KIA,0,0,16267,17231,0.9441,0,4,0.544,6.0,-1,4,2,0.603,2.5,1,6,-3.5,0.407,,,,,,
2022,2022-06-11,토,06,17:00,삼성,NC,대구,삼성,0,0,14155,24000,0.5898,0,5,0.483,9.5,-2,5,9,0.379,15.5,3,6,0.0,0.407,,,,,,
2022,2022-06-11,토,06,17:00,SSG,한화,문학,SSG,0,0,20078,23000,0.873,0,1,0.649,0.0,1,3,10,0.373,16.0,-2,4,-9.5,0.407,,,,,,
2022,2022-06-11,토,06,17:00,롯데,KT,사직,롯데,0,0,10087,22990,0.4388,0,8,0.446,11.5,-1,3,7,0.474,10.0,2,6,2.0,0.407,,,,,,
2022,2022-06-11,토,06,17:00,LG,두산,잠실,LG;두산,0,0,19035,12917,1.4736,1,3,0.569,4.5,1,5,6,0.482,9.5,-1,4,-5.0,0.407,,,,,,
2022,2022-06-12,일,06,17:00,KIA,키움,광주,KIA,0,0,14849,17231,0.8618,0,4,0.552,6.0,1,5,2,0.593,3.5,-1,5,-3.5,0.414,,,,,,
2022,2022-06-12,일,06,17:00,삼성,NC,대구,삼성,0,0,10614,24000,0.4422,0,7,0.475,10.5,-3,4,9,0.39,15.5,4,7,1.0,0.414,,,,,,
2022,2022-06-12,일,06,17:00,SSG,한화,문학,SSG,0,0,15128,23000,0.6577,0,1,0.655,0.0,2,4,10,0.367,17.0,-3,3,-9.5,0.414,,,,,,
2022,2022-06-12,일,06,17:00,롯데,KT,사직,롯데,0,0,5997,22990,0.2609,0,8,0.439,12.5,-2,3,6,0.483,10.0,3,6,3.0,0.414,,,,,,
2022,2022-06-12,일,06,17:00,LG,두산,잠실,LG;두산,0,0,15235,12917,1.1795,1,3,0.559,5.5,-1,5,5,0.491,9.5,1,4,-4.0,0.414,,,,,,
2022,2022-06-14,화,06,18:30,키움,두산,고척,키움,1,0,2536,10074,0.2517,0,2,0.6,3.5,1,5,6,0.483,10.5,-1,4,-7.0,0.421,,,,,,
2022,2022-06-14,화,06,18:30,KT,SSG,수원,KT,0,0,3108,20000,0.1554,0,7,0.475,11.0,-1,6,1,0.661,0.0,3,4,0.5,0.421,,,,,,
2022,2022-06-14,화,06,18:30,LG,삼성,잠실,LG;두산,0,0,6824,12917,0.5283,0,3,0.567,5.5,1,6,5,0.483,10.5,1,5,-5.0,0.421,,,,,,
2022,2022-06-15,수,06,18:30,키움,두산,고척,키움,1,0,2062,10074,0.2047,0,2,0.607,2.5,2,6,7,0.475,10.5,-2,4,-7.5,0.425,,,,,,
2022,2022-06-15,수,06,18:30,KT,SSG,수원,KT,0,0,3596,20000,0.1798,0,5,0.483,10.0,1,6,1,0.65,0.0,-1,4,0.0,0.425,,,,,,
2022,2022-06-15,수,06,18:30,LG,삼성,잠실,LG;두산,0,0,6328,12917,0.4899,0,3,0.574,4.5,2,6,6,0.475,10.5,-1,4,-5.5,0.425,,,,,,
2022,2022-06-15,수,06,18:30,NC,KIA,창원,NC,0,0,3444,12938,0.2662,0,9,0.383,16.0,-1,6,4,0.542,6.5,-1,4,6.0,0.425,,,,,,
2022,2022-06-15,수,06,18:30,한화,롯데,한밭,한화,0,0,3403,11336,0.3002,0,10,0.361,17.5,-4,3,8,0.448,12.0,1,3,7.5,0.425,,,,,,
2022,2022-06-16,목,06,18:30,키움,두산,고척,키움,1,0,2349,10074,0.2332,0,2,0.597,2.5,-1,5,7,0.483,9.5,1,5,-6.5,0.432,,,,,,
2022,2022-06-16,목,06,18:30,KT,SSG,수원,KT,0,0,4355,20000,0.2177,0,5,0.492,9.0,2,6,1,0.639,0.0,-2,4,0.0,0.432,,,,,,
2022,2022-06-16,목,06,18:30,LG,삼성,잠실,LG;두산,0,0,8976,12917,0.6949,0,3,0.565,4.5,-1,6,6,0.484,9.5,1,5,-4.5,0.432,,,,,,
2022,2022-06-16,목,06,18:30,NC,KIA,창원,NC,0,0,4547,12938,0.3514,0,9,0.393,15.0,1,7,4,0.533,6.5,-2,3,6.0,0.432,,,,,,
2022,2022-06-16,목,06,18:30,한화,롯데,한밭,한화,0,0,3640,11336,0.3211,0,10,0.355,17.5,-5,2,8,0.458,11.0,2,4,8.5,0.432,,,,,,
2022,2022-06-17,금,06,18:30,키움,LG,고척,키움,1,0,4608,10074,0.4574,0,2,0.603,2.5,1,6,3,0.571,4.5,1,6,-7.5,0.439,,,,,,
2022,2022-06-17,금,06,18:30,KIA,삼성,광주,KIA,0,0,8865,17231,0.5145,0,4,0.541,6.5,1,3,6,0.476,10.5,-1,4,-3.5,0.439,,,,,,
2022,2022-06-17,금,06,18:30,롯데,SSG,사직,롯데,0,0,5687,22990,0.2474,0,8,0.467,11.0,3,5,1,0.645,0.0,1,5,1.0,0.439,,,,,,
2022,2022-06-17,금,06,18:30,두산,KT,잠실,LG;두산,0,0,4898,12917,0.3792,0,7,0.475,10.5,-1,5,5,0.484,10.0,-1,5,0.5,0.439,,,,,,
2022,2022-06-17,금,06,18:30,NC,한화,창원,NC,0,0,3678,12938,0.2843,0,9,0.387,16.0,-1,6,10,0.349,18.5,-6,2,6.0,0.439,,,,,,
2022,2022-06-18,토,06,14:00,키움,LG,고척,키움,1,0,8705,10074,0.8641,0,2,0.594,3.5,-1,5,3,0.578,4.5,2,6,-6.5,0.446,,,,,,
2022,2022-06-18,토,06,17:00,KIA,삼성,광주,KIA,0,0,14825,17231,0.8604,0,4,0.548,6.5,2,4,6,0.469,11.5,-2,4,-3.5,0.446,,,,,,
2022,2022-06-18,토,06,17:00,롯데,SSG,사직,롯데,0,0,10173,22990,0.4425,0,8,0.459,12.0,-1,5,1,0.651,0.0,2,5,2.0,0.446,,,,,,
2022,2022-06-18,토,06,17:00,두산,KT,잠실,LG;두산,0,0,9033,12917,0.6993,0,7,0.468,11.5,-2,4,5,0.492,10.0,1,6,1.5,0.446,,,,,,
2022,2022-06-18,토,06,17:00,NC,한화,창원,NC,0,0,7205,12938,0.5569,0,9,0.387,16.5,-1,5,10,0.349,19.0,-6,1,6.5,0.446,,,,,,
2022,2022-06-19,일,06,14:00,키움,LG,고척,키움,1,0,7849,10074,0.7791,0,2,0.6,3.5,1,5,3,0.569,5.5,-1,6,-7.5,0.453,,,,,,
2022,2022-06-19,일,06,17:00,KIA,삼성,광주,KIA,0,0,9977,17231,0.579,0,4,0.54,7.5,-1,4,6,0.477,11.5,1,4,-3.5,0.453,,,,,,
2022,2022-06-19,일,06,17:00,롯데,SSG,사직,롯데,0,0,6314,22990,0.2746,0,8,0.452,13.0,-2,4,1,0.656,0.0,3,6,2.0,0.453,,,,,,
2022,2022-06-19,일,06,17:00,두산,KT,잠실,LG;두산,0,0,6966,12917,0.5393,0,7,0.476,11.5,1,4,5,0.484,11.0,-1,6,0.5,0.453,,,,,,
2022,2022-06-19,일,06,17:00,NC,한화,창원,NC,0,0,4605,12938,0.3559,0,9,0.397,16.5,1,6,10,0.344,20.0,-7,1,5.5,0.453,,,,,,
2022,2022-06-21,화,06,18:30,KIA,롯데,광주,KIA,0,0,5956,17231,0.3457,0,4,0.531,7.5,-2,4,8,0.46,12.0,1,5,-2.5,0.46,,,,,,
2022,2022-06-21,화,06,18:30,삼성,키움,대구,삼성,0,0,5936,24000,0.2473,0,6,0.485,10.5,2,4,2,0.591,3.5,-1,5,0.5,0.46,,,,,,
2022,2022-06-21,화,06,18:30,SSG,두산,문학,SSG,0,0,8067,23000,0.3507,0,1,0.646,0.0,-1,6,7,0.469,11.5,-1,4,-10.0,0.46,,,,,,
2022,2022-06-21,화,06,18:30,KT,NC,수원,KT,0,0,2292,20000,0.1146,0,5,0.492,10.0,1,7,9,0.406,15.5,2,6,0.0,0.46,,,,,,
2022,2022-06-21,화,06,18:30,LG,한화,잠실,LG;두산,0,0,7317,12917,0.5665,0,3,0.576,4.5,1,6,10,0.338,20.0,-8,1,-5.5,0.46,,,,,,
2022,2022-06-22,수,06,18:30,KIA,롯데,광주,KIA,0,0,8754,17231,0.508,0,4,0.538,6.5,1,5,8,0.453,12.0,-1,5,-2.5,0.467,,,,,,
2022,2022-06-22,수,06,18:30,삼성,키움,대구,삼성,0,0,6515,24000,0.2715,0,6,0.478,10.5,-1,4,2,0.597,2.5,1,6,1.5,0.467,,,,,,
2022,2022-06-22,수,06,18:30,SSG,두산,문학,SSG,0,0,9261,23000,0.4027,0,1,0.636,0.0,-2,6,7,0.477,10.5,1,4,-9.0,0.467,,,,,,
2022,2022-06-22,수,06,18:30,KT,NC,수원,KT,0,0,2866,20000,0.1433,0,5,0.5,9.0,2,7,9,0.4,15.5,-1,6,0.0,0.467,,,,,,
2022,2022-06-22,수,06,18:30,LG,한화,잠실,LG;두산,0,0,8200,12917,0.6348,0,3,0.582,3.5,2,7,10,0.333,20.0,-9,0,-5.5,0.467,,,,,,
2022,2022-06-23,목,06,18:30,KIA,롯데,광주,KIA,0,0,5909,17231,0.3429,0,4,0.53,7.5,-1,4,8,0.462,12.0,1,5,-2.5,0.474,,,,,,
2022,2022-06-23,목,06,18:30,삼성,키움,대구,삼성,0,0,4959,24000,0.2066,0,6,0.471,11.5,-2,4,2,0.603,2.5,2,6,1.5,0.474,,,,,,
2022,2022-06-24,금,06,18:30,SSG,NC,문학,SSG,0,0,11040,23000,0.48,0,1,0.642,0.0,1,6,9,0.409,15.5,1,6,-10.0,0.476,,,,,,
2022,2022-06-24,금,06,18:30,롯데,키움,사직,롯데,0,0,3769,22990,0.1639,0,8,0.455,12.5,-1,5,2,0.609,2.0,3,7,2.5,0.476,,,,,,
2022,2022-06-24,금,06,18:30,KT,LG,수원,KT,0,0,7021,20000,0.351,0,5,0.493,10.0,-1,6,3,0.588,3.5,3,7,0.0,0.476,,,,,,
2022,2022-06-24,금,06,18:30,두산,KIA,잠실,LG;두산,0,0,14470,12917,1.1202,1,6,0.47,11.5,-1,4,4,0.537,7.0,1,5,1.5,0.476,,,,,,
2022,2022-06-24,금,06,18:30,한화,삼성,한밭,한화,0,0,4132,11336,0.3645,0,10,0.328,21.0,-10,0,7,0.464,12.0,-3,4,11.0,0.476,,,,,,
2022,2022-06-25,토,06,17:00,SSG,NC,문학,SSG,0,0,17058,23000,0.7417,0,1,0.647,0.0,2,6,9,0.403,16.5,-1,5,-10.0,0.483,,,,,,
2022,2022-06-25,토,06,17:00,롯데,키움,사직,롯데,0,0,8922,22990,0.3881,0,6,0.463,12.5,1,6,2,0.6,3.0,-1,6,2.5,0.483,,,,,,
2022,2022-06-25,토,06,17:00,KT,LG,수원,KT,0,0,13557,20000,0.6778,0,5,0.5,10.0,1,6,3,0.58,4.5,-1,7,0.0,0.483,,,,,,
2022,2022-06-25,토,06,17:00,두산,KIA,잠실,LG;두산,0,0,22093,12917,1.7104,1,7,0.463,12.5,-2,3,4,0.544,7.0,2,5,2.5,0.483,,,,,,
2022,2022-06-25,토,06,17:00,한화,삼성,한밭,한화,0,0,8225,11336,0.7256,0,10,0.338,21.0,1,1,8,0.457,13.0,-4,3,11.0,0.483,,,,,,
2022,2022-06-26,일,06,17:00,SSG,NC,문학,SSG,0,0,13149,23000,0.5717,0,1,0.652,0.0,3,6,9,0.397,17.5,-2,4,-11.0,0.49,,,,,,
2022,2022-06-26,일,06,17:00,롯데,키움,사직,롯데,0,0,6596,22990,0.2869,0,7,0.456,13.5,-1,5,2,0.606,3.0,1,6,2.5,0.49,,,,,,
2022,2022-06-26,일,06,17:00,KT,LG,수원,KT,0,0,8044,20000,0.4022,0,5,0.493,11.0,-1,6,3,0.586,4.5,1,7,0.0,0.49,,,,,,
2022,2022-06-26,일,06,17:00,두산,KIA,잠실,LG;두산,0,0,16298,12917,1.2617,1,8,0.456,13.5,-3,3,4,0.551,7.0,3,6,2.5,0.49,,,,,,
2022,2022-06-26,일,06,17:00,한화,삼성,한밭,한화,0,0,5214,11336,0.46,0,10,0.333,22.0,-1,1,6,0.465,13.0,1,4,11.0,0.49,,,,,,
2022,2022-06-28,화,06,18:30,키움,KIA,고척,키움,1,0,7388,10074,0.7334,0,2,0.611,3.0,2,7,4,0.543,8.0,-1,6,-9.0,0.497,,,,,,
2022,2022-06-28,화,06,18:30,삼성,KT,대구,삼성,0,0,3769,24000,0.157,0,6,0.472,13.0,2,4,5,0.486,12.0,-2,5,1.0,0.497,,,,,,
2022,2022-06-28,화,06,18:30,롯데,두산,사직,롯데,0,0,3429,22990,0.1492,0,8,0.449,14.5,-2,4,7,0.464,13.5,1,4,2.5,0.497,,,,,,
2022,2022-06-28,화,06,18:30,LG,NC,잠실,LG;두산,0,0,3361,12917,0.2602,0,3,0.592,4.5,2,7,9,0.391,18.5,-3,4,-7.5,0.497,,,,,,
2022,2022-06-28,화,06,18:30,한화,SSG,한밭,한화,0,0,3027,11336,0.267,0,10,0.329,23.0,-2,1,1,0.657,0.0,4,7,11.0,0.497,,,,,,
2022,2022-06-29,수,06,18:30,키움,KIA,고척,키움,1,0,7941,10074,0.7883,0,2,0.616,2.0,3,7,4,0.535,8.0,-2,5,-9.0,0.504,,,,,,
2022,2022-06-29,수,06,18:30,삼성,KT,대구,삼성,0,0,4679,24000,0.195,0,6,0.466,13.0,-1,4,5,0.493,11.0,1,5,2.0,0.504,,,,,,
2022,2022-06-29,수,06,18:30,한화,SSG,한밭,한화,0,0,1747,11336,0.1541,0,10,0.338,22.0,1,2,1,0.648,0.0,-1,7,11.0,0.504,,,,,,
2022,2022-06-30,목,06,18:30,키움,KIA,고척,키움,1,0,7165,10074,0.7112,0,2,0.622,2.0,4,8,4,0.528,9.0,-3,4,-10.0,0.508,,,,,,
2022,2022-06-30,목,06,18:30,삼성,KT,대구,삼성,0,0,4809,24000,0.2004,0,6,0.473,13.0,1,5,5,0.486,12.0,-1,5,1.0,0.508,,,,,,
2022,2022-06-30,목,06,18:30,롯데,두산,사직,롯데,0,0,6566,22990,0.2856,0,8,0.449,14.5,-2,3,7,0.464,13.5,1,3,2.5,0.508,,,,,,
2022,2022-07-01,금,07,18:30,키움,한화,고척,키움,1,0,3238,10074,0.3214,0,2,0.627,1.5,5,8,10,0.333,23.0,-1,2,-10.0,0.512,,,,,,
2022,2022-07-01,금,07,18:30,SSG,KIA,문학,SSG,0,0,14099,23000,0.613,0,1,0.653,0.0,1,7,4,0.521,9.5,-4,4,-11.5,0.512,,,,,,
2022,2022-07-01,금,07,18:30,KT,두산,수원,KT,0,0,4781,20000,0.2391,0,5,0.493,11.5,1,5,8,0.457,14.0,-1,3,0.0,0.512,,,,,,
2022,2022-07-01,금,07,18:30,LG,롯데,잠실,LG;두산,0,0,12224,12917,0.9463,0,3,0.597,4.0,3,8,7,0.457,14.0,1,4,-7.5,0.512,,,,,,
2022,2022-07-02,토,07,14:00,키움,한화,고척,키움,1,0,6692,10074,0.6643,0,2,0.632,1.5,6,9,10,0.329,24.0,-2,2,-10.0,0.518,,,,,,
2022,2022-07-02,토,07,18:00,SSG,KIA,문학,SSG,0,0,23000,23000,1.0,1,1,0.658,0.0,2,7,4,0.514,10.5,-5,4,-11.5,0.518,,,,,,
2022,2022-07-02,토,07,18:00,KT,두산,수원,KT,0,0,10065,20000,0.5032,0,5,0.5,11.5,2,6,8,0.451,15.0,-2,3,0.0,0.518,,,,,,
2022,2022-07-02,토,07,18:00,LG,롯데,잠실,LG;두산,0,0,18750,12917,1.4516,1,3,0.603,4.0,4,8,7,0.451,15.0,-1,4,-7.5,0.518,,,,,,
2022,2022-07-02,토,07,18:00,NC,삼성,창원,NC,0,0,9063,12938,0.7005,0,9,0.386,19.5,-4,3,6,0.467,14.0,-1,4,8.0,0.518,,,,,,
2022,2022-07-03,일,07,14:00,키움,한화,고척,키움,1,0,5952,10074,0.5908,0,2,0.636,1.5,7,9,10,0.324,25.0,-3,2,-10.0,0.525,,,,,,
2022,2022-07-03,일,07,17:00,SSG,KIA,문학,SSG,0,0,18666,23000,0.8116,0,1,0.662,0.0,3,7,4,0.507,11.5,-6,3,-11.5,0.525,,,,,,
2022,2022-07-03,일,07,17:00,KT,두산,수원,KT,0,0,5749,20000,0.2874,0,5,0.507,11.5,3,6,8,0.444,16.0,-3,2,0.0,0.525,,,,,,
2022,2022-07-03,일,07,17:00,LG,롯데,잠실,LG;두산,0,0,23750,12917,1.8387,1,3,0.595,5.0,-1,7,7,0.458,15.0,1,4,-6.5,0.525,,,,,,
2022,2022-07-03,일,07,17:00,NC,삼성,창원,NC,0,0,4725,12938,0.3652,0,9,0.394,19.5,1,4,6,0.461,15.0,-2,3,8.0,0.525,,,,,,
2022,2022-07-05,화,07,18:30,삼성,LG,대구,삼성,0,0,4683,24000,0.1951,0,6,0.455,16.0,-3,3,3,0.6,5.0,1,8,3.5,0.532,,,,,,
2022,2022-07-05,화,07,18:30,SSG,롯데,문학,SSG,0,0,7773,23000,0.338,0,1,0.667,0.0,4,8,7,0.452,16.0,-1,4,-12.5,0.532,,,,,,
2022,2022-07-05,화,07,18:30,두산,키움,잠실,LG;두산,0,0,4265,12917,0.3302,0,8,0.438,17.0,-4,2,2,0.641,1.5,8,9,4.5,0.532,,,,,,
2022,2022-07-05,화,07,18:30,한화,NC,한밭,한화,0,0,2632,11336,0.2322,0,10,0.32,26.0,-4,2,9,0.403,19.5,2,5,13.5,0.532,,,,,,
2022,2022-07-06,수,07,18:30,KIA,KT,광주,KIA,0,0,6269,17231,0.3638,0,5,0.5,13.0,-7,3,4,0.513,12.0,4,6,0.0,0.537,,,,,,
2022,2022-07-06,수,07,18:30,삼성,LG,대구,삼성,0,0,4673,24000,0.1947,0,6,0.449,17.0,-4,3,3,0.605,5.0,2,8,4.0,0.537,,,,,,
2022,2022-07-06,수,07,18:30,SSG,롯데,문학,SSG,0,0,6859,23000,0.2982,0,1,0.671,0.0,5,9,7,0.446,17.0,-2,3,-13.0,0.537,,,,,,
2022,2022-07-06,수,07,18:30,두산,키움,잠실,LG;두산,0,0,2930,12917,0.2268,0,8,0.432,18.0,-5,1,2,0.646,1.5,9,9,5.0,0.537,,,,,,
2022,2022-07-06,수,07,18:30,한화,NC,한밭,한화,0,0,2726,11336,0.2405,0,10,0.316,27.0,-5,2,9,0.411,19.5,3,5,14.0,0.537,,,,,,
2022,2022-07-07,목,07,18:30,삼성,LG,대구,삼성,0,0,4989,24000,0.2079,0,7,0.443,17.0,-5,3,3,0.61,4.0,3,8,4.0,0.544,,,,,,
2022,2022-07-07,목,07,18:30,SSG,롯데,문학,SSG,0,0,5866,23000,0.255,0,1,0.662,0.0,-1,8,6,0.453,16.0,1,4,-13.0,0.544,,,,,,
2022,2022-07-07,목,07,18:30,두산,키움,잠실,LG;두산,0,0,3781,12917,0.2927,0,8,0.44,17.0,1,2,2,0.637,1.5,-1,9,4.0,0.544,,,,,,
2022,2022-07-07,목,07,18:30,한화,NC,한밭,한화,0,0,3111,11336,0.2744,0,10,0.312,27.0,-6,2,9,0.419,18.5,4,5,14.0,0.544,,,,,,
2022,2022-07-08,금,07,18:30,키움,NC,고척,키움,1,0,2500,10074,0.2482,0,2,0.63,2.5,-2,8,9,0.413,19.5,-1,5,-11.0,0.55,,,,,,
2022,2022-07-08,금,07,18:30,KIA,한화,광주,KIA,0,0,7732,17231,0.4487,0,5,0.494,13.5,-8,2,10,0.321,27.0,1,2,0.0,0.55,,,,,,
2022,2022-07-08,금,07,18:30,삼성,SSG,대구,삼성,0,0,5359,24000,0.2233,0,8,0.438,18.0,-6,3,1,0.667,0.0,1,8,4.5,0.55,,,,,,
2022,2022-07-08,금,07,18:30,KT,롯데,수원,KT,0,0,5218,20000,0.2609,0,4,0.519,11.5,5,7,6,0.447,17.0,-1,3,-2.0,0.55,,,,,,
2022,2022-07-08,금,07,18:30,두산,LG,잠실,LG;두산,0,0,9875,12917,0.7645,0,7,0.447,17.0,2,3,3,0.615,4.0,4,8,3.5,0.55,,,,,,
2022,2022-07-09,토,07,14:00,키움,NC,고척,키움,1,0,4459,10074,0.4426,0,2,0.634,2.5,1,8,9,0.408,20.5,-2,4,-11.0,0.557,,,,,,
2022,2022-07-09,토,07,18:00,KIA,한화,광주,KIA,0,0,13246,17231,0.7687,0,5,0.5,13.5,1,2,10,0.316,28.0,-1,2,0.0,0.557,,,,,,
2022,2022-07-09,토,07,18:00,삼성,SSG,대구,삼성,0,0,11924,24000,0.4968,0,8,0.432,19.0,-7,2,1,0.671,0.0,2,8,5.5,0.557,,,,,,
2022,2022-07-09,토,07,18:00,KT,롯데,수원,KT,0,0,13030,20000,0.6515,0,4,0.526,11.5,6,7,6,0.442,18.0,-2,3,-2.0,0.557,,,,,,
2022,2022-07-09,토,07,18:00,두산,LG,잠실,LG;두산,0,0,16032,12917,1.2412,1,7,0.442,18.0,-1,3,3,0.62,4.0,5,9,4.5,0.557,,,,,,
2022,2022-07-10,일,07,14:00,키움,NC,고척,키움,1,0,4419,10074,0.4387,0,2,0.639,2.5,2,8,9,0.403,21.5,-3,4,-11.0,0.564,,,,,,
2022,2022-07-10,일,07,17:00,KIA,한화,광주,KIA,0,0,8387,17231,0.4867,0,5,0.506,13.5,2,2,10,0.312,29.0,-2,2,0.0,0.564,,,,,,
2022,2022-07-10,일,07,17:00,삼성,SSG,대구,삼성,0,0,10126,24000,0.4219,0,8,0.427,20.0,-8,1,1,0.675,0.0,3,8,6.5,0.564,,,,,,
2022,2022-07-10,일,07,17:00,KT,롯데,수원,KT,0,0,9656,20000,0.4828,0,4,0.532,11.5,7,8,6,0.436,19.0,-3,3,-2.0,0.564,,,,,,
2022,2022-07-10,일,07,17:00,두산,LG,잠실,LG;두산,0,0,10980,12917,0.85,0,7,0.436,19.0,-2,2,3,0.625,4.0,6,9,5.5,0.564,,,,,,
2022,2022-07-12,화,07,18:30,SSG,키움,문학,SSG,0,0,10985,23000,0.4776,0,1,0.679,0.0,4,9,2,0.643,2.5,3,8,-13.5,0.571,,,,,,
2022,2022-07-12,화,07,18:30,롯데,한화,사직,롯데,0,0,22890,22990,0.9957,1,6,0.443,19.0,1,4,10,0.309,30.0,-3,1,5.5,0.571,,,,,,
2022,2022-07-12,화,07,18:30,KT,삼성,수원,KT,0,0,3723,20000,0.1862,0,4,0.525,12.5,-1,8,8,0.422,21.0,-9,1,-1.0,0.571,,,,,,
2022,2022-07-12,화,07,18:30,LG,KIA,잠실,LG;두산,0,0,14517,12917,1.1239,1,3,0.63,4.0,7,9,5,0.512,13.5,3,3,-9.5,0.571,,,,,,
2022,2022-07-12,화,07,18:30,NC,두산,창원,NC,0,0,3522,12938,0.2722,0,9,0.397,22.5,-4,4,7,0.43,20.0,-3,2,9.0,0.571,,,,,,
2022,2022-07-13,수,07,18:30,롯데,한화,사직,롯데,0,0,10188,22990,0.4431,0,6,0.45,19.0,2,4,10,0.305,31.0,-4,1,5.5,0.578,,,,,,
2022,2022-07-13,수,07,18:30,NC,두산,창원,NC,0,0,2880,12938,0.2226,0,9,0.392,23.5,-5,4,7,0.438,20.0,1,3,10.0,0.578,,,,,,
2022,2022-07-14,목,07,18:30,SSG,키움,문학,SSG,0,0,12969,23000,0.5639,0,1,0.683,0.0,5,9,2,0.635,3.5,-1,7,-13.5,0.581,,,,,,
2022,2022-07-14,목,07,18:30,롯데,한화,사직,롯데,0,0,7653,22990,0.3329,0,6,0.457,18.5,3,5,10,0.301,31.5,-5,1,5.0,0.581,,,,,,
2022,2022-07-14,목,07,18:30,KT,삼성,수원,KT,0,0,4703,20000,0.2351,0,4,0.531,12.5,1,8,8,0.417,22.0,-10,0,-1.0,0.581,,,,,,
2022,2022-07-14,목,07,18:30,LG,KIA,잠실,LG;두산,0,0,14590,12917,1.1295,1,3,0.622,5.0,-1,8,5,0.519,13.5,4,4,-8.5,0.581,,,,,,
2022,2022-07-14,목,07,18:30,NC,두산,창원,NC,0,0,4659,12938,0.3601,0,9,0.4,23.0,1,5,7,0.432,20.5,-1,3,9.5,0.581,,,,,,
2022,2022-07-22,금,07,18:30,키움,삼성,고척,키움,1,0,4776,10074,0.4741,0,2,0.628,4.5,-2,6,8,0.412,23.0,-11,0,-10.0,0.588,,,,,,
2022,2022-07-22,금,07,18:30,롯데,KIA,사직,롯데,0,0,11010,22990,0.4789,0,6,0.463,18.5,4,5,5,0.512,14.5,-1,4,4.0,0.588,,,,,,
2022,2022-07-22,금,07,18:30,두산,SSG,잠실,LG;두산,0,0,6223,12917,0.4818,0,7,0.439,20.5,1,4,1,0.687,0.0,6,9,6.0,0.588,,,,,,
2022,2022-07-22,금,07,18:30,NC,LG,창원,NC,0,0,5924,12938,0.4579,0,9,0.395,24.0,-1,4,3,0.627,5.0,1,8,9.5,0.588,,,,,,
2022,2022-07-22,금,07,18:30,한화,KT,한밭,한화,0,0,4010,11336,0.3537,0,10,0.298,32.5,-6,1,4,0.537,12.5,2,9,18.0,0.588,,,,,,
2022,2022-07-23,토,07,14:00,키움,삼성,고척,키움,1,0,7057,10074,0.7005,0,2,0.632,4.5,1,6,8,0.407,24.0,-12,0,-10.0,0.594,,,,,,
2022,2022-07-23,토,07,18:00,롯데,KIA,사직,롯데,0,0,15526,22990,0.6753,0,6,0.458,19.5,-1,5,5,0.518,14.5,1,5,5.0,0.594,,,,,,
2022,2022-07-23,토,07,18:00,NC,LG,창원,NC,0,0,7934,12938,0.6132,0,9,0.402,24.0,1,4,3,0.619,6.0,-1,8,9.5,0.594,,,,,,
2022,2022-07-23,토,07,18:00,한화,KT,한밭,한화,0,0,5234,11336,0.4617,0,10,0.306,32.5,1,2,4,0.53,13.5,-1,8,18.0,0.594,,,,,,
2022,2022-07-24,일,07,14:00,키움,삼성,고척,키움,1,0,6897,10074,0.6846,0,2,0.636,4.0,2,6,8,0.402,24.5,-13,0,-10.0,0.6,,,,,,
2022,2022-07-24,일,07,17:00,롯데,KIA,사직,롯데,0,0,10881,22990,0.4733,0,6,0.452,20.0,-2,5,5,0.524,14.0,2,6,6.0,0.6,,,,,,
2022,2022-07-24,일,07,17:00,두산,SSG,잠실,LG;두산,0,0,6216,12917,0.4812,0,7,0.434,21.5,-1,4,1,0.69,0.0,7,9,7.5,0.6,,,,,,
2022,2022-07-24,일,07,17:00,NC,LG,창원,NC,0,0,4034,12938,0.3118,0,9,0.398,24.5,-1,3,3,0.624,5.5,1,8,10.5,0.6,,,,,,
2022,2022-07-24,일,07,17:00,한화,KT,한밭,한화,0,0,3420,11336,0.3017,0,10,0.302,33.0,-1,2,4,0.536,13.0,1,8,19.0,0.6,,,,,,
2022,2022-07-26,화,07,18:30,KIA,NC,광주,KIA,0,0,5994,17231,0.3479,0,5,0.529,14.0,3,7,9,0.405,24.5,1,3,0.0,0.607,,,,,,
2022,2022-07-26,화,07,18:30,SSG,LG,문학,SSG,0,0,11063,23000,0.481,0,1,0.694,0.0,8,9,3,0.616,6.5,-1,7,-14.0,0.607,,,,,,
2022,2022-07-26,화,07,18:30,KT,키움,수원,KT,0,0,3631,20000,0.1815,0,4,0.541,13.0,2,8,2,0.629,5.0,-1,5,-1.0,0.607,,,,,,
2022,2022-07-26,화,07,18:30,두산,롯데,잠실,LG;두산,0,0,5857,12917,0.4534,0,7,0.429,22.5,-2,4,6,0.447,21.0,-3,4,8.5,0.607,,,,,,
2022,2022-07-26,화,07,18:30,삼성,한화,포항,삼성,0,1,5431,7202,0.7541,0,8,0.409,24.5,1,1,10,0.299,34.0,-2,2,10.5,0.607,,,,,,
2022,2022-07-27,수,07,18:30,KIA,NC,광주,KIA,0,0,5868,17231,0.3405,0,5,0.523,14.0,-1,7,8,0.412,23.5,2,4,0.0,0.614,,,,,,
2022,2022-07-27,수,07,18:30,SSG,LG,문학,SSG,0,0,10070,23000,0.4378,0,1,0.686,0.0,-1,8,3,0.621,5.5,1,7,-14.0,0.614,,,,,,
2022,2022-07-27,수,07,18:30,KT,키움,수원,KT,0,0,3126,20000,0.1563,0,4,0.535,13.0,-1,7,2,0.633,4.0,1,6,-1.0,0.614,,,,,,
2022,2022-07-27,수,07,18:30,두산,롯데,잠실,LG;두산,0,0,5115,12917,0.396,0,7,0.435,21.5,1,4,6,0.442,21.0,-4,4,7.5,0.614,,,,,,
2022,2022-07-27,수,07,18:30,삼성,한화,포항,삼성,0,1,6258,7202,0.8689,0,9,0.404,24.5,-1,1,10,0.307,33.0,1,2,10.5,0.614,,,,,,
2022,2022-07-28,목,07,18:30,KIA,NC,광주,KIA,0,0,6166,17231,0.3578,0,5,0.529,14.0,1,8,9,0.407,24.5,-1,4,0.0,0.621,,,,,,
2022,2022-07-28,목,07,18:30,SSG,LG,문학,SSG,0,0,15059,23000,0.6547,0,1,0.69,0.0,1,9,3,0.614,6.5,-1,6,-14.0,0.621,,,,,,
2022,2022-07-28,목,07,18:30,KT,키움,수원,KT,0,0,4828,20000,0.2414,0,4,0.54,13.0,1,7,2,0.626,5.0,-1,6,-1.0,0.621,,,,,,
2022,2022-07-28,목,07,18:30,두산,롯데,잠실,LG;두산,0,0,9820,12917,0.7602,0,6,0.442,21.5,2,4,7,0.437,22.0,-5,4,7.5,0.621,,,,,,
2022,2022-07-28,목,07,18:30,삼성,한화,포항,삼성,0,1,7202,7202,1.0,1,8,0.411,24.5,1,2,10,0.303,34.0,-1,2,10.5,0.621,,,,,,
2022,2022-07-29,금,07,18:30,KIA,SSG,광주,KIA,0,0,7755,17231,0.4501,0,5,0.523,15.0,-1,7,1,0.693,0.0,2,9,0.0,0.628,,,,,,
2022,2022-07-29,금,07,18:30,삼성,롯데,대구,삼성,0,0,10486,24000,0.4369,0,9,0.411,25.0,1,2,7,0.432,23.0,-6,4,10.0,0.628,,,,,,
2022,2022-07-29,금,07,18:30,LG,KT,잠실,LG;두산,0,0,9114,12917,0.7056,0,3,0.607,7.5,-2,5,4,0.545,13.0,2,7,-7.5,0.628,,,,,,
2022,2022-07-29,금,07,18:30,NC,키움,창원,NC,0,0,4796,12938,0.3707,0,8,0.414,24.5,1,5,2,0.62,6.0,-2,5,9.5,0.628,,,,,,
2022,2022-07-29,금,07,18:30,한화,두산,한밭,한화,0,0,3614,11336,0.3188,0,10,0.303,34.5,-1,2,6,0.448,21.5,3,5,19.5,0.628,,,,,,
2022,2022-07-30,토,07,18:00,KIA,SSG,광주,KIA,0,0,10836,17231,0.6289,0,5,0.528,14.0,1,7,1,0.685,0.0,-1,8,0.0,0.635,,,,,,
2022,2022-07-30,토,07,18:00,삼성,롯데,대구,삼성,0,0,18789,24000,0.7829,0,9,0.418,24.0,2,3,7,0.427,23.0,-7,3,10.0,0.635,,,,,,
2022,2022-07-30,토,07,18:00,LG,KT,잠실,LG;두산,0,0,10589,12917,0.8198,0,3,0.6,7.5,-3,4,4,0.551,12.0,3,7,-6.5,0.635,,,,,,
2022,2022-07-30,토,07,18:00,NC,키움,창원,NC,0,0,7150,12938,0.5526,0,8,0.42,23.5,2,6,2,0.613,6.0,-3,4,9.5,0.635,,,,,,
2022,2022-07-30,토,07,18:00,한화,두산,한밭,한화,0,0,5838,11336,0.515,0,10,0.3,34.5,-2,2,6,0.455,20.5,4,6,20.5,0.635,,,,,,
2022,2022-07-31,일,07,17:00,KIA,SSG,광주,KIA,0,0,6408,17231,0.3719,0,5,0.522,15.0,-1,6,1,0.689,0.0,1,8,0.0,0.642,,,,,,
2022,2022-07-31,일,07,17:00,삼성,롯데,대구,삼성,0,0,10854,24000,0.4522,0,9,0.413,25.0,-1,3,7,0.433,23.0,1,3,10.0,0.642,,,,,,
2022,2022-08-02,화,08,18:30,키움,SSG,고척,키움,1,0,6941,10074,0.689,0,2,0.613,7.0,-3,3,1,0.692,0.0,2,8,-9.0,0.644,,,,,,
2022,2022-08-02,화,08,18:30,롯데,LG,사직,롯데,0,0,7277,22990,0.3165,0,7,0.433,23.5,1,2,3,0.604,8.0,1,4,7.5,0.644,,,,,,
2022,2022-08-02,화,08,18:30,한화,KIA,한밭,한화,0,0,5151,11336,0.4544,0,10,0.308,35.0,1,3,5,0.516,16.0,-2,5,19.0,0.644,,,,,,
2022,2022-08-03,수,08,18:30,키움,SSG,고척,키움,1,0,7573,10074,0.7517,0,2,0.606,8.0,-4,3,1,0.696,0.0,3,8,-9.0,0.649,,,,,,
2022,2022-08-03,수,08,18:30,롯데,LG,사직,롯데,0,0,6829,22990,0.297,0,7,0.44,23.5,2,2,3,0.598,9.0,-1,4,6.5,0.649,,,,,,
2022,2022-08-03,수,08,18:30,두산,삼성,잠실,LG;두산,0,0,6125,12917,0.4742,0,6,0.449,22.5,-1,6,9,0.413,26.0,-1,3,5.5,0.649,,,,,,
2022,2022-08-03,수,08,18:30,NC,KT,창원,NC,0,0,4569,12938,0.3531,0,8,0.42,25.0,2,6,4,0.544,14.0,-1,7,8.0,0.649,,,,,,
2022,2022-08-03,수,08,18:30,한화,KIA,한밭,한화,0,0,5238,11336,0.4621,0,10,0.315,35.0,2,4,5,0.511,17.0,-3,5,18.0,0.649,,,,,,
2022,2022-08-04,목,08,18:30,키움,SSG,고척,키움,1,0,6064,10074,0.6019,0,2,0.611,7.0,1,4,1,0.688,0.0,-1,7,-9.0,0.656,,,,,,
2022,2022-08-04,목,08,18:30,롯데,LG,사직,롯데,0,0,5865,22990,0.2551,0,7,0.435,23.5,-1,2,3,0.602,8.0,1,4,7.5,0.656,,,,,,
2022,2022-08-04,목,08,18:30,두산,삼성,잠실,LG;두산,0,0,7429,12917,0.5751,0,6,0.456,21.5,1,6,9,0.409,26.0,-2,3,5.5,0.656,,,,,,
2022,2022-08-04,목,08,18:30,NC,KT,창원,NC,0,0,3210,12938,0.2481,0,8,0.416,25.0,-1,5,4,0.549,13.0,1,7,9.0,0.656,,,,,,
2022,2022-08-04,목,08,18:30,한화,KIA,한밭,한화,0,0,5586,11336,0.4928,0,10,0.312,35.0,-1,4,5,0.516,16.0,1,5,19.0,0.656,,,,,,
2022,2022-08-05,금,08,18:30,KIA,두산,광주,KIA,0,0,7903,17231,0.4587,0,5,0.511,17.0,-1,4,6,0.451,22.5,-1,6,0.0,0.662,,,,,,
2022,2022-08-05,금,08,18:30,SSG,삼성,문학,SSG,0,0,11962,23000,0.5201,0,1,0.691,0.0,1,7,9,0.415,26.0,1,4,-17.0,0.662,,,,,,
2022,2022-08-05,금,08,18:30,롯데,NC,사직,롯데,0,0,6243,22990,0.2716,0,7,0.43,24.5,-2,2,8,0.422,25.0,1,6,7.5,0.662,,,,,,
2022,2022-08-05,금,08,18:30,KT,한화,수원,KT,0,0,6114,20000,0.3057,0,4,0.543,14.0,-1,6,10,0.319,35.0,1,4,-3.0,0.662,,,,,,
2022,2022-08-05,금,08,18:30,LG,키움,잠실,LG;두산,0,0,10811,12917,0.837,0,2,0.606,8.0,2,5,3,0.604,8.0,-1,3,-9.0,0.662,,,,,,
2022,2022-08-06,토,08,18:00,KIA,두산,광주,KIA,0,0,8652,17231,0.5021,0,5,0.505,17.0,-2,3,6,0.457,21.5,1,6,0.0,0.669,,,,,,
2022,2022-08-06,토,08,18:00,SSG,삼성,문학,SSG,0,0,18640,23000,0.8104,0,1,0.684,0.0,-1,6,8,0.421,25.0,2,5,-17.0,0.669,,,,,,
2022,2022-08-06,토,08,18:00,롯데,NC,사직,롯데,0,0,9584,22990,0.4169,0,7,0.436,23.5,1,3,9,0.418,25.0,-1,5,6.5,0.669,,,,,,
2022,2022-08-06,토,08,18:00,KT,한화,수원,KT,0,0,9636,20000,0.4818,0,4,0.548,13.0,1,7,10,0.316,35.0,-1,4,-4.0,0.669,,,,,,
2022,2022-08-06,토,08,18:00,LG,키움,잠실,LG;두산,0,0,11357,12917,0.8792,0,3,0.6,8.0,-1,4,2,0.608,7.0,1,3,-9.0,0.669,,,,,,
2022,2022-08-07,일,08,17:00,KIA,두산,광주,KIA,0,0,6509,17231,0.3777,0,5,0.5,18.0,-3,3,6,0.462,21.5,2,7,0.0,0.676,,,,,,
2022,2022-08-07,일,08,17:00,SSG,삼성,문학,SSG,0,0,15958,23000,0.6938,0,1,0.688,0.0,1,7,9,0.417,26.0,-1,4,-18.0,0.676,,,,,,
2022,2022-08-07,일,08,17:00,롯데,NC,사직,롯데,0,0,6360,22990,0.2766,0,7,0.432,24.5,-1,3,8,0.424,25.0,1,6,6.5,0.676,,,,,,
2022,2022-08-07,일,08,17:00,KT,한화,수원,KT,0,0,8969,20000,0.4485,0,4,0.553,13.0,2,7,10,0.312,36.0,-2,4,-5.0,0.676,,,,,,
2022,2022-08-07,일,08,17:00,LG,키움,잠실,LG;두산,0,0,10396,12917,0.8048,0,2,0.604,8.0,1,5,3,0.602,8.0,-1,3,-10.0,0.676,,,,,,
2022,2022-08-10,수,08,18:30,키움,롯데,고척,키움,1,0,4352,10074,0.432,0,3,0.596,9.0,-2,2,8,0.427,25.5,-2,3,-9.0,0.683,,,,,,
2022,2022-08-10,수,08,18:30,삼성,KIA,대구,삼성,0,0,7722,24000,0.3217,0,9,0.412,27.0,-2,4,5,0.505,18.0,1,3,9.0,0.683,,,,,,
2022,2022-08-10,수,08,18:30,SSG,KT,문학,SSG,0,0,6523,23000,0.2836,0,1,0.691,0.0,2,7,4,0.547,14.0,-1,6,-18.0,0.683,,,,,,
2022,2022-08-10,수,08,18:30,두산,NC,잠실,LG;두산,0,0,2672,12917,0.2069,0,6,0.457,22.5,-1,7,7,0.43,25.0,2,6,4.5,0.683,,,,,,
2022,2022-08-11,목,08,18:30,키움,롯데,고척,키움,1,0,4515,10074,0.4482,0,3,0.59,10.0,-3,2,8,0.433,25.5,1,4,-9.0,0.689,,,,,,
2022,2022-08-11,목,08,18:30,SSG,KT,문학,SSG,0,0,6603,23000,0.2871,0,1,0.694,0.0,3,7,4,0.542,15.0,-2,6,-19.0,0.689,,,,,,
2022,2022-08-11,목,08,18:30,두산,NC,잠실,LG;두산,0,0,2005,12917,0.1552,0,6,0.453,23.5,-2,6,7,0.436,25.0,3,6,4.5,0.689,,,,,,
2022,2022-08-12,금,08,18:30,키움,롯데,고척,키움,1,0,4710,10074,0.4675,0,3,0.584,11.0,-4,2,8,0.439,25.5,2,5,-8.5,0.693,,,,,,
2022,2022-08-12,금,08,18:30,삼성,KIA,대구,삼성,0,0,10291,24000,0.4288,0,9,0.418,27.5,1,4,5,0.5,19.5,-1,3,8.0,0.693,,,,,,
2022,2022-08-12,금,08,18:30,SSG,KT,문학,SSG,0,0,10093,23000,0.4388,0,1,0.697,0.0,4,8,4,0.536,16.0,-3,5,-19.5,0.693,,,,,,
2022,2022-08-12,금,08,18:30,두산,NC,잠실,LG;두산,0,0,3679,12917,0.2848,0,6,0.448,24.5,-3,5,7,0.442,25.0,4,7,5.0,0.693,,,,,,
2022,2022-08-12,금,08,18:30,한화,LG,한밭,한화,0,0,4400,11336,0.3881,0,10,0.32,37.0,1,4,2,0.608,9.0,2,5,17.5,0.693,,,,,,
2022,2022-08-13,토,08,18:00,KIA,롯데,광주,KIA,0,0,12159,17231,0.7056,0,5,0.495,19.5,-2,2,7,0.444,24.5,3,5,0.0,0.7,,,,,,
2022,2022-08-13,토,08,18:00,KT,삼성,수원,KT,0,0,7963,20000,0.3982,0,4,0.541,15.0,1,5,9,0.424,26.5,2,5,-4.5,0.7,,,,,,
2022,2022-08-13,토,08,18:00,두산,SSG,잠실,LG;두산,0,0,6659,12917,0.5155,0,6,0.454,23.5,1,5,1,0.69,0.0,-1,7,4.0,0.7,,,,,,
2022,2022-08-13,토,08,18:00,한화,키움,한밭,한화,0,0,4331,11336,0.3821,0,10,0.316,37.0,-1,4,3,0.578,11.0,-5,2,17.5,0.7,,,,,,
2022,2022-08-14,일,08,17:00,KIA,롯데,광주,KIA,0,0,11374,17231,0.6601,0,5,0.5,19.5,1,3,7,0.44,25.5,-1,5,0.0,0.706,,,,,,
2022,2022-08-14,일,08,17:00,KT,삼성,수원,KT,0,0,7720,20000,0.386,0,4,0.545,15.0,2,5,9,0.42,27.5,-1,4,-4.5,0.706,,,,,,
2022,2022-08-14,일,08,17:00,두산,SSG,잠실,LG;두산,0,0,6973,12917,0.5398,0,6,0.449,24.5,-1,4,1,0.693,0.0,1,7,5.0,0.706,,,,,,
2022,2022-08-14,일,08,17:00,NC,LG,창원,NC,0,0,7327,12938,0.5663,0,8,0.438,25.5,-1,6,2,0.612,8.5,3,6,6.0,0.706,,,,,,
2022,2022-08-14,일,08,17:00,한화,키움,한밭,한화,0,0,5274,11336,0.4652,0,10,0.313,38.0,-2,4,3,0.583,11.0,1,3,18.5,0.706,,,,,,
2022,2022-08-16,화,08,18:30,KT,키움,수원,KT,0,0,3745,20000,0.1872,0,4,0.55,15.0,3,6,3,0.587,11.0,2,4,-5.5,0.713,,,,,,
2022,2022-08-16,화,08,18:30,LG,삼성,잠실,LG;두산,0,0,9671,12917,0.7487,0,2,0.606,9.5,-1,6,9,0.416,28.5,-2,4,-11.0,0.713,,,,,,
2022,2022-08-17,수,08,18:30,KIA,SSG,광주,KIA,0,0,4330,17231,0.2513,0,5,0.495,20.5,-1,3,1,0.696,0.0,2,7,0.0,0.715,,,,,,
2022,2022-08-17,수,08,18:30,롯데,두산,사직,롯데,0,0,3618,22990,0.1574,0,6,0.446,25.5,1,5,7,0.444,25.5,-2,4,5.0,0.715,,,,,,
2022,2022-08-17,수,08,18:30,KT,키움,수원,KT,0,0,3768,20000,0.1884,0,4,0.554,14.5,4,6,3,0.581,11.5,-1,3,-6.0,0.715,,,,,,
2022,2022-08-17,수,08,18:30,LG,삼성,잠실,LG;두산,0,0,9180,12917,0.7107,0,2,0.61,9.0,1,7,9,0.412,29.0,-3,4,-11.5,0.715,,,,,,
2022,2022-08-17,수,08,18:30,NC,한화,창원,NC,0,0,2663,12938,0.2058,0,8,0.443,25.5,1,6,10,0.31,39.0,-3,4,5.0,0.715,,,,,,
2022,2022-08-18,목,08,18:30,KIA,NC,광주,KIA,0,0,4927,17231,0.2859,0,5,0.5,19.5,1,4,7,0.449,24.5,2,7,0.0,0.722,,,,,,
2022,2022-08-18,목,08,18:30,SSG,LG,문학,SSG,0,0,14662,23000,0.6375,0,1,0.689,0.0,-1,7,2,0.614,8.0,2,7,-19.5,0.722,,,,,,
2022,2022-08-18,목,08,18:30,롯데,KT,사직,롯데,0,0,6316,22990,0.2747,0,6,0.451,24.5,2,6,4,0.559,13.5,5,7,5.0,0.722,,,,,,
2022,2022-08-18,목,08,18:30,두산,키움,잠실,LG;두산,0,0,3517,12917,0.2723,0,8,0.44,25.5,-3,3,3,0.575,11.5,-2,3,6.0,0.722,,,,,,
2022,2022-08-18,목,08,18:30,한화,삼성,한밭,한화,0,0,3023,11336,0.2667,0,10,0.307,39.0,-4,3,9,0.408,29.0,-4,4,19.5,0.722,,,,,,
2022,2022-08-19,금,08,18:30,KIA,NC,광주,KIA,0,0,5438,17231,0.3156,0,5,0.495,19.5,-1,3,7,0.455,23.5,3,8,0.0,0.729,,,,,,
2022,2022-08-19,금,08,18:30,롯데,KT,사직,롯데,0,0,4607,22990,0.2004,0,6,0.456,23.5,3,7,4,0.553,13.5,-1,6,4.0,0.729,,,,,,
2022,2022-08-19,금,08,18:30,한화,삼성,한밭,한화,0,0,3213,11336,0.2834,0,10,0.304,39.0,-5,2,9,0.413,28.0,1,4,19.5,0.729,,,,,,
2022,2022-08-20,토,08,14:00,키움,SSG,고척,키움,1,0,7439,10074,0.7384,0,3,0.57,11.5,-3,2,1,0.683,0.0,-2,6,-7.5,0.733,,,,,,
2022,2022-08-20,토,08,18:00,롯데,한화,사직,롯데,0,0,7376,22990,0.3208,0,6,0.452,24.0,-1,6,10,0.301,39.5,-6,2,5.0,0.733,,,,,,
2022,2022-08-20,토,08,18:00,KT,KIA,수원,KT,0,0,19194,20000,0.9597,0,4,0.558,13.0,1,6,5,0.5,19.0,1,4,-6.0,0.733,,,,,,
2022,2022-08-20,토,08,18:00,LG,두산,잠실,LG;두산,0,0,17504,12917,1.3551,1,2,0.618,7.0,3,8,8,0.446,24.5,1,4,-12.0,0.733,,,,,,
2022,2022-08-21,일,08,14:00,키움,SSG,고척,키움,1,0,7183,10074,0.713,0,3,0.565,12.5,-4,2,1,0.686,0.0,1,7,-6.5,0.739,,,,,,
2022,2022-08-21,일,08,17:00,삼성,NC,대구,삼성,0,0,11429,24000,0.4762,0,9,0.419,28.0,2,4,6,0.45,24.5,-1,7,9.0,0.739,,,,,,
2022,2022-08-21,일,08,17:00,롯데,한화,사직,롯데,0,0,7754,22990,0.3373,0,7,0.448,25.0,-2,6,10,0.308,39.5,1,2,6.0,0.739,,,,,,
2022,2022-08-21,일,08,17:00,KT,KIA,수원,KT,0,0,16158,20000,0.8079,0,4,0.552,14.0,-1,6,5,0.505,19.0,2,5,-5.0,0.739,,,,,,
2022,2022-08-21,일,08,17:00,LG,두산,잠실,LG;두산,0,0,14441,12917,1.118,1,2,0.621,7.0,4,8,8,0.441,25.5,-1,3,-12.0,0.739,,,,,,
2022,2022-08-23,화,08,18:30,키움,KIA,고척,키움,1,0,6637,10074,0.6588,0,3,0.56,13.5,-5,2,5,0.5,20.0,-1,5,-6.5,0.746,,,,,,
2022,2022-08-23,화,08,18:30,SSG,삼성,문학,SSG,0,0,8096,23000,0.352,0,1,0.689,0.0,2,7,9,0.415,29.0,-1,4,-20.0,0.746,,,,,,
2022,2022-08-23,화,08,18:30,두산,KT,잠실,LG;두산,0,0,3059,12917,0.2368,0,8,0.447,25.5,1,3,4,0.557,14.0,1,7,5.5,0.746,,,,,,
2022,2022-08-23,화,08,18:30,NC,롯데,창원,NC,0,0,9211,12938,0.7119,0,6,0.455,24.5,1,8,7,0.453,25.0,1,7,4.5,0.746,,,,,,
2022,2022-08-23,화,08,18:30,한화,LG,한밭,한화,0,0,2107,11336,0.1859,0,10,0.305,40.5,-1,2,2,0.615,8.0,-1,7,20.5,0.746,,,,,,
2022,2022-08-24,수,08,18:30,키움,KIA,고척,키움,1,0,8175,10074,0.8115,0,4,0.555,14.5,-6,2,5,0.505,20.0,1,5,-5.5,0.753,,,,,,
2022,2022-08-24,수,08,18:30,SSG,삼성,문학,SSG,0,0,8345,23000,0.3628,0,1,0.692,0.0,3,7,9,0.411,30.0,-2,4,-20.0,0.753,,,,,,
2022,2022-08-24,수,08,18:30,두산,KT,잠실,LG;두산,0,0,2827,12917,0.2189,0,8,0.442,26.5,-1,3,3,0.561,14.0,2,8,6.5,0.753,,,,,,
2022,2022-08-24,수,08,18:30,NC,롯데,창원,NC,0,0,7479,12938,0.5781,0,7,0.451,25.5,-1,7,6,0.458,25.0,2,7,5.5,0.753,,,,,,
2022,2022-08-24,수,08,18:30,한화,LG,한밭,한화,0,0,2608,11336,0.2301,0,10,0.311,40.5,1,3,2,0.61,9.0,-2,7,20.5,0.753,,,,,,
2022,2022-08-25,목,08,18:30,롯데,삼성,사직,롯데,0,0,6844,22990,0.2977,0,6,0.463,25.0,3,7,9,0.407,31.0,-3,3,4.0,0.76,,,,,,
2022,2022-08-25,목,08,18:30,KT,SSG,수원,KT,0,0,5103,20000,0.2551,0,3,0.565,14.0,3,8,1,0.694,0.0,4,7,-7.0,0.76,,,,,,
2022,2022-08-25,목,08,18:30,LG,KIA,잠실,LG;두산,0,0,14262,12917,1.1041,1,2,0.613,9.0,1,7,5,0.5,21.0,-1,5,-12.0,0.76,,,,,,
2022,2022-08-25,목,08,18:30,NC,키움,창원,NC,0,0,2712,12938,0.2096,0,7,0.447,26.5,-2,6,4,0.559,14.5,1,3,5.5,0.76,,,,,,
2022,2022-08-25,목,08,18:30,한화,두산,한밭,한화,0,0,2315,11336,0.2042,0,10,0.308,41.5,-1,2,8,0.438,27.5,-2,3,20.5,0.76,,,,,,
2022,2022-08-26,금,08,18:30,롯데,삼성,사직,롯데,0,0,7483,22990,0.3255,0,6,0.459,25.0,-1,6,9,0.413,30.0,1,3,5.0,0.767,,,,,,
2022,2022-08-26,금,08,18:30,KT,SSG,수원,KT,0,0,6149,20000,0.3075,0,3,0.569,13.0,4,8,1,0.688,0.0,-1,6,-7.0,0.767,,,,,,
2022,2022-08-26,금,08,18:30,LG,KIA,잠실,LG;두산,0,0,18154,12917,1.4054,1,2,0.607,9.0,-1,6,5,0.505,20.0,1,6,-11.0,0.767,,,,,,
2022,2022-08-26,금,08,18:30,NC,키움,창원,NC,0,0,4856,12938,0.3753,0,7,0.442,26.5,-3,5,4,0.562,13.5,2,4,6.5,0.767,,,,,,
2022,2022-08-26,금,08,18:30,한화,두산,한밭,한화,0,0,3226,11336,0.2846,0,10,0.315,40.5,1,3,8,0.434,27.5,-3,3,20.5,0.767,,,,,,
2022,2022-08-27,토,08,18:00,KIA,두산,광주,KIA,0,0,11053,17231,0.6415,0,5,0.5,20.0,-1,5,8,0.43,27.5,-4,2,0.0,0.774,,,,,,
2022,2022-08-27,토,08,18:00,삼성,한화,대구,삼성,0,0,13729,24000,0.572,0,9,0.409,30.0,-1,3,10,0.321,39.5,2,4,10.0,0.774,,,,,,
2022,2022-08-27,토,08,18:00,SSG,롯데,문학,SSG,0,0,21043,23000,0.9149,0,1,0.682,0.0,-2,6,6,0.464,24.0,1,7,-20.0,0.774,,,,,,
2022,2022-08-27,토,08,18:00,LG,키움,잠실,LG;두산,0,0,15250,12917,1.1806,1,2,0.611,8.0,1,6,4,0.566,12.5,3,4,-12.0,0.774,,,,,,
2022,2022-08-27,토,08,18:00,NC,KT,창원,NC,0,0,8977,12938,0.6938,0,7,0.438,26.5,-4,4,3,0.573,12.0,5,8,6.5,0.774,,,,,,
2022,2022-08-28,일,08,17:00,KIA,두산,광주,KIA,0,0,8188,17231,0.4752,0,5,0.495,21.0,-2,5,8,0.435,27.5,1,3,0.0,0.781,,,,,,
2022,2022-08-28,일,08,17:00,삼성,한화,대구,삼성,0,0,10236,24000,0.4265,0,9,0.414,30.0,1,4,10,0.318,40.5,-1,4,9.0,0.781,,,,,,
2022,2022-08-28,일,08,17:00,SSG,롯데,문학,SSG,0,0,20604,23000,0.8958,0,1,0.685,0.0,1,6,6,0.459,25.0,-1,6,-21.0,0.781,,,,,,
2022,2022-08-28,일,08,17:00,LG,키움,잠실,LG;두산,0,0,12917,12917,1.0,1,2,0.615,8.0,2,7,4,0.561,13.5,-1,3,-13.0,0.781,,,,,,
2022,2022-08-28,일,08,17:00,NC,KT,창원,NC,0,0,5110,12938,0.395,0,7,0.443,26.5,1,5,3,0.568,13.0,-1,7,5.5,0.781,,,,,,
2022,2022-08-30,화,08,18:30,키움,롯데,고척,키움,1,0,4381,10074,0.4349,0,4,0.557,13.5,-2,3,6,0.464,24.0,1,6,-6.5,0.787,,,,,,
2022,2022-08-31,수,08,18:30,키움,롯데,고척,키움,1,0,6685,10074,0.6636,0,4,0.56,13.0,1,4,6,0.46,24.5,-1,5,-7.0,0.789,,,,,,
2022,2022-08-31,수,08,18:30,삼성,SSG,대구,삼성,0,0,4314,24000,0.1797,0,9,0.42,29.0,2,5,1,0.679,0.0,-1,5,9.0,0.789,,,,,,
2022,2022-08-31,수,08,18:30,KT,두산,수원,KT,0,0,3798,20000,0.1899,0,3,0.562,13.0,-2,6,8,0.431,27.5,-1,3,-7.0,0.789,,,,,,
2022,2022-08-31,수,08,18:30,LG,NC,잠실,LG;두산,0,0,8553,12917,0.6622,0,2,0.618,7.0,3,7,7,0.449,25.5,2,5,-13.0,0.789,,,,,,
2022,2022-08-31,수,08,18:30,한화,KIA,한밭,한화,0,0,3513,11336,0.3099,0,10,0.315,40.5,-2,4,5,0.5,20.0,1,5,20.5,0.789,,,,,,
2022,2022-09-01,목,09,18:30,키움,한화,고척,키움,1,0,2799,10074,0.2778,0,4,0.564,12.0,2,5,10,0.312,40.5,-3,4,-7.0,0.796,,,,,,
2022,2022-09-01,목,09,18:30,KIA,삼성,광주,KIA,0,0,5234,17231,0.3038,0,5,0.504,19.0,2,6,9,0.425,28.0,3,6,0.0,0.796,,,,,,
2022,2022-09-01,목,09,18:30,SSG,NC,문학,SSG,0,0,7804,23000,0.3393,0,1,0.673,0.0,-2,5,7,0.444,25.5,-1,4,-19.0,0.796,,,,,,
2022,2022-09-01,목,09,18:30,KT,LG,수원,KT,0,0,6888,20000,0.3444,0,3,0.566,12.0,1,7,2,0.622,6.0,4,7,-7.0,0.796,,,,,,
2022,2022-09-01,목,09,18:30,두산,롯데,잠실,LG;두산,0,0,6219,12917,0.4815,0,8,0.427,27.5,-2,3,6,0.456,24.5,-2,5,8.5,0.796,,,,,,
2022,2022-09-02,금,09,18:30,키움,한화,고척,키움,1,0,3156,10074,0.3133,0,3,0.568,11.0,3,6,10,0.31,40.5,-4,4,-8.0,0.803,,,,,,
2022,2022-09-02,금,09,18:30,KIA,삼성,광주,KIA,0,0,6274,17231,0.3641,0,5,0.5,19.0,-1,5,9,0.43,27.0,4,6,0.0,0.803,,,,,,
2022,2022-09-02,금,09,18:30,SSG,NC,문학,SSG,0,0,12392,23000,0.5388,0,1,0.667,0.0,-3,5,7,0.45,24.5,1,4,-19.0,0.803,,,,,,
2022,2022-09-02,금,09,18:30,KT,LG,수원,KT,0,0,10128,20000,0.5064,0,4,0.561,12.0,-1,6,2,0.625,5.0,5,7,-7.0,0.803,,,,,,
2022,2022-09-02,금,09,18:30,두산,롯데,잠실,LG;두산,0,0,8100,12917,0.6271,0,8,0.432,26.5,1,3,6,0.452,24.5,-3,5,7.5,0.803,,,,,,
2022,2022-09-03,토,09,17:00,KIA,KT,광주,KIA,0,0,10639,17231,0.6174,0,5,0.504,19.0,1,5,4,0.557,13.0,-2,6,0.0,0.81,,,,,,
2022,2022-09-03,토,09,17:00,SSG,키움,문학,SSG,0,0,20347,23000,0.8847,0,1,0.67,0.0,1,5,3,0.571,11.0,4,7,-19.0,0.81,,,,,,
2022,2022-09-03,토,09,17:00,두산,삼성,잠실,LG;두산,0,0,13113,12917,1.0152,1,8,0.429,27.5,-1,3,9,0.426,28.0,-1,5,8.5,0.81,,,,,,
2022,2022-09-03,토,09,17:00,한화,NC,한밭,한화,0,0,5547,11336,0.4893,0,10,0.307,41.5,-5,3,7,0.445,25.5,-1,4,22.5,0.81,,,,,,
2022,2022-09-04,일,09,14:00,KIA,KT,광주,KIA,0,0,7056,17231,0.4095,0,5,0.5,19.0,-1,5,4,0.56,12.0,1,6,0.0,0.815,,,,,,
2022,2022-09-04,일,09,14:00,롯데,LG,사직,롯데,0,0,6286,22990,0.2734,0,6,0.457,24.0,1,5,2,0.628,4.5,6,7,5.0,0.815,,,,,,
2022,2022-09-04,일,09,14:00,한화,NC,한밭,한화,0,0,3743,11336,0.3302,0,10,0.313,40.5,1,4,7,0.441,25.5,-2,3,21.5,0.815,,,,,,
2022,2022-09-06,화,09,18:30,삼성,키움,대구,삼성,0,0,3890,24000,0.1621,0,8,0.431,27.0,1,6,3,0.575,10.0,5,8,7.5,0.819,,,,,,
2022,2022-09-06,화,09,18:30,KT,한화,수원,KT,0,0,3459,20000,0.1729,0,4,0.564,11.5,2,6,10,0.319,40.0,2,4,-8.0,0.819,,,,,,
2022,2022-09-06,화,09,18:30,롯데,KIA,울산,롯데,0,1,5060,7380,0.6856,0,6,0.453,24.5,-1,4,5,0.496,19.5,-2,4,5.0,0.819,,,,,,
2022,2022-09-06,화,09,18:30,LG,SSG,잠실,LG;두산,0,0,12917,12917,1.0,1,2,0.632,4.0,7,8,1,0.664,0.0,-1,4,-15.5,0.819,,,,,,
2022,2022-09-06,화,09,18:30,NC,두산,창원,NC,0,0,4331,12938,0.3348,0,7,0.438,26.0,-3,3,9,0.425,27.5,-2,2,6.5,0.819,,,,,,
2022,2022-09-07,수,09,18:30,삼성,키움,대구,삼성,0,0,5093,24000,0.2122,0,8,0.436,27.0,2,7,3,0.57,11.0,-1,7,6.5,0.826,,,,,,
2022,2022-09-07,수,09,18:30,KT,한화,수원,KT,0,0,4364,20000,0.2182,0,4,0.568,11.5,3,6,10,0.316,41.0,-1,4,-9.0,0.826,,,,,,
2022,2022-09-07,수,09,18:30,롯데,KIA,울산,롯데,0,1,7380,7380,1.0,1,6,0.458,24.5,1,4,5,0.492,20.5,-3,4,4.0,0.826,,,,,,
2022,2022-09-07,수,09,18:30,LG,SSG,잠실,LG;두산,0,0,15185,12917,1.1756,1,2,0.626,5.0,-1,8,1,0.667,0.0,1,4,-15.5,0.826,,,,,,
2022,2022-09-07,수,09,18:30,NC,두산,창원,NC,0,0,8070,12938,0.6237,0,7,0.442,26.0,1,4,9,0.421,28.5,-3,2,5.5,0.826,,,,,,
2022,2022-09-08,목,09,18:30,키움,LG,고척,키움,1,0,6505,10074,0.6457,0,4,0.566,11.5,-2,6,2,0.626,5.0,-1,7,-8.5,0.833,,,,,,
2022,2022-09-08,목,09,18:30,삼성,롯데,대구,삼성,0,0,13125,24000,0.5469,0,8,0.441,26.5,3,8,6,0.454,25.0,-1,4,6.5,0.833,,,,,,
2022,2022-09-08,목,09,18:30,SSG,KIA,문학,SSG,0,0,16148,23000,0.7021,0,1,0.667,0.0,1,3,5,0.496,20.0,1,4,-20.0,0.833,,,,,,
2022,2022-09-08,목,09,18:30,KT,NC,수원,KT,0,0,3651,20000,0.1825,0,3,0.571,11.0,4,6,7,0.447,25.5,2,5,-9.0,0.833,,,,,,
2022,2022-09-08,목,09,18:30,두산,한화,잠실,LG;두산,0,0,4757,12917,0.3683,0,9,0.417,29.0,-4,2,10,0.314,41.5,-2,3,9.0,0.833,,,,,,
2022,2022-09-09,금,09,14:00,키움,LG,고척,키움,1,0,10074,10074,1.0,1,3,0.569,10.5,1,6,2,0.621,5.0,-2,7,-8.5,0.84,,,,,,
2022,2022-09-09,금,09,14:00,삼성,롯데,대구,삼성,0,0,12634,24000,0.5264,0,8,0.437,26.5,-1,7,6,0.458,24.0,1,4,7.5,0.84,,,,,,
2022,2022-09-09,금,09,14:00,SSG,KIA,문학,SSG,0,0,20951,23000,0.9109,0,1,0.661,0.0,-1,3,5,0.5,19.0,2,5,-19.0,0.84,,,,,,
2022,2022-09-09,금,09,14:00,KT,NC,수원,KT,0,0,5966,20000,0.2983,0,4,0.567,11.0,-1,5,7,0.452,24.5,3,6,-8.0,0.84,,,,,,
2022,2022-09-09,금,09,14:00,두산,한화,잠실,LG;두산,0,0,5691,12917,0.4406,0,9,0.414,29.0,-5,2,10,0.319,40.5,1,3,10.0,0.84,,,,,,
2022,2022-09-10,토,09,17:00,키움,KT,고척,키움,1,0,4017,10074,0.3987,0,3,0.565,10.5,-1,6,4,0.562,11.0,-2,5,-7.5,0.847,,,,,,
2022,2022-09-10,토,09,17:00,삼성,LG,대구,삼성,0,0,11995,24000,0.4998,0,8,0.442,25.5,1,8,2,0.624,4.0,1,7,7.5,0.847,,,,,,
2022,2022-09-10,토,09,17:00,롯데,NC,사직,롯데,0,0,11091,22990,0.4824,0,7,0.455,24.0,-1,4,6,0.457,23.5,4,6,6.0,0.847,,,,,,
2022,2022-09-10,토,09,14:00,두산,KIA,잠실,LG;두산,0,0,13433,12917,1.0399,1,9,0.419,28.0,1,3,5,0.504,18.0,3,6,10.0,0.847,,,,,,
2022,2022-09-10,토,09,17:00,한화,SSG,한밭,한화,0,0,5236,11336,0.4619,0,10,0.317,40.5,-1,3,1,0.655,0.0,-2,3,22.5,0.847,,,,,,
2022,2022-09-11,일,09,14:00,키움,KT,고척,키움,1,0,5009,10074,0.4972,0,4,0.56,10.5,-2,6,3,0.566,10.0,1,6,-6.5,0.854,,,,,,
2022,2022-09-11,일,09,14:00,삼성,LG,대구,삼성,0,0,15446,24000,0.6436,0,8,0.438,25.5,-1,7,2,0.627,3.0,2,7,8.5,0.854,,,,,,
2022,2022-09-11,일,09,14:00,롯데,NC,사직,롯데,0,0,12343,22990,0.5369,0,7,0.451,24.0,-2,3,6,0.462,22.5,5,6,7.0,0.854,,,,,,
2022,2022-09-11,일,09,14:00,두산,KIA,잠실,LG;두산,0,0,20681,12917,1.6011,1,9,0.415,28.0,-1,2,5,0.508,17.0,4,6,11.0,0.854,,,,,,
2022,2022-09-11,일,09,14:00,한화,SSG,한밭,한화,0,0,7863,11336,0.6936,0,10,0.322,39.5,1,4,1,0.65,0.0,-3,2,22.5,0.854,,,,,,
2022,2022-09-13,화,09,18:30,KIA,키움,광주,KIA,0,0,3507,17231,0.2035,0,5,0.504,18.0,-1,5,3,0.563,10.5,1,6,0.0,0.861,,,,,,
2022,2022-09-13,화,09,18:30,롯데,SSG,사직,롯데,0,0,4570,22990,0.1988,0,7,0.447,25.0,-3,3,1,0.653,0.0,1,3,7.0,0.861,,,,,,
2022,2022-09-13,화,09,18:30,두산,LG,잠실,LG;두산,0,0,6803,12917,0.5267,0,9,0.42,28.0,1,3,2,0.622,4.0,-1,6,10.0,0.861,,,,,,
2022,2022-09-13,화,09,18:30,NC,삼성,창원,NC,0,0,3780,12938,0.2922,0,6,0.466,22.5,6,7,8,0.443,25.5,1,7,4.5,0.861,,,,,,
2022,2022-09-13,화,09,18:30,한화,KT,한밭,한화,0,0,2723,11336,0.2402,0,10,0.32,40.5,-1,4,4,0.561,11.0,-1,5,22.5,0.861,,,,,,
2022,2022-09-14,수,09,18:30,KIA,키움,광주,KIA,0,0,5175,17231,0.3003,0,5,0.5,18.0,-2,5,3,0.567,9.5,2,6,0.0,0.868,,,,,,
2022,2022-09-14,수,09,18:30,롯데,SSG,사직,롯데,0,0,4179,22990,0.1818,0,7,0.452,24.0,1,4,1,0.648,0.0,-1,3,6.0,0.868,,,,,,
2022,2022-09-14,수,09,18:30,두산,LG,잠실,LG;두산,0,0,7098,12917,0.5495,0,9,0.417,28.0,-1,3,2,0.625,3.0,1,6,10.0,0.868,,,,,,
2022,2022-09-14,수,09,18:30,NC,삼성,창원,NC,0,0,4084,12938,0.3157,0,6,0.462,22.5,-1,6,8,0.447,24.5,2,7,4.5,0.868,,,,,,
2022,2022-09-14,수,09,18:30,한화,KT,한밭,한화,0,0,2777,11336,0.245,0,10,0.317,40.5,-2,4,4,0.565,10.0,1,6,22.5,0.868,,,,,,
2022,2022-09-15,목,09,18:30,KIA,한화,광주,KIA,0,0,5158,17231,0.2993,0,5,0.496,19.0,-3,4,10,0.323,40.5,1,5,0.0,0.875,,,,,,
2022,2022-09-15,목,09,18:30,삼성,두산,대구,삼성,0,0,5374,24000,0.2239,0,8,0.444,25.5,-1,6,9,0.421,28.0,1,3,6.5,0.875,,,,,,
2022,2022-09-15,목,09,18:30,롯데,키움,사직,롯데,0,0,5133,22990,0.2233,0,7,0.448,25.0,-1,4,3,0.57,9.5,3,6,6.0,0.875,,,,,,
2022,2022-09-15,목,09,18:30,LG,KT,잠실,LG;두산,0,0,9614,12917,0.7443,0,2,0.62,4.0,-1,5,4,0.56,11.0,-1,6,-15.0,0.875,,,,,,
2022,2022-09-15,목,09,18:30,NC,SSG,창원,NC,0,0,3851,12938,0.2977,0,6,0.467,22.5,1,7,1,0.65,0.0,1,4,3.5,0.875,,,,,,
2022,2022-09-16,금,09,18:30,KIA,한화,광주,KIA,0,0,8642,17231,0.5015,0,5,0.492,19.0,-4,4,10,0.328,39.5,2,5,0.0,0.882,,,,,,
2022,2022-09-16,금,09,18:30,삼성,두산,대구,삼성,0,0,6576,24000,0.274,0,8,0.448,24.5,1,7,9,0.418,28.0,-1,3,5.5,0.882,,,,,,
2022,2022-09-16,금,09,18:30,롯데,키움,사직,롯데,0,0,8567,22990,0.3726,0,7,0.452,24.0,1,4,3,0.566,9.5,-1,5,5.0,0.882,,,,,,
2022,2022-09-16,금,09,18:30,NC,SSG,창원,NC,0,0,5680,12938,0.439,0,6,0.471,21.5,2,8,1,0.645,0.0,-1,3,2.5,0.882,,,,,,
2022,2022-09-17,토,09,17:00,키움,NC,고척,키움,1,0,5827,10074,0.5784,0,3,0.569,9.5,1,5,6,0.467,22.5,-1,8,-10.5,0.887,,,,,,
2022,2022-09-17,토,09,17:00,삼성,KIA,대구,삼성,0,0,15130,24000,0.6304,0,8,0.444,25.5,-1,6,5,0.488,20.0,-5,4,5.5,0.887,,,,,,
2022,2022-09-17,토,09,17:00,SSG,두산,문학,SSG,0,0,20871,23000,0.9074,0,1,0.648,0.0,1,4,9,0.423,28.0,1,4,-20.0,0.887,,,,,,
2022,2022-09-17,토,09,17:00,KT,롯데,수원,KT,0,0,14944,20000,0.7472,0,4,0.556,11.5,-2,5,7,0.449,25.0,-1,4,-8.5,0.887,,,,,,
2022,2022-09-17,토,09,17:00,LG,한화,잠실,LG;두산,0,0,20104,12917,1.5564,1,2,0.623,3.5,1,5,10,0.333,39.5,3,5,-16.5,0.887,,,,,,
2022,2022-09-18,일,09,14:00,키움,NC,고척,키움,1,0,4128,10074,0.4098,0,3,0.573,8.5,2,6,6,0.463,22.5,-2,7,-11.5,0.894,,,,,,
2022,2022-09-18,일,09,14:00,삼성,KIA,대구,삼성,0,0,12340,24000,0.5142,0,8,0.449,24.5,1,6,5,0.484,20.0,-6,4,4.5,0.894,,,,,,
2022,2022-09-18,일,09,14:00,SSG,두산,문학,SSG,0,0,17684,23000,0.7689,0,1,0.643,0.0,-1,3,9,0.427,27.0,2,5,-20.0,0.894,,,,,,
2022,2022-09-18,일,09,14:00,KT,롯데,수원,KT,0,0,16612,20000,0.8306,0,4,0.551,11.5,-3,4,7,0.453,24.0,1,4,-8.5,0.894,,,,,,
2022,2022-09-18,일,09,14:00,LG,한화,잠실,LG;두산,0,0,16798,12917,1.3005,1,2,0.626,2.5,2,5,10,0.331,39.5,-1,5,-17.5,0.894,,,,,,
2022,2022-09-20,화,09,18:30,키움,삼성,고척,키움,1,0,4851,10074,0.4815,0,3,0.568,9.5,-1,6,7,0.453,24.5,2,6,-11.5,0.901,,,,,,
2022,2022-09-20,화,09,18:30,KIA,LG,광주,KIA,0,0,5992,17231,0.3477,0,5,0.481,21.0,-7,3,2,0.621,3.5,-1,5,0.0,0.901,,,,,,
2022,2022-09-20,화,09,18:30,SSG,KT,문학,SSG,0,0,10066,23000,0.4377,0,1,0.646,0.0,1,4,4,0.555,11.5,1,4,-21.0,0.901,,,,,,
2022,2022-09-20,화,09,18:30,두산,NC,잠실,LG;두산,0,0,7386,12917,0.5718,0,9,0.424,28.0,-1,5,6,0.468,22.5,1,7,7.0,0.901,,,,,,
2022,2022-09-20,화,09,18:30,한화,롯데,한밭,한화,0,0,5515,11336,0.4865,0,10,0.336,39.5,1,6,8,0.45,25.0,-1,4,18.5,0.901,,,,,,
2022,2022-09-21,수,09,18:30,키움,삼성,고척,키움,1,0,5407,10074,0.5367,0,3,0.564,10.5,-2,5,7,0.457,24.5,3,7,-11.5,0.908,,,,,,
2022,2022-09-21,수,09,18:30,KIA,LG,광주,KIA,0,0,6633,17231,0.3849,0,5,0.477,22.0,-8,2,2,0.624,3.5,1,6,0.0,0.908,,,,,,
2022,2022-09-21,수,09,18:30,SSG,KT,문학,SSG,0,0,10359,23000,0.4504,0,1,0.648,0.0,2,5,4,0.55,12.5,-1,3,-22.0,0.908,,,,,,
2022,2022-09-21,수,09,18:30,두산,NC,잠실,LG;두산,0,0,4683,12917,0.3625,0,9,0.429,28.0,1,6,6,0.464,23.5,-1,6,6.0,0.908,,,,,,
2022,2022-09-21,수,09,18:30,한화,롯데,한밭,한화,0,0,4291,11336,0.3785,0,10,0.333,40.5,-1,5,8,0.454,25.0,1,4,18.5,0.908,,,,,,
2022,2022-09-22,목,09,18:30,키움,두산,고척,키움,1,0,3063,10074,0.3041,0,3,0.567,9.5,1,6,9,0.425,28.0,-1,5,-12.5,0.915,,,,,,
2022,2022-09-22,목,09,18:30,삼성,KT,대구,삼성,0,0,6006,24000,0.2502,0,8,0.454,24.5,-1,6,4,0.554,11.5,1,4,2.5,0.915,,,,,,
2022,2022-09-22,목,09,18:30,SSG,한화,문학,SSG,0,0,11471,23000,0.4987,0,1,0.643,0.0,-1,5,10,0.331,40.5,-2,5,-22.0,0.915,,,,,,
2022,2022-09-22,목,09,18:30,LG,롯데,잠실,LG;두산,0,0,18034,12917,1.3961,1,2,0.627,2.5,2,7,7,0.458,24.0,2,5,-19.5,0.915,,,,,,
2022,2022-09-22,목,09,18:30,NC,KIA,창원,NC,0,0,7340,12938,0.5673,0,6,0.468,22.5,1,6,5,0.473,22.0,-9,1,0.5,0.915,,,,,,
2022,2022-09-23,금,09,18:30,키움,두산,고척,키움,1,0,4040,10074,0.401,0,3,0.563,10.5,-1,6,9,0.43,28.0,1,6,-11.5,0.922,,,,,,
2022,2022-09-23,금,09,18:30,삼성,KT,대구,삼성,0,0,8056,24000,0.3357,0,8,0.45,25.5,-2,6,4,0.557,11.5,2,5,3.5,0.922,,,,,,
2022,2022-09-23,금,09,18:30,SSG,한화,문학,SSG,0,0,16353,23000,0.711,0,1,0.646,0.0,1,6,10,0.328,41.5,-3,4,-22.0,0.922,,,,,,
2022,2022-09-23,금,09,18:30,LG,롯데,잠실,LG;두산,0,0,19377,12917,1.5001,1,2,0.622,3.5,-1,6,7,0.462,24.0,3,6,-18.5,0.922,,,,,,
2022,2022-09-23,금,09,18:30,NC,KIA,창원,NC,0,0,9871,12938,0.7629,0,6,0.465,23.5,-1,5,5,0.477,22.0,1,1,1.5,0.922,,,,,,
2022,2022-09-24,토,09,17:00,키움,롯데,고척,키움,1,0,9442,10074,0.9373,0,3,0.566,10.5,1,6,7,0.459,25.0,-1,6,-12.5,0.929,,,,,,
2022,2022-09-24,토,09,17:00,SSG,두산,문학,SSG,0,0,19253,23000,0.8371,0,1,0.649,0.0,2,6,9,0.426,29.0,-1,5,-23.0,0.929,,,,,,
2022,2022-09-24,토,09,17:00,LG,한화,잠실,LG;두산,0,0,16775,12917,1.2987,1,2,0.625,3.5,1,6,10,0.326,42.5,-4,4,-19.5,0.929,,,,,,
2022,2022-09-24,토,09,17:00,NC,KIA,창원,NC,0,0,12938,12938,1.0,1,6,0.469,23.5,1,5,5,0.474,23.0,-1,1,0.5,0.929,,,,,,
2022,2022-09-25,일,09,14:00,삼성,KIA,대구,삼성,0,0,17730,24000,0.7388,0,8,0.455,26.0,1,6,5,0.478,23.0,1,2,3.0,0.935,,,,,,
2022,2022-09-25,일,09,14:00,SSG,LG,문학,SSG,0,0,23000,23000,1.0,1,1,0.652,0.0,3,7,2,0.62,4.5,-1,6,-23.0,0.935,,,,,,
2022,2022-09-25,일,09,14:00,두산,한화,잠실,LG;두산,0,0,9590,12917,0.7424,0,9,0.423,30.0,-2,5,10,0.331,42.5,1,5,7.0,0.935,,,,,,
2022,2022-09-25,일,09,14:00,NC,KT,창원,NC,0,0,5148,12938,0.3979,0,6,0.465,24.5,-1,5,4,0.553,13.0,-1,4,1.5,0.935,,,,,,
2022,2022-09-27,화,09,18:30,KT,두산,수원,KT,0,0,4196,20000,0.2098,0,4,0.556,12.0,1,5,9,0.427,29.0,1,5,-10.0,0.94,,,,,,
2022,2022-09-27,화,09,18:30,NC,키움,창원,NC,0,0,2571,12938,0.1987,0,6,0.462,24.5,-2,4,3,0.569,10.0,2,6,2.5,0.94,,,,,,
2022,2022-09-27,화,09,18:30,한화,LG,한밭,한화,0,0,3110,11336,0.2743,0,10,0.328,42.5,-1,4,2,0.623,3.5,1,6,20.5,0.94,,,,,,
2022,2022-09-28,수,09,18:30,KT,두산,수원,KT,0,0,5220,20000,0.261,0,4,0.56,11.5,2,5,9,0.424,29.5,-1,5,-10.5,0.944,,,,,,
2022,2022-09-28,수,09,18:30,NC,삼성,창원,NC,0,0,5164,12938,0.3991,0,6,0.466,24.0,1,4,8,0.451,26.0,-1,5,2.0,0.944,,,,,,
2022,2022-09-28,수,09,18:30,한화,LG,한밭,한화,0,0,2845,11336,0.251,0,10,0.326,43.0,-2,3,2,0.626,3.0,2,7,21.0,0.944,,,,,,
2022,2022-09-29,목,09,18:30,KIA,롯데,광주,KIA,0,0,6294,17231,0.3653,0,5,0.481,22.0,2,3,7,0.455,25.5,-2,5,0.0,0.949,,,,,,
2022,2022-09-29,목,09,18:30,삼성,NC,대구,삼성,0,0,7703,24000,0.321,0,8,0.448,26.5,-2,5,6,0.47,23.5,2,5,4.5,0.949,,,,,,
2022,2022-09-29,목,09,18:30,SSG,키움,문학,SSG,0,0,13358,23000,0.5808,0,1,0.647,0.0,-1,6,3,0.565,10.5,-1,5,-22.0,0.949,,,,,,
2022,2022-09-29,목,09,18:30,LG,KT,잠실,LG;두산,0,0,10859,12917,0.8407,0,2,0.629,2.5,3,7,4,0.563,11.0,3,6,-19.5,0.949,,,,,,
2022,2022-09-29,목,09,18:30,한화,두산,한밭,한화,0,0,2018,11336,0.178,0,10,0.324,43.5,-3,2,9,0.421,30.0,-2,4,21.5,0.949,,,,,,
2022,2022-09-30,금,09,18:30,삼성,두산,대구,삼성,0,0,9081,24000,0.3784,0,8,0.452,25.5,1,5,9,0.425,29.0,1,4,4.5,0.956,,,,,,
2022,2022-09-30,금,09,18:30,SSG,키움,문학,SSG,0,0,20422,23000,0.8879,0,1,0.642,0.0,-2,6,3,0.568,9.5,1,6,-21.0,0.956,,,,,,
2022,2022-09-30,금,09,18:30,LG,NC,잠실,LG;두산,0,0,11076,12917,0.8575,0,2,0.624,2.5,-1,6,6,0.466,23.5,-1,5,-18.5,0.956,,,,,,
2022,2022-09-30,금,09,18:30,한화,롯데,한밭,한화,0,0,4025,11336,0.3551,0,10,0.321,43.5,-4,2,7,0.452,25.5,-3,5,22.5,0.956,,,,,,
2022,2022-10-01,토,10,17:00,KIA,SSG,광주,KIA,0,0,13341,17231,0.7742,0,5,0.485,21.5,3,4,1,0.644,0.0,1,6,0.0,0.961,,,,,,
2022,2022-10-01,토,10,17:00,삼성,두산,대구,삼성,0,0,15964,24000,0.6652,0,8,0.456,25.5,2,6,9,0.422,30.0,-1,4,4.0,0.961,,,,,,
2022,2022-10-01,토,10,17:00,LG,NC,잠실,LG;두산,0,0,17282,12917,1.3379,1,2,0.627,2.5,1,7,6,0.463,24.5,-2,4,-19.0,0.961,,,,,,
2022,2022-10-02,일,10,14:00,롯데,두산,사직,롯데,0,0,14088,22990,0.6128,0,8,0.456,26.0,1,5,9,0.419,31.0,-2,3,3.5,0.965,,,,,,
2022,2022-10-02,일,10,14:00,LG,NC,잠실,LG;두산,0,0,15711,12917,1.2163,1,2,0.622,3.5,-1,6,6,0.467,24.5,1,5,-19.0,0.965,,,,,,
2022,2022-10-02,일,10,14:00,한화,KIA,한밭,한화,0,0,11336,11336,1.0,1,10,0.319,45.0,-5,1,5,0.482,22.5,-1,4,22.5,0.965,,,,,,
2022,2022-10-03,월,10,14:00,롯데,두산,사직,롯데,0,0,11162,22990,0.4855,0,7,0.46,25.5,2,6,9,0.416,31.5,-3,3,3.5,0.969,,,,,,
2022,2022-10-03,월,10,14:00,한화,SSG,한밭,한화,0,0,7023,11336,0.6195,0,10,0.317,45.5,-6,1,1,0.647,0.0,2,7,23.5,0.969,,,,,,
2022,2022-10-04,화,10,18:30,KT,삼성,수원,KT,0,0,5451,20000,0.2726,0,3,0.566,10.5,4,7,7,0.46,25.0,3,6,-11.0,0.972,,,,,,
2022,2022-10-04,화,10,18:30,LG,KIA,잠실,LG;두산,0,0,13385,12917,1.0362,1,2,0.618,3.5,-2,5,5,0.486,21.5,1,5,-18.0,0.972,,,,,,
2022,2022-10-05,수,10,18:30,KIA,LG,광주,KIA,0,0,5487,17231,0.3184,0,5,0.489,21.0,2,6,2,0.613,4.0,-3,5,0.0,0.975,,,,,,
2022,2022-10-05,수,10,18:30,KT,삼성,수원,KT,0,0,7226,20000,0.3613,0,3,0.569,10.0,5,8,8,0.457,25.5,-1,5,-11.0,0.975,,,,,,
2022,2022-10-05,수,10,18:30,두산,SSG,잠실,LG;두산,0,0,9474,12917,0.7335,0,9,0.42,30.5,1,3,1,0.642,0.0,-1,6,9.5,0.975,,,,,,
2022,2022-10-05,수,10,18:30,NC,롯데,창원,NC,0,0,11326,12938,0.8754,0,6,0.471,23.5,2,5,7,0.457,25.5,-1,5,2.5,0.975,,,,,,
2022,2022-10-06,목,10,18:30,KIA,LG,광주,KIA,0,0,5209,17231,0.3023,0,5,0.486,21.0,-1,6,2,0.616,3.0,1,5,0.0,0.981,,,,,,
2022,2022-10-06,목,10,18:30,두산,삼성,잠실,LG;두산,0,0,7350,12917,0.569,0,9,0.424,29.5,2,4,7,0.46,24.5,1,5,8.5,0.981,,,,,,
2022,2022-10-06,목,10,18:30,NC,SSG,창원,NC,0,0,6064,12938,0.4687,0,6,0.474,22.5,3,6,1,0.638,0.0,-2,5,1.5,0.981,,,,,,
2022,2022-10-06,목,10,18:30,한화,키움,한밭,한화,0,0,9802,11336,0.8647,0,10,0.321,44.0,1,2,4,0.564,10.0,-1,5,23.0,0.981,,,,,,
2022,2022-10-07,금,10,18:30,KIA,KT,광주,KIA,0,0,15175,17231,0.8807,0,5,0.489,20.0,1,7,3,0.565,9.5,-1,7,0.0,0.986,,,,,,
2022,2022-10-07,금,10,18:30,두산,삼성,잠실,LG;두산,0,0,11681,12917,0.9043,0,9,0.429,28.5,3,5,7,0.457,24.5,-1,5,8.5,0.986,,,,,,
2022,2022-10-07,금,10,18:30,NC,LG,창원,NC,0,0,6257,12938,0.4836,0,6,0.478,21.5,4,6,2,0.612,3.0,-1,5,1.5,0.986,,,,,,
2022,2022-10-08,토,10,17:00,KIA,KT,광주,KIA,0,0,17231,17231,1.0,1,5,0.493,19.5,2,7,3,0.561,10.0,-2,7,0.0,0.99,,,,,,
2022,2022-10-08,토,10,17:00,삼성,SSG,대구,삼성,0,0,24000,24000,1.0,1,7,0.461,24.0,1,6,1,0.633,0.0,-3,5,4.5,0.99,,,,,,
2022,2022-10-08,토,10,17:00,롯데,LG,사직,롯데,0,0,22990,22990,1.0,1,8,0.453,25.0,-2,5,2,0.614,2.5,1,5,5.5,0.99,,,,,,
2022,2022-10-08,토,10,17:00,두산,키움,잠실,LG;두산,0,0,23511,12917,1.8202,1,9,0.426,29.0,-1,4,4,0.56,10.0,-2,4,9.5,0.99,,,,,,
2022,2022-10-08,토,10,17:00,NC,한화,창원,NC,0,0,12462,12938,0.9632,0,6,0.475,22.0,-1,6,10,0.326,43.0,2,3,2.5,0.99,,,,,,
2022,2022-10-10,월,10,14:00,KT,NC,수원,KT,0,0,10535,20000,0.5268,0,3,0.564,9.0,1,7,6,0.479,21.0,1,7,-10.5,0.997,,,,,,
2022,2022-10-11,화,10,18:30,LG,KT,잠실,LG;두산,0,0,10092,12917,0.7813,0,2,0.61,2.5,-1,4,3,0.567,8.5,2,7,-17.0,0.999,,,,,,
2023,2023-04-01,토,04,14:00,키움,한화,고척,키움,1,0,16000,16000,1.0,1,,,,0,,,,,0,,,0.0,,,,,,
2023,2023-04-01,토,04,14:00,삼성,NC,대구,삼성,0,0,24000,24000,1.0,1,,,,0,,,,,0,,,0.0,,,,,,
2023,2023-04-01,토,04,14:00,SSG,KIA,문학,SSG,0,0,23000,23000,1.0,1,,,,0,,,,,0,,,0.0,,,,,,
2023,2023-04-01,토,04,14:00,KT,LG,수원,KT,0,0,18700,18700,1.0,1,,,,0,,,,,0,,,0.0,,,,,,
2023,2023-04-01,토,04,14:00,두산,롯데,잠실,LG;두산,0,0,23750,23750,1.0,1,,,,0,,,,,0,,,0.0,,,,,,
2023,2023-04-02,일,04,14:00,키움,한화,고척,키움,1,0,11562,16000,0.7226,0,1,1.0,0.0,1,1,6,0.0,1.0,-1,0,0.0,0.007,,,,,,
2023,2023-04-02,일,04,14:00,삼성,NC,대구,삼성,0,0,18483,24000,0.7701,0,7,0.0,1.0,-1,0,2,1.0,0.0,1,1,1.0,0.007,,,,,,
2023,2023-04-02,일,04,14:00,SSG,KIA,문학,SSG,0,0,23000,23000,1.0,1,3,1.0,0.0,1,1,8,0.0,1.0,-1,0,0.0,0.007,,,,,,
2023,2023-04-02,일,04,14:00,KT,LG,수원,KT,0,0,14700,18700,0.7861,0,4,1.0,0.0,1,1,9,0.0,1.0,-1,0,0.0,0.007,,,,,,
2023,2023-04-02,일,04,14:00,두산,롯데,잠실,LG;두산,0,0,23750,23750,1.0,1,5,1.0,0.0,1,1,10,0.0,1.0,-1,0,0.0,0.007,,,,,,
2023,2023-04-04,화,04,18:30,키움,LG,고척,키움,1,0,4510,16000,0.2819,0,1,1.0,0.0,2,2,7,0.5,1.0,1,1,-1.0,0.014,,,,,,
2023,2023-04-04,화,04,18:30,삼성,한화,대구,삼성,0,0,5936,24000,0.2473,0,2,0.5,1.0,1,1,10,0.0,2.0,-2,0,0.0,0.014,,,,,,
2023,2023-04-04,화,04,18:30,SSG,롯데,문학,SSG,0,0,5809,23000,0.2526,0,4,0.5,1.0,-1,1,9,0.5,1.0,1,1,0.0,0.014,,,,,,
2023,2023-04-04,화,04,18:30,두산,NC,잠실,LG;두산,0,0,3924,23750,0.1652,0,8,0.5,1.0,-1,1,3,0.5,1.0,-1,1,0.0,0.014,,,,,,
2023,2023-04-05,수,04,18:30,키움,LG,고척,키움,1,0,4194,16000,0.2621,0,1,0.667,0.0,-1,2,4,0.667,0.0,2,2,0.0,0.019,,,,,,
2023,2023-04-05,수,04,18:30,두산,NC,잠실,LG;두산,0,0,2172,23750,0.0915,0,5,0.667,0.0,1,2,8,0.333,1.0,-2,1,0.0,0.019,,,,,,
2023,2023-04-06,목,04,18:30,키움,LG,고척,키움,1,0,4556,16000,0.2848,0,1,0.75,0.0,1,3,5,0.5,1.0,-1,2,-1.0,0.022,,,,,,
2023,2023-04-06,목,04,18:30,삼성,한화,대구,삼성,0,0,6525,24000,0.2719,0,2,0.667,0.5,2,2,10,0.0,2.5,-3,0,-0.5,0.022,,,,,,
2023,2023-04-06,목,04,18:30,두산,NC,잠실,LG;두산,0,0,3724,23750,0.1568,0,6,0.5,1.0,-1,2,4,0.5,1.0,1,2,0.0,0.022,,,,,,
2023,2023-04-07,금,04,18:30,KIA,두산,광주,KIA,0,0,12821,19030,0.6737,0,6,0.5,0.5,1,1,4,0.6,0.0,1,3,0.0,0.026,,,,,,
2023,2023-04-07,금,04,18:30,롯데,KT,사직,롯데,0,0,14734,22990,0.6409,0,9,0.333,1.0,-1,1,7,0.5,0.5,-1,1,0.5,0.026,,,,,,
2023,2023-04-07,금,04,18:30,LG,삼성,잠실,LG;두산,0,0,17201,23750,0.7243,0,3,0.6,0.0,1,3,5,0.5,0.5,-1,2,-0.5,0.026,,,,,,
2023,2023-04-07,금,04,18:30,NC,키움,창원,NC,0,0,6867,17861,0.3845,0,8,0.4,1.0,-1,2,2,0.6,0.0,-1,3,0.5,0.026,,,,,,
2023,2023-04-07,금,04,18:30,한화,SSG,한밭,한화,0,0,10415,12000,0.8679,0,10,0.25,1.5,1,1,1,0.667,0.0,1,2,1.0,0.026,,,,,,
2023,2023-04-08,토,04,17:00,KIA,두산,광주,KIA,0,0,16432,19030,0.8635,0,8,0.333,1.5,-1,1,3,0.667,0.0,2,4,0.5,0.033,,,,,,
2023,2023-04-08,토,04,17:00,롯데,KT,사직,롯데,0,0,16555,22990,0.7201,0,9,0.25,2.0,-2,1,4,0.667,0.5,1,2,1.0,0.033,,,,,,
2023,2023-04-08,토,04,17:00,LG,삼성,잠실,LG;두산,0,0,22141,23750,0.9323,0,2,0.667,0.0,2,4,7,0.4,1.5,-2,2,-1.0,0.033,,,,,,
2023,2023-04-08,토,04,17:00,NC,키움,창원,NC,0,0,9763,17861,0.5466,0,6,0.5,1.0,1,3,5,0.5,1.0,-2,3,0.0,0.033,,,,,,
2023,2023-04-08,토,04,17:00,한화,SSG,한밭,한화,0,0,11232,12000,0.936,0,10,0.2,2.5,-1,1,1,0.75,0.0,2,3,1.5,0.033,,,,,,
2023,2023-04-09,일,04,14:00,KIA,두산,광주,KIA,0,0,14070,19030,0.7394,0,6,0.5,1.5,1,2,5,0.571,1.0,-1,4,0.5,0.04,,,,,,
2023,2023-04-09,일,04,14:00,롯데,KT,사직,롯데,0,0,12283,22990,0.5343,0,9,0.2,3.0,-3,1,2,0.75,0.5,2,3,2.0,0.04,,,,,,
2023,2023-04-09,일,04,14:00,LG,삼성,잠실,LG;두산,0,0,20439,23750,0.8606,0,3,0.714,0.0,3,5,8,0.333,2.5,-3,2,-1.0,0.04,,,,,,
2023,2023-04-09,일,04,14:00,NC,키움,창원,NC,0,0,7686,17861,0.4303,0,4,0.571,1.0,2,4,7,0.429,2.0,-3,3,0.0,0.04,,,,,,
2023,2023-04-09,일,04,14:00,한화,SSG,한밭,한화,0,0,9455,12000,0.7879,0,10,0.167,3.5,-2,1,1,0.8,0.0,3,4,2.5,0.04,,,,,,
2023,2023-04-11,화,04,18:30,KIA,한화,광주,KIA,0,0,3623,19030,0.1904,0,6,0.4,2.5,-1,2,10,0.143,4.5,-3,1,1.0,0.047,,,,,,
2023,2023-04-11,화,04,18:30,삼성,SSG,대구,삼성,0,0,3907,24000,0.1628,0,9,0.286,3.5,-4,2,1,0.833,0.0,4,5,2.0,0.047,,,,,,
2023,2023-04-11,화,04,18:30,롯데,LG,사직,롯데,0,0,5286,22990,0.2299,0,8,0.333,3.0,1,2,2,0.75,0.0,4,6,1.5,0.047,,,,,,
2023,2023-04-11,화,04,18:30,두산,키움,잠실,LG;두산,0,0,4372,23750,0.1841,0,4,0.625,1.0,1,5,7,0.375,3.0,-4,3,-0.5,0.047,,,,,,
2023,2023-04-11,화,04,18:30,NC,KT,창원,NC,0,0,2069,17861,0.1158,0,3,0.625,1.0,3,5,5,0.6,1.5,-1,3,-0.5,0.047,,,,,,
2023,2023-04-12,수,04,18:30,KIA,한화,광주,KIA,0,0,5252,19030,0.276,0,8,0.333,3.5,-2,2,9,0.25,4.5,1,2,1.0,0.054,,,,,,
2023,2023-04-12,수,04,18:30,삼성,SSG,대구,삼성,0,0,5405,24000,0.2252,0,10,0.25,4.5,-5,2,1,0.857,0.0,5,6,2.0,0.054,,,,,,
2023,2023-04-12,수,04,18:30,롯데,LG,사직,롯데,0,0,6519,22990,0.2836,0,6,0.429,3.0,2,3,3,0.667,1.0,-1,6,0.5,0.054,,,,,,
2023,2023-04-12,수,04,18:30,NC,KT,창원,NC,0,0,2448,17861,0.1371,0,2,0.667,1.0,4,6,5,0.5,2.5,-2,3,-1.5,0.054,,,,,,
2023,2023-04-13,목,04,18:30,KIA,한화,광주,KIA,0,0,5457,19030,0.2868,0,5,0.429,3.5,1,3,9,0.222,5.5,-1,2,0.0,0.06,,,,,,
2023,2023-04-13,목,04,18:30,삼성,SSG,대구,삼성,0,0,4648,24000,0.1937,0,10,0.222,5.5,-6,2,1,0.875,0.0,6,7,2.0,0.06,,,,,,
2023,2023-04-13,목,04,18:30,롯데,LG,사직,롯데,0,0,6505,22990,0.2829,0,7,0.375,4.0,-1,3,3,0.7,1.0,1,7,0.5,0.06,,,,,,
2023,2023-04-13,목,04,18:30,두산,키움,잠실,LG;두산,0,0,6917,23750,0.2912,0,4,0.667,1.5,2,6,8,0.333,4.5,-5,3,-2.0,0.06,,,,,,
2023,2023-04-13,목,04,18:30,NC,KT,창원,NC,0,0,3174,17861,0.1777,0,2,0.7,1.0,5,7,6,0.429,3.5,-3,3,-2.5,0.06,,,,,,
2023,2023-04-14,금,04,18:30,키움,KIA,고척,키움,1,0,8043,16000,0.5027,0,7,0.4,3.5,1,4,8,0.375,3.5,-1,3,1.0,0.067,,,,,,
2023,2023-04-14,금,04,18:30,삼성,롯데,대구,삼성,0,0,9124,24000,0.3802,0,10,0.3,4.5,1,3,6,0.444,3.0,1,4,2.0,0.067,,,,,,
2023,2023-04-14,금,04,18:30,SSG,NC,문학,SSG,0,0,8218,23000,0.3573,0,1,0.778,0.0,-1,7,2,0.636,1.0,-1,6,-2.5,0.067,,,,,,
2023,2023-04-14,금,04,18:30,KT,한화,수원,KT,0,0,7145,18700,0.3821,0,5,0.5,2.5,1,4,9,0.3,4.5,1,3,0.0,0.067,,,,,,
2023,2023-04-14,금,04,18:30,LG,두산,잠실,LG;두산,0,0,16528,23750,0.6959,0,3,0.636,1.0,-1,7,4,0.6,1.5,-1,6,-1.5,0.067,,,,,,
2023,2023-04-15,토,04,17:00,키움,KIA,고척,키움,1,0,13752,16000,0.8595,0,6,0.455,3.5,2,4,9,0.333,4.5,-2,3,0.5,0.074,,,,,,
2023,2023-04-15,토,04,17:00,삼성,롯데,대구,삼성,0,0,18231,24000,0.7596,0,8,0.364,4.5,2,4,7,0.4,4.0,-1,4,1.5,0.074,,,,,,
2023,2023-04-15,토,04,17:00,SSG,NC,문학,SSG,0,0,13956,23000,0.6068,0,1,0.8,0.0,1,8,3,0.583,2.0,-2,6,-3.0,0.074,,,,,,
2023,2023-04-15,토,04,17:00,KT,한화,수원,KT,0,0,13212,18700,0.7065,0,5,0.5,3.0,1,4,10,0.3,5.0,1,3,0.0,0.074,,,,,,
2023,2023-04-15,토,04,17:00,LG,두산,잠실,LG;두산,0,0,21243,23750,0.8944,0,2,0.667,1.0,1,7,4,0.545,2.5,-2,5,-2.0,0.074,,,,,,
2023,2023-04-16,일,04,14:00,키움,KIA,고척,키움,1,0,11265,16000,0.7041,0,4,0.5,2.5,3,4,10,0.3,4.5,-3,3,0.0,0.081,,,,,,
2023,2023-04-16,일,04,14:00,삼성,롯데,대구,삼성,0,0,16076,24000,0.6698,0,9,0.333,4.5,-1,3,6,0.455,3.0,1,5,2.0,0.081,,,,,,
2023,2023-04-16,일,04,14:00,SSG,NC,문학,SSG,0,0,13460,23000,0.5852,0,1,0.727,0.0,-1,7,3,0.615,1.0,1,7,-2.5,0.081,,,,,,
2023,2023-04-16,일,04,14:00,KT,한화,수원,KT,0,0,13010,18700,0.6957,0,7,0.444,3.0,-1,4,8,0.364,4.0,2,4,0.5,0.081,,,,,,
2023,2023-04-16,일,04,14:00,LG,두산,잠실,LG;두산,0,0,20090,23750,0.8459,0,2,0.692,0.0,2,7,5,0.5,2.5,-3,5,-2.5,0.081,,,,,,
2023,2023-04-18,화,04,18:30,키움,삼성,고척,키움,1,0,3104,16000,0.194,0,4,0.538,1.5,4,5,8,0.385,3.5,1,3,0.0,0.087,,,,,,
2023,2023-04-18,화,04,18:30,롯데,KIA,사직,롯데,0,0,3829,22990,0.1666,0,7,0.417,3.0,-1,4,10,0.273,4.5,-4,3,1.5,0.087,,,,,,
2023,2023-04-18,화,04,18:30,KT,SSG,수원,KT,0,0,3398,18700,0.1817,0,6,0.5,2.0,1,4,1,0.667,0.0,-2,7,0.5,0.087,,,,,,
2023,2023-04-18,화,04,18:30,LG,NC,잠실,LG;두산,0,0,6574,23750,0.2768,0,3,0.643,0.0,-1,7,2,0.643,0.0,2,7,-1.5,0.087,,,,,,
2023,2023-04-18,화,04,18:30,한화,두산,한밭,한화,0,0,4012,12000,0.3343,0,9,0.333,4.0,-1,4,5,0.538,1.5,1,5,2.5,0.087,,,,,,
2023,2023-04-19,수,04,18:30,키움,삼성,고척,키움,1,0,3869,16000,0.2418,0,6,0.5,2.5,-1,4,8,0.429,3.5,2,4,0.5,0.094,,,,,,
2023,2023-04-19,수,04,18:30,롯데,KIA,사직,롯데,0,0,4869,22990,0.2118,0,7,0.462,3.0,1,5,10,0.25,5.5,-5,2,1.0,0.094,,,,,,
2023,2023-04-19,수,04,18:30,KT,SSG,수원,KT,0,0,3405,18700,0.1821,0,5,0.545,2.0,2,5,2,0.615,1.0,-3,6,0.0,0.094,,,,,,
2023,2023-04-19,수,04,18:30,LG,NC,잠실,LG;두산,0,0,7090,23750,0.2985,0,3,0.6,1.0,-2,6,1,0.667,0.0,3,8,-1.0,0.094,,,,,,
2023,2023-04-19,수,04,18:30,한화,두산,한밭,한화,0,0,4212,12000,0.351,0,9,0.308,5.0,-2,3,4,0.571,1.5,2,6,3.0,0.094,,,,,,
2023,2023-04-20,목,04,18:30,키움,삼성,고척,키움,1,0,3918,16000,0.2449,0,6,0.467,2.5,-2,4,7,0.467,2.5,3,5,1.0,0.101,,,,,,
2023,2023-04-20,목,04,18:30,롯데,KIA,사직,롯데,0,0,6423,22990,0.2794,0,8,0.429,3.0,-1,5,10,0.308,4.5,1,3,1.5,0.101,,,,,,
2023,2023-04-20,목,04,18:30,KT,SSG,수원,KT,0,0,4472,18700,0.2391,0,3,0.583,1.0,3,5,4,0.571,1.0,-4,5,-0.5,0.101,,,,,,
2023,2023-04-20,목,04,18:30,LG,NC,잠실,LG;두산,0,0,9090,23750,0.3827,0,2,0.625,0.0,1,6,1,0.625,0.0,-1,7,-1.5,0.101,,,,,,
2023,2023-04-20,목,04,18:30,한화,두산,한밭,한화,0,0,4122,12000,0.3435,0,9,0.357,4.0,1,4,5,0.533,1.5,-1,5,2.5,0.101,,,,,,
2023,2023-04-21,금,04,18:30,KIA,삼성,광주,KIA,0,0,6870,19030,0.361,0,10,0.286,5.5,-1,2,8,0.438,3.5,-1,5,3.5,0.108,,,,,,
2023,2023-04-21,금,04,18:30,SSG,키움,문학,SSG,0,0,12374,23000,0.538,0,2,0.6,1.0,1,5,6,0.5,2.5,1,5,-1.0,0.108,,,,,,
2023,2023-04-21,금,04,18:30,두산,KT,잠실,LG;두산,0,0,6896,23750,0.2904,0,4,0.562,1.5,1,5,5,0.538,2.0,-1,4,-0.5,0.108,,,,,,
2023,2023-04-21,금,04,18:30,NC,롯데,창원,NC,0,0,12613,17861,0.7062,0,3,0.588,1.0,-2,6,7,0.467,3.0,1,6,-1.0,0.108,,,,,,
2023,2023-04-21,금,04,18:30,한화,LG,한밭,한화,0,0,6004,12000,0.5003,0,9,0.333,5.0,-1,4,1,0.647,0.0,2,6,3.0,0.108,,,,,,
2023,2023-04-22,토,04,17:00,KIA,삼성,광주,KIA,0,0,12990,19030,0.6826,0,9,0.333,5.5,1,3,8,0.412,4.5,-2,5,2.5,0.115,,,,,,
2023,2023-04-22,토,04,17:00,SSG,키움,문학,SSG,0,0,16535,23000,0.7189,0,2,0.625,1.0,2,5,7,0.471,3.5,-1,5,-2.0,0.115,,,,,,
2023,2023-04-22,토,04,17:00,두산,KT,잠실,LG;두산,0,0,13410,23750,0.5646,0,3,0.588,1.5,2,6,6,0.5,3.0,-2,4,-1.5,0.115,,,,,,
2023,2023-04-22,토,04,17:00,NC,롯데,창원,NC,0,0,15130,17861,0.8471,0,4,0.556,2.0,-3,5,5,0.5,3.0,2,6,-1.0,0.115,,,,,,
2023,2023-04-22,토,04,17:00,한화,LG,한밭,한화,0,0,11152,12000,0.9293,0,10,0.312,6.0,-2,4,1,0.667,0.0,3,6,3.0,0.115,,,,,,
2023,2023-04-23,일,04,14:00,KIA,삼성,광주,KIA,0,0,10026,19030,0.5269,0,9,0.375,5.5,2,4,8,0.389,5.5,-3,5,2.5,0.122,,,,,,
2023,2023-04-23,일,04,14:00,SSG,키움,문학,SSG,0,0,15878,23000,0.6903,0,2,0.647,1.0,3,5,7,0.444,4.5,-2,5,-2.0,0.122,,,,,,
2023,2023-04-23,일,04,14:00,두산,KT,잠실,LG;두산,0,0,10151,23750,0.4274,0,3,0.611,1.5,3,6,6,0.467,4.0,-3,4,-1.5,0.122,,,,,,
2023,2023-04-23,일,04,14:00,NC,롯데,창원,NC,0,0,13286,17861,0.7439,0,5,0.526,3.0,-4,4,4,0.529,3.0,3,6,0.0,0.122,,,,,,
2023,2023-04-23,일,04,14:00,한화,LG,한밭,한화,0,0,9023,12000,0.7519,0,10,0.294,7.0,-3,3,1,0.684,0.0,4,7,4.0,0.122,,,,,,
2023,2023-04-25,화,04,18:30,키움,KT,고척,키움,1,0,2956,16000,0.1847,0,7,0.421,4.5,-3,5,6,0.467,3.5,-3,4,1.5,0.129,,,,,,
2023,2023-04-25,화,04,18:30,KIA,NC,광주,KIA,0,0,2216,19030,0.1164,0,8,0.412,4.5,3,4,5,0.5,3.0,-5,3,1.5,0.129,,,,,,
2023,2023-04-25,화,04,18:30,LG,SSG,잠실,LG;두산,0,0,7344,23750,0.3092,0,2,0.65,0.0,-1,6,1,0.667,0.0,4,5,-3.0,0.129,,,,,,
2023,2023-04-26,수,04,18:30,키움,KT,고척,키움,1,0,2489,16000,0.1556,0,6,0.45,4.5,1,5,7,0.438,4.5,-4,3,1.5,0.133,,,,,,
2023,2023-04-26,수,04,18:30,KIA,NC,광주,KIA,0,0,4798,19030,0.2521,0,8,0.389,5.5,-1,4,5,0.524,3.0,1,4,2.5,0.133,,,,,,
2023,2023-04-26,수,04,18:30,삼성,두산,대구,삼성,0,0,9213,24000,0.3839,0,9,0.368,6.0,-4,5,3,0.611,1.5,3,5,3.0,0.133,,,,,,
2023,2023-04-26,수,04,18:30,롯데,한화,사직,롯데,0,0,7905,22990,0.3438,0,4,0.556,2.5,4,7,10,0.333,6.5,1,4,-0.5,0.133,,,,,,
2023,2023-04-26,수,04,18:30,LG,SSG,잠실,LG;두산,0,0,10419,23750,0.4387,0,1,0.667,0.0,1,7,2,0.632,1.0,-1,5,-3.0,0.133,,,,,,
2023,2023-04-27,목,04,18:30,키움,KT,고척,키움,1,0,3024,16000,0.189,0,6,0.476,3.5,2,5,8,0.412,4.5,-5,3,0.5,0.14,,,,,,
2023,2023-04-27,목,04,18:30,KIA,NC,광주,KIA,0,0,6017,19030,0.3162,0,7,0.421,4.5,1,5,5,0.5,3.0,-1,4,1.5,0.14,,,,,,
2023,2023-04-27,목,04,18:30,삼성,두산,대구,삼성,0,0,8473,24000,0.353,0,9,0.4,5.0,1,5,3,0.579,1.5,-1,5,2.0,0.14,,,,,,
2023,2023-04-27,목,04,18:30,롯데,한화,사직,롯데,0,0,10393,22990,0.4521,0,4,0.579,1.5,5,7,10,0.316,6.5,-1,3,-1.5,0.14,,,,,,
2023,2023-04-27,목,04,18:30,LG,SSG,잠실,LG;두산,0,0,13061,23750,0.5499,0,2,0.636,0.0,-1,6,1,0.65,0.0,1,5,-3.0,0.14,,,,,,
2023,2023-04-28,금,04,18:30,SSG,두산,문학,SSG,0,0,14909,23000,0.6482,0,2,0.619,1.0,-1,5,4,0.55,2.5,-2,5,-2.5,0.147,,,,,,
2023,2023-04-28,금,04,18:30,롯데,키움,사직,롯데,0,0,14343,22990,0.6239,0,3,0.6,1.5,6,8,5,0.5,3.5,3,5,-2.0,0.147,,,,,,
2023,2023-04-28,금,04,18:30,KT,삼성,수원,KT,0,0,7314,18700,0.3911,0,9,0.389,5.5,-6,3,8,0.429,5.0,2,5,2.0,0.147,,,,,,
2023,2023-04-28,금,04,18:30,LG,KIA,잠실,LG;두산,0,0,22695,23750,0.9556,0,1,0.652,0.0,1,6,7,0.45,4.5,2,6,-3.5,0.147,,,,,,
2023,2023-04-28,금,04,18:30,한화,NC,한밭,한화,0,0,7242,12000,0.6035,0,10,0.3,7.5,-2,3,6,0.478,4.0,-2,3,4.0,0.147,,,,,,
2023,2023-04-29,토,04,17:00,SSG,두산,문학,SSG,0,0,20180,23000,0.8774,0,1,0.636,0.0,1,6,4,0.524,2.5,-3,5,-3.0,0.154,,,,,,
2023,2023-04-29,토,04,17:00,KT,삼성,수원,KT,0,0,12039,18700,0.6438,0,9,0.368,5.5,-7,2,8,0.455,4.0,3,6,2.5,0.154,,,,,,
2023,2023-04-29,토,04,17:00,LG,KIA,잠실,LG;두산,0,0,23750,23750,1.0,1,2,0.625,0.0,-1,6,7,0.476,3.5,3,7,-3.0,0.154,,,,,,
2023,2023-04-29,토,04,17:00,한화,NC,한밭,한화,0,0,7813,12000,0.6511,0,10,0.286,7.5,-3,2,5,0.5,3.0,1,3,4.5,0.154,,,,,,
2023,2023-04-30,일,04,14:00,SSG,두산,문학,SSG,0,0,21026,23000,0.9142,0,1,0.652,0.0,2,7,6,0.5,3.5,-4,4,-3.5,0.16,,,,,,
2023,2023-04-30,일,04,14:00,롯데,키움,사직,롯데,0,0,22990,22990,1.0,1,2,0.619,1.0,7,8,7,0.478,4.0,-1,4,-2.5,0.16,,,,,,
2023,2023-04-30,일,04,14:00,KT,삼성,수원,KT,0,0,14582,18700,0.7798,0,9,0.35,6.5,-8,1,8,0.478,4.0,4,6,3.0,0.16,,,,,,
2023,2023-04-30,일,04,14:00,LG,KIA,잠실,LG;두산,0,0,23750,23750,1.0,1,3,0.6,1.0,-2,6,5,0.5,3.5,4,8,-2.5,0.16,,,,,,
2023,2023-04-30,일,04,14:00,한화,NC,한밭,한화,0,0,10442,12000,0.8702,0,10,0.273,8.5,-4,2,4,0.52,3.0,2,3,5.0,0.16,,,,,,
2023,2023-05-02,화,05,18:30,KIA,롯데,광주,KIA,0,0,8892,19030,0.4673,0,5,0.522,2.5,5,8,1,0.636,0.0,8,9,0.0,0.167,,,,,,
2023,2023-05-02,화,05,18:30,삼성,키움,대구,삼성,0,0,10624,24000,0.4427,0,7,0.5,3.0,5,6,8,0.458,4.0,-2,4,0.5,0.167,,,,,,
2023,2023-05-02,화,05,18:30,SSG,KT,문학,SSG,0,0,6950,23000,0.3022,0,2,0.625,0.0,-1,7,9,0.333,6.5,-9,0,-2.5,0.167,,,,,,
2023,2023-05-02,화,05,18:30,두산,한화,잠실,LG;두산,0,0,9834,23750,0.4141,0,6,0.522,2.5,1,4,10,0.261,8.5,-5,2,0.0,0.167,,,,,,
2023,2023-05-02,화,05,18:30,NC,LG,창원,NC,0,0,3939,17861,0.2205,0,4,0.538,2.0,3,4,3,0.577,1.0,-3,5,-0.5,0.167,,,,,,
2023,2023-05-03,수,05,18:30,KIA,롯데,광주,KIA,0,0,13815,19030,0.726,0,6,0.5,3.5,-1,8,1,0.652,0.0,9,9,0.5,0.174,,,,,,
2023,2023-05-03,수,05,18:30,삼성,키움,대구,삼성,0,0,13394,24000,0.5581,0,8,0.48,4.0,-1,5,7,0.48,4.0,1,5,1.0,0.174,,,,,,
2023,2023-05-03,수,05,18:30,SSG,KT,문학,SSG,0,0,7703,23000,0.3349,0,2,0.6,1.0,-2,6,9,0.364,6.5,1,1,-2.0,0.174,,,,,,
2023,2023-05-03,수,05,18:30,두산,한화,잠실,LG;두산,0,0,14271,23750,0.6009,0,4,0.542,2.5,2,5,10,0.25,9.5,-6,1,-0.5,0.174,,,,,,
2023,2023-05-03,수,05,18:30,NC,LG,창원,NC,0,0,4874,17861,0.2729,0,5,0.519,3.0,-1,4,3,0.593,1.0,1,5,0.0,0.174,,,,,,
2023,2023-05-04,목,05,18:30,삼성,키움,대구,삼성,0,0,12076,24000,0.5032,0,8,0.462,4.0,-2,5,7,0.5,3.0,2,5,1.5,0.181,,,,,,
2023,2023-05-04,목,05,18:30,SSG,KT,문학,SSG,0,0,7529,23000,0.3273,0,2,0.615,0.0,1,6,9,0.348,6.5,-1,1,-2.5,0.181,,,,,,
2023,2023-05-04,목,05,18:30,두산,한화,잠실,LG;두산,0,0,10825,23750,0.4558,0,5,0.52,2.5,-1,4,10,0.28,8.5,1,2,0.0,0.181,,,,,,
2023,2023-05-05,금,05,14:00,키움,SSG,고척,키움,1,0,16000,16000,1.0,1,7,0.481,4.0,-1,5,1,0.63,0.0,2,6,0.5,0.185,,,,,,
2023,2023-05-06,토,05,17:00,키움,SSG,고척,키움,1,0,11063,16000,0.6914,0,8,0.464,5.0,-2,5,1,0.643,0.0,3,6,1.0,0.186,,,,,,
2023,2023-05-07,일,05,14:00,키움,SSG,고척,키움,1,0,7623,16000,0.4764,0,8,0.448,6.0,-3,5,1,0.655,0.0,4,7,1.5,0.188,,,,,,
2023,2023-05-07,일,05,14:00,두산,LG,잠실,LG;두산,0,0,22073,23750,0.9294,0,6,0.5,4.5,-2,3,3,0.607,1.5,2,5,0.0,0.188,,,,,,
2023,2023-05-07,일,05,14:00,한화,KT,한밭,한화,0,0,8551,12000,0.7126,0,10,0.308,9.5,2,3,9,0.333,8.5,-2,1,5.0,0.188,,,,,,
2023,2023-05-09,화,05,18:30,KIA,SSG,광주,KIA,0,0,8916,19030,0.4685,0,4,0.52,4.5,1,8,1,0.667,0.0,5,7,-0.5,0.192,,,,,,
2023,2023-05-09,화,05,18:30,롯데,두산,사직,롯데,0,0,11643,22990,0.5064,0,2,0.625,2.0,-1,9,7,0.481,5.5,-3,2,-3.0,0.192,,,,,,
2023,2023-05-09,화,05,18:30,KT,NC,수원,KT,0,0,2764,18700,0.1478,0,10,0.32,9.5,-3,1,5,0.5,5.0,-2,4,4.5,0.192,,,,,,
2023,2023-05-09,화,05,18:30,LG,키움,잠실,LG;두산,0,0,10421,23750,0.4388,0,3,0.621,1.5,3,5,8,0.433,7.0,-4,4,-3.5,0.192,,,,,,
2023,2023-05-09,화,05,18:30,한화,삼성,한밭,한화,0,0,5014,12000,0.4178,0,9,0.333,9.5,3,4,6,0.481,5.5,1,6,4.5,0.192,,,,,,
2023,2023-05-10,수,05,18:30,KIA,SSG,광주,KIA,0,0,8481,19030,0.4457,0,4,0.538,3.5,2,8,1,0.645,0.0,-1,7,-0.5,0.199,,,,,,
2023,2023-05-10,수,05,18:30,롯데,두산,사직,롯데,0,0,11435,22990,0.4974,0,3,0.6,2.0,-2,8,7,0.5,4.5,1,3,-2.0,0.199,,,,,,
2023,2023-05-10,수,05,18:30,KT,NC,수원,KT,0,0,3734,18700,0.1997,0,10,0.308,9.5,-4,1,5,0.517,4.0,1,5,5.5,0.199,,,,,,
2023,2023-05-10,수,05,18:30,LG,키움,잠실,LG;두산,0,0,12125,23750,0.5105,0,2,0.633,0.5,4,6,8,0.419,7.0,-5,3,-3.5,0.199,,,,,,
2023,2023-05-10,수,05,18:30,한화,삼성,한밭,한화,0,0,5865,12000,0.4888,0,9,0.321,9.5,-1,3,6,0.5,4.5,2,7,5.5,0.199,,,,,,
2023,2023-05-11,목,05,18:30,KIA,SSG,광주,KIA,0,0,8898,19030,0.4676,0,5,0.519,4.5,-1,7,1,0.656,0.0,1,7,0.0,0.206,,,,,,
2023,2023-05-11,목,05,18:30,롯데,두산,사직,롯데,0,0,13350,22990,0.5807,0,2,0.615,2.0,1,8,7,0.483,5.5,-1,3,-2.5,0.206,,,,,,
2023,2023-05-11,목,05,18:30,KT,NC,수원,KT,0,0,3934,18700,0.2104,0,10,0.296,10.5,-5,1,4,0.533,4.0,2,6,6.0,0.206,,,,,,
2023,2023-05-11,목,05,18:30,LG,키움,잠실,LG;두산,0,0,11773,23750,0.4957,0,3,0.613,1.5,-1,5,8,0.438,7.0,1,3,-3.0,0.206,,,,,,
2023,2023-05-11,목,05,18:30,한화,삼성,한밭,한화,0,0,6007,12000,0.5006,0,9,0.345,9.5,1,4,6,0.483,5.5,-1,7,5.0,0.206,,,,,,
2023,2023-05-12,금,05,18:30,키움,NC,고척,키움,1,0,3866,16000,0.2416,0,8,0.424,8.0,-1,3,4,0.548,4.0,3,6,2.5,0.212,,,,,,
2023,2023-05-12,금,05,18:30,삼성,LG,대구,삼성,0,0,13765,24000,0.5735,0,6,0.467,6.5,-2,6,3,0.625,1.5,1,6,1.0,0.212,,,,,,
2023,2023-05-12,금,05,18:30,SSG,한화,문학,SSG,0,0,14395,23000,0.6259,0,1,0.667,0.0,2,7,9,0.367,9.5,2,5,-5.5,0.212,,,,,,
2023,2023-05-12,금,05,18:30,KT,롯데,수원,KT,0,0,10937,18700,0.5849,0,10,0.286,11.5,-6,1,2,0.63,2.0,2,8,6.0,0.212,,,,,,
2023,2023-05-12,금,05,18:30,두산,KIA,잠실,LG;두산,0,0,20563,23750,0.8658,0,7,0.467,6.5,-2,3,5,0.5,5.5,-2,7,1.0,0.212,,,,,,
2023,2023-05-13,토,05,17:00,키움,NC,고척,키움,1,0,6573,16000,0.4108,0,8,0.441,7.0,1,4,4,0.531,4.0,-1,6,1.5,0.219,,,,,,
2023,2023-05-13,토,05,17:00,삼성,LG,대구,삼성,0,0,21817,24000,0.909,0,5,0.484,5.5,1,6,3,0.606,1.5,-1,5,0.0,0.219,,,,,,
2023,2023-05-13,토,05,17:00,SSG,한화,문학,SSG,0,0,23000,23000,1.0,1,1,0.647,0.0,-1,7,9,0.387,8.5,3,6,-5.5,0.219,,,,,,
2023,2023-05-13,토,05,17:00,KT,롯데,수원,KT,0,0,18700,18700,1.0,1,10,0.31,10.5,1,2,2,0.607,2.0,-1,7,5.0,0.219,,,,,,
2023,2023-05-13,토,05,17:00,두산,KIA,잠실,LG;두산,0,0,23750,23750,1.0,1,6,0.484,5.5,1,4,7,0.483,5.5,-3,6,0.0,0.219,,,,,,
2023,2023-05-14,일,05,14:00,키움,NC,고척,키움,1,0,5634,16000,0.3521,0,8,0.457,7.0,2,4,4,0.515,5.0,-2,6,1.5,0.226,,,,,,
2023,2023-05-14,일,05,14:00,삼성,LG,대구,삼성,0,0,18569,24000,0.7737,0,6,0.469,6.5,-1,5,3,0.618,1.5,1,6,1.0,0.226,,,,,,
2023,2023-05-14,일,05,14:00,SSG,한화,문학,SSG,0,0,20757,23000,0.9025,0,1,0.657,0.0,1,8,9,0.375,9.5,-1,6,-5.5,0.226,,,,,,
2023,2023-05-14,일,05,14:00,KT,롯데,수원,KT,0,0,15470,18700,0.8273,0,10,0.3,11.5,-1,2,2,0.621,2.0,1,7,6.0,0.226,,,,,,
2023,2023-05-14,일,05,14:00,두산,KIA,잠실,LG;두산,0,0,23750,23750,1.0,1,5,0.5,5.5,2,5,7,0.467,6.5,-4,5,0.0,0.226,,,,,,
2023,2023-05-16,화,05,18:30,키움,두산,고척,키움,1,0,5662,16000,0.3539,0,8,0.444,7.5,-1,3,5,0.515,5.0,3,5,2.5,0.233,,,,,,
2023,2023-05-16,화,05,18:30,삼성,KIA,대구,삼성,0,0,9112,24000,0.3797,0,6,0.455,7.0,-2,4,7,0.452,7.0,-5,4,2.0,0.233,,,,,,
2023,2023-05-16,화,05,18:30,LG,KT,잠실,LG;두산,0,0,8567,23750,0.3607,0,3,0.629,1.0,2,7,10,0.29,12.0,-2,2,-4.0,0.233,,,,,,
2023,2023-05-16,화,05,18:30,NC,SSG,창원,NC,0,0,4113,17861,0.2303,0,4,0.529,4.5,1,6,1,0.657,0.0,1,7,-0.5,0.233,,,,,,
2023,2023-05-16,화,05,18:30,한화,롯데,한밭,한화,0,0,6138,12000,0.5115,0,9,0.375,9.5,-1,6,2,0.633,1.5,2,7,4.5,0.233,,,,,,
2023,2023-05-17,수,05,18:30,키움,두산,고척,키움,1,0,5232,16000,0.327,0,8,0.432,7.0,-2,3,5,0.529,3.5,4,5,3.5,0.24,,,,,,
2023,2023-05-17,수,05,18:30,삼성,KIA,대구,삼성,0,0,10979,24000,0.4575,0,7,0.441,6.5,-3,3,6,0.469,5.5,1,4,3.0,0.24,,,,,,
2023,2023-05-17,수,05,18:30,LG,KT,잠실,LG;두산,0,0,9838,23750,0.4142,0,3,0.611,0.5,-1,7,10,0.312,10.5,1,2,-3.0,0.24,,,,,,
2023,2023-05-17,수,05,18:30,NC,SSG,창원,NC,0,0,4344,17861,0.2432,0,4,0.543,3.0,2,6,2,0.639,-0.5,-1,6,-0.5,0.24,,,,,,
2023,2023-05-17,수,05,18:30,한화,롯데,한밭,한화,0,0,6269,12000,0.5224,0,9,0.364,9.0,-2,6,1,0.645,0.0,3,7,5.5,0.24,,,,,,
2023,2023-05-18,목,05,18:30,키움,두산,고척,키움,1,0,5742,16000,0.3589,0,8,0.421,8.5,-3,3,4,0.543,4.0,5,6,4.0,0.247,,,,,,
2023,2023-05-18,목,05,18:30,LG,KT,잠실,LG;두산,0,0,9155,23750,0.3855,0,3,0.622,1.0,1,7,10,0.303,12.0,-1,2,-3.5,0.247,,,,,,
2023,2023-05-18,목,05,18:30,한화,롯데,한밭,한화,0,0,6116,12000,0.5097,0,9,0.382,9.5,1,6,2,0.625,1.5,-1,6,5.0,0.247,,,,,,
2023,2023-05-19,금,05,18:30,KIA,키움,광주,KIA,0,0,11290,19030,0.5933,0,6,0.485,6.0,2,4,7,0.436,8.0,1,4,1.5,0.251,,,,,,
2023,2023-05-19,금,05,18:30,롯데,SSG,사직,롯데,0,0,19011,22990,0.8269,0,2,0.636,1.0,1,6,1,0.649,0.0,1,6,-3.5,0.251,,,,,,
2023,2023-05-19,금,05,18:30,KT,두산,수원,KT,0,0,6817,18700,0.3645,0,10,0.294,12.5,-2,2,5,0.528,4.5,-1,6,8.0,0.251,,,,,,
2023,2023-05-19,금,05,18:30,LG,한화,잠실,LG;두산,0,0,19798,23750,0.8336,0,3,0.632,0.5,2,7,9,0.371,10.0,-1,5,-4.0,0.251,,,,,,
2023,2023-05-19,금,05,18:30,NC,삼성,창원,NC,0,0,8493,17861,0.4755,0,4,0.528,4.5,-1,5,8,0.429,8.0,-4,3,0.0,0.251,,,,,,
2023,2023-05-20,토,05,17:00,KIA,키움,광주,KIA,0,0,19030,19030,1.0,1,6,0.5,5.0,3,5,8,0.425,8.0,-1,4,0.5,0.258,,,,,,
2023,2023-05-20,토,05,17:00,롯데,SSG,사직,롯데,0,0,22990,22990,1.0,1,1,0.647,0.0,2,7,3,0.632,0.0,-1,5,-4.5,0.258,,,,,,
2023,2023-05-20,토,05,17:00,KT,두산,수원,KT,0,0,13253,18700,0.7087,0,10,0.314,11.5,1,3,5,0.514,4.5,-2,6,7.0,0.258,,,,,,
2023,2023-05-20,토,05,17:00,LG,한화,잠실,LG;두산,0,0,23750,23750,1.0,1,2,0.641,-0.5,3,7,9,0.361,10.0,-2,4,-5.0,0.258,,,,,,
2023,2023-05-20,토,05,17:00,NC,삼성,창원,NC,0,0,14870,17861,0.8325,0,4,0.514,4.5,-2,5,7,0.444,7.0,1,4,0.0,0.258,,,,,,
2023,2023-05-21,일,05,14:00,KIA,키움,광주,KIA,0,0,14617,19030,0.7681,0,6,0.514,5.0,4,5,8,0.415,9.0,-2,4,0.5,0.265,,,,,,
2023,2023-05-21,일,05,14:00,롯데,SSG,사직,롯데,0,0,22990,22990,1.0,1,3,0.629,1.0,-1,7,1,0.641,0.0,1,5,-3.5,0.265,,,,,,
2023,2023-05-21,일,05,14:00,KT,두산,수원,KT,0,0,10521,18700,0.5626,0,10,0.306,12.5,-1,3,5,0.526,4.5,1,6,8.0,0.265,,,,,,
2023,2023-05-21,일,05,14:00,LG,한화,잠실,LG;두산,0,0,22054,23750,0.9286,0,2,0.641,0.0,3,6,9,0.361,10.5,-2,4,-4.5,0.265,,,,,,
2023,2023-05-21,일,05,14:00,NC,삼성,창원,NC,0,0,10910,17861,0.6108,0,4,0.526,4.5,1,6,7,0.432,8.0,-1,3,0.0,0.265,,,,,,
2023,2023-05-23,화,05,18:30,SSG,LG,문학,SSG,0,0,12508,23000,0.5438,0,1,0.65,0.0,2,6,2,0.65,0.0,4,7,-5.5,0.272,,,,,,
2023,2023-05-23,화,05,18:30,롯데,NC,사직,롯데,0,0,15047,22990,0.6545,0,3,0.611,2.0,-2,6,4,0.513,5.5,-1,5,-3.5,0.272,,,,,,
2023,2023-05-23,화,05,18:30,KT,키움,수원,KT,0,0,4203,18700,0.2248,0,10,0.324,12.5,1,4,8,0.429,9.0,1,4,7.0,0.272,,,,,,
2023,2023-05-23,화,05,18:30,두산,삼성,잠실,LG;두산,0,0,10733,23750,0.4519,0,5,0.513,5.5,-1,6,7,0.447,8.0,1,3,0.0,0.272,,,,,,
2023,2023-05-23,화,05,18:30,한화,KIA,한밭,한화,0,0,6376,12000,0.5313,0,9,0.351,11.5,-3,3,6,0.5,6.0,-1,4,6.0,0.272,,,,,,
2023,2023-05-24,수,05,18:30,SSG,LG,문학,SSG,0,0,16829,23000,0.7317,0,2,0.634,1.0,-1,5,1,0.659,0.0,5,7,-5.5,0.279,,,,,,
2023,2023-05-24,수,05,18:30,롯데,NC,사직,롯데,0,0,14244,22990,0.6196,0,3,0.622,2.0,1,6,5,0.5,6.5,-2,4,-4.5,0.279,,,,,,
2023,2023-05-24,수,05,18:30,KT,키움,수원,KT,0,0,5173,18700,0.2766,0,10,0.316,13.5,-1,4,7,0.442,9.0,2,5,7.0,0.279,,,,,,
2023,2023-05-24,수,05,18:30,두산,삼성,잠실,LG;두산,0,0,11108,23750,0.4677,0,4,0.525,5.5,1,7,8,0.436,9.0,-1,3,-1.0,0.279,,,,,,
2023,2023-05-24,수,05,18:30,한화,KIA,한밭,한화,0,0,7004,12000,0.5837,0,9,0.368,11.5,1,3,6,0.486,7.0,-2,4,5.0,0.279,,,,,,
2023,2023-05-25,목,05,18:30,SSG,LG,문학,SSG,0,0,17575,23000,0.7641,0,1,0.643,0.0,1,5,2,0.643,0.0,-1,7,-5.5,0.286,,,,,,
2023,2023-05-25,목,05,18:30,롯데,NC,사직,롯데,0,0,15221,22990,0.6621,0,3,0.605,2.0,-1,6,4,0.512,5.5,1,4,-3.5,0.286,,,,,,
2023,2023-05-25,목,05,18:30,KT,키움,수원,KT,0,0,5235,18700,0.2799,0,10,0.333,12.5,1,4,8,0.432,9.0,-1,4,7.0,0.286,,,,,,
2023,2023-05-25,목,05,18:30,두산,삼성,잠실,LG;두산,0,0,11005,23750,0.4634,0,5,0.512,5.5,-1,6,7,0.45,8.0,1,4,0.0,0.286,,,,,,
2023,2023-05-25,목,05,18:30,한화,KIA,한밭,한화,0,0,8186,12000,0.6822,0,9,0.359,11.5,-1,2,6,0.5,6.0,1,5,6.0,0.286,,,,,,
2023,2023-05-26,금,05,18:30,키움,롯데,고척,키움,1,0,11692,16000,0.7308,0,8,0.422,10.0,-2,3,3,0.615,2.0,1,6,3.5,0.293,,,,,,
2023,2023-05-26,금,05,18:30,KIA,LG,광주,KIA,0,0,10954,19030,0.5756,0,6,0.487,7.0,-1,5,1,0.651,0.0,1,7,0.5,0.293,,,,,,
2023,2023-05-26,금,05,18:30,삼성,KT,대구,삼성,0,0,12874,24000,0.5364,0,7,0.439,9.0,-1,3,10,0.35,12.5,2,5,2.5,0.293,,,,,,
2023,2023-05-26,금,05,18:30,두산,SSG,잠실,LG;두산,0,0,10428,23750,0.4391,0,4,0.524,5.5,1,6,2,0.628,1.0,-1,5,-1.0,0.293,,,,,,
2023,2023-05-26,금,05,18:30,NC,한화,창원,NC,0,0,5952,17861,0.3332,0,5,0.5,6.5,-1,4,9,0.375,11.5,1,3,0.0,0.293,,,,,,
2023,2023-05-27,토,05,14:00,키움,롯데,고척,키움,1,0,16000,16000,1.0,1,8,0.413,11.0,-3,3,3,0.625,2.0,2,6,4.5,0.3,,,,,,
2023,2023-05-27,토,05,14:00,KIA,LG,광주,KIA,0,0,17931,19030,0.9422,0,6,0.475,8.0,-2,5,1,0.659,0.0,2,7,1.5,0.3,,,,,,
2023,2023-05-27,토,05,14:00,삼성,KT,대구,삼성,0,0,17305,24000,0.721,0,7,0.429,10.0,-2,3,10,0.366,12.5,3,6,3.5,0.3,,,,,,
2023,2023-05-27,토,05,14:00,NC,한화,창원,NC,0,0,9558,17861,0.5351,0,4,0.512,6.5,1,5,9,0.366,12.5,-1,3,0.0,0.3,,,,,,
2023,2023-05-28,일,05,14:00,키움,롯데,고척,키움,1,0,16000,16000,1.0,1,8,0.404,11.0,-4,3,3,0.634,1.0,3,6,4.5,0.306,,,,,,
2023,2023-05-28,일,05,14:00,KIA,LG,광주,KIA,0,0,17015,19030,0.8941,0,6,0.488,7.0,1,6,1,0.644,0.0,-1,7,0.5,0.306,,,,,,
2023,2023-05-28,일,05,14:00,삼성,KT,대구,삼성,0,0,14523,24000,0.6051,0,7,0.419,10.0,-3,3,10,0.381,11.5,4,6,3.5,0.306,,,,,,
2023,2023-05-30,화,05,18:30,KIA,KT,광주,KIA,0,0,5352,19030,0.2812,0,6,0.476,8.0,-1,5,10,0.372,12.5,-1,6,1.0,0.31,,,,,,
2023,2023-05-30,화,05,18:30,SSG,삼성,문학,SSG,0,0,10232,23000,0.4449,0,2,0.636,1.0,1,5,7,0.432,10.0,1,4,-6.0,0.31,,,,,,
2023,2023-05-30,화,05,18:30,LG,롯데,잠실,LG;두산,0,0,20330,23750,0.856,0,1,0.652,0.0,1,7,3,0.619,2.0,-1,6,-7.0,0.31,,,,,,
2023,2023-05-30,화,05,18:30,NC,두산,창원,NC,0,0,3180,17861,0.178,0,5,0.5,7.0,-1,4,4,0.512,6.5,-1,5,0.0,0.31,,,,,,
2023,2023-05-30,화,05,18:30,한화,키움,한밭,한화,0,0,4486,12000,0.3738,0,9,0.381,12.0,1,4,8,0.417,11.0,1,4,5.0,0.31,,,,,,
2023,2023-05-31,수,05,18:30,KIA,KT,광주,KIA,0,0,7244,19030,0.3807,0,6,0.488,8.0,1,5,10,0.364,13.5,-2,6,0.5,0.317,,,,,,
2023,2023-05-31,수,05,18:30,SSG,삼성,문학,SSG,0,0,10745,23000,0.4672,0,2,0.644,1.0,2,6,7,0.422,11.0,-1,4,-6.5,0.317,,,,,,
2023,2023-05-31,수,05,18:30,LG,롯데,잠실,LG;두산,0,0,21269,23750,0.8955,0,1,0.66,0.0,2,7,3,0.605,3.0,-2,5,-7.5,0.317,,,,,,
2023,2023-05-31,수,05,18:30,NC,두산,창원,NC,0,0,4180,17861,0.234,0,4,0.511,7.0,1,4,5,0.5,7.5,-2,4,-0.5,0.317,,,,,,
2023,2023-05-31,수,05,18:30,한화,키움,한밭,한화,0,0,4384,12000,0.3653,0,9,0.395,12.0,2,4,8,0.408,12.0,-1,3,4.5,0.317,,,,,,
2023,2023-06-01,목,06,18:30,SSG,삼성,문학,SSG,0,0,9028,23000,0.3925,0,2,0.63,1.0,-1,6,7,0.435,10.0,1,4,-6.0,0.324,,,,,,
2023,2023-06-01,목,06,18:30,LG,롯데,잠실,LG;두산,0,0,22020,23750,0.9272,0,1,0.646,0.0,-1,6,3,0.614,2.0,1,5,-7.0,0.324,,,,,,
2023,2023-06-01,목,06,18:30,한화,키움,한밭,한화,0,0,5040,12000,0.42,0,9,0.386,12.0,-1,4,8,0.42,11.0,1,4,5.0,0.324,,,,,,
2023,2023-06-02,금,06,18:30,SSG,키움,문학,SSG,0,0,12533,23000,0.5449,0,2,0.638,1.0,1,6,8,0.412,12.0,-1,4,-6.5,0.328,,,,,,
2023,2023-06-02,금,06,18:30,롯데,KIA,사직,롯데,0,0,18996,22990,0.8263,0,3,0.6,3.0,-1,5,6,0.5,7.5,2,5,-4.5,0.328,,,,,,
2023,2023-06-02,금,06,18:30,KT,두산,수원,KT,0,0,5157,18700,0.2758,0,10,0.356,14.0,-3,5,4,0.511,7.0,1,4,6.5,0.328,,,,,,
2023,2023-06-02,금,06,18:30,LG,NC,잠실,LG;두산,0,0,10238,23750,0.4311,0,1,0.653,0.0,1,7,5,0.5,7.5,-1,4,-7.5,0.328,,,,,,
2023,2023-06-02,금,06,18:30,한화,삼성,한밭,한화,0,0,6675,12000,0.5563,0,9,0.4,12.0,1,5,7,0.426,11.0,-1,4,4.5,0.328,,,,,,
2023,2023-06-03,토,06,17:00,SSG,키움,문학,SSG,0,0,19071,23000,0.8292,0,1,0.646,0.0,2,7,8,0.404,12.0,-2,3,-6.5,0.335,,,,,,
2023,2023-06-03,토,06,17:00,롯데,KIA,사직,롯데,0,0,22990,22990,1.0,1,3,0.609,2.0,1,6,6,0.489,7.5,-1,4,-4.5,0.335,,,,,,
2023,2023-06-03,토,06,17:00,KT,두산,수원,KT,0,0,12155,18700,0.65,0,10,0.348,14.0,-4,5,4,0.522,6.0,2,5,7.5,0.335,,,,,,
2023,2023-06-03,토,06,17:00,LG,NC,잠실,LG;두산,0,0,18890,23750,0.7954,0,2,0.64,0.0,-1,6,5,0.511,6.5,1,5,-6.5,0.335,,,,,,
2023,2023-06-03,토,06,17:00,한화,삼성,한밭,한화,0,0,12000,12000,1.0,1,9,0.391,12.0,-1,5,7,0.438,10.0,1,4,5.5,0.335,,,,,,
2023,2023-06-04,일,06,17:00,SSG,키움,문학,SSG,0,0,17007,23000,0.7394,0,1,0.653,0.0,3,7,8,0.396,13.0,-3,2,-7.0,0.342,,,,,,
2023,2023-06-04,일,06,14:00,롯데,KIA,사직,롯데,0,0,22990,22990,1.0,1,3,0.617,2.0,2,6,6,0.478,8.5,-2,4,-5.0,0.342,,,,,,
2023,2023-06-04,일,06,17:00,KT,두산,수원,KT,0,0,10239,18700,0.5475,0,10,0.362,14.0,1,5,5,0.511,7.0,-1,5,7.0,0.342,,,,,,
2023,2023-06-04,일,06,17:00,LG,NC,잠실,LG;두산,0,0,15096,23750,0.6356,0,2,0.627,1.0,-2,5,4,0.521,6.5,2,5,-6.0,0.342,,,,,,
2023,2023-06-04,일,06,17:00,한화,삼성,한밭,한화,0,0,12000,12000,1.0,1,9,0.383,13.0,-2,5,7,0.449,10.0,2,5,6.0,0.342,,,,,,
2023,2023-06-06,화,06,14:00,키움,LG,고척,키움,1,0,14903,16000,0.9314,0,8,0.407,12.0,1,3,2,0.615,1.0,-3,5,5.0,0.349,,,,,,
2023,2023-06-06,화,06,14:00,KIA,SSG,광주,KIA,0,0,15130,19030,0.7951,0,6,0.489,7.5,1,5,1,0.64,0.0,-1,6,0.5,0.349,,,,,,
2023,2023-06-06,화,06,17:00,삼성,NC,대구,삼성,0,0,14639,24000,0.61,0,7,0.44,10.0,-1,4,4,0.531,5.5,3,6,3.0,0.349,,,,,,
2023,2023-06-06,화,06,17:00,롯데,KT,사직,롯데,0,0,20441,22990,0.8891,0,3,0.604,2.0,-1,6,10,0.375,13.0,2,6,-5.0,0.349,,,,,,
2023,2023-06-06,화,06,14:00,두산,한화,잠실,LG;두산,0,0,21146,23750,0.8904,0,5,0.5,7.0,-2,4,9,0.396,12.0,1,5,0.0,0.349,,,,,,
2023,2023-06-07,수,06,18:30,키움,LG,고척,키움,1,0,5390,16000,0.3369,0,8,0.4,13.0,-1,3,2,0.623,1.0,1,5,6.0,0.356,,,,,,
2023,2023-06-07,수,06,18:30,KIA,SSG,광주,KIA,0,0,7569,19030,0.3977,0,6,0.479,8.5,-1,4,1,0.647,0.0,1,7,1.5,0.356,,,,,,
2023,2023-06-07,수,06,18:30,삼성,NC,대구,삼성,0,0,7119,24000,0.2966,0,7,0.451,10.0,1,5,4,0.52,6.5,-1,6,3.0,0.356,,,,,,
2023,2023-06-07,수,06,18:30,롯데,KT,사직,롯데,0,0,10066,22990,0.4378,0,3,0.592,3.0,-2,5,10,0.388,13.0,3,6,-4.0,0.356,,,,,,
2023,2023-06-07,수,06,18:30,두산,한화,잠실,LG;두산,0,0,8497,23750,0.3578,0,5,0.51,7.0,1,5,9,0.388,13.0,-1,5,0.0,0.356,,,,,,
2023,2023-06-08,목,06,18:30,키움,LG,고척,키움,1,0,6076,16000,0.3797,0,8,0.4,13.5,-1,3,2,0.623,1.5,1,4,6.5,0.362,,,,,,
2023,2023-06-08,목,06,18:30,KIA,SSG,광주,KIA,0,0,6646,19030,0.3492,0,6,0.469,9.5,-2,4,1,0.654,0.0,2,7,2.5,0.362,,,,,,
2023,2023-06-08,목,06,18:30,삼성,NC,대구,삼성,0,0,5989,24000,0.2495,0,7,0.442,11.0,-1,5,4,0.529,6.5,1,6,4.0,0.362,,,,,,
2023,2023-06-08,목,06,18:30,롯데,KT,사직,롯데,0,0,10504,22990,0.4569,0,3,0.58,4.0,-3,4,9,0.4,13.0,4,6,-3.0,0.362,,,,,,
2023,2023-06-08,목,06,18:30,두산,한화,잠실,LG;두산,0,0,8509,23750,0.3583,0,5,0.52,7.0,2,5,10,0.38,14.0,-2,4,0.0,0.362,,,,,,
2023,2023-06-09,금,06,18:30,삼성,롯데,대구,삼성,0,0,15893,24000,0.6622,0,7,0.434,12.0,-2,5,3,0.569,5.0,-4,3,5.0,0.369,,,,,,
2023,2023-06-09,금,06,18:30,KT,키움,수원,KT,0,0,5033,18700,0.2691,0,8,0.412,13.0,5,6,9,0.411,13.5,1,4,6.0,0.369,,,,,,
2023,2023-06-09,금,06,18:30,두산,KIA,잠실,LG;두산,0,0,16250,23750,0.6842,0,5,0.529,7.0,3,6,6,0.46,10.5,-3,4,0.0,0.369,,,,,,
2023,2023-06-09,금,06,18:30,NC,SSG,창원,NC,0,0,5110,17861,0.2861,0,4,0.538,6.5,2,7,1,0.66,0.0,3,8,-0.5,0.369,,,,,,
2023,2023-06-09,금,06,18:30,한화,LG,한밭,한화,0,0,6005,12000,0.5004,0,10,0.373,15.0,-3,4,2,0.611,2.5,-1,4,8.0,0.369,,,,,,
2023,2023-06-10,토,06,17:00,삼성,롯데,대구,삼성,0,0,24000,24000,1.0,1,7,0.426,12.0,-3,4,3,0.577,4.0,1,4,5.0,0.376,,,,,,
2023,2023-06-10,토,06,17:00,KT,키움,수원,KT,0,0,9622,18700,0.5145,0,8,0.423,12.0,6,6,9,0.404,13.5,-1,3,5.0,0.376,,,,,,
2023,2023-06-10,토,06,17:00,두산,KIA,잠실,LG;두산,0,0,22233,23750,0.9361,0,5,0.519,7.0,-1,5,6,0.471,9.5,1,4,0.0,0.376,,,,,,
2023,2023-06-10,토,06,17:00,NC,SSG,창원,NC,0,0,11026,17861,0.6173,0,4,0.547,5.5,3,7,1,0.648,0.0,-1,7,-1.5,0.376,,,,,,
2023,2023-06-10,토,06,17:00,한화,LG,한밭,한화,0,0,11072,12000,0.9227,0,10,0.385,14.0,1,4,2,0.6,2.5,-2,3,7.0,0.376,,,,,,
2023,2023-06-11,일,06,17:00,삼성,롯데,대구,삼성,0,0,18496,24000,0.7707,0,7,0.436,11.0,1,5,3,0.566,4.0,-1,4,4.0,0.383,,,,,,
2023,2023-06-11,일,06,17:00,KT,키움,수원,KT,0,0,6806,18700,0.364,0,8,0.415,12.0,-1,6,9,0.414,12.5,1,4,5.0,0.383,,,,,,
2023,2023-06-11,일,06,17:00,두산,KIA,잠실,LG;두산,0,0,18623,23750,0.7841,0,5,0.509,7.0,-2,5,6,0.481,8.5,2,5,0.0,0.383,,,,,,
2023,2023-06-11,일,06,17:00,NC,SSG,창원,NC,0,0,7210,17861,0.4037,0,4,0.556,4.5,4,8,1,0.636,0.0,-2,6,-2.5,0.383,,,,,,
2023,2023-06-11,일,06,17:00,한화,LG,한밭,한화,0,0,7601,12000,0.6334,0,10,0.396,13.0,2,4,2,0.589,2.5,-3,2,6.0,0.383,,,,,,
2023,2023-06-13,화,06,18:30,키움,KIA,고척,키움,1,0,7834,16000,0.4896,0,8,0.424,11.5,2,4,6,0.472,8.5,-1,4,5.5,0.39,,,,,,
2023,2023-06-13,화,06,18:30,SSG,KT,문학,SSG,0,0,6568,23000,0.2856,0,1,0.625,0.0,-3,6,9,0.407,12.0,-2,6,-6.0,0.39,,,,,,
2023,2023-06-13,화,06,18:30,롯데,한화,사직,롯데,0,0,16007,22990,0.6963,0,4,0.556,4.0,-2,3,10,0.389,13.0,-1,4,-2.0,0.39,,,,,,
2023,2023-06-13,화,06,18:30,LG,삼성,잠실,LG;두산,0,0,11103,23750,0.4675,0,2,0.596,1.5,1,3,7,0.446,10.0,2,5,-4.5,0.39,,,,,,
2023,2023-06-13,화,06,18:30,NC,두산,창원,NC,0,0,3699,17861,0.2071,0,3,0.564,3.5,5,8,5,0.519,6.0,1,6,-2.5,0.39,,,,,,
2023,2023-06-14,수,06,18:30,키움,KIA,고척,키움,1,0,8016,16000,0.501,0,8,0.433,11.5,3,5,6,0.463,9.5,-2,3,5.5,0.397,,,,,,
2023,2023-06-14,수,06,18:30,SSG,KT,문학,SSG,0,0,6579,23000,0.286,0,1,0.632,0.0,1,6,9,0.4,13.0,-3,6,-6.0,0.397,,,,,,
2023,2023-06-14,수,06,18:30,롯데,한화,사직,롯데,0,0,10803,22990,0.4699,0,3,0.564,4.0,1,4,10,0.382,14.0,-2,3,-2.0,0.397,,,,,,
2023,2023-06-14,수,06,18:30,LG,삼성,잠실,LG;두산,0,0,11725,23750,0.4937,0,2,0.603,1.5,2,3,7,0.439,11.0,-1,5,-4.5,0.397,,,,,,
2023,2023-06-14,수,06,18:30,NC,두산,창원,NC,0,0,3154,17861,0.1766,0,4,0.554,4.5,-1,8,5,0.527,6.0,2,6,-1.5,0.397,,,,,,
2023,2023-06-15,목,06,18:30,키움,KIA,고척,키움,1,0,8528,16000,0.533,0,7,0.443,10.5,4,6,6,0.455,9.5,-3,3,4.5,0.404,,,,,,
2023,2023-06-15,목,06,18:30,SSG,KT,문학,SSG,0,0,6736,23000,0.2929,0,1,0.621,0.0,-1,5,9,0.411,12.0,1,7,-6.0,0.404,,,,,,
2023,2023-06-15,목,06,18:30,롯데,한화,사직,롯데,0,0,12594,22990,0.5478,0,4,0.554,4.0,-1,3,10,0.393,13.0,1,4,-2.0,0.404,,,,,,
2023,2023-06-15,목,06,18:30,LG,삼성,잠실,LG;두산,0,0,12023,23750,0.5062,0,2,0.61,0.5,3,4,8,0.431,11.0,-2,4,-5.5,0.404,,,,,,
2023,2023-06-15,목,06,18:30,NC,두산,창원,NC,0,0,3633,17861,0.2034,0,3,0.561,3.5,1,8,5,0.518,6.0,-1,5,-2.5,0.404,,,,,,
2023,2023-06-16,금,06,18:30,KIA,NC,광주,KIA,0,0,10170,19030,0.5344,0,6,0.464,9.0,1,4,3,0.569,3.0,2,8,2.5,0.411,,,,,,
2023,2023-06-16,금,06,18:30,SSG,롯데,문학,SSG,0,0,18013,23000,0.7832,0,2,0.61,0.5,-2,4,4,0.544,4.5,-2,2,-6.0,0.411,,,,,,
2023,2023-06-16,금,06,18:30,KT,삼성,수원,KT,0,0,6998,18700,0.3742,0,9,0.421,11.5,2,7,8,0.424,11.5,-3,3,5.0,0.411,,,,,,
2023,2023-06-16,금,06,18:30,LG,두산,잠실,LG;두산,0,0,18826,23750,0.7927,0,1,0.617,0.0,4,5,5,0.509,6.5,-2,5,-6.5,0.411,,,,,,
2023,2023-06-16,금,06,18:30,한화,키움,한밭,한화,0,0,7005,12000,0.5837,0,10,0.404,12.5,2,5,7,0.435,11.0,-1,6,6.0,0.411,,,,,,
2023,2023-06-17,토,06,17:00,KIA,NC,광주,KIA,0,0,15992,19030,0.8404,0,6,0.474,9.0,2,4,3,0.559,4.0,-1,7,1.5,0.418,,,,,,
2023,2023-06-17,토,06,17:00,SSG,롯데,문학,SSG,0,0,23000,23000,1.0,1,2,0.617,0.5,1,5,4,0.534,5.5,-3,2,-7.0,0.418,,,,,,
2023,2023-06-17,토,06,17:00,KT,삼성,수원,KT,0,0,14935,18700,0.7987,0,8,0.431,11.5,3,7,9,0.417,12.5,-4,3,4.0,0.418,,,,,,
2023,2023-06-17,토,06,17:00,LG,두산,잠실,LG;두산,0,0,22878,23750,0.9633,0,1,0.623,0.0,5,6,5,0.5,7.5,-3,5,-7.5,0.418,,,,,,
2023,2023-06-17,토,06,17:00,한화,키움,한밭,한화,0,0,11008,12000,0.9173,0,10,0.404,13.0,2,4,7,0.435,11.5,-1,5,5.5,0.418,,,,,,
2023,2023-06-18,일,06,17:00,KIA,NC,광주,KIA,0,0,13967,19030,0.7339,0,6,0.466,9.5,-1,4,3,0.567,3.5,1,8,2.5,0.425,,,,,,
2023,2023-06-18,일,06,17:00,SSG,롯데,문학,SSG,0,0,19156,23000,0.8329,0,1,0.623,0.0,2,5,4,0.525,6.0,-4,2,-7.0,0.425,,,,,,
2023,2023-06-18,일,06,17:00,KT,삼성,수원,KT,0,0,10137,18700,0.5421,0,8,0.441,11.0,4,7,9,0.41,13.0,-5,2,4.0,0.425,,,,,,
2023,2023-06-18,일,06,17:00,LG,두산,잠실,LG;두산,0,0,19038,23750,0.8016,0,2,0.613,0.5,-1,5,5,0.508,7.0,1,5,-6.5,0.425,,,,,,
2023,2023-06-18,일,06,17:00,한화,키움,한밭,한화,0,0,8163,12000,0.6803,0,10,0.397,13.5,-1,4,7,0.444,11.0,1,6,6.5,0.425,,,,,,
2023,2023-06-20,화,06,18:30,삼성,키움,대구,삼성,0,0,7667,24000,0.3195,0,9,0.419,12.5,1,3,7,0.453,10.5,2,7,5.0,0.432,,,,,,
2023,2023-06-20,화,06,18:30,KT,롯데,수원,KT,0,0,5773,18700,0.3087,0,8,0.433,11.5,-1,6,4,0.533,5.5,1,3,4.0,0.432,,,,,,
2023,2023-06-20,화,06,18:30,두산,SSG,잠실,LG;두산,0,0,6186,23750,0.2605,0,5,0.5,7.5,-1,4,2,0.613,0.5,-1,4,0.0,0.432,,,,,,
2023,2023-06-20,화,06,18:30,NC,LG,창원,NC,0,0,3433,17861,0.1922,0,3,0.567,3.5,1,7,1,0.619,0.0,1,6,-4.0,0.432,,,,,,
2023,2023-06-20,화,06,18:30,한화,KIA,한밭,한화,0,0,5451,12000,0.4542,0,10,0.39,14.0,-2,4,6,0.466,9.5,-1,4,6.5,0.432,,,,,,
2023,2023-06-21,수,06,18:30,삼성,키움,대구,삼성,0,0,7453,24000,0.3105,0,9,0.413,13.0,-1,3,7,0.462,10.0,3,7,5.0,0.439,,,,,,
2023,2023-06-21,수,06,18:30,KT,롯데,수원,KT,0,0,6024,18700,0.3221,0,8,0.443,11.0,1,6,4,0.525,6.0,-1,3,3.0,0.439,,,,,,
2023,2023-06-21,수,06,18:30,두산,SSG,잠실,LG;두산,0,0,5473,23750,0.2304,0,5,0.492,8.0,-2,3,1,0.619,0.0,1,4,0.0,0.439,,,,,,
2023,2023-06-21,수,06,18:30,NC,LG,창원,NC,0,0,3571,17861,0.1999,0,3,0.574,3.0,2,7,2,0.609,0.5,-1,6,-5.0,0.439,,,,,,
2023,2023-06-21,수,06,18:30,한화,KIA,한밭,한화,0,0,5207,12000,0.4339,0,10,0.383,14.5,-3,4,6,0.475,9.0,1,5,6.5,0.439,,,,,,
2023,2023-06-22,목,06,18:30,삼성,키움,대구,삼성,0,0,10176,24000,0.424,0,9,0.406,14.0,-2,3,6,0.47,10.0,4,8,5.0,0.446,,,,,,
2023,2023-06-22,목,06,18:30,KT,롯데,수원,KT,0,0,7861,18700,0.4204,0,8,0.452,11.0,2,6,4,0.516,7.0,-2,2,2.0,0.446,,,,,,
2023,2023-06-22,목,06,18:30,두산,SSG,잠실,LG;두산,0,0,7291,23750,0.307,0,5,0.484,9.0,-3,3,1,0.625,0.0,2,5,0.0,0.446,,,,,,
2023,2023-06-22,목,06,18:30,NC,LG,창원,NC,0,0,4997,17861,0.2798,0,3,0.565,4.0,-1,6,2,0.615,0.5,1,7,-5.0,0.446,,,,,,
2023,2023-06-22,목,06,18:30,한화,KIA,한밭,한화,0,0,7675,12000,0.6396,0,10,0.393,14.5,1,4,7,0.467,10.0,-1,4,5.5,0.446,,,,,,
2023,2023-06-23,금,06,18:30,키움,두산,고척,키움,1,0,7316,16000,0.4572,0,5,0.478,10.0,5,8,6,0.476,10.0,-4,3,0.0,0.453,,,,,,
2023,2023-06-23,금,06,18:30,KIA,KT,광주,KIA,0,0,9018,19030,0.4739,0,8,0.459,11.0,-2,3,7,0.46,11.0,3,7,1.0,0.453,,,,,,
2023,2023-06-23,금,06,18:30,SSG,삼성,문학,SSG,0,0,12744,23000,0.5541,0,1,0.631,0.0,3,6,10,0.4,15.0,-3,2,-10.0,0.453,,,,,,
2023,2023-06-23,금,06,18:30,LG,롯데,잠실,LG;두산,0,0,21089,23750,0.888,0,2,0.621,0.5,2,8,4,0.508,8.0,-3,2,-9.5,0.453,,,,,,
2023,2023-06-23,금,06,18:30,NC,한화,창원,NC,0,0,6376,17861,0.357,0,3,0.556,5.0,-2,5,9,0.403,14.5,2,4,-5.0,0.453,,,,,,
2023,2023-06-24,토,06,17:00,키움,두산,고척,키움,1,0,11717,16000,0.7323,0,6,0.471,11.0,-1,7,5,0.484,10.0,1,3,1.0,0.46,,,,,,
2023,2023-06-24,토,06,17:00,KIA,KT,광주,KIA,0,0,14043,19030,0.7379,0,8,0.452,12.0,-3,3,7,0.469,11.0,4,8,2.0,0.46,,,,,,
2023,2023-06-24,토,06,17:00,SSG,삼성,문학,SSG,0,0,20062,23000,0.8723,0,1,0.636,0.0,4,7,10,0.394,16.0,-4,1,-10.0,0.46,,,,,,
2023,2023-06-24,토,06,17:00,LG,롯데,잠실,LG;두산,0,0,23750,23750,1.0,1,2,0.612,1.5,-1,7,4,0.516,8.0,1,3,-8.5,0.46,,,,,,
2023,2023-06-24,토,06,17:00,NC,한화,창원,NC,0,0,13791,17861,0.7721,0,3,0.547,6.0,-3,4,9,0.413,14.5,3,5,-4.0,0.46,,,,,,
2023,2023-06-25,일,06,14:00,키움,두산,고척,키움,1,0,9549,16000,0.5968,0,5,0.478,11.0,1,7,6,0.477,11.0,-1,2,0.0,0.467,,,,,,
2023,2023-06-25,일,06,17:00,SSG,삼성,문학,SSG,0,0,14722,23000,0.6401,0,1,0.642,0.0,5,7,10,0.388,17.0,-5,1,-11.0,0.467,,,,,,
2023,2023-06-25,일,06,17:00,LG,롯데,잠실,LG;두산,0,0,20846,23750,0.8777,0,2,0.618,1.5,1,7,4,0.508,9.0,-1,2,-9.5,0.467,,,,,,
2023,2023-06-27,화,06,18:30,KIA,키움,광주,KIA,0,0,5349,19030,0.2811,0,8,0.46,11.5,1,4,6,0.471,11.0,-1,6,1.5,0.471,,,,,,
2023,2023-06-27,화,06,18:30,SSG,LG,문학,SSG,0,0,12244,23000,0.5323,0,1,0.632,0.0,-1,7,2,0.623,0.5,2,7,-10.0,0.471,,,,,,
2023,2023-06-27,화,06,18:30,롯데,삼성,사직,롯데,0,0,11654,22990,0.5069,0,4,0.5,9.0,-2,2,10,0.397,16.0,1,2,-1.0,0.471,,,,,,
2023,2023-06-27,화,06,18:30,두산,NC,잠실,LG;두산,0,0,5302,23750,0.2232,0,5,0.485,10.0,1,3,3,0.538,6.5,-4,4,0.0,0.471,,,,,,
2023,2023-06-27,화,06,18:30,한화,KT,한밭,한화,0,0,4625,12000,0.3854,0,9,0.422,14.0,4,6,7,0.462,11.5,-1,8,4.0,0.471,,,,,,
2023,2023-06-28,수,06,18:30,KIA,키움,광주,KIA,0,0,4816,19030,0.2531,0,8,0.453,12.0,-1,4,6,0.479,10.5,1,7,2.5,0.478,,,,,,
2023,2023-06-28,수,06,18:30,SSG,LG,문학,SSG,0,0,11045,23000,0.4802,0,2,0.623,0.5,-2,7,1,0.629,0.0,3,7,-9.0,0.478,,,,,,
2023,2023-06-28,수,06,18:30,롯데,삼성,사직,롯데,0,0,13787,22990,0.5997,0,4,0.507,8.5,1,3,10,0.391,16.5,-1,2,-1.0,0.478,,,,,,
2023,2023-06-28,수,06,18:30,두산,NC,잠실,LG;두산,0,0,5400,23750,0.2274,0,5,0.493,9.5,2,4,3,0.53,7.0,-5,3,0.0,0.478,,,,,,
2023,2023-06-28,수,06,18:30,한화,KT,한밭,한화,0,0,5007,12000,0.4173,0,9,0.431,13.5,5,6,7,0.455,12.0,-2,7,4.0,0.478,,,,,,
2023,2023-06-30,금,06,18:30,키움,SSG,고척,키움,1,0,7164,16000,0.4477,0,5,0.486,10.5,2,8,2,0.614,1.5,-3,6,0.0,0.485,,,,,,
2023,2023-06-30,금,06,18:30,삼성,한화,대구,삼성,0,0,8114,24000,0.3381,0,10,0.386,17.5,-2,2,9,0.439,13.5,6,6,7.0,0.485,,,,,,
2023,2023-06-30,금,06,18:30,KT,NC,수원,KT,0,0,4596,18700,0.2458,0,7,0.448,13.0,-3,6,3,0.537,7.0,1,3,2.5,0.485,,,,,,
2023,2023-06-30,금,06,18:30,롯데,두산,울산,롯데,0,1,6894,10013,0.6885,0,4,0.515,8.5,2,4,6,0.485,10.5,-1,4,-2.0,0.485,,,,,,
2023,2023-06-30,금,06,18:30,LG,KIA,잠실,LG;두산,0,0,20568,23750,0.866,0,1,0.634,0.0,4,7,8,0.446,13.0,-2,3,-10.5,0.485,,,,,,
2023,2023-07-01,토,07,18:00,키움,SSG,고척,키움,1,0,10836,16000,0.6773,0,5,0.479,11.5,-1,7,2,0.62,1.5,1,6,0.0,0.492,,,,,,
2023,2023-07-01,토,07,18:00,삼성,한화,대구,삼성,0,0,18151,24000,0.7563,0,10,0.38,18.5,-3,2,8,0.448,13.5,7,7,7.0,0.492,,,,,,
2023,2023-07-01,토,07,18:00,KT,NC,수원,KT,0,0,9551,18700,0.5107,0,7,0.456,13.0,1,6,3,0.529,8.0,-1,3,1.5,0.492,,,,,,
2023,2023-07-01,토,07,18:00,롯데,두산,울산,롯데,0,1,10013,10013,1.0,1,4,0.522,8.5,3,5,6,0.478,11.5,-2,3,-3.0,0.492,,,,,,
2023,2023-07-01,토,07,18:00,LG,KIA,잠실,LG;두산,0,0,23750,23750,1.0,1,1,0.639,0.0,5,8,9,0.439,14.0,-3,2,-11.5,0.492,,,,,,
2023,2023-07-02,일,07,14:00,키움,SSG,고척,키움,1,0,9512,16000,0.5945,0,5,0.486,10.5,1,7,2,0.611,1.5,-1,6,0.0,0.499,,,,,,
2023,2023-07-02,일,07,17:00,삼성,한화,대구,삼성,0,0,12395,24000,0.5165,0,10,0.375,18.5,-4,1,8,0.456,12.5,8,8,8.0,0.499,,,,,,
2023,2023-07-02,일,07,17:00,KT,NC,수원,KT,0,0,5406,18700,0.2891,0,7,0.464,12.0,2,6,3,0.522,8.0,-2,2,1.5,0.499,,,,,,
2023,2023-07-02,일,07,17:00,롯데,두산,울산,롯데,0,1,7588,10013,0.7578,0,4,0.514,8.5,-1,4,6,0.486,10.5,1,4,-2.0,0.499,,,,,,
2023,2023-07-02,일,07,17:00,LG,KIA,잠실,LG;두산,0,0,20959,23750,0.8825,0,1,0.63,0.0,-1,7,9,0.448,13.0,1,3,-10.5,0.499,,,,,,
2023,2023-07-04,화,07,18:30,키움,NC,고척,키움,1,0,4474,16000,0.2796,0,6,0.48,11.5,-1,6,3,0.514,9.0,-3,2,1.0,0.506,,,,,,
2023,2023-07-04,화,07,18:30,삼성,두산,포항,삼성,0,1,4182,6923,0.6041,0,10,0.384,18.5,1,2,5,0.493,10.5,2,5,8.0,0.506,,,,,,
2023,2023-07-05,수,07,18:30,키움,NC,고척,키움,1,0,4027,16000,0.2517,0,6,0.487,11.0,1,6,3,0.507,9.5,-4,1,1.0,0.508,,,,,,
2023,2023-07-05,수,07,18:30,SSG,KIA,문학,SSG,0,0,13025,23000,0.5663,0,2,0.616,1.5,1,6,9,0.441,14.0,-1,3,-8.5,0.508,,,,,,
2023,2023-07-05,수,07,18:30,LG,KT,잠실,LG;두산,0,0,9707,23750,0.4087,0,1,0.635,0.0,1,8,7,0.471,12.0,3,7,-10.0,0.508,,,,,,
2023,2023-07-05,수,07,18:30,삼성,두산,포항,삼성,0,1,5902,6923,0.8525,0,10,0.378,19.0,-1,2,5,0.5,10.0,3,6,9.0,0.508,,,,,,
2023,2023-07-05,수,07,18:30,한화,롯데,한밭,한화,0,0,7760,12000,0.6467,0,8,0.449,13.5,-1,8,4,0.507,9.5,-2,4,3.5,0.508,,,,,,
2023,2023-07-06,목,07,18:30,키움,NC,고척,키움,1,0,4013,16000,0.2508,0,6,0.494,10.0,2,6,4,0.5,9.5,-5,1,0.5,0.515,,,,,,
2023,2023-07-06,목,07,18:30,SSG,KIA,문학,SSG,0,0,17513,23000,0.7614,0,2,0.608,1.5,-1,5,9,0.449,13.0,1,3,-8.0,0.515,,,,,,
2023,2023-07-06,목,07,18:30,LG,KT,잠실,LG;두산,0,0,10736,23750,0.452,0,1,0.627,0.0,-1,7,7,0.479,11.0,4,7,-9.5,0.515,,,,,,
2023,2023-07-06,목,07,18:30,삼성,두산,포항,삼성,0,1,6923,6923,1.0,1,10,0.373,19.0,-2,2,3,0.507,9.0,4,7,9.5,0.515,,,,,,
2023,2023-07-06,목,07,18:30,한화,롯데,한밭,한화,0,0,10061,12000,0.8384,0,8,0.457,12.5,1,9,5,0.5,9.5,-3,4,3.0,0.515,,,,,,
2023,2023-07-07,금,07,18:30,KT,KIA,수원,KT,0,0,16315,18700,0.8725,0,7,0.472,12.0,-1,6,8,0.457,13.0,2,4,2.5,0.522,,,,,,
2023,2023-07-07,금,07,18:30,두산,키움,잠실,LG;두산,0,0,14123,23750,0.5947,0,3,0.514,9.0,5,7,6,0.487,11.0,-1,6,-0.5,0.522,,,,,,
2023,2023-07-08,토,07,18:00,롯데,LG,사직,롯데,0,0,19496,22990,0.848,0,5,0.507,9.5,1,5,1,0.632,0.0,1,7,0.0,0.525,,,,,,
2023,2023-07-08,토,07,18:00,KT,KIA,수원,KT,0,0,18700,18700,1.0,1,7,0.466,12.5,-2,5,8,0.465,12.5,3,5,3.0,0.525,,,,,,
2023,2023-07-08,토,07,18:00,두산,키움,잠실,LG;두산,0,0,19676,23750,0.8285,0,3,0.52,8.5,6,8,6,0.481,11.5,-2,5,-1.0,0.525,,,,,,
2023,2023-07-08,토,07,18:00,NC,삼성,창원,NC,0,0,12462,17861,0.6977,0,4,0.507,9.5,1,2,10,0.368,20.0,-3,2,0.0,0.525,,,,,,
2023,2023-07-08,토,07,18:00,한화,SSG,한밭,한화,0,0,12000,12000,1.0,1,9,0.451,13.5,-1,8,2,0.6,2.5,-2,4,4.0,0.525,,,,,,
2023,2023-07-09,일,07,17:00,롯데,LG,사직,롯데,0,0,15860,22990,0.6899,0,5,0.5,10.5,-1,4,1,0.636,0.0,2,8,0.0,0.532,,,,,,
2023,2023-07-09,일,07,17:00,KT,KIA,수원,KT,0,0,18700,18700,1.0,1,8,0.459,13.5,-3,4,7,0.472,12.5,4,6,3.0,0.532,,,,,,
2023,2023-07-09,일,07,17:00,두산,키움,잠실,LG;두산,0,0,11472,23750,0.483,0,3,0.526,8.5,7,8,6,0.475,12.5,-3,5,-2.0,0.532,,,,,,
2023,2023-07-09,일,07,17:00,NC,삼성,창원,NC,0,0,8522,17861,0.4771,0,4,0.5,10.5,-1,2,10,0.377,20.0,1,3,0.0,0.532,,,,,,
2023,2023-07-09,일,07,17:00,한화,SSG,한밭,한화,0,0,10168,12000,0.8473,0,9,0.444,14.5,-2,7,2,0.605,2.5,1,4,4.0,0.532,,,,,,
2023,2023-07-11,화,07,18:30,키움,KT,고척,키움,1,0,4217,16000,0.2636,0,7,0.469,12.5,-4,4,8,0.453,13.5,-4,4,2.0,0.539,,,,,,
2023,2023-07-12,수,07,18:30,키움,KT,고척,키움,1,0,3890,16000,0.2431,0,7,0.463,13.0,-5,3,8,0.461,13.0,1,5,2.5,0.54,,,,,,
2023,2023-07-12,수,07,18:30,KIA,삼성,광주,KIA,0,0,8470,19030,0.4451,0,6,0.479,11.5,5,6,10,0.385,19.0,2,3,1.0,0.54,,,,,,
2023,2023-07-12,수,07,18:30,SSG,두산,문학,SSG,0,0,19699,23000,0.8565,0,2,0.597,2.5,-1,3,3,0.532,7.5,8,8,-8.0,0.54,,,,,,
2023,2023-07-12,수,07,18:30,LG,한화,잠실,LG;두산,0,0,17812,23750,0.75,0,1,0.628,0.0,-1,7,9,0.452,13.5,1,7,-10.5,0.54,,,,,,
2023,2023-07-12,수,07,18:30,NC,롯데,창원,NC,0,0,13074,17861,0.732,0,5,0.493,10.5,-2,2,4,0.507,9.5,1,5,0.0,0.54,,,,,,
2023,2023-07-13,목,07,18:30,키움,KT,고척,키움,1,0,4520,16000,0.2825,0,9,0.458,13.0,-6,3,7,0.468,12.0,2,6,3.5,0.547,,,,,,
2023,2023-07-13,목,07,18:30,KIA,삼성,광주,KIA,0,0,7085,19030,0.3723,0,6,0.486,10.5,6,7,10,0.38,19.0,-1,3,1.0,0.547,,,,,,
2023,2023-07-13,목,07,18:30,NC,롯데,창원,NC,0,0,10316,17861,0.5776,0,4,0.5,9.5,1,3,5,0.5,9.5,-1,5,0.0,0.547,,,,,,
2023,2023-07-21,금,07,18:30,KIA,두산,광주,KIA,0,0,9779,19030,0.5139,0,6,0.48,11.0,-1,7,3,0.538,6.5,9,9,1.0,0.551,,,,,,
2023,2023-07-21,금,07,18:30,삼성,KT,대구,삼성,0,0,7833,24000,0.3264,0,10,0.388,18.5,1,4,7,0.474,11.5,3,6,8.5,0.551,,,,,,
2023,2023-07-21,금,07,18:30,롯데,키움,사직,롯데,0,0,13431,22990,0.5842,0,5,0.494,10.0,-2,4,9,0.452,13.5,-7,2,0.0,0.551,,,,,,
2023,2023-07-21,금,07,18:30,LG,SSG,잠실,LG;두산,0,0,17524,23750,0.7379,0,1,0.62,0.0,-2,6,2,0.59,2.5,-2,3,-10.0,0.551,,,,,,
2023,2023-07-21,금,07,18:30,한화,NC,한밭,한화,0,0,8475,12000,0.7063,0,8,0.459,12.5,2,7,4,0.506,9.0,2,3,2.5,0.551,,,,,,
2023,2023-07-22,토,07,18:00,삼성,KT,대구,삼성,0,0,10356,24000,0.4315,0,10,0.383,18.5,-1,4,6,0.481,10.5,4,6,9.5,0.558,,,,,,
2023,2023-07-22,토,07,18:00,롯데,키움,사직,롯데,0,0,14266,22990,0.6205,0,5,0.5,9.0,1,4,9,0.447,13.5,-8,2,0.0,0.558,,,,,,
2023,2023-07-22,토,07,18:00,한화,NC,한밭,한화,0,0,10021,12000,0.8351,0,8,0.453,12.5,-1,6,4,0.513,8.0,3,4,3.5,0.558,,,,,,
2023,2023-07-23,일,07,17:00,삼성,KT,대구,삼성,0,0,8613,24000,0.3589,0,10,0.39,18.0,1,5,6,0.475,11.0,-1,5,8.5,0.562,,,,,,
2023,2023-07-23,일,07,17:00,롯데,키움,사직,롯데,0,0,11470,22990,0.4989,0,5,0.494,9.5,-1,3,8,0.453,13.0,1,2,0.0,0.562,,,,,,
2023,2023-07-25,화,07,18:30,키움,한화,고척,키움,1,0,9886,16000,0.6179,0,8,0.46,12.5,2,2,9,0.447,13.0,-2,5,2.5,0.565,,,,,,
2023,2023-07-25,화,07,18:30,삼성,SSG,대구,삼성,0,0,5557,24000,0.2315,0,10,0.386,18.5,-1,4,2,0.595,1.5,1,4,8.5,0.565,,,,,,
2023,2023-07-25,화,07,18:30,KT,LG,수원,KT,0,0,7948,18700,0.425,0,6,0.481,10.5,1,5,1,0.613,0.0,-3,5,0.5,0.565,,,,,,
2023,2023-07-25,화,07,18:30,두산,롯데,잠실,LG;두산,0,0,12700,23750,0.5347,0,3,0.544,5.5,10,10,5,0.487,10.0,-2,3,-4.5,0.565,,,,,,
2023,2023-07-25,화,07,18:30,NC,KIA,창원,NC,0,0,5668,17861,0.3173,0,4,0.519,7.5,4,5,7,0.474,11.0,-2,7,-2.5,0.565,,,,,,
2023,2023-07-26,수,07,18:30,키움,한화,고척,키움,1,0,11324,16000,0.7077,0,8,0.455,12.5,-1,2,9,0.455,12.0,1,5,3.0,0.572,,,,,,
2023,2023-07-26,수,07,18:30,삼성,SSG,대구,삼성,0,0,6955,24000,0.2898,0,10,0.393,17.5,1,5,2,0.588,1.5,-1,4,8.0,0.572,,,,,,
2023,2023-07-26,수,07,18:30,KT,LG,수원,KT,0,0,8134,18700,0.435,0,5,0.488,9.5,2,6,1,0.605,0.0,-4,4,0.0,0.572,,,,,,
2023,2023-07-26,수,07,18:30,두산,롯데,잠실,LG;두산,0,0,13620,23750,0.5735,0,3,0.55,4.5,11,10,6,0.481,10.0,-3,3,-5.0,0.572,,,,,,
2023,2023-07-26,수,07,18:30,NC,KIA,창원,NC,0,0,6325,17861,0.3541,0,4,0.525,6.5,5,6,7,0.468,11.0,-3,6,-3.0,0.572,,,,,,
2023,2023-07-27,목,07,18:30,키움,한화,고척,키움,1,0,11650,16000,0.7281,0,9,0.449,12.5,-2,2,8,0.462,11.0,2,5,4.0,0.579,,,,,,
2023,2023-07-27,목,07,18:30,삼성,SSG,대구,삼성,0,0,7663,24000,0.3193,0,10,0.388,17.5,-1,5,2,0.593,0.5,1,4,9.0,0.579,,,,,,
2023,2023-07-27,목,07,18:30,KT,LG,수원,KT,0,0,8413,18700,0.4499,0,5,0.494,8.5,3,7,1,0.598,0.0,-5,3,0.0,0.579,,,,,,
2023,2023-07-27,목,07,18:30,두산,롯데,잠실,LG;두산,0,0,12511,23750,0.5268,0,3,0.543,4.5,-1,9,6,0.488,9.0,1,4,-4.0,0.579,,,,,,
2023,2023-07-27,목,07,18:30,NC,KIA,창원,NC,0,0,7279,17861,0.4075,0,4,0.519,6.5,-1,6,7,0.474,10.0,1,7,-2.0,0.579,,,,,,
2023,2023-07-28,금,07,18:30,키움,삼성,고척,키움,1,0,7755,16000,0.4847,0,9,0.456,12.5,1,3,10,0.395,17.5,1,6,3.5,0.586,,,,,,
2023,2023-07-28,금,07,18:30,KIA,롯데,광주,KIA,0,0,10295,19030,0.541,0,7,0.468,11.0,-1,6,5,0.494,9.0,2,4,2.0,0.586,,,,,,
2023,2023-07-28,금,07,18:30,SSG,한화,문학,SSG,0,0,14386,23000,0.6255,0,2,0.585,1.5,-1,4,8,0.456,12.0,-1,5,-7.5,0.586,,,,,,
2023,2023-07-28,금,07,18:30,두산,LG,잠실,LG;두산,0,0,16987,23750,0.7152,0,3,0.537,5.5,-2,8,1,0.602,0.0,1,4,-3.5,0.586,,,,,,
2023,2023-07-28,금,07,18:30,NC,KT,창원,NC,0,0,4676,17861,0.2618,0,4,0.524,6.5,1,7,6,0.488,9.5,-1,7,-2.5,0.586,,,,,,
2023,2023-07-29,토,07,18:00,키움,삼성,고척,키움,1,0,11851,16000,0.7407,0,9,0.456,13.0,1,3,10,0.395,18.0,1,5,3.5,0.593,,,,,,
2023,2023-07-29,토,07,18:00,KIA,롯데,광주,KIA,0,0,14754,19030,0.7753,0,7,0.475,11.0,1,6,6,0.488,10.0,-1,4,1.5,0.593,,,,,,
2023,2023-07-29,토,07,18:00,SSG,한화,문학,SSG,0,0,21344,23000,0.928,0,2,0.578,2.5,-2,3,8,0.463,12.0,1,5,-7.0,0.593,,,,,,
2023,2023-07-29,토,07,18:00,두산,LG,잠실,LG;두산,0,0,21126,23750,0.8895,0,3,0.53,6.5,-3,7,1,0.607,0.0,2,4,-3.0,0.593,,,,,,
2023,2023-07-29,토,07,18:00,NC,KT,창원,NC,0,0,8309,17861,0.4652,0,4,0.518,7.5,-1,6,5,0.494,9.5,1,8,-2.0,0.593,,,,,,
2023,2023-07-30,일,07,14:00,키움,삼성,고척,키움,1,0,11235,16000,0.7022,0,9,0.451,14.0,-1,3,10,0.402,18.0,2,5,4.5,0.6,,,,,,
2023,2023-07-30,일,07,17:00,KIA,롯데,광주,KIA,0,0,11796,19030,0.6199,0,7,0.481,11.0,2,6,6,0.482,11.0,-2,3,1.5,0.6,,,,,,
2023,2023-07-30,일,07,17:00,SSG,한화,문학,SSG,0,0,18158,23000,0.7895,0,2,0.583,2.5,1,4,8,0.457,13.0,-1,5,-7.0,0.6,,,,,,
2023,2023-07-30,일,07,17:00,두산,LG,잠실,LG;두산,0,0,19500,23750,0.8211,0,3,0.524,7.5,-4,6,1,0.612,0.0,3,5,-2.0,0.6,,,,,,
2023,2023-07-30,일,07,17:00,NC,KT,창원,NC,0,0,6181,17861,0.3461,0,4,0.512,8.5,-2,6,5,0.5,9.5,2,8,-1.0,0.6,,,,,,
2023,2023-08-01,화,08,18:30,롯데,NC,사직,롯데,0,0,13326,22990,0.5796,0,7,0.477,12.0,-3,3,4,0.506,9.5,-3,6,2.5,0.607,,,,,,
2023,2023-08-01,화,08,18:30,KT,SSG,수원,KT,0,0,7831,18700,0.4188,0,5,0.506,9.5,3,8,2,0.588,2.5,2,5,0.0,0.607,,,,,,
2023,2023-08-01,화,08,18:30,LG,키움,잠실,LG;두산,0,0,12159,23750,0.512,0,1,0.616,0.0,4,5,9,0.446,15.0,-2,3,-9.5,0.607,,,,,,
2023,2023-08-01,화,08,18:30,삼성,KIA,포항,삼성,0,1,6912,6923,0.9984,1,10,0.409,18.0,3,6,6,0.488,11.0,3,6,8.5,0.607,,,,,,
2023,2023-08-01,화,08,18:30,한화,두산,한밭,한화,0,0,10225,12000,0.8521,0,8,0.451,14.0,-2,5,3,0.518,8.5,-5,5,4.5,0.607,,,,,,
2023,2023-08-02,수,08,18:30,롯데,NC,사직,롯데,0,0,11444,22990,0.4978,0,7,0.471,13.0,-4,3,4,0.512,9.5,1,6,3.5,0.614,,,,,,
2023,2023-08-02,수,08,18:30,KT,SSG,수원,KT,0,0,7780,18700,0.416,0,5,0.511,9.5,4,8,2,0.581,3.5,-1,4,0.0,0.614,,,,,,
2023,2023-08-02,수,08,18:30,LG,키움,잠실,LG;두산,0,0,11740,23750,0.4943,0,1,0.621,0.0,5,5,9,0.441,16.0,-3,3,-9.5,0.614,,,,,,
2023,2023-08-02,수,08,18:30,삼성,KIA,포항,삼성,0,1,6477,6923,0.9356,0,10,0.404,19.0,-1,5,6,0.494,11.0,4,6,9.5,0.614,,,,,,
2023,2023-08-02,수,08,18:30,한화,두산,한밭,한화,0,0,9011,12000,0.7509,0,8,0.446,15.0,-3,4,3,0.523,8.5,1,5,5.5,0.614,,,,,,
2023,2023-08-03,목,08,18:30,롯데,NC,사직,롯데,0,0,10162,22990,0.442,0,7,0.477,13.0,1,3,5,0.506,10.5,-1,5,2.5,0.621,,,,,,
2023,2023-08-03,목,08,18:30,KT,SSG,수원,KT,0,0,7521,18700,0.4022,0,4,0.517,9.5,5,8,2,0.575,4.5,-2,4,-1.0,0.621,,,,,,
2023,2023-08-03,목,08,18:30,LG,키움,잠실,LG;두산,0,0,12179,23750,0.5128,0,1,0.625,0.0,6,6,9,0.436,17.0,-4,3,-10.5,0.621,,,,,,
2023,2023-08-03,목,08,18:30,삼성,KIA,포항,삼성,0,1,6357,6923,0.9182,0,10,0.411,19.0,1,6,6,0.488,12.0,-1,5,8.5,0.621,,,,,,
2023,2023-08-03,목,08,18:30,한화,두산,한밭,한화,0,0,9024,12000,0.752,0,8,0.44,16.0,-4,3,3,0.529,8.5,2,5,5.5,0.621,,,,,,
2023,2023-08-04,금,08,18:30,KIA,한화,광주,KIA,0,0,11495,19030,0.604,0,6,0.494,12.0,1,6,8,0.447,16.0,1,4,1.5,0.628,,,,,,
2023,2023-08-04,금,08,18:30,삼성,LG,대구,삼성,0,0,10856,24000,0.4523,0,10,0.407,20.0,-1,5,1,0.629,0.0,7,7,9.5,0.628,,,,,,
2023,2023-08-04,금,08,18:30,롯데,SSG,사직,롯데,0,0,8545,22990,0.3717,0,7,0.472,14.0,-1,3,2,0.568,5.5,-3,4,3.5,0.628,,,,,,
2023,2023-08-04,금,08,18:30,두산,KT,잠실,LG;두산,0,0,6358,23750,0.2677,0,3,0.523,9.5,-1,4,4,0.522,9.5,6,9,-1.0,0.628,,,,,,
2023,2023-08-04,금,08,18:30,NC,키움,창원,NC,0,0,5107,17861,0.2859,0,5,0.511,10.5,1,5,9,0.432,18.0,-5,2,0.0,0.628,,,,,,
2023,2023-08-05,토,08,18:00,KIA,한화,광주,KIA,0,0,13487,19030,0.7087,0,6,0.5,11.0,2,7,8,0.442,16.0,-1,4,1.5,0.635,,,,,,
2023,2023-08-05,토,08,18:00,삼성,LG,대구,삼성,0,0,15879,24000,0.6616,0,10,0.413,19.0,1,6,1,0.622,0.0,-1,7,9.5,0.635,,,,,,
2023,2023-08-05,토,08,18:00,롯데,SSG,사직,롯데,0,0,10670,22990,0.4641,0,7,0.467,14.0,-2,3,2,0.573,4.5,1,4,4.5,0.635,,,,,,
2023,2023-08-05,토,08,18:00,두산,KT,잠실,LG;두산,0,0,8847,23750,0.3725,0,5,0.517,9.5,-2,3,3,0.527,8.5,7,9,0.0,0.635,,,,,,
2023,2023-08-05,토,08,18:00,NC,키움,창원,NC,0,0,8244,17861,0.4616,0,4,0.517,9.5,2,5,9,0.427,18.0,-6,1,0.0,0.635,,,,,,
2023,2023-08-06,일,08,17:00,KIA,한화,광주,KIA,0,0,10125,19030,0.5321,0,6,0.506,10.0,3,8,8,0.437,16.0,-2,3,1.5,0.642,,,,,,
2023,2023-08-06,일,08,17:00,삼성,LG,대구,삼성,0,0,11446,24000,0.4769,0,10,0.419,18.0,2,6,1,0.615,0.0,-2,7,9.5,0.642,,,,,,
2023,2023-08-06,일,08,17:00,롯데,SSG,사직,롯데,0,0,8162,22990,0.355,0,7,0.462,14.0,-3,3,2,0.578,3.5,2,5,5.5,0.642,,,,,,
2023,2023-08-06,일,08,17:00,두산,KT,잠실,LG;두산,0,0,6744,23750,0.284,0,4,0.522,8.5,1,3,5,0.522,8.5,-1,8,0.0,0.642,,,,,,
2023,2023-08-06,일,08,17:00,NC,키움,창원,NC,0,0,6583,17861,0.3686,0,3,0.522,8.5,3,5,9,0.423,18.0,-7,1,0.0,0.642,,,,,,
2023,2023-08-08,화,08,18:30,키움,롯데,고척,키움,1,0,8376,16000,0.5235,0,9,0.418,19.0,-8,1,7,0.467,14.0,1,3,9.5,0.649,,,,,,
2023,2023-08-08,화,08,18:30,SSG,NC,문학,SSG,0,0,8131,23000,0.3535,0,2,0.571,4.5,-1,4,3,0.527,8.5,4,6,-5.0,0.649,,,,,,
2023,2023-08-08,화,08,18:30,KT,한화,수원,KT,0,0,9704,18700,0.5189,0,4,0.527,8.5,1,8,8,0.437,16.5,-2,2,-1.0,0.649,,,,,,
2023,2023-08-08,화,08,18:30,두산,삼성,잠실,LG;두산,0,0,8519,23750,0.3587,0,5,0.516,9.5,-1,3,10,0.415,19.0,-1,6,0.0,0.649,,,,,,
2023,2023-08-09,수,08,18:30,키움,롯데,고척,키움,1,0,7424,16000,0.464,0,9,0.414,19.5,-9,0,7,0.473,13.5,2,3,10.5,0.654,,,,,,
2023,2023-08-09,수,08,18:30,KIA,LG,광주,KIA,0,0,3700,19030,0.1944,0,6,0.506,10.5,3,7,1,0.62,0.0,1,8,1.5,0.654,,,,,,
2023,2023-08-09,수,08,18:30,SSG,NC,문학,SSG,0,0,6473,23000,0.2814,0,2,0.565,5.0,-2,4,3,0.533,8.0,5,6,-4.0,0.654,,,,,,
2023,2023-08-09,수,08,18:30,KT,한화,수원,KT,0,0,10099,18700,0.5401,0,4,0.532,8.0,2,9,8,0.432,17.0,-3,2,-1.0,0.654,,,,,,
2023,2023-08-09,수,08,18:30,두산,삼성,잠실,LG;두산,0,0,8344,23750,0.3513,0,5,0.522,9.0,1,4,10,0.411,19.5,-2,5,0.0,0.654,,,,,,
2023,2023-08-10,목,08,18:30,키움,롯데,고척,키움,1,0,6240,16000,0.39,0,9,0.42,19.5,1,1,7,0.468,14.5,-1,3,9.5,0.661,,,,,,
2023,2023-08-11,금,08,18:30,SSG,삼성,문학,SSG,0,0,7495,23000,0.3259,0,2,0.57,5.0,1,5,9,0.417,19.5,1,6,-5.0,0.662,,,,,,
2023,2023-08-11,금,08,18:30,롯데,KIA,사직,롯데,0,0,10118,22990,0.4401,0,7,0.474,14.0,1,4,6,0.5,11.5,-1,7,4.0,0.662,,,,,,
2023,2023-08-11,금,08,18:30,KT,NC,수원,KT,0,0,5969,18700,0.3192,0,3,0.537,8.0,3,9,4,0.527,9.0,-1,6,-2.0,0.662,,,,,,
2023,2023-08-11,금,08,18:30,LG,키움,잠실,LG;두산,0,0,11910,23750,0.5015,0,1,0.624,0.0,2,8,10,0.416,20.0,-1,1,-10.0,0.662,,,,,,
2023,2023-08-11,금,08,18:30,한화,두산,한밭,한화,0,0,7333,12000,0.6111,0,8,0.427,18.0,-4,1,5,0.516,10.0,-1,4,8.0,0.662,,,,,,
2023,2023-08-12,토,08,18:00,SSG,삼성,문학,SSG,0,0,18055,23000,0.785,0,2,0.564,6.0,-1,4,8,0.423,19.5,2,6,-4.0,0.669,,,,,,
2023,2023-08-12,토,08,18:00,롯데,KIA,사직,롯데,0,0,16677,22990,0.7254,0,7,0.479,14.0,2,5,6,0.494,12.5,-2,6,4.0,0.669,,,,,,
2023,2023-08-12,토,08,18:00,KT,NC,수원,KT,0,0,10138,18700,0.5421,0,4,0.531,9.0,-1,8,3,0.532,9.0,1,7,-1.0,0.669,,,,,,
2023,2023-08-12,토,08,18:00,LG,키움,잠실,LG;두산,0,0,17624,23750,0.7421,0,1,0.628,0.0,3,8,10,0.412,21.0,-2,1,-10.0,0.669,,,,,,
2023,2023-08-12,토,08,18:00,한화,두산,한밭,한화,0,0,12000,12000,1.0,1,9,0.422,19.0,-5,1,5,0.521,10.0,1,5,9.0,0.669,,,,,,
2023,2023-08-13,일,08,17:00,SSG,삼성,문학,SSG,0,0,16473,23000,0.7162,0,2,0.568,6.0,1,4,9,0.418,20.5,-1,5,-5.0,0.676,,,,,,
2023,2023-08-13,일,08,17:00,롯데,KIA,사직,롯데,0,0,14325,22990,0.6231,0,7,0.474,15.0,-1,5,6,0.5,12.5,1,6,4.0,0.676,,,,,,
2023,2023-08-13,일,08,17:00,KT,NC,수원,KT,0,0,9736,18700,0.5206,0,3,0.536,9.0,1,8,4,0.526,10.0,-1,7,-2.0,0.676,,,,,,
2023,2023-08-13,일,08,17:00,LG,키움,잠실,LG;두산,0,0,18279,23750,0.7696,0,1,0.632,0.0,4,8,10,0.408,22.0,-3,1,-11.0,0.676,,,,,,
2023,2023-08-13,일,08,17:00,한화,두산,한밭,한화,0,0,11007,12000,0.9173,0,8,0.429,19.0,1,2,5,0.516,11.0,-1,5,8.0,0.676,,,,,,
2023,2023-08-15,화,08,17:00,KIA,키움,광주,KIA,0,0,11541,19030,0.6065,0,6,0.495,13.5,-1,5,10,0.404,23.0,-4,1,1.5,0.683,,,,,,
2023,2023-08-15,화,08,17:00,삼성,LG,대구,삼성,0,0,14248,24000,0.5937,0,9,0.414,21.5,-2,5,1,0.635,0.0,5,8,9.5,0.683,,,,,,
2023,2023-08-15,화,08,17:00,롯데,SSG,사직,롯데,0,0,11871,22990,0.5164,0,7,0.48,15.0,1,5,2,0.573,6.0,2,5,3.0,0.683,,,,,,
2023,2023-08-15,화,08,17:00,두산,KT,잠실,LG;두산,0,0,11069,23750,0.4661,0,5,0.51,12.0,-2,4,3,0.541,9.0,2,8,0.0,0.683,,,,,,
2023,2023-08-15,화,08,17:00,NC,한화,창원,NC,0,0,10116,17861,0.5664,0,4,0.521,11.0,-2,6,8,0.435,19.0,2,3,-1.0,0.683,,,,,,
2023,2023-08-16,수,08,18:30,KIA,키움,광주,KIA,0,0,7050,19030,0.3705,0,6,0.489,13.5,-2,4,10,0.41,22.0,1,2,1.5,0.69,,,,,,
2023,2023-08-16,수,08,18:30,삼성,LG,대구,삼성,0,0,7441,24000,0.31,0,9,0.42,20.5,1,5,1,0.629,0.0,-1,7,8.5,0.69,,,,,,
2023,2023-08-16,수,08,18:30,롯데,SSG,사직,롯데,0,0,10542,22990,0.4585,0,7,0.485,14.0,2,6,2,0.567,6.0,-1,5,2.0,0.69,,,,,,
2023,2023-08-16,수,08,18:30,두산,KT,잠실,LG;두산,0,0,5160,23750,0.2173,0,5,0.505,12.0,-3,3,3,0.545,8.0,3,8,0.0,0.69,,,,,,
2023,2023-08-16,수,08,18:30,NC,한화,창원,NC,0,0,5033,17861,0.2818,0,4,0.521,10.5,-2,6,8,0.435,18.5,2,3,-1.5,0.69,,,,,,
2023,2023-08-17,목,08,18:30,KIA,키움,광주,KIA,0,0,6159,19030,0.3236,0,6,0.495,13.5,1,5,10,0.406,23.0,-1,2,0.5,0.697,,,,,,
2023,2023-08-17,목,08,18:30,삼성,LG,대구,삼성,0,0,7415,24000,0.309,0,9,0.416,21.5,-1,5,1,0.633,0.0,1,7,8.5,0.697,,,,,,
2023,2023-08-17,목,08,18:30,롯데,SSG,사직,롯데,0,0,9843,22990,0.4281,0,7,0.49,14.0,3,7,2,0.561,7.0,-2,5,1.0,0.697,,,,,,
2023,2023-08-17,목,08,18:30,두산,KT,잠실,LG;두산,0,0,4943,23750,0.2081,0,5,0.5,13.0,-4,3,3,0.55,8.0,4,8,0.0,0.697,,,,,,
2023,2023-08-17,목,08,18:30,NC,한화,창원,NC,0,0,4875,17861,0.2729,0,4,0.515,11.5,-3,5,8,0.441,18.5,3,3,-1.5,0.697,,,,,,
2023,2023-08-18,금,08,18:30,키움,롯데,고척,키움,1,0,8817,16000,0.5511,0,10,0.402,23.0,-2,2,6,0.495,13.0,4,8,10.5,0.704,,,,,,
2023,2023-08-18,금,08,18:30,삼성,KIA,대구,삼성,0,0,10630,24000,0.4429,0,9,0.422,20.5,1,5,5,0.5,12.5,2,5,8.0,0.704,,,,,,
2023,2023-08-18,금,08,18:30,SSG,LG,문학,SSG,0,0,14549,23000,0.6326,0,2,0.556,7.0,-3,4,1,0.626,0.0,-1,6,-5.5,0.704,,,,,,
2023,2023-08-18,금,08,18:30,한화,KT,한밭,한화,0,0,7003,12000,0.5836,0,8,0.436,18.5,-1,3,3,0.554,7.0,5,8,6.0,0.704,,,,,,
2023,2023-08-19,토,08,14:00,키움,롯데,고척,키움,1,0,13423,16000,0.8389,0,10,0.407,23.0,1,3,7,0.49,14.0,-1,7,9.5,0.71,,,,,,
2023,2023-08-19,토,08,18:00,삼성,KIA,대구,삼성,0,0,17448,24000,0.727,0,9,0.427,20.5,2,5,6,0.495,13.5,-1,4,7.0,0.71,,,,,,
2023,2023-08-19,토,08,18:00,SSG,LG,문학,SSG,0,0,23000,23000,1.0,1,2,0.55,8.0,-4,3,1,0.63,0.0,1,7,-5.5,0.71,,,,,,
2023,2023-08-19,토,08,18:00,두산,NC,잠실,LG;두산,0,0,12240,23750,0.5154,0,5,0.495,13.5,-5,3,4,0.52,11.0,1,5,0.0,0.71,,,,,,
2023,2023-08-19,토,08,18:00,한화,KT,한밭,한화,0,0,11606,12000,0.9672,0,8,0.442,18.5,1,4,3,0.549,8.0,-1,8,5.0,0.71,,,,,,
2023,2023-08-20,일,08,14:00,키움,롯데,고척,키움,1,0,12545,16000,0.7841,0,10,0.413,23.0,2,4,7,0.485,15.0,-2,6,9.5,0.717,,,,,,
2023,2023-08-20,일,08,17:00,삼성,KIA,대구,삼성,0,0,12586,24000,0.5244,0,9,0.423,21.5,-1,5,6,0.5,13.5,1,4,8.0,0.717,,,,,,
2023,2023-08-20,일,08,17:00,SSG,LG,문학,SSG,0,0,18441,23000,0.8018,0,3,0.545,9.0,-5,3,1,0.634,0.0,2,8,-4.5,0.717,,,,,,
2023,2023-08-20,일,08,17:00,두산,NC,잠실,LG;두산,0,0,8286,23750,0.3489,0,5,0.5,13.5,1,3,4,0.515,12.0,-1,4,0.0,0.717,,,,,,
2023,2023-08-20,일,08,17:00,한화,KT,한밭,한화,0,0,8762,12000,0.7302,0,8,0.438,19.5,-1,4,2,0.553,8.0,1,8,6.0,0.717,,,,,,
2023,2023-08-22,화,08,18:30,키움,두산,고척,키움,1,0,6455,16000,0.4034,0,10,0.418,22.0,3,4,5,0.495,13.5,-1,3,8.5,0.724,,,,,,
2023,2023-08-22,화,08,18:30,KT,KIA,수원,KT,0,0,7916,18700,0.4233,0,2,0.558,7.0,2,8,6,0.495,13.5,-1,4,-6.5,0.724,,,,,,
2023,2023-08-22,화,08,18:30,한화,삼성,한밭,한화,0,0,5806,12000,0.4838,0,8,0.433,19.5,-2,4,9,0.429,20.5,1,6,6.0,0.724,,,,,,
2023,2023-08-23,수,08,18:30,키움,두산,고척,키움,1,0,6455,16000,0.4034,0,10,0.414,22.5,-1,4,5,0.5,13.0,1,3,9.5,0.728,,,,,,
2023,2023-08-24,목,08,18:30,키움,두산,고척,키움,1,0,6819,16000,0.4262,0,10,0.411,23.0,-2,4,5,0.505,12.5,2,4,10.5,0.729,,,,,,
2023,2023-08-24,목,08,18:30,SSG,NC,문학,SSG,0,0,6683,23000,0.2906,0,3,0.549,8.0,1,4,4,0.52,11.0,1,4,-4.5,0.729,,,,,,
2023,2023-08-24,목,08,18:30,KT,KIA,수원,KT,0,0,9846,18700,0.5265,0,2,0.562,6.5,3,8,6,0.49,14.0,-2,4,-6.0,0.729,,,,,,
2023,2023-08-24,목,08,18:30,LG,롯데,잠실,LG;두산,0,0,15547,23750,0.6546,0,1,0.627,0.0,-1,7,7,0.481,15.0,-3,6,-12.5,0.729,,,,,,
2023,2023-08-25,금,08,18:30,KIA,한화,광주,KIA,0,0,8457,19030,0.4444,0,6,0.495,14.0,1,5,9,0.429,20.5,-3,4,1.5,0.735,,,,,,
2023,2023-08-25,금,08,18:30,삼성,키움,대구,삼성,0,0,11135,24000,0.464,0,8,0.434,20.5,2,6,10,0.407,24.0,-3,4,8.0,0.735,,,,,,
2023,2023-08-25,금,08,18:30,롯데,KT,사직,롯데,0,0,10709,22990,0.4658,0,7,0.476,16.0,-4,5,2,0.557,7.5,-1,8,3.5,0.735,,,,,,
2023,2023-08-25,금,08,18:30,두산,SSG,잠실,LG;두산,0,0,8363,23750,0.3521,0,5,0.51,12.5,3,4,3,0.553,8.0,2,4,0.0,0.735,,,,,,
2023,2023-08-25,금,08,18:30,NC,LG,창원,NC,0,0,9288,17861,0.52,0,4,0.515,12.0,-1,3,1,0.631,0.0,1,7,-0.5,0.735,,,,,,
2023,2023-08-26,토,08,18:00,KIA,한화,광주,KIA,0,0,16812,19030,0.8834,0,6,0.5,13.0,2,5,9,0.424,20.5,-4,4,1.5,0.742,,,,,,
2023,2023-08-26,토,08,18:00,삼성,키움,대구,삼성,0,0,17586,24000,0.7328,0,8,0.43,20.5,-1,5,10,0.412,23.0,1,5,9.0,0.742,,,,,,
2023,2023-08-26,토,08,18:00,롯데,KT,사직,롯데,0,0,15657,22990,0.681,0,7,0.472,16.0,-5,4,2,0.561,6.5,1,8,4.5,0.742,,,,,,
2023,2023-08-26,토,08,18:00,두산,SSG,잠실,LG;두산,0,0,15101,23750,0.6358,0,5,0.514,11.5,4,5,3,0.548,8.0,-1,4,0.0,0.742,,,,,,
2023,2023-08-26,토,08,18:00,NC,LG,창원,NC,0,0,13484,17861,0.7549,0,4,0.52,11.0,1,4,1,0.625,0.0,-1,6,-0.5,0.742,,,,,,
2023,2023-08-27,일,08,17:00,KIA,한화,광주,KIA,0,0,12627,19030,0.6635,0,6,0.505,12.0,3,6,9,0.42,20.5,-5,3,0.5,0.749,,,,,,
2023,2023-08-27,일,08,17:00,삼성,키움,대구,삼성,0,0,13461,24000,0.5609,0,8,0.435,19.5,1,6,10,0.409,23.0,-1,4,8.0,0.749,,,,,,
2023,2023-08-27,일,08,17:00,롯데,KT,사직,롯데,0,0,10735,22990,0.4669,0,7,0.467,16.0,-6,4,2,0.565,5.5,2,8,4.5,0.749,,,,,,
2023,2023-08-27,일,08,17:00,두산,SSG,잠실,LG;두산,0,0,11300,23750,0.4758,0,5,0.509,11.5,-1,5,3,0.552,7.0,1,4,0.0,0.749,,,,,,
2023,2023-08-27,일,08,17:00,NC,LG,창원,NC,0,0,8771,17861,0.4911,0,4,0.524,10.0,2,4,1,0.619,0.0,-2,5,-1.5,0.749,,,,,,
2023,2023-08-30,수,08,18:30,SSG,키움,문학,SSG,0,0,7809,23000,0.3395,0,3,0.557,6.0,2,4,10,0.405,23.0,-2,4,-5.0,0.756,,,,,,
2023,2023-08-31,목,08,18:30,KIA,NC,광주,KIA,0,0,7152,19030,0.3758,0,5,0.51,11.0,4,7,4,0.529,9.0,3,5,0.0,0.757,,,,,,
2023,2023-08-31,목,08,18:30,SSG,키움,문학,SSG,0,0,9780,23000,0.4252,0,3,0.561,5.5,3,5,10,0.402,23.5,-3,4,-5.5,0.757,,,,,,
2023,2023-08-31,목,08,18:30,KT,삼성,수원,KT,0,0,8071,18700,0.4316,0,2,0.569,4.5,3,8,8,0.44,18.5,2,7,-6.5,0.757,,,,,,
2023,2023-08-31,목,08,18:30,LG,두산,잠실,LG;두산,0,0,17859,23750,0.752,0,1,0.613,0.0,-3,4,6,0.505,11.5,-2,5,-11.0,0.757,,,,,,
2023,2023-08-31,목,08,18:30,한화,롯데,한밭,한화,0,0,7179,12000,0.5982,0,9,0.416,20.5,-6,2,7,0.463,16.0,-7,3,9.5,0.757,,,,,,
2023,2023-09-01,금,09,18:30,키움,KT,고척,키움,1,0,3746,16000,0.2341,0,10,0.407,23.5,1,4,2,0.573,4.5,4,8,12.5,0.764,,,,,,
2023,2023-09-01,금,09,18:30,삼성,NC,대구,삼성,0,0,12843,24000,0.5351,0,8,0.436,19.5,-1,6,4,0.524,10.0,-1,5,8.5,0.764,,,,,,
2023,2023-09-01,금,09,18:30,SSG,KIA,문학,SSG,0,0,17281,23000,0.7513,0,3,0.556,6.5,-1,5,5,0.515,11.0,5,7,-4.5,0.764,,,,,,
2023,2023-09-01,금,09,18:30,LG,한화,잠실,LG;두산,0,0,20381,23750,0.8581,0,1,0.617,0.0,1,5,9,0.412,21.5,-7,2,-11.0,0.764,,,,,,
2023,2023-09-02,토,09,17:00,키움,KT,고척,키움,1,0,6731,16000,0.4207,0,9,0.412,23.5,2,4,2,0.568,5.5,-1,7,12.5,0.769,,,,,,
2023,2023-09-02,토,09,17:00,삼성,NC,대구,삼성,0,0,20468,24000,0.8528,0,8,0.432,20.5,-2,6,4,0.528,10.0,1,6,9.5,0.769,,,,,,
2023,2023-09-02,토,09,17:00,SSG,KIA,문학,SSG,0,0,23000,23000,1.0,1,3,0.55,7.5,-2,5,5,0.519,11.0,6,7,-3.5,0.769,,,,,,
2023,2023-09-02,토,09,14:00,LG,한화,잠실,LG;두산,0,0,23574,23750,0.9926,1,1,0.62,0.0,2,5,10,0.408,22.5,-8,1,-11.0,0.769,,,,,,
2023,2023-09-03,일,09,14:00,키움,KT,고척,키움,1,0,5778,16000,0.3611,0,9,0.417,22.5,3,4,2,0.562,5.5,-2,7,12.5,0.775,,,,,,
2023,2023-09-03,일,09,14:00,삼성,NC,대구,삼성,0,0,14601,24000,0.6084,0,8,0.429,20.5,-3,5,4,0.533,9.0,2,7,10.5,0.775,,,,,,
2023,2023-09-03,일,09,14:00,SSG,KIA,문학,SSG,0,0,23000,23000,1.0,1,3,0.545,7.5,-3,5,5,0.524,10.0,7,8,-2.5,0.775,,,,,,
2023,2023-09-03,일,09,14:00,롯데,두산,사직,롯데,0,0,11436,22990,0.4974,0,7,0.468,16.0,1,3,6,0.5,12.5,-3,5,6.0,0.775,,,,,,
2023,2023-09-03,일,09,14:00,LG,한화,잠실,LG;두산,0,0,22858,23750,0.9624,0,1,0.615,0.0,-1,5,10,0.413,21.5,1,2,-10.0,0.775,,,,,,
2023,2023-09-04,월,09,18:30,롯데,두산,사직,롯데,0,0,4621,22990,0.201,0,7,0.464,16.0,-1,2,6,0.505,11.5,1,6,7.0,0.782,,,,,,
2023,2023-09-05,화,09,18:30,KT,LG,수원,KT,0,0,10153,18700,0.5429,0,2,0.558,5.5,-3,6,1,0.609,0.0,-2,4,-3.5,0.783,,,,,,
2023,2023-09-05,화,09,18:30,롯데,삼성,울산,롯데,0,1,5999,10013,0.5991,0,7,0.468,15.5,1,2,8,0.434,19.5,1,5,6.5,0.783,,,,,,
2023,2023-09-05,화,09,18:30,NC,키움,창원,NC,0,0,3511,17861,0.1966,0,5,0.528,9.0,-1,6,9,0.421,21.5,4,5,0.0,0.783,,,,,,
2023,2023-09-05,화,09,18:30,한화,SSG,한밭,한화,0,0,5124,12000,0.427,0,10,0.419,20.5,2,2,3,0.541,7.5,-4,5,11.5,0.783,,,,,,
2023,2023-09-06,수,09,18:30,KT,LG,수원,KT,0,0,10075,18700,0.5388,0,2,0.553,6.5,-4,5,1,0.613,0.0,1,4,-3.0,0.789,,,,,,
2023,2023-09-06,수,09,18:30,롯데,삼성,울산,롯데,0,1,6380,10013,0.6372,0,7,0.473,15.5,2,3,8,0.43,20.5,-1,5,6.0,0.789,,,,,,
2023,2023-09-06,수,09,18:30,두산,KIA,잠실,LG;두산,0,0,20468,23750,0.8618,0,6,0.5,12.5,-1,5,5,0.528,9.5,8,8,3.0,0.789,,,,,,
2023,2023-09-06,수,09,18:30,NC,키움,창원,NC,0,0,4269,17861,0.239,0,4,0.532,9.0,1,7,9,0.418,22.5,-1,5,-0.5,0.789,,,,,,
2023,2023-09-06,수,09,18:30,한화,SSG,한밭,한화,0,0,7213,12000,0.6011,0,10,0.415,21.5,-1,2,3,0.545,7.5,1,5,12.0,0.789,,,,,,
2023,2023-09-07,목,09,18:30,KT,LG,수원,KT,0,0,10799,18700,0.5775,0,2,0.557,5.5,1,5,1,0.607,0.0,-1,4,-3.0,0.796,,,,,,
2023,2023-09-07,목,09,18:30,롯데,삼성,울산,롯데,0,1,7156,10013,0.7147,0,7,0.469,15.5,-1,3,8,0.435,19.5,1,5,7.0,0.796,,,,,,
2023,2023-09-07,목,09,18:30,두산,KIA,잠실,LG;두산,0,0,21838,23750,0.9195,0,6,0.495,12.5,-2,5,5,0.533,8.5,9,9,4.0,0.796,,,,,,
2023,2023-09-07,목,09,18:30,NC,키움,창원,NC,0,0,4780,17861,0.2676,0,4,0.536,8.0,2,7,10,0.415,22.5,-2,5,-0.5,0.796,,,,,,
2023,2023-09-07,목,09,18:30,한화,SSG,한밭,한화,0,0,7236,12000,0.603,0,9,0.421,20.5,1,3,3,0.54,7.5,-1,4,12.0,0.796,,,,,,
2023,2023-09-08,금,09,18:30,키움,한화,고척,키움,1,0,7715,16000,0.4822,0,10,0.411,23.5,-3,4,9,0.426,20.5,2,4,14.0,0.803,,,,,,
2023,2023-09-08,금,09,18:30,KIA,LG,광주,KIA,0,0,12280,19030,0.6453,0,5,0.528,9.5,-1,9,1,0.611,0.0,1,4,0.0,0.803,,,,,,
2023,2023-09-08,금,09,18:30,KT,SSG,수원,KT,0,0,7200,18700,0.385,0,2,0.552,6.5,-1,5,4,0.535,8.5,-2,4,-3.0,0.803,,,,,,
2023,2023-09-08,금,09,18:30,두산,삼성,잠실,LG;두산,0,0,15991,23750,0.6733,0,6,0.5,12.5,1,5,8,0.431,20.5,-1,4,3.0,0.803,,,,,,
2023,2023-09-08,금,09,18:30,NC,롯데,창원,NC,0,0,12684,17861,0.7102,0,3,0.541,8.0,3,8,7,0.474,15.5,1,4,-1.5,0.803,,,,,,
2023,2023-09-09,토,09,17:00,키움,한화,고척,키움,1,0,9962,16000,0.6226,0,10,0.408,24.5,-4,4,8,0.431,20.5,3,5,14.0,0.81,,,,,,
2023,2023-09-09,토,09,17:00,키움,한화,고척,키움,1,0,10028,16000,0.6268,0,10,0.408,24.5,-4,4,8,0.431,20.5,3,5,14.0,0.81,,,,,,
2023,2023-09-09,토,09,17:00,KIA,LG,광주,KIA,0,0,11820,19030,0.6211,0,5,0.523,10.5,-2,8,1,0.614,0.0,2,5,0.0,0.81,,,,,,
2023,2023-09-09,토,09,17:00,KIA,LG,광주,KIA,0,0,18462,19030,0.9702,0,5,0.523,10.5,-2,8,1,0.614,0.0,2,5,0.0,0.81,,,,,,
2023,2023-09-09,토,09,17:00,KT,SSG,수원,KT,0,0,13739,18700,0.7347,0,2,0.556,6.5,1,5,4,0.53,9.5,-3,3,-4.0,0.81,,,,,,
2023,2023-09-09,토,09,17:00,두산,삼성,잠실,LG;두산,0,0,14279,23750,0.6012,0,6,0.504,12.5,2,5,9,0.427,21.5,-2,4,2.0,0.81,,,,,,
2023,2023-09-09,토,09,17:00,두산,삼성,잠실,LG;두산,0,0,21514,23750,0.9059,0,6,0.504,12.5,2,5,9,0.427,21.5,-2,4,2.0,0.81,,,,,,
2023,2023-09-09,토,09,17:00,NC,롯데,창원,NC,0,0,10933,17861,0.6121,0,3,0.545,8.0,4,8,7,0.47,16.5,-1,4,-2.5,0.81,,,,,,
2023,2023-09-09,토,09,17:00,NC,롯데,창원,NC,0,0,17861,17861,1.0,1,3,0.545,8.0,4,8,7,0.47,16.5,-1,4,-2.5,0.81,,,,,,
2023,2023-09-10,일,09,14:00,키움,한화,고척,키움,1,0,11313,16000,0.7071,0,10,0.402,24.5,-6,4,8,0.441,18.5,5,7,16.0,0.822,,,,,,
2023,2023-09-10,일,09,14:00,KIA,LG,광주,KIA,0,0,13948,19030,0.7329,0,4,0.532,8.5,2,8,1,0.603,0.0,-2,5,0.0,0.822,,,,,,
2023,2023-09-10,일,09,14:00,KT,SSG,수원,KT,0,0,11212,18700,0.5996,0,2,0.556,5.5,1,4,5,0.53,8.5,-3,2,-3.0,0.822,,,,,,
2023,2023-09-10,일,09,14:00,두산,삼성,잠실,LG;두산,0,0,17467,23750,0.7355,0,6,0.504,11.5,1,4,9,0.429,20.5,-1,3,3.0,0.822,,,,,,
2023,2023-09-10,일,09,14:00,NC,롯데,창원,NC,0,0,13984,17861,0.7829,0,3,0.544,7.0,1,7,7,0.47,15.5,-1,5,-1.5,0.822,,,,,,
2023,2023-09-12,화,09,18:30,삼성,KIA,대구,삼성,0,0,9037,24000,0.3765,0,9,0.425,20.5,-2,3,4,0.536,7.5,3,8,13.0,0.829,,,,,,
2023,2023-09-12,화,09,18:30,SSG,KT,문학,SSG,0,0,10309,23000,0.4482,0,5,0.534,7.5,1,2,2,0.551,5.5,-1,3,0.0,0.829,,,,,,
2023,2023-09-12,화,09,18:30,롯데,NC,사직,롯데,0,0,8202,22990,0.3568,0,7,0.466,15.5,-2,5,3,0.548,6.0,2,8,8.0,0.829,,,,,,
2023,2023-09-12,화,09,18:30,두산,한화,잠실,LG;두산,0,0,10169,23750,0.4282,0,6,0.509,10.5,2,5,8,0.446,17.5,6,8,3.0,0.829,,,,,,
2023,2023-09-13,수,09,18:30,KIA,롯데,광주,KIA,0,0,6323,19030,0.3323,0,4,0.531,8.0,-1,7,7,0.462,16.0,-3,4,0.0,0.835,,,,,,
2023,2023-09-13,수,09,18:30,NC,KT,창원,NC,0,0,3919,17861,0.2194,0,3,0.552,5.5,3,8,2,0.555,5.0,1,3,-2.5,0.835,,,,,,
2023,2023-09-14,목,09,18:30,삼성,KT,대구,삼성,0,0,6850,24000,0.2854,0,9,0.43,20.0,1,4,2,0.558,4.5,2,4,11.5,0.838,,,,,,
2023,2023-09-14,목,09,18:30,두산,SSG,잠실,LG;두산,0,0,7257,23750,0.3056,0,6,0.513,10.0,3,6,4,0.53,8.0,-1,2,1.5,0.838,,,,,,
2023,2023-09-15,금,09,18:30,KIA,두산,광주,KIA,0,0,7350,19030,0.3862,0,4,0.526,8.5,-2,6,6,0.517,9.5,4,7,0.0,0.84,,,,,,
2023,2023-09-15,금,09,18:30,롯데,키움,사직,롯데,0,0,6409,22990,0.2788,0,7,0.467,15.5,1,5,10,0.398,24.5,-7,3,7.0,0.84,,,,,,
2023,2023-09-15,금,09,18:30,NC,삼성,창원,NC,0,0,4129,17861,0.2312,0,3,0.547,6.0,-1,7,9,0.434,19.5,2,5,-2.5,0.84,,,,,,
2023,2023-09-15,금,09,18:30,한화,LG,한밭,한화,0,0,5724,12000,0.477,0,8,0.442,18.0,-1,8,1,0.598,0.0,-3,4,9.5,0.84,,,,,,
2023,2023-09-16,토,09,17:00,LG,SSG,잠실,LG;두산,0,0,18576,23750,0.7821,0,1,0.602,0.0,1,4,4,0.525,9.0,-2,2,-9.5,0.846,,,,,,
2023,2023-09-17,일,09,14:00,KIA,두산,광주,KIA,0,0,12878,19030,0.6767,0,4,0.522,10.0,-3,5,6,0.521,10.0,5,7,0.0,0.847,,,,,,
2023,2023-09-17,일,09,14:00,삼성,롯데,대구,삼성,0,0,18746,24000,0.7811,0,9,0.431,21.0,-1,4,7,0.471,16.0,2,5,11.0,0.847,,,,,,
2023,2023-09-17,일,09,17:00,LG,SSG,잠실,LG;두산,0,0,15193,23750,0.6397,0,1,0.605,0.0,2,5,5,0.521,10.0,-3,2,-10.0,0.847,,,,,,
2023,2023-09-17,일,09,17:00,LG,SSG,잠실,LG;두산,0,0,14237,23750,0.5995,0,1,0.605,0.0,2,5,5,0.521,10.0,-3,2,-10.0,0.847,,,,,,
2023,2023-09-17,일,09,17:00,한화,KT,한밭,한화,0,0,7406,12000,0.6172,0,8,0.439,19.5,-2,7,2,0.554,6.0,-1,4,9.5,0.847,,,,,,
2023,2023-09-17,일,09,17:00,한화,KT,한밭,한화,0,0,6228,12000,0.519,0,8,0.439,19.5,-2,7,2,0.554,6.0,-1,4,9.5,0.847,,,,,,
2023,2023-09-18,월,09,18:30,KIA,두산,광주,KIA,0,0,3482,19030,0.183,0,5,0.517,11.5,-4,4,4,0.525,10.5,6,8,0.0,0.856,,,,,,
2023,2023-09-18,월,09,18:30,한화,KT,한밭,한화,0,0,3425,12000,0.2854,0,8,0.431,21.5,-4,6,2,0.561,6.0,2,6,10.0,0.856,,,,,,
2023,2023-09-19,화,09,18:30,KIA,LG,광주,KIA,0,0,8871,19030,0.4662,0,5,0.513,12.0,-5,3,1,0.612,0.0,4,6,0.0,0.858,,,,,,
2023,2023-09-19,화,09,18:30,롯데,키움,사직,롯데,0,0,5523,22990,0.2402,0,7,0.475,16.5,3,5,10,0.395,27.0,-8,2,4.5,0.858,,,,,,
2023,2023-09-19,화,09,18:30,KT,삼성,수원,KT,0,0,7216,18700,0.3859,0,2,0.556,6.5,-1,5,9,0.427,22.5,-2,4,-5.5,0.858,,,,,,
2023,2023-09-19,화,09,18:30,두산,NC,잠실,LG;두산,0,0,6726,23750,0.2832,0,4,0.529,10.0,7,9,3,0.551,7.5,1,8,-2.0,0.858,,,,,,
2023,2023-09-19,화,09,18:30,한화,SSG,한밭,한화,0,0,4014,12000,0.3345,0,8,0.436,21.0,1,6,6,0.512,12.0,-5,1,9.0,0.858,,,,,,
2023,2023-09-21,목,09,18:30,키움,NC,고척,키움,1,0,5178,16000,0.3236,0,10,0.4,27.0,1,2,3,0.555,7.5,2,8,15.0,0.865,,,,,,
2023,2023-09-21,목,09,18:30,삼성,두산,대구,삼성,0,0,7596,24000,0.3165,0,9,0.424,23.5,-3,3,4,0.525,11.0,-1,8,11.5,0.865,,,,,,
2023,2023-09-21,목,09,18:30,SSG,LG,문학,SSG,0,0,12353,23000,0.5371,0,5,0.516,12.0,1,2,1,0.615,0.0,5,7,0.0,0.865,,,,,,
2023,2023-09-21,목,09,18:30,KT,롯데,수원,KT,0,0,7691,18700,0.4113,0,2,0.56,6.5,1,6,7,0.472,17.5,-1,5,-5.5,0.865,,,,,,
2023,2023-09-21,목,09,18:30,한화,KIA,한밭,한화,0,0,7747,12000,0.6456,0,8,0.432,22.0,-1,5,6,0.508,13.0,-6,3,10.0,0.865,,,,,,
2023,2023-09-22,금,09,18:30,KIA,KT,광주,KIA,0,0,10221,19030,0.5371,0,6,0.504,14.0,-7,3,2,0.563,6.5,2,6,1.0,0.872,,,,,,
2023,2023-09-22,금,09,18:30,삼성,두산,대구,삼성,0,0,11568,24000,0.482,0,9,0.421,24.5,-4,3,4,0.528,11.0,1,8,11.5,0.872,,,,,,
2023,2023-09-22,금,09,18:30,SSG,롯데,문학,SSG,0,0,11561,23000,0.5027,0,5,0.512,13.0,-1,2,7,0.468,18.5,-2,4,0.0,0.872,,,,,,
2023,2023-09-22,금,09,18:30,LG,NC,잠실,LG;두산,0,0,16269,23750,0.685,0,1,0.618,0.0,6,7,3,0.55,8.5,-1,7,-13.0,0.872,,,,,,
2023,2023-09-22,금,09,18:30,한화,키움,한밭,한화,0,0,7088,12000,0.5907,0,8,0.437,22.0,1,5,10,0.405,27.0,2,2,9.0,0.872,,,,,,
2023,2023-09-23,토,09,17:00,KIA,KT,광주,KIA,0,0,13846,19030,0.7276,0,5,0.508,13.0,1,3,2,0.559,6.5,-1,6,0.0,0.879,,,,,,
2023,2023-09-23,토,09,17:00,SSG,롯데,문학,SSG,0,0,19725,23000,0.8576,0,6,0.508,13.0,-2,2,7,0.472,17.5,1,5,0.0,0.879,,,,,,
2023,2023-09-23,토,09,17:00,LG,한화,잠실,LG;두산,0,0,22765,23750,0.9585,0,1,0.613,0.0,-1,6,8,0.433,22.0,-1,4,-13.0,0.879,,,,,,
2023,2023-09-23,토,09,17:00,NC,두산,창원,NC,0,0,11026,17861,0.6173,0,3,0.554,7.5,1,7,4,0.532,10.0,2,9,-5.5,0.879,,,,,,
2023,2023-09-24,일,09,14:00,KIA,KT,광주,KIA,0,0,10108,19030,0.5312,0,6,0.504,14.0,-1,2,2,0.562,6.5,1,7,1.0,0.885,,,,,,
2023,2023-09-24,일,09,14:00,SSG,롯데,문학,SSG,0,0,16280,23000,0.7078,0,5,0.512,13.0,1,3,7,0.468,18.5,-1,4,0.0,0.885,,,,,,
2023,2023-09-24,일,09,14:00,LG,한화,잠실,LG;두산,0,0,20369,23750,0.8576,0,1,0.616,0.0,1,7,8,0.43,23.0,-2,3,-13.0,0.885,,,,,,
2023,2023-09-24,일,09,14:00,NC,두산,창원,NC,0,0,8247,17861,0.4617,0,3,0.549,8.5,-1,6,4,0.536,10.0,3,9,-4.5,0.885,,,,,,
2023,2023-09-26,화,09,18:30,NC,KIA,창원,NC,0,0,6945,17861,0.3888,0,3,0.553,8.5,1,7,6,0.5,15.0,-2,1,-5.5,0.89,,,,,,
2023,2023-09-27,수,09,18:30,SSG,두산,문학,SSG,0,0,6526,23000,0.2837,0,5,0.508,14.0,-1,2,4,0.532,11.0,-1,8,0.0,0.892,,,,,,
2023,2023-09-27,수,09,18:30,SSG,두산,문학,SSG,0,0,12132,23000,0.5275,0,5,0.508,14.0,-1,2,4,0.532,11.0,-1,8,0.0,0.892,,,,,,
2023,2023-09-27,수,09,18:30,LG,KT,잠실,LG;두산,0,0,5656,23750,0.2381,0,1,0.619,0.0,2,8,2,0.566,6.5,2,7,-14.0,0.892,,,,,,
2023,2023-09-27,수,09,18:30,LG,KT,잠실,LG;두산,0,0,14733,23750,0.6203,0,1,0.619,0.0,2,8,2,0.566,6.5,2,7,-14.0,0.892,,,,,,
2023,2023-09-27,수,09,18:30,NC,KIA,창원,NC,0,0,3775,17861,0.2114,0,3,0.548,9.0,-1,6,6,0.504,14.5,1,2,-5.0,0.892,,,,,,
2023,2023-09-27,수,09,18:30,NC,KIA,창원,NC,0,0,8190,17861,0.4585,0,3,0.548,9.0,-1,6,6,0.504,14.5,1,2,-5.0,0.892,,,,,,
2023,2023-09-27,수,09,18:30,한화,삼성,한밭,한화,0,0,2807,12000,0.2339,0,8,0.426,24.0,-3,2,9,0.417,25.5,-5,3,10.0,0.892,,,,,,
2023,2023-09-27,수,09,18:30,한화,삼성,한밭,한화,0,0,7281,12000,0.6068,0,8,0.426,24.0,-3,2,9,0.417,25.5,-5,3,10.0,0.892,,,,,,
2023,2023-09-28,목,09,17:00,키움,SSG,고척,키움,1,0,7082,16000,0.4426,0,10,0.409,28.0,3,3,5,0.512,14.5,1,3,13.5,0.903,,,,,,
2023,2023-09-28,목,09,17:00,롯데,한화,사직,롯데,0,0,12227,22990,0.5318,0,7,0.472,19.5,1,5,8,0.427,25.0,1,3,5.0,0.903,,,,,,
2023,2023-09-28,목,09,17:00,LG,삼성,잠실,LG;두산,0,0,21057,23750,0.8866,0,1,0.625,0.0,4,9,9,0.419,26.5,-1,3,-14.5,0.903,,,,,,
2023,2023-09-28,목,09,17:00,NC,KIA,창원,NC,0,0,11864,17861,0.6642,0,3,0.548,10.0,-1,5,6,0.504,15.5,1,3,-4.5,0.903,,,,,,
2023,2023-09-29,금,09,14:00,키움,KIA,고척,키움,1,0,14472,16000,0.9045,0,10,0.414,27.0,4,4,6,0.5,15.5,-1,3,12.5,0.908,,,,,,
2023,2023-09-29,금,09,14:00,롯데,한화,사직,롯데,0,0,10279,22990,0.4471,0,7,0.477,18.5,2,6,8,0.424,25.0,-1,3,4.0,0.908,,,,,,
2023,2023-09-29,금,09,14:00,두산,LG,잠실,LG;두산,0,0,20951,23750,0.8821,0,4,0.528,12.0,-2,6,1,0.62,0.0,-1,8,-2.5,0.908,,,,,,
2023,2023-09-30,토,09,14:00,삼성,NC,대구,삼성,0,0,24000,24000,1.0,1,8,0.423,25.0,1,4,3,0.551,8.5,1,6,11.0,0.912,,,,,,
2023,2023-09-30,토,09,14:00,SSG,KIA,문학,SSG,0,0,22191,23000,0.9648,0,5,0.508,14.0,-1,3,6,0.504,14.5,1,4,0.0,0.912,,,,,,
2023,2023-09-30,토,09,14:00,두산,LG,잠실,LG;두산,0,0,23750,23750,1.0,1,4,0.531,11.0,1,6,1,0.615,0.0,-2,7,-3.0,0.912,,,,,,
2023,2023-10-01,일,10,14:00,SSG,KIA,문학,SSG,0,0,22701,23000,0.987,1,5,0.512,13.0,1,4,6,0.5,14.5,-1,4,0.0,0.917,,,,,,
2023,2023-10-01,일,10,14:00,롯데,삼성,사직,롯데,0,0,20159,22990,0.8769,0,7,0.481,17.0,3,7,8,0.427,24.0,2,4,4.0,0.917,,,,,,
2023,2023-10-01,일,10,14:00,KT,키움,수원,KT,0,0,11337,18700,0.6063,0,2,0.557,7.0,-2,6,10,0.41,26.5,-1,4,-6.0,0.917,,,,,,
2023,2023-10-01,일,10,14:00,두산,LG,잠실,LG;두산,0,0,23750,23750,1.0,1,4,0.535,10.0,2,6,1,0.611,0.0,-3,6,-3.0,0.917,,,,,,
2023,2023-10-01,일,10,14:00,한화,NC,한밭,한화,0,0,11004,12000,0.917,0,9,0.421,24.5,-2,3,3,0.547,8.5,-1,5,11.5,0.917,,,,,,
2023,2023-10-02,월,10,17:00,롯데,삼성,사직,롯데,0,0,15868,22990,0.6902,0,7,0.485,17.0,4,7,9,0.424,25.0,-1,3,4.0,0.924,,,,,,
2023,2023-10-02,월,10,17:00,롯데,삼성,사직,롯데,0,0,16293,22990,0.7087,0,7,0.485,17.0,4,7,9,0.424,25.0,-1,3,4.0,0.924,,,,,,
2023,2023-10-02,월,10,14:00,KT,LG,수원,KT,0,0,18700,18700,1.0,1,2,0.561,7.0,1,6,1,0.614,0.0,1,6,-6.0,0.924,,,,,,
2023,2023-10-02,월,10,14:00,두산,키움,잠실,LG;두산,0,0,18050,23750,0.76,0,4,0.531,11.0,-1,5,10,0.407,27.5,-2,4,-2.0,0.924,,,,,,
2023,2023-10-02,월,10,14:00,한화,NC,한밭,한화,0,0,12000,12000,1.0,1,8,0.425,24.5,1,3,3,0.543,9.5,-2,4,11.5,0.924,,,,,,
2023,2023-10-03,화,10,14:00,SSG,NC,문학,SSG,0,0,14507,23000,0.6307,0,5,0.515,13.5,2,5,3,0.538,10.5,-3,4,0.0,0.931,,,,,,
2023,2023-10-03,화,10,14:00,롯데,삼성,사직,롯데,0,0,13042,22990,0.5673,0,7,0.477,18.5,-2,5,8,0.433,24.5,2,5,5.0,0.931,,,,,,
2023,2023-10-03,화,10,14:00,KT,KIA,수원,KT,0,0,16841,18700,0.9006,0,2,0.556,8.0,-1,5,6,0.496,16.0,-2,4,-5.5,0.931,,,,,,
2023,2023-10-03,화,10,14:00,두산,키움,잠실,LG;두산,0,0,14588,23750,0.6142,0,4,0.534,11.0,1,6,10,0.404,28.5,-3,4,-2.5,0.931,,,,,,
2023,2023-10-04,수,10,18:30,삼성,한화,대구,삼성,0,0,12571,24000,0.5238,0,9,0.43,25.0,-1,5,8,0.43,24.5,2,4,12.0,0.936,,,,,,
2023,2023-10-04,수,10,18:30,SSG,NC,문학,SSG,0,0,8006,23000,0.3481,0,5,0.519,13.0,3,5,3,0.534,11.0,-4,3,0.0,0.936,,,,,,
2023,2023-10-04,수,10,18:30,롯데,LG,사직,롯데,0,0,6970,22990,0.3032,0,7,0.481,18.0,1,6,1,0.617,0.0,2,6,5.0,0.936,,,,,,
2023,2023-10-04,수,10,18:30,KT,KIA,수원,KT,0,0,3908,18700,0.209,0,2,0.552,8.5,-2,5,6,0.5,15.5,1,4,-4.5,0.936,,,,,,
2023,2023-10-04,수,10,18:30,KT,KIA,수원,KT,0,0,5907,18700,0.3159,0,2,0.552,8.5,-2,5,6,0.5,15.5,1,4,-4.5,0.936,,,,,,
2023,2023-10-05,목,10,18:30,삼성,한화,대구,삼성,0,0,14483,24000,0.6035,0,9,0.426,26.0,-2,5,8,0.434,24.5,3,4,13.0,0.943,,,,,,
2023,2023-10-05,목,10,18:30,SSG,NC,문학,SSG,0,0,9004,23000,0.3915,0,5,0.523,13.0,4,6,3,0.53,12.0,-5,3,0.0,0.943,,,,,,
2023,2023-10-05,목,10,18:30,롯데,LG,사직,롯데,0,0,10040,22990,0.4367,0,7,0.478,19.0,-1,6,1,0.619,0.0,3,7,6.0,0.943,,,,,,
2023,2023-10-05,목,10,18:30,KT,KIA,수원,KT,0,0,7264,18700,0.3884,0,2,0.551,9.0,1,4,6,0.5,16.0,-1,5,-4.0,0.943,,,,,,
2023,2023-10-06,금,10,18:30,SSG,한화,문학,SSG,0,0,15755,23000,0.685,0,5,0.526,13.0,5,7,8,0.431,25.5,-1,4,0.0,0.949,,,,,,
2023,2023-10-06,금,10,18:30,KT,삼성,수원,KT,0,0,8132,18700,0.4349,0,2,0.555,9.0,2,5,9,0.431,26.0,1,6,-4.0,0.949,,,,,,
2023,2023-10-06,금,10,18:30,LG,KIA,잠실,LG;두산,0,0,23750,23750,1.0,1,1,0.622,0.0,4,7,6,0.496,17.0,-2,4,-13.0,0.949,,,,,,
2023,2023-10-07,토,10,17:00,키움,LG,고척,키움,1,0,13301,16000,0.8313,0,10,0.409,28.5,1,5,1,0.618,0.0,-1,6,16.0,0.953,,,,,,
2023,2023-10-07,토,10,17:00,KT,한화,수원,KT,0,0,15210,18700,0.8134,0,2,0.551,9.0,-1,4,9,0.427,25.5,-2,4,-3.5,0.953,,,,,,
2023,2023-10-07,토,10,17:00,두산,롯데,잠실,LG;두산,0,0,19916,23750,0.8386,0,3,0.53,12.0,-1,5,7,0.474,19.5,-2,5,-0.5,0.953,,,,,,
2023,2023-10-07,토,10,17:00,NC,SSG,창원,NC,0,0,13479,17861,0.7547,0,5,0.526,12.5,-6,2,4,0.53,12.0,6,7,0.0,0.953,,,,,,
2023,2023-10-08,일,10,14:00,KIA,삼성,광주,KIA,0,0,16005,19030,0.841,0,6,0.5,15.5,1,5,8,0.435,24.5,2,6,3.5,0.958,,,,,,
2023,2023-10-08,일,10,14:00,KT,한화,수원,KT,0,0,15197,18700,0.8127,0,2,0.554,8.0,1,4,9,0.424,25.5,-3,4,-4.0,0.958,,,,,,
2023,2023-10-08,일,10,14:00,두산,롯데,잠실,LG;두산,0,0,21392,23750,0.9007,0,4,0.526,12.0,-2,4,7,0.478,18.5,1,6,0.0,0.958,,,,,,
2023,2023-10-08,일,10,14:00,NC,SSG,창원,NC,0,0,10073,17861,0.564,0,3,0.53,11.5,1,3,5,0.526,12.0,-1,7,-0.5,0.958,,,,,,
2023,2023-10-09,월,10,14:00,KIA,삼성,광주,KIA,0,0,12758,19030,0.6704,0,6,0.504,15.0,2,5,8,0.432,25.0,-1,6,3.0,0.964,,,,,,
2023,2023-10-09,월,10,14:00,LG,롯데,잠실,LG;두산,0,0,22807,23750,0.9603,0,1,0.613,0.0,-2,5,7,0.474,19.0,-1,5,-12.0,0.964,,,,,,
2023,2023-10-09,월,10,14:00,NC,한화,창원,NC,0,0,8716,17861,0.488,0,5,0.526,12.0,-1,2,9,0.421,26.0,-4,4,0.0,0.964,,,,,,
2023,2023-10-10,화,10,18:30,키움,삼성,고척,키움,1,0,11757,16000,0.7348,0,10,0.413,27.0,2,6,8,0.429,25.0,-2,5,16.0,0.968,,,,,,
2023,2023-10-10,화,10,18:30,KIA,SSG,광주,KIA,0,0,8333,19030,0.4379,0,6,0.507,14.0,3,6,5,0.529,11.0,1,8,3.0,0.968,,,,,,
2023,2023-10-10,화,10,18:30,KT,두산,수원,KT,0,0,10937,18700,0.5849,0,2,0.557,7.0,2,5,3,0.53,11.0,1,4,-4.0,0.968,,,,,,
2023,2023-10-10,화,10,18:30,LG,롯데,잠실,LG;두산,0,0,18521,23750,0.7798,0,1,0.609,0.0,-3,4,7,0.478,18.0,1,5,-11.0,0.968,,,,,,
2023,2023-10-10,화,10,18:30,NC,한화,창원,NC,0,0,7342,17861,0.4111,0,4,0.529,11.0,1,3,9,0.418,26.0,-5,3,0.0,0.968,,,,,,
2023,2023-10-11,수,10,18:30,KIA,키움,광주,KIA,0,0,3656,19030,0.1921,0,6,0.504,15.0,-1,5,9,0.417,27.0,3,7,3.0,0.975,,,,,,
2023,2023-10-11,수,10,18:30,롯데,두산,사직,롯데,0,0,9940,22990,0.4324,0,7,0.475,19.0,-1,4,5,0.526,12.0,-1,4,7.0,0.975,,,,,,
2023,2023-10-12,목,10,18:30,KIA,롯데,광주,KIA,0,0,4767,19030,0.2505,0,6,0.507,14.5,1,6,7,0.479,18.5,1,4,2.0,0.978,,,,,,
2023,2023-10-12,목,10,18:30,두산,NC,잠실,LG;두산,0,0,7113,23750,0.2995,0,5,0.522,12.5,-2,4,3,0.533,11.0,2,3,0.0,0.978,,,,,,
2023,2023-10-13,금,10,18:30,SSG,키움,문학,SSG,0,0,16783,23000,0.7297,0,3,0.533,11.0,2,8,10,0.414,27.5,-1,6,-1.0,0.981,,,,,,
2023,2023-10-13,금,10,18:30,두산,KIA,잠실,LG;두산,0,0,19188,23750,0.8079,0,5,0.526,12.0,1,5,6,0.511,14.0,2,7,0.0,0.981,,,,,,
2023,2023-10-13,금,10,18:30,NC,LG,창원,NC,0,0,6257,17861,0.3503,0,4,0.529,11.5,-1,3,1,0.612,0.0,1,5,-0.5,0.981,,,,,,
2023,2023-10-14,토,10,17:00,삼성,SSG,대구,삼성,0,0,24000,24000,1.0,1,8,0.426,25.5,-3,4,3,0.536,10.0,3,9,14.5,0.985,,,,,,
2023,2023-10-14,토,10,17:00,LG,두산,잠실,LG;두산,0,0,21771,23750,0.9167,0,1,0.607,0.0,-1,5,5,0.529,11.0,2,5,-11.0,0.985,,,,,,
2023,2023-10-14,토,10,17:00,한화,롯데,한밭,한화,0,0,9153,12000,0.7628,0,9,0.415,26.5,-6,3,7,0.475,18.5,-1,4,15.5,0.985,,,,,,
2023,2023-10-15,일,10,14:00,LG,두산,잠실,LG;두산,0,0,23750,23750,1.0,1,1,0.603,0.0,-2,5,5,0.532,10.0,3,5,-10.0,0.989,,,,,,
2023,2023-10-15,일,10,14:00,NC,삼성,창원,NC,0,0,17861,17861,1.0,1,3,0.532,10.0,1,4,8,0.43,24.5,1,5,0.0,0.989,,,,,,
2023,2023-10-15,일,10,14:00,한화,롯데,한밭,한화,0,0,9840,12000,0.82,0,9,0.419,25.5,1,4,7,0.472,18.5,-2,4,15.5,0.989,,,,,,
2023,2023-10-16,월,10,18:30,KIA,NC,광주,KIA,0,0,5251,19030,0.2759,0,6,0.507,14.0,-1,6,3,0.536,10.0,2,5,3.0,0.993,,,,,,
2023,2023-10-16,월,10,18:30,두산,SSG,잠실,LG;두산,0,0,15850,23750,0.6674,0,5,0.529,11.0,-1,5,4,0.532,10.5,-1,8,0.0,0.993,,,,,,
2023,2023-10-16,월,10,18:30,한화,롯데,한밭,한화,0,0,12000,12000,1.0,1,9,0.423,25.5,2,4,7,0.469,19.5,-3,3,14.5,0.993,,,,,,
2023,2023-10-17,화,10,18:30,KIA,NC,광주,KIA,0,0,10175,19030,0.5347,0,6,0.511,13.5,1,6,4,0.532,10.5,-1,5,2.0,0.997,,,,,,
2023,2023-10-17,화,10,18:30,SSG,두산,문학,SSG,0,0,21007,23000,0.9133,0,3,0.536,10.0,1,8,5,0.525,11.5,-2,4,-1.5,0.997,,,,,,
2024,2024-03-23,토,03,14:00,KIA,키움,광주,KIA,0,0,20500,20500,1.0,1,,,,0,,,,,0,,,0.0,,,,,,
2024,2024-03-23,토,03,14:00,SSG,롯데,문학,SSG,0,0,23000,23000,1.0,1,,,,0,,,,,0,,,0.0,,,,,,
2024,2024-03-23,토,03,14:00,KT,삼성,수원,KT,0,0,18700,18700,1.0,1,,,,0,,,,,0,,,0.0,,,,,,
2024,2024-03-23,토,03,14:00,LG,한화,잠실,LG;두산,0,0,23750,23750,1.0,1,,,,0,,,,,0,,,0.0,,,,,,
2024,2024-03-23,토,03,14:00,NC,두산,창원,NC,0,0,17891,17891,1.0,1,,,,0,,,,,0,,,0.0,,,,,,
2024,2024-03-24,일,03,14:00,SSG,롯데,문학,SSG,0,0,23000,23000,1.0,1,2,1.0,0.0,1,1,7,0.0,1.0,-1,0,0.0,0.007,,,,,,
2024,2024-03-24,일,03,14:00,KT,삼성,수원,KT,0,0,18700,18700,1.0,1,8,0.0,1.0,-1,0,3,1.0,0.0,1,1,1.0,0.007,,,,,,
2024,2024-03-24,일,03,14:00,LG,한화,잠실,LG;두산,0,0,23750,23750,1.0,1,4,1.0,0.0,1,1,9,0.0,1.0,-1,0,0.0,0.007,,,,,,
2024,2024-03-24,일,03,14:00,NC,두산,창원,NC,0,0,14555,17891,0.8135,0,5,1.0,0.0,1,1,10,0.0,1.0,-1,0,0.0,0.007,,,,,,
2024,2024-03-26,화,03,18:30,KIA,롯데,광주,KIA,0,0,7328,20500,0.3575,0,3,1.0,0.5,1,1,9,0.0,2.0,-2,0,-0.5,0.013,,,,,,
2024,2024-03-26,화,03,18:30,SSG,한화,문학,SSG,0,0,10541,23000,0.4583,0,1,1.0,0.0,2,2,5,0.5,1.0,1,1,-1.0,0.013,,,,,,
2024,2024-03-26,화,03,18:30,KT,두산,수원,KT,0,0,4378,18700,0.2341,0,10,0.0,2.0,-2,0,7,0.5,1.0,1,1,1.0,0.013,,,,,,
2024,2024-03-26,화,03,18:30,LG,삼성,잠실,LG;두산,0,0,14229,23750,0.5991,0,4,0.5,1.0,-1,1,2,1.0,0.0,2,2,0.0,0.013,,,,,,
2024,2024-03-26,화,03,18:30,NC,키움,창원,NC,0,0,2839,17891,0.1587,0,6,0.5,1.0,-1,1,8,0.0,1.5,-1,0,0.0,0.013,,,,,,
2024,2024-03-27,수,03,18:30,KIA,롯데,광주,KIA,0,0,8672,20500,0.423,0,1,1.0,0.0,2,2,9,0.0,2.5,-3,0,-0.5,0.019,,,,,,
2024,2024-03-27,수,03,18:30,SSG,한화,문학,SSG,0,0,11005,23000,0.4785,0,2,0.667,0.5,-1,2,5,0.667,0.5,2,2,0.0,0.019,,,,,,
2024,2024-03-27,수,03,18:30,KT,두산,수원,KT,0,0,5271,18700,0.2819,0,10,0.0,2.5,-3,0,7,0.667,0.5,2,2,2.0,0.019,,,,,,
2024,2024-03-27,수,03,18:30,LG,삼성,잠실,LG;두산,0,0,18041,23750,0.7596,0,4,0.667,0.5,1,2,3,0.667,0.5,-1,2,0.0,0.019,,,,,,
2024,2024-03-27,수,03,18:30,NC,키움,창원,NC,0,0,3681,17891,0.2057,0,6,0.667,0.5,1,2,8,0.0,2.0,-2,0,0.0,0.019,,,,,,
2024,2024-03-28,목,03,18:30,SSG,한화,문학,SSG,0,0,11755,23000,0.5111,0,7,0.5,1.5,-2,2,2,0.75,0.5,3,3,0.5,0.026,,,,,,
2024,2024-03-28,목,03,18:30,KT,두산,수원,KT,0,0,4304,18700,0.2302,0,10,0.0,3.5,-4,0,4,0.75,0.5,3,3,2.5,0.026,,,,,,
2024,2024-03-28,목,03,18:30,LG,삼성,잠실,LG;두산,0,0,13420,23750,0.5651,0,6,0.667,1.0,1,2,5,0.667,1.0,-1,2,0.0,0.026,,,,,,
2024,2024-03-29,금,03,18:30,키움,LG,고척,키움,1,0,8465,16000,0.5291,0,9,0.0,3.0,-3,0,3,0.75,0.5,2,3,2.0,0.031,,,,,,
2024,2024-03-29,금,03,18:30,삼성,SSG,대구,삼성,0,0,21479,24000,0.895,0,6,0.5,1.5,-2,2,7,0.4,2.0,-3,2,0.5,0.031,,,,,,
2024,2024-03-29,금,03,18:30,롯데,NC,사직,롯데,0,0,21554,22758,0.9471,0,10,0.0,3.5,-4,0,4,0.75,0.5,2,3,2.5,0.031,,,,,,
2024,2024-03-29,금,03,18:30,두산,KIA,잠실,LG;두산,0,0,23750,23750,1.0,1,5,0.6,1.0,-1,3,1,1.0,0.0,3,3,0.0,0.031,,,,,,
2024,2024-03-29,금,03,18:30,한화,KT,한밭,한화,0,0,12000,12000,1.0,1,2,0.8,0.0,4,4,8,0.2,3.0,1,1,-1.0,0.031,,,,,,
2024,2024-03-30,토,03,17:00,키움,LG,고척,키움,1,0,13462,16000,0.8414,0,10,0.0,4.0,-4,0,3,0.8,0.5,3,4,2.0,0.037,,,,,,
2024,2024-03-30,토,03,17:00,삼성,SSG,대구,삼성,0,0,24000,24000,1.0,1,7,0.4,2.5,-3,2,5,0.5,2.0,1,3,0.5,0.037,,,,,,
2024,2024-03-30,토,03,17:00,롯데,NC,사직,롯데,0,0,22754,22758,0.9998,1,8,0.2,3.5,1,1,4,0.6,1.5,-1,3,1.5,0.037,,,,,,
2024,2024-03-30,토,03,17:00,두산,KIA,잠실,LG;두산,0,0,23750,23750,1.0,1,6,0.5,2.0,-2,3,1,1.0,0.0,4,4,0.0,0.037,,,,,,
2024,2024-03-30,토,03,14:00,한화,KT,한밭,한화,0,0,12000,12000,1.0,1,2,0.833,0.0,5,5,9,0.167,4.0,-1,1,-2.0,0.037,,,,,,
2024,2024-03-31,일,03,14:00,키움,LG,고척,키움,1,0,11822,16000,0.7389,0,8,0.2,4.0,1,1,3,0.667,1.5,-1,4,2.0,0.044,,,,,,
2024,2024-03-31,일,03,14:00,삼성,SSG,대구,삼성,0,0,22886,24000,0.9536,0,7,0.333,3.5,-4,2,5,0.571,2.0,2,4,1.5,0.044,,,,,,
2024,2024-03-31,일,03,14:00,롯데,NC,사직,롯데,0,0,21578,22758,0.9482,0,9,0.167,4.5,-1,1,4,0.667,1.5,1,4,2.5,0.044,,,,,,
2024,2024-03-31,일,03,14:00,두산,KIA,잠실,LG;두산,0,0,23750,23750,1.0,1,6,0.571,2.0,1,4,2,0.8,1.0,-1,4,0.0,0.044,,,,,,
2024,2024-03-31,일,03,14:00,한화,KT,한밭,한화,0,0,12000,12000,1.0,1,1,0.857,0.0,6,6,10,0.143,5.0,-2,1,-2.0,0.044,,,,,,
2024,2024-04-02,화,04,18:30,삼성,키움,대구,삼성,0,0,8541,24000,0.3559,0,8,0.286,4.5,-5,2,7,0.333,4.0,2,2,2.0,0.051,,,,,,
2024,2024-04-02,화,04,18:30,SSG,두산,문학,SSG,0,0,12379,23000,0.5382,0,4,0.625,2.0,3,5,6,0.5,3.0,-1,4,-0.5,0.051,,,,,,
2024,2024-04-02,화,04,18:30,KT,KIA,수원,KT,0,0,9682,18700,0.5178,0,10,0.125,6.0,-3,1,2,0.833,1.0,1,5,3.5,0.051,,,,,,
2024,2024-04-02,화,04,18:30,LG,NC,잠실,LG;두산,0,0,11845,23750,0.4987,0,5,0.571,2.5,-2,4,3,0.714,1.5,2,5,0.0,0.051,,,,,,
2024,2024-04-02,화,04,18:30,한화,롯데,한밭,한화,0,0,12000,12000,1.0,1,1,0.875,0.0,7,7,9,0.143,5.5,-2,1,-2.5,0.051,,,,,,
2024,2024-04-03,수,04,18:30,SSG,두산,문학,SSG,0,0,12128,23000,0.5273,0,4,0.667,1.0,4,6,6,0.444,3.0,-2,4,-1.5,0.058,,,,,,
2024,2024-04-03,수,04,18:30,KT,KIA,수원,KT,0,0,8050,18700,0.4305,0,10,0.222,5.0,1,2,3,0.714,1.0,-1,5,2.5,0.058,,,,,,
2024,2024-04-03,수,04,18:30,LG,NC,잠실,LG;두산,0,0,10239,23750,0.4311,0,5,0.5,2.5,-3,4,2,0.75,0.5,3,6,0.0,0.058,,,,,,
2024,2024-04-04,목,04,18:30,삼성,키움,대구,삼성,0,0,8193,24000,0.3414,0,9,0.25,4.5,-6,2,6,0.429,3.0,3,3,2.5,0.062,,,,,,
2024,2024-04-04,목,04,18:30,SSG,두산,문학,SSG,0,0,14249,23000,0.6195,0,3,0.7,0.5,5,7,7,0.4,3.5,-3,4,-1.5,0.062,,,,,,
2024,2024-04-04,목,04,18:30,KT,KIA,수원,KT,0,0,10722,18700,0.5734,0,10,0.2,5.5,-1,2,2,0.75,0.5,1,6,3.5,0.062,,,,,,
2024,2024-04-04,목,04,18:30,LG,NC,잠실,LG;두산,0,0,11406,23750,0.4803,0,5,0.556,2.0,1,5,4,0.667,1.0,-1,6,0.0,0.062,,,,,,
2024,2024-04-04,목,04,18:30,한화,롯데,한밭,한화,0,0,12000,12000,1.0,1,1,0.778,0.0,-1,7,8,0.25,4.5,1,2,-2.0,0.062,,,,,,
2024,2024-04-05,금,04,18:30,키움,한화,고척,키움,1,0,16000,16000,1.0,1,6,0.5,3.0,4,4,1,0.8,0.0,1,8,1.0,0.069,,,,,,
2024,2024-04-05,금,04,18:30,KIA,삼성,광주,KIA,0,0,14233,20500,0.6943,0,2,0.778,0.5,2,7,9,0.222,5.5,-7,2,-1.5,0.069,,,,,,
2024,2024-04-05,금,04,18:30,롯데,두산,사직,롯데,0,0,12289,22758,0.54,0,8,0.222,5.5,-1,2,7,0.364,4.5,-4,4,3.5,0.069,,,,,,
2024,2024-04-05,금,04,18:30,LG,KT,잠실,LG;두산,0,0,13818,23750,0.5818,0,4,0.6,2.0,2,5,10,0.182,6.5,-2,2,0.0,0.069,,,,,,
2024,2024-04-05,금,04,18:30,NC,SSG,창원,NC,0,0,5452,17891,0.3047,0,5,0.6,2.0,-2,6,3,0.727,0.5,6,7,0.0,0.069,,,,,,
2024,2024-04-06,토,04,17:00,키움,한화,고척,키움,1,0,16000,16000,1.0,1,5,0.556,2.5,5,5,2,0.727,0.5,-1,8,0.0,0.076,,,,,,
2024,2024-04-06,토,04,17:00,KIA,삼성,광주,KIA,0,0,20500,20500,1.0,1,1,0.8,0.0,3,8,10,0.2,6.0,-8,1,-2.5,0.076,,,,,,
2024,2024-04-06,토,04,17:00,롯데,두산,사직,롯데,0,0,19208,22758,0.844,0,9,0.2,6.0,-2,2,7,0.417,4.0,1,4,3.5,0.076,,,,,,
2024,2024-04-06,토,04,17:00,LG,KT,잠실,LG;두산,0,0,21824,23750,0.9189,0,6,0.545,2.5,-1,5,8,0.25,6.0,1,3,0.0,0.076,,,,,,
2024,2024-04-06,토,04,17:00,NC,SSG,창원,NC,0,0,11064,17891,0.6184,0,4,0.636,1.5,1,6,3,0.667,1.0,-1,6,-1.0,0.076,,,,,,
2024,2024-04-07,일,04,14:00,키움,한화,고척,키움,1,0,16000,16000,1.0,1,5,0.6,1.5,6,6,2,0.667,0.5,-2,7,0.0,0.083,,,,,,
2024,2024-04-07,일,04,14:00,KIA,삼성,광주,KIA,0,0,20500,20500,1.0,1,1,0.727,0.0,-1,7,9,0.273,5.0,1,1,-1.5,0.083,,,,,,
2024,2024-04-07,일,04,14:00,롯데,두산,사직,롯데,0,0,16755,22758,0.7362,0,8,0.273,5.0,1,3,7,0.385,4.0,-1,3,3.5,0.083,,,,,,
2024,2024-04-07,일,04,14:00,LG,KT,잠실,LG;두산,0,0,19249,23750,0.8105,0,6,0.583,1.5,1,5,10,0.231,6.0,-1,3,0.0,0.083,,,,,,
2024,2024-04-07,일,04,14:00,NC,SSG,창원,NC,0,0,8861,17891,0.4953,0,3,0.667,0.5,2,7,4,0.615,1.0,-2,6,-1.0,0.083,,,,,,
2024,2024-04-09,화,04,18:30,KIA,LG,광주,KIA,0,0,11817,20500,0.5764,0,2,0.667,0.5,-2,6,4,0.615,1.0,2,6,-0.5,0.09,,,,,,
2024,2024-04-09,화,04,18:30,SSG,키움,문학,SSG,0,0,9468,23000,0.4117,0,6,0.571,1.5,-3,6,3,0.636,1.0,7,7,0.5,0.09,,,,,,
2024,2024-04-09,화,04,18:30,롯데,삼성,사직,롯데,0,0,15076,22758,0.6624,0,8,0.333,4.5,2,4,9,0.333,4.5,2,2,3.5,0.09,,,,,,
2024,2024-04-09,화,04,18:30,두산,한화,잠실,LG;두산,0,0,23598,23750,0.9936,1,7,0.357,4.5,-2,2,5,0.615,1.0,-3,6,3.5,0.09,,,,,,
2024,2024-04-09,화,04,18:30,NC,KT,창원,NC,0,0,4918,17891,0.2749,0,1,0.692,0.0,3,7,10,0.214,6.5,-2,3,-1.0,0.09,,,,,,
2024,2024-04-10,수,04,14:00,KIA,LG,광주,KIA,0,0,20500,20500,1.0,1,1,0.692,0.0,1,6,5,0.571,1.5,-1,5,-1.5,0.097,,,,,,
2024,2024-04-10,수,04,14:00,SSG,키움,문학,SSG,0,0,20511,23000,0.8918,0,3,0.6,1.0,1,7,4,0.583,1.5,-1,7,-0.5,0.097,,,,,,
2024,2024-04-10,수,04,14:00,롯데,삼성,사직,롯데,0,0,22758,22758,1.0,1,9,0.308,5.0,-1,4,8,0.385,4.0,3,3,3.5,0.097,,,,,,
2024,2024-04-10,수,04,14:00,두산,한화,잠실,LG;두산,0,0,23750,23750,1.0,1,7,0.4,4.0,1,3,6,0.571,1.5,-4,5,2.5,0.097,,,,,,
2024,2024-04-10,수,04,14:00,NC,KT,창원,NC,0,0,9895,17891,0.5531,0,2,0.643,0.5,-1,6,10,0.267,6.0,1,3,-1.0,0.097,,,,,,
2024,2024-04-11,목,04,18:30,KIA,LG,광주,KIA,0,0,11475,20500,0.5598,0,1,0.714,0.0,2,6,5,0.533,2.5,-2,4,-2.5,0.104,,,,,,
2024,2024-04-11,목,04,18:30,SSG,키움,문학,SSG,0,0,7250,23000,0.3152,0,3,0.625,1.0,2,7,4,0.538,2.5,-2,7,-1.5,0.104,,,,,,
2024,2024-04-11,목,04,18:30,롯데,삼성,사직,롯데,0,0,11628,22758,0.5109,0,9,0.286,6.0,-2,4,8,0.429,4.0,4,4,3.5,0.104,,,,,,
2024,2024-04-11,목,04,18:30,두산,한화,잠실,LG;두산,0,0,22157,23750,0.9329,0,7,0.438,4.0,2,4,6,0.533,2.5,-5,4,1.5,0.104,,,,,,
2024,2024-04-11,목,04,18:30,NC,KT,창원,NC,0,0,3311,17891,0.1851,0,2,0.667,0.5,1,7,10,0.25,7.0,-1,3,-2.0,0.104,,,,,,
2024,2024-04-12,금,04,18:30,키움,롯데,고척,키움,1,0,8838,16000,0.5524,0,4,0.571,2.5,1,8,9,0.267,7.0,-3,3,0.0,0.111,,,,,,
2024,2024-04-12,금,04,18:30,삼성,NC,대구,삼성,0,0,13104,24000,0.546,0,7,0.467,4.0,5,5,2,0.688,0.5,2,7,1.5,0.111,,,,,,
2024,2024-04-12,금,04,18:30,KT,SSG,수원,KT,0,0,6912,18700,0.3696,0,10,0.235,8.0,-2,3,3,0.588,2.0,-1,6,5.5,0.111,,,,,,
2024,2024-04-12,금,04,18:30,두산,LG,잠실,LG;두산,0,0,19916,23750,0.8386,0,8,0.412,5.0,-1,3,6,0.5,3.5,-3,4,2.5,0.111,,,,,,
2024,2024-04-12,금,04,18:30,한화,KIA,한밭,한화,0,0,12000,12000,1.0,1,5,0.562,2.5,1,4,1,0.733,0.0,3,7,0.0,0.111,,,,,,
2024,2024-04-13,토,04,17:00,키움,롯데,고척,키움,1,0,14197,16000,0.8873,0,3,0.6,2.5,2,8,10,0.25,8.0,-4,3,-1.0,0.118,,,,,,
2024,2024-04-13,토,04,17:00,삼성,NC,대구,삼성,0,0,24000,24000,1.0,1,7,0.438,5.0,-1,5,2,0.706,0.5,3,7,1.5,0.118,,,,,,
2024,2024-04-13,토,04,17:00,KT,SSG,수원,KT,0,0,13995,18700,0.7484,0,9,0.278,8.0,1,4,4,0.556,3.0,-2,5,4.5,0.118,,,,,,
2024,2024-04-13,토,04,17:00,두산,LG,잠실,LG;두산,0,0,23750,23750,1.0,1,8,0.389,6.0,-2,3,5,0.529,3.5,1,5,2.5,0.118,,,,,,
2024,2024-04-13,토,04,14:00,한화,KIA,한밭,한화,0,0,12000,12000,1.0,1,6,0.529,3.5,-1,3,1,0.75,0.0,4,7,0.0,0.118,,,,,,
2024,2024-04-14,일,04,14:00,키움,롯데,고척,키움,1,0,12333,16000,0.7708,0,3,0.625,2.5,3,8,10,0.235,9.0,-5,3,-2.0,0.125,,,,,,
2024,2024-04-14,일,04,14:00,삼성,NC,대구,삼성,0,0,20667,24000,0.8611,0,8,0.412,6.0,-2,5,2,0.722,0.5,4,7,1.5,0.125,,,,,,
2024,2024-04-14,일,04,14:00,KT,SSG,수원,KT,0,0,11280,18700,0.6032,0,9,0.263,9.0,-1,3,4,0.579,3.0,1,5,4.5,0.125,,,,,,
2024,2024-04-14,일,04,14:00,두산,LG,잠실,LG;두산,0,0,22586,23750,0.951,0,7,0.421,6.0,1,4,5,0.5,4.5,-1,5,1.5,0.125,,,,,,
2024,2024-04-14,일,04,14:00,한화,KIA,한밭,한화,0,0,12000,12000,1.0,1,6,0.5,4.5,-2,2,1,0.765,0.0,5,8,0.0,0.125,,,,,,
2024,2024-04-16,화,04,18:30,키움,KT,고척,키움,1,0,2877,16000,0.1798,0,3,0.647,2.5,4,8,9,0.25,10.0,-2,3,-3.0,0.132,,,,,,
2024,2024-04-16,화,04,18:30,삼성,두산,대구,삼성,0,0,7793,24000,0.3247,0,8,0.444,6.0,1,6,7,0.45,6.0,2,5,0.5,0.132,,,,,,
2024,2024-04-16,화,04,18:30,SSG,KIA,문학,SSG,0,0,12712,23000,0.5527,0,4,0.6,3.0,2,5,1,0.778,0.0,6,8,-2.5,0.132,,,,,,
2024,2024-04-16,화,04,18:30,LG,롯데,잠실,LG;두산,0,0,16635,23750,0.7004,0,5,0.474,5.5,-2,4,10,0.222,10.0,-6,2,0.0,0.132,,,,,,
2024,2024-04-16,화,04,18:30,NC,한화,창원,NC,0,0,4658,17891,0.2604,0,2,0.684,1.5,-1,7,6,0.474,5.5,-3,2,-4.0,0.132,,,,,,
2024,2024-04-17,수,04,18:30,키움,KT,고척,키움,1,0,3272,16000,0.2045,0,2,0.667,1.5,5,8,9,0.238,10.0,-3,3,-3.0,0.139,,,,,,
2024,2024-04-17,수,04,18:30,삼성,두산,대구,삼성,0,0,8393,24000,0.3497,0,7,0.474,5.0,2,7,8,0.429,6.0,-1,5,0.5,0.139,,,,,,
2024,2024-04-17,수,04,18:30,SSG,KIA,문학,SSG,0,0,16062,23000,0.6983,0,4,0.619,2.0,3,5,1,0.737,0.0,-1,7,-2.5,0.139,,,,,,
2024,2024-04-17,수,04,18:30,LG,롯데,잠실,LG;두산,0,0,16509,23750,0.6951,0,5,0.5,4.5,1,4,10,0.211,10.0,-7,2,0.0,0.139,,,,,,
2024,2024-04-17,수,04,18:30,NC,한화,창원,NC,0,0,9921,17891,0.5545,0,3,0.65,1.5,-2,7,6,0.5,4.5,1,2,-3.0,0.139,,,,,,
2024,2024-04-18,목,04,18:30,키움,KT,고척,키움,1,0,2901,16000,0.1813,0,3,0.632,2.5,-1,7,9,0.273,10.0,1,3,-2.0,0.146,,,,,,
2024,2024-04-18,목,04,18:30,삼성,두산,대구,삼성,0,0,8697,24000,0.3624,0,6,0.5,5.0,3,8,8,0.409,7.0,-2,4,0.5,0.146,,,,,,
2024,2024-04-18,목,04,18:30,SSG,KIA,문학,SSG,0,0,14263,23000,0.6201,0,4,0.591,3.0,-1,5,1,0.75,0.0,1,7,-1.5,0.146,,,,,,
2024,2024-04-18,목,04,18:30,LG,롯데,잠실,LG;두산,0,0,18200,23750,0.7663,0,5,0.524,4.5,2,5,10,0.2,11.0,-8,2,0.0,0.146,,,,,,
2024,2024-04-19,금,04,18:30,KIA,NC,광주,KIA,0,0,16889,20500,0.8239,0,1,0.714,0.0,-1,7,2,0.667,1.0,1,7,-4.0,0.151,,,,,,
2024,2024-04-19,금,04,18:30,SSG,LG,문학,SSG,0,0,14097,23000,0.6129,0,3,0.609,2.0,1,6,6,0.5,4.5,-1,4,-2.0,0.151,,,,,,
2024,2024-04-19,금,04,18:30,롯데,KT,사직,롯데,0,0,10636,22758,0.4674,0,10,0.238,10.0,1,2,9,0.304,9.0,2,4,6.0,0.151,,,,,,
2024,2024-04-19,금,04,18:30,두산,키움,잠실,LG;두산,0,0,10649,23750,0.4484,0,8,0.391,7.0,-3,4,4,0.6,2.5,-2,6,3.0,0.151,,,,,,
2024,2024-04-19,금,04,18:30,한화,삼성,한밭,한화,0,0,12000,12000,1.0,1,7,0.476,5.0,-1,2,5,0.524,4.0,4,8,1.0,0.151,,,,,,
2024,2024-04-20,토,04,17:00,KIA,NC,광주,KIA,0,0,17462,20500,0.8518,0,1,0.727,0.0,1,8,2,0.636,2.0,-1,6,-4.5,0.158,,,,,,
2024,2024-04-20,토,04,17:00,한화,삼성,한밭,한화,0,0,12000,12000,1.0,1,7,0.5,5.0,1,3,6,0.5,5.0,-1,7,0.5,0.158,,,,,,
2024,2024-04-21,일,04,14:00,KIA,NC,광주,KIA,0,0,20500,20500,1.0,1,1,0.739,0.0,2,8,2,0.609,3.0,-2,5,-5.0,0.161,,,,,,
2024,2024-04-21,일,04,17:00,SSG,LG,문학,SSG,0,0,19858,23000,0.8634,0,3,0.583,3.5,-1,6,6,0.522,5.0,1,4,-1.5,0.161,,,,,,
2024,2024-04-21,일,04,17:00,SSG,LG,문학,SSG,0,0,9656,23000,0.4198,0,3,0.583,3.5,-1,6,6,0.522,5.0,1,4,-1.5,0.161,,,,,,
2024,2024-04-21,일,04,17:00,롯데,KT,사직,롯데,0,0,14423,22758,0.6338,0,10,0.273,10.5,2,2,9,0.292,10.5,-1,4,5.5,0.161,,,,,,
2024,2024-04-21,일,04,17:00,롯데,KT,사직,롯데,0,0,7582,22758,0.3332,0,10,0.273,10.5,2,2,9,0.292,10.5,-1,4,5.5,0.161,,,,,,
2024,2024-04-21,일,04,17:00,두산,키움,잠실,LG;두산,0,0,13745,23750,0.5787,0,8,0.417,7.5,1,5,4,0.571,4.0,-3,5,2.5,0.161,,,,,,
2024,2024-04-21,일,04,17:00,두산,키움,잠실,LG;두산,0,0,6197,23750,0.2609,0,8,0.417,7.5,1,5,4,0.571,4.0,-3,5,2.5,0.161,,,,,,
2024,2024-04-21,일,04,14:00,한화,삼성,한밭,한화,0,0,12000,12000,1.0,1,7,0.478,6.0,-1,3,5,0.522,5.0,1,7,1.0,0.161,,,,,,
2024,2024-04-23,화,04,18:30,키움,KIA,고척,키움,1,0,10205,16000,0.6378,0,3,0.565,3.5,-1,6,1,0.708,0.0,-1,7,-0.5,0.172,,,,,,
2024,2024-04-23,화,04,18:30,삼성,LG,대구,삼성,0,0,7494,24000,0.3123,0,5,0.542,4.0,2,7,6,0.542,4.0,2,5,0.0,0.172,,,,,,
2024,2024-04-23,화,04,18:30,KT,한화,수원,KT,0,0,10887,18700,0.5822,0,10,0.28,10.5,-2,3,7,0.458,6.0,-2,3,6.5,0.172,,,,,,
2024,2024-04-23,화,04,18:30,두산,NC,잠실,LG;두산,0,0,5664,23750,0.2385,0,8,0.423,7.0,1,4,2,0.625,2.0,1,6,3.0,0.172,,,,,,
2024,2024-04-24,수,04,18:30,키움,KIA,고척,키움,1,0,11048,16000,0.6905,0,5,0.542,4.5,-2,5,1,0.72,0.0,1,7,0.0,0.178,,,,,,
2024,2024-04-24,수,04,18:30,삼성,LG,대구,삼성,0,0,10159,24000,0.4233,0,4,0.56,4.0,3,7,6,0.52,5.0,-1,5,-0.5,0.178,,,,,,
2024,2024-04-24,수,04,18:30,롯데,SSG,사직,롯데,0,0,8499,22758,0.3735,0,10,0.304,10.0,3,3,3,0.56,4.0,-2,4,5.5,0.178,,,,,,
2024,2024-04-24,수,04,18:30,KT,한화,수원,KT,0,0,12538,18700,0.6705,0,9,0.308,10.5,1,4,8,0.44,7.0,-3,3,6.0,0.178,,,,,,
2024,2024-04-24,수,04,18:30,두산,NC,잠실,LG;두산,0,0,6444,23750,0.2713,0,7,0.444,7.0,2,5,2,0.6,3.0,-1,5,2.5,0.178,,,,,,
2024,2024-04-25,목,04,18:30,키움,KIA,고척,키움,1,0,13287,16000,0.8304,0,5,0.52,5.5,-3,4,1,0.731,0.0,2,7,0.0,0.185,,,,,,
2024,2024-04-25,목,04,18:30,삼성,LG,대구,삼성,0,0,12012,24000,0.5005,0,4,0.577,4.0,4,8,6,0.5,6.0,-2,4,-1.5,0.185,,,,,,
2024,2024-04-25,목,04,18:30,롯데,SSG,사직,롯데,0,0,10518,22758,0.4622,0,10,0.292,11.0,-1,3,3,0.577,4.0,1,5,5.5,0.185,,,,,,
2024,2024-04-25,목,04,18:30,KT,한화,수원,KT,0,0,11247,18700,0.6014,0,9,0.333,10.5,2,4,8,0.423,8.0,-4,2,5.0,0.185,,,,,,
2024,2024-04-25,목,04,18:30,두산,NC,잠실,LG;두산,0,0,7385,23750,0.3109,0,7,0.429,8.0,-1,5,2,0.615,3.0,1,5,2.5,0.185,,,,,,
2024,2024-04-26,금,04,18:30,키움,삼성,고척,키움,1,0,9519,16000,0.5949,0,6,0.5,6.5,-4,3,4,0.556,5.0,-1,8,0.5,0.192,,,,,,
2024,2024-04-26,금,04,18:30,SSG,KT,문학,SSG,0,0,10075,23000,0.438,0,3,0.556,5.0,-1,5,9,0.357,10.5,3,5,-1.0,0.192,,,,,,
2024,2024-04-26,금,04,18:30,LG,KIA,잠실,LG;두산,0,0,23750,23750,1.0,1,5,0.519,6.0,1,5,1,0.741,0.0,3,7,0.0,0.192,,,,,,
2024,2024-04-26,금,04,18:30,NC,롯데,창원,NC,0,0,16573,17891,0.9263,0,2,0.593,4.0,-1,4,10,0.32,11.0,1,4,-2.0,0.192,,,,,,
2024,2024-04-26,금,04,18:30,한화,두산,한밭,한화,0,0,12000,12000,1.0,1,8,0.407,9.0,-5,2,7,0.448,8.0,1,5,3.0,0.192,,,,,,
2024,2024-04-27,토,04,17:00,키움,삼성,고척,키움,1,0,15073,16000,0.9421,0,6,0.481,6.5,-5,2,4,0.571,4.0,1,8,1.5,0.199,,,,,,
2024,2024-04-27,토,04,17:00,SSG,KT,문학,SSG,0,0,16957,23000,0.7373,0,3,0.571,4.0,1,5,9,0.345,10.5,-1,5,-1.0,0.199,,,,,,
2024,2024-04-27,토,04,14:00,LG,KIA,잠실,LG;두산,0,0,23750,23750,1.0,1,5,0.536,5.0,2,6,1,0.714,0.0,-1,6,0.0,0.199,,,,,,
2024,2024-04-27,토,04,17:00,NC,롯데,창원,NC,0,0,17891,17891,1.0,1,2,0.607,3.0,1,4,10,0.308,11.0,-1,4,-2.0,0.199,,,,,,
2024,2024-04-27,토,04,17:00,한화,두산,한밭,한화,0,0,12000,12000,1.0,1,8,0.393,9.0,-6,2,7,0.467,7.0,2,5,4.0,0.199,,,,,,
2024,2024-04-28,일,04,14:00,키움,삼성,고척,키움,1,0,13354,16000,0.8346,0,6,0.464,6.5,-6,1,3,0.586,3.0,2,8,2.5,0.206,,,,,,
2024,2024-04-28,일,04,14:00,SSG,KT,문학,SSG,0,0,13196,23000,0.5737,0,4,0.552,4.0,-1,4,9,0.367,9.5,1,6,0.0,0.206,,,,,,
2024,2024-04-28,일,04,14:00,LG,KIA,잠실,LG;두산,0,0,23750,23750,1.0,1,5,0.552,4.0,3,6,1,0.69,0.0,-2,6,0.0,0.206,,,,,,
2024,2024-04-28,일,04,14:00,NC,롯데,창원,NC,0,0,17891,17891,1.0,1,2,0.621,2.0,2,5,10,0.296,11.0,-2,4,-2.0,0.206,,,,,,
2024,2024-04-28,일,04,14:00,한화,두산,한밭,한화,0,0,12000,12000,1.0,1,8,0.414,8.0,1,3,7,0.452,7.0,-1,5,4.0,0.206,,,,,,
2024,2024-04-30,화,04,18:30,KIA,KT,광주,KIA,0,0,17210,20500,0.8395,0,1,0.7,0.0,1,6,9,0.355,10.5,-1,5,-5.0,0.212,,,,,,
2024,2024-04-30,화,04,18:30,롯데,키움,사직,롯데,0,0,13376,22758,0.5877,0,10,0.286,12.0,-3,4,7,0.448,7.5,-7,1,7.0,0.212,,,,,,
2024,2024-04-30,화,04,18:30,두산,삼성,잠실,LG;두산,0,0,20170,23750,0.8493,0,6,0.469,7.0,1,6,3,0.6,3.0,3,8,2.0,0.212,,,,,,
2024,2024-04-30,화,04,18:30,NC,LG,창원,NC,0,0,7278,17891,0.4068,0,2,0.633,2.0,3,6,5,0.533,5.0,-1,5,-3.0,0.212,,,,,,
2024,2024-04-30,화,04,18:30,한화,SSG,한밭,한화,0,0,12000,12000,1.0,1,8,0.4,9.0,-1,2,4,0.567,4.0,1,4,4.0,0.212,,,,,,
2024,2024-05-01,수,05,18:30,KIA,KT,광주,KIA,0,0,17402,20500,0.8489,0,1,0.677,0.0,-1,6,9,0.375,9.5,1,5,-5.0,0.219,,,,,,
2024,2024-05-01,수,05,18:30,롯데,키움,사직,롯데,0,0,14791,22758,0.6499,0,10,0.276,12.0,-4,4,7,0.467,6.5,1,2,7.0,0.219,,,,,,
2024,2024-05-01,수,05,18:30,두산,삼성,잠실,LG;두산,0,0,23750,23750,1.0,1,6,0.485,6.0,2,7,3,0.581,3.0,-1,7,1.0,0.219,,,,,,
2024,2024-05-01,수,05,18:30,NC,LG,창원,NC,0,0,10397,17891,0.5811,0,2,0.645,1.0,4,6,5,0.516,5.0,-2,5,-4.0,0.219,,,,,,
2024,2024-05-01,수,05,18:30,한화,SSG,한밭,한화,0,0,12000,12000,1.0,1,8,0.419,8.0,1,3,4,0.548,4.0,-1,4,3.0,0.219,,,,,,
2024,2024-05-02,목,05,18:30,KIA,KT,광주,KIA,0,0,16502,20500,0.805,0,1,0.688,0.0,1,6,9,0.364,10.5,-1,5,-5.0,0.226,,,,,,
2024,2024-05-02,목,05,18:30,롯데,키움,사직,롯데,0,0,12569,22758,0.5523,0,10,0.267,13.0,-5,3,6,0.484,6.5,2,3,8.0,0.226,,,,,,
2024,2024-05-02,목,05,18:30,두산,삼성,잠실,LG;두산,0,0,20395,23750,0.8587,0,7,0.471,7.0,-1,6,3,0.594,3.0,1,8,2.0,0.226,,,,,,
2024,2024-05-02,목,05,18:30,NC,LG,창원,NC,0,0,6338,17891,0.3543,0,2,0.625,2.0,-1,6,5,0.531,5.0,1,5,-3.0,0.226,,,,,,
2024,2024-05-02,목,05,18:30,한화,SSG,한밭,한화,0,0,10890,12000,0.9075,0,8,0.406,9.0,-1,2,4,0.562,4.0,1,4,4.0,0.226,,,,,,
2024,2024-05-03,금,05,18:30,KIA,한화,광주,KIA,0,0,20500,20500,1.0,1,1,0.667,0.0,-1,5,8,0.394,9.0,-2,2,-4.0,0.233,,,,,,
2024,2024-05-03,금,05,18:30,삼성,롯데,대구,삼성,0,0,24000,24000,1.0,1,2,0.606,2.0,2,8,10,0.29,12.0,1,3,-2.0,0.233,,,,,,
2024,2024-05-03,금,05,18:30,SSG,NC,문학,SSG,0,0,13737,23000,0.5973,0,4,0.576,3.0,2,5,3,0.606,2.0,-2,6,-1.0,0.233,,,,,,
2024,2024-05-03,금,05,18:30,KT,키움,수원,KT,0,0,8213,18700,0.4392,0,9,0.382,9.5,1,6,6,0.469,6.5,-1,2,5.5,0.233,,,,,,
2024,2024-05-03,금,05,18:30,LG,두산,잠실,LG;두산,0,0,23750,23750,1.0,1,5,0.545,4.0,2,5,7,0.457,7.0,-2,6,0.0,0.233,,,,,,
2024,2024-05-04,토,05,17:00,KIA,한화,광주,KIA,0,0,20500,20500,1.0,1,1,0.647,0.0,-2,5,8,0.412,8.0,1,3,-4.0,0.24,,,,,,
2024,2024-05-04,토,05,17:00,삼성,롯데,대구,삼성,0,0,24000,24000,1.0,1,3,0.588,2.0,-1,7,10,0.312,11.0,2,4,-2.0,0.24,,,,,,
2024,2024-05-04,토,05,17:00,SSG,NC,문학,SSG,0,0,22079,23000,0.96,0,4,0.559,3.0,-1,5,2,0.618,1.0,1,6,-1.0,0.24,,,,,,
2024,2024-05-04,토,05,17:00,KT,키움,수원,KT,0,0,14620,18700,0.7818,0,9,0.4,8.5,2,7,7,0.455,6.5,-2,2,4.5,0.24,,,,,,
2024,2024-05-04,토,05,14:00,LG,두산,잠실,LG;두산,0,0,23750,23750,1.0,1,5,0.529,4.0,-1,5,6,0.472,6.0,1,6,0.0,0.24,,,,,,
2024,2024-05-07,화,05,18:30,키움,두산,고척,키움,1,0,7339,16000,0.4587,0,7,0.441,7.5,-3,2,6,0.486,6.0,2,6,2.5,0.247,,,,,,
2024,2024-05-07,화,05,18:30,LG,SSG,잠실,LG;두산,0,0,13387,23750,0.5637,0,5,0.514,5.0,-2,5,4,0.543,4.0,-2,5,0.0,0.247,,,,,,
2024,2024-05-08,수,05,18:30,키움,두산,고척,키움,1,0,6405,16000,0.4003,0,7,0.429,8.0,-4,2,5,0.5,5.5,3,7,2.5,0.25,,,,,,
2024,2024-05-08,수,05,18:30,삼성,KIA,대구,삼성,0,0,15421,24000,0.6425,0,3,0.571,3.0,-2,6,1,0.657,0.0,1,5,-2.5,0.25,,,,,,
2024,2024-05-08,수,05,18:30,롯데,한화,사직,롯데,0,0,11407,22758,0.5012,0,10,0.333,11.0,3,4,9,0.4,9.0,-1,3,5.5,0.25,,,,,,
2024,2024-05-08,수,05,18:30,KT,NC,수원,KT,0,0,4480,18700,0.2396,0,8,0.417,8.5,3,7,2,0.629,1.0,2,7,3.0,0.25,,,,,,
2024,2024-05-08,수,05,18:30,LG,SSG,잠실,LG;두산,0,0,15699,23750,0.661,0,6,0.5,5.5,-3,5,4,0.556,3.5,1,5,0.0,0.25,,,,,,
2024,2024-05-09,목,05,18:30,키움,두산,고척,키움,1,0,8658,16000,0.5411,0,8,0.417,9.0,-5,2,6,0.513,5.5,4,7,3.5,0.257,,,,,,
2024,2024-05-09,목,05,18:30,삼성,KIA,대구,삼성,0,0,16769,24000,0.6987,0,3,0.556,4.0,-3,5,1,0.667,0.0,2,5,-1.5,0.257,,,,,,
2024,2024-05-09,목,05,18:30,롯데,한화,사직,롯데,0,0,12774,22758,0.5613,0,10,0.353,11.0,4,5,9,0.389,10.0,-2,3,5.5,0.257,,,,,,
2024,2024-05-09,목,05,18:30,KT,NC,수원,KT,0,0,6369,18700,0.3406,0,7,0.432,8.5,4,7,2,0.611,2.0,-1,6,3.0,0.257,,,,,,
2024,2024-05-09,목,05,18:30,LG,SSG,잠실,LG;두산,0,0,16823,23750,0.7083,0,5,0.514,5.5,1,5,4,0.541,4.5,-1,5,0.0,0.257,,,,,,
2024,2024-05-10,금,05,18:30,KIA,SSG,광주,KIA,0,0,18895,20500,0.9217,0,1,0.649,0.0,-1,4,4,0.526,4.5,-2,4,-4.5,0.264,,,,,,
2024,2024-05-10,금,05,18:30,롯데,LG,사직,롯데,0,0,15731,22758,0.6912,0,10,0.371,10.0,5,5,5,0.526,4.5,2,5,5.5,0.264,,,,,,
2024,2024-05-10,금,05,18:30,두산,KT,잠실,LG;두산,0,0,13013,23750,0.5479,0,6,0.525,4.5,5,7,7,0.447,7.5,5,7,0.0,0.264,,,,,,
2024,2024-05-10,금,05,18:30,NC,삼성,창원,NC,0,0,12438,17891,0.6952,0,2,0.595,2.0,-2,6,3,0.568,3.0,1,6,-2.5,0.264,,,,,,
2024,2024-05-10,금,05,18:30,한화,키움,한밭,한화,0,0,12000,12000,1.0,1,9,0.378,10.0,-3,3,8,0.405,9.0,-6,2,5.5,0.264,,,,,,
2024,2024-05-11,토,05,17:00,롯데,LG,사직,롯데,0,0,22758,22758,1.0,1,10,0.361,10.0,-1,5,5,0.538,3.5,3,5,6.5,0.271,,,,,,
2024,2024-05-11,토,05,17:00,NC,삼성,창원,NC,0,0,17891,17891,1.0,1,2,0.605,1.0,1,6,3,0.553,3.0,-1,5,-2.5,0.271,,,,,,
2024,2024-05-11,토,05,14:00,한화,키움,한밭,한화,0,0,12000,12000,1.0,1,9,0.395,9.0,1,4,8,0.395,9.0,-7,2,5.5,0.271,,,,,,
2024,2024-05-12,일,05,17:00,KIA,SSG,광주,KIA,0,0,20500,20500,1.0,1,1,0.632,0.0,-2,4,5,0.538,3.5,1,5,-3.5,0.275,,,,,,
2024,2024-05-12,일,05,17:00,KIA,SSG,광주,KIA,0,0,12743,20500,0.6216,0,1,0.632,0.0,-2,4,5,0.538,3.5,1,5,-3.5,0.275,,,,,,
2024,2024-05-12,일,05,14:00,롯데,LG,사직,롯데,0,0,18914,22758,0.8311,0,10,0.351,10.5,-2,5,4,0.55,3.0,4,6,7.0,0.275,,,,,,
2024,2024-05-12,일,05,17:00,두산,KT,잠실,LG;두산,0,0,16308,23750,0.6867,0,6,0.537,3.5,6,8,7,0.436,7.5,-1,7,0.0,0.275,,,,,,
2024,2024-05-12,일,05,17:00,두산,KT,잠실,LG;두산,0,0,9026,23750,0.38,0,6,0.537,3.5,6,8,7,0.436,7.5,-1,7,0.0,0.275,,,,,,
2024,2024-05-12,일,05,14:00,NC,삼성,창원,NC,0,0,16181,17891,0.9044,0,2,0.59,1.5,-1,5,3,0.564,2.5,1,5,-2.0,0.275,,,,,,
2024,2024-05-12,일,05,14:00,한화,키움,한밭,한화,0,0,12000,12000,1.0,1,9,0.385,9.5,-1,3,8,0.41,8.5,1,3,6.0,0.275,,,,,,
2024,2024-05-14,화,05,18:30,KIA,두산,광주,KIA,0,0,18675,20500,0.911,0,1,0.625,0.0,-1,4,5,0.558,2.5,8,8,-2.5,0.285,,,,,,
2024,2024-05-14,화,05,18:30,SSG,삼성,문학,SSG,0,0,16595,23000,0.7215,0,6,0.537,3.5,1,5,2,0.575,2.0,2,5,1.0,0.285,,,,,,
2024,2024-05-14,화,05,18:30,KT,롯데,수원,KT,0,0,10120,18700,0.5412,0,7,0.415,8.5,-3,6,10,0.342,11.0,-3,5,6.0,0.285,,,,,,
2024,2024-05-14,화,05,18:30,LG,키움,잠실,LG;두산,0,0,18479,23750,0.7781,0,4,0.561,2.5,5,7,8,0.4,9.0,-1,2,0.0,0.285,,,,,,
2024,2024-05-14,화,05,18:30,한화,NC,한밭,한화,0,0,12000,12000,1.0,1,9,0.4,9.0,1,4,3,0.575,2.0,-2,4,6.5,0.285,,,,,,
2024,2024-05-15,수,05,14:00,KIA,두산,광주,KIA,0,0,20500,20500,1.0,1,1,0.61,0.0,-2,4,3,0.568,1.5,9,9,-2.5,0.292,,,,,,
2024,2024-05-15,수,05,14:00,한화,NC,한밭,한화,0,0,12000,12000,1.0,1,9,0.4,8.5,1,3,2,0.575,1.5,-2,3,6.0,0.292,,,,,,
2024,2024-05-16,목,05,18:30,KIA,두산,광주,KIA,0,0,15996,20500,0.7803,0,1,0.619,0.0,1,4,4,0.556,2.5,-1,9,-3.0,0.294,,,,,,
2024,2024-05-16,목,05,18:30,SSG,삼성,문학,SSG,0,0,13791,23000,0.5996,0,5,0.548,3.0,2,5,3,0.561,2.5,-1,5,0.0,0.294,,,,,,
2024,2024-05-16,목,05,18:30,KT,롯데,수원,KT,0,0,8312,18700,0.4445,0,7,0.429,8.0,1,6,10,0.333,11.5,-4,5,5.0,0.294,,,,,,
2024,2024-05-16,목,05,18:30,LG,키움,잠실,LG;두산,0,0,15054,23750,0.6339,0,6,0.548,3.0,-1,6,8,0.415,8.5,1,2,0.0,0.294,,,,,,
2024,2024-05-16,목,05,18:30,한화,NC,한밭,한화,0,0,9522,12000,0.7935,0,9,0.39,9.5,-1,3,2,0.585,1.5,1,4,6.5,0.294,,,,,,
2024,2024-05-17,금,05,18:30,키움,SSG,고척,키움,1,0,9806,16000,0.6129,0,7,0.429,8.0,2,3,5,0.535,3.5,-1,4,4.5,0.301,,,,,,
2024,2024-05-17,금,05,18:30,삼성,한화,대구,삼성,0,0,24000,24000,1.0,1,3,0.571,2.0,1,5,9,0.381,10.0,-2,3,-1.5,0.301,,,,,,
2024,2024-05-17,금,05,18:30,KT,LG,수원,KT,0,0,11374,18700,0.6082,0,8,0.419,8.5,-1,6,6,0.535,3.5,-2,5,5.0,0.301,,,,,,
2024,2024-05-17,금,05,18:30,두산,롯데,잠실,LG;두산,0,0,23750,23750,1.0,1,4,0.556,2.5,-1,8,10,0.35,11.0,1,6,-1.0,0.301,,,,,,
2024,2024-05-17,금,05,18:30,NC,KIA,창원,NC,0,0,12280,17891,0.6864,0,2,0.595,1.0,2,5,1,0.619,0.0,1,4,-2.5,0.301,,,,,,
2024,2024-05-18,토,05,17:00,키움,SSG,고척,키움,1,0,12133,16000,0.7583,0,7,0.419,9.0,-1,3,4,0.545,3.5,1,5,5.5,0.308,,,,,,
2024,2024-05-18,토,05,17:00,삼성,한화,대구,삼성,0,0,24000,24000,1.0,1,2,0.581,2.0,2,5,9,0.372,11.0,-3,2,-1.5,0.308,,,,,,
2024,2024-05-18,토,05,17:00,KT,LG,수원,KT,0,0,18700,18700,1.0,1,8,0.409,9.5,-2,5,5,0.545,3.5,1,6,6.0,0.308,,,,,,
2024,2024-05-18,토,05,17:00,두산,롯데,잠실,LG;두산,0,0,23750,23750,1.0,1,6,0.543,3.5,-2,7,10,0.366,11.0,2,6,0.0,0.308,,,,,,
2024,2024-05-18,토,05,17:00,NC,KIA,창원,NC,0,0,17891,17891,1.0,1,3,0.581,2.0,-1,4,1,0.628,0.0,2,5,-1.5,0.308,,,,,,
2024,2024-05-19,일,05,14:00,키움,SSG,고척,키움,1,0,10049,16000,0.6281,0,7,0.409,10.0,-2,3,4,0.556,3.5,2,6,6.5,0.315,,,,,,
2024,2024-05-19,일,05,14:00,삼성,한화,대구,삼성,0,0,24000,24000,1.0,1,2,0.591,2.0,3,6,9,0.364,12.0,-4,2,-1.5,0.315,,,,,,
2024,2024-05-19,일,05,14:00,KT,LG,수원,KT,0,0,15912,18700,0.8509,0,8,0.4,10.5,-3,4,5,0.556,3.5,2,7,7.0,0.315,,,,,,
2024,2024-05-19,일,05,14:00,두산,롯데,잠실,LG;두산,0,0,23750,23750,1.0,1,6,0.553,3.5,1,7,10,0.357,12.0,-1,5,0.0,0.315,,,,,,
2024,2024-05-19,일,05,14:00,NC,KIA,창원,NC,0,0,16253,17891,0.9084,0,3,0.568,3.0,-2,3,1,0.636,0.0,3,5,-0.5,0.315,,,,,,
2024,2024-05-21,화,05,18:30,키움,NC,고척,키움,1,0,3940,16000,0.2462,0,7,0.422,10.0,1,4,3,0.556,4.0,-3,3,5.5,0.322,,,,,,
2024,2024-05-21,화,05,18:30,삼성,KT,대구,삼성,0,0,13360,24000,0.5567,0,2,0.578,3.0,-1,6,8,0.413,10.5,1,4,-1.5,0.322,,,,,,
2024,2024-05-21,화,05,18:30,롯데,KIA,사직,롯데,0,0,14006,22758,0.6154,0,10,0.357,12.5,-1,4,1,0.644,0.0,4,5,8.0,0.322,,,,,,
2024,2024-05-21,화,05,18:30,두산,SSG,잠실,LG;두산,0,0,13917,23750,0.586,0,4,0.553,4.0,1,6,5,0.543,4.5,-1,5,-0.5,0.322,,,,,,
2024,2024-05-21,화,05,18:30,한화,LG,한밭,한화,0,0,9335,12000,0.7779,0,9,0.378,12.0,1,3,6,0.543,4.5,-1,7,7.5,0.322,,,,,,
2024,2024-05-22,수,05,18:30,키움,NC,고척,키움,1,0,4337,16000,0.2711,0,8,0.413,10.0,-1,4,3,0.565,3.0,1,4,5.5,0.329,,,,,,
2024,2024-05-22,수,05,18:30,삼성,KT,대구,삼성,0,0,13232,24000,0.5513,0,2,0.565,3.0,-2,6,7,0.426,9.5,2,4,-1.5,0.329,,,,,,
2024,2024-05-22,수,05,18:30,롯데,KIA,사직,롯데,0,0,14062,22758,0.6179,0,10,0.372,11.5,1,4,1,0.63,0.0,-1,5,7.0,0.329,,,,,,
2024,2024-05-22,수,05,18:30,두산,SSG,잠실,LG;두산,0,0,12642,23750,0.5323,0,4,0.562,3.0,2,6,5,0.532,4.5,-2,5,-1.5,0.329,,,,,,
2024,2024-05-22,수,05,18:30,한화,LG,한밭,한화,0,0,9044,12000,0.7537,0,9,0.391,11.0,2,4,6,0.532,4.5,-2,6,6.5,0.329,,,,,,
2024,2024-05-23,목,05,18:30,키움,NC,고척,키움,1,0,3897,16000,0.2436,0,8,0.404,10.0,-2,4,3,0.574,2.0,2,4,5.5,0.336,,,,,,
2024,2024-05-23,목,05,18:30,삼성,KT,대구,삼성,0,0,13291,24000,0.5538,0,2,0.574,2.0,1,6,7,0.417,9.5,-1,3,-2.5,0.336,,,,,,
2024,2024-05-23,목,05,18:30,롯데,KIA,사직,롯데,0,0,15844,22758,0.6962,0,10,0.386,10.5,2,4,1,0.617,0.0,-2,5,6.0,0.336,,,,,,
2024,2024-05-23,목,05,18:30,두산,SSG,잠실,LG;두산,0,0,12131,23750,0.5108,0,4,0.571,2.0,3,6,5,0.521,4.5,-3,5,-2.5,0.336,,,,,,
2024,2024-05-23,목,05,18:30,한화,LG,한밭,한화,0,0,10008,12000,0.834,0,9,0.404,10.0,3,4,6,0.521,4.5,-3,5,5.5,0.336,,,,,,
2024,2024-05-24,금,05,18:30,KIA,두산,광주,KIA,0,0,20500,20500,1.0,1,1,0.604,0.0,-3,4,2,0.58,1.0,4,6,-3.5,0.343,,,,,,
2024,2024-05-24,금,05,18:30,SSG,한화,문학,SSG,0,0,22451,23000,0.9761,0,6,0.51,4.5,-4,4,10,0.396,10.0,-1,4,1.0,0.343,,,,,,
2024,2024-05-24,금,05,18:30,롯데,삼성,사직,롯데,0,0,20577,22758,0.9042,0,9,0.4,9.5,3,5,3,0.562,2.0,-1,6,6.0,0.343,,,,,,
2024,2024-05-24,금,05,18:30,KT,키움,수원,KT,0,0,6867,18700,0.3672,0,7,0.429,8.5,1,4,8,0.417,9.0,1,5,5.0,0.343,,,,,,
2024,2024-05-24,금,05,18:30,LG,NC,잠실,LG;두산,0,0,18551,23750,0.7811,0,5,0.531,3.5,1,5,4,0.562,2.0,-1,4,0.0,0.343,,,,,,
2024,2024-05-25,토,05,14:00,KIA,두산,광주,KIA,0,0,20500,20500,1.0,1,1,0.592,0.0,-4,4,2,0.588,0.0,5,6,-2.5,0.35,,,,,,
2024,2024-05-25,토,05,17:00,SSG,한화,문학,SSG,0,0,23000,23000,1.0,1,6,0.5,4.5,-5,4,9,0.408,9.0,1,4,2.0,0.35,,,,,,
2024,2024-05-25,토,05,17:00,롯데,삼성,사직,롯데,0,0,22758,22758,1.0,1,10,0.391,9.5,-1,5,3,0.571,1.0,1,6,7.0,0.35,,,,,,
2024,2024-05-25,토,05,17:00,KT,키움,수원,KT,0,0,12425,18700,0.6644,0,7,0.44,7.5,2,5,8,0.408,9.0,-1,4,5.0,0.35,,,,,,
2024,2024-05-25,토,05,14:00,LG,NC,잠실,LG;두산,0,0,22261,23750,0.9373,0,5,0.54,2.5,2,5,4,0.551,2.0,-2,4,0.0,0.35,,,,,,
2024,2024-05-26,일,05,14:00,KIA,두산,광주,KIA,0,0,20500,20500,1.0,1,1,0.6,0.0,1,5,2,0.577,1.0,-1,5,-3.0,0.357,,,,,,
2024,2024-05-26,일,05,14:00,롯데,삼성,사직,롯데,0,0,22758,22758,1.0,1,9,0.404,9.5,1,6,3,0.56,2.0,-1,5,6.5,0.357,,,,,,
2024,2024-05-26,일,05,14:00,LG,NC,잠실,LG;두산,0,0,17692,23750,0.7449,0,4,0.549,2.5,3,5,5,0.54,3.0,-3,4,-0.5,0.357,,,,,,
2024,2024-05-28,화,05,18:30,삼성,키움,대구,삼성,0,0,10884,24000,0.4535,0,4,0.549,3.0,-2,5,10,0.4,10.5,-2,4,-1.0,0.361,,,,,,
2024,2024-05-28,화,05,18:30,SSG,LG,문학,SSG,0,0,14116,23000,0.6137,0,6,0.49,6.0,-6,3,3,0.558,2.5,4,6,2.0,0.361,,,,,,
2024,2024-05-28,화,05,18:30,두산,KT,잠실,LG;두산,0,0,8459,23750,0.3562,0,2,0.566,2.0,-2,5,7,0.451,8.0,3,6,-2.0,0.361,,,,,,
2024,2024-05-28,화,05,18:30,NC,KIA,창원,NC,0,0,8024,17891,0.4485,0,5,0.529,4.0,-4,3,1,0.608,0.0,2,5,0.0,0.361,,,,,,
2024,2024-05-28,화,05,18:30,한화,롯데,한밭,한화,0,0,11168,12000,0.9307,0,8,0.42,9.5,2,5,9,0.417,9.5,2,7,5.5,0.361,,,,,,
2024,2024-05-29,수,05,18:30,삼성,키움,대구,삼성,0,0,15080,24000,0.6283,0,4,0.538,4.0,-3,4,9,0.412,10.5,1,4,-1.0,0.368,,,,,,
2024,2024-05-29,수,05,18:30,SSG,LG,문학,SSG,0,0,14413,23000,0.6267,0,6,0.481,7.0,-7,2,2,0.566,2.5,5,7,2.0,0.368,,,,,,
2024,2024-05-29,수,05,18:30,두산,KT,잠실,LG;두산,0,0,8811,23750,0.371,0,3,0.556,3.0,-3,5,7,0.462,8.0,4,6,-2.0,0.368,,,,,,
2024,2024-05-29,수,05,18:30,NC,KIA,창원,NC,0,0,7994,17891,0.4468,0,5,0.519,5.0,-5,2,1,0.615,0.0,3,6,0.0,0.368,,,,,,
2024,2024-05-29,수,05,18:30,한화,롯데,한밭,한화,0,0,10807,12000,0.9006,0,8,0.431,9.5,3,6,10,0.408,10.5,-1,6,4.5,0.368,,,,,,
2024,2024-05-30,목,05,18:30,삼성,키움,대구,삼성,0,0,12748,24000,0.5312,0,4,0.528,5.0,-4,3,9,0.423,10.5,2,4,-1.0,0.375,,,,,,
2024,2024-05-30,목,05,18:30,SSG,LG,문학,SSG,0,0,15902,23000,0.6914,0,6,0.472,8.0,-8,2,2,0.574,2.5,6,7,2.0,0.375,,,,,,
2024,2024-05-30,목,05,18:30,두산,KT,잠실,LG;두산,0,0,7915,23750,0.3333,0,3,0.564,3.0,1,6,7,0.453,9.0,-1,6,-3.0,0.375,,,,,,
2024,2024-05-30,목,05,18:30,NC,KIA,창원,NC,0,0,7349,17891,0.4108,0,5,0.509,6.0,-6,2,1,0.623,0.0,4,6,0.0,0.375,,,,,,
2024,2024-05-30,목,05,18:30,한화,롯데,한밭,한화,0,0,11405,12000,0.9504,0,8,0.442,9.5,4,7,10,0.4,11.5,-2,5,3.5,0.375,,,,,,
2024,2024-05-31,금,05,18:30,키움,SSG,고척,키움,1,0,5680,16000,0.355,0,9,0.415,11.5,-1,4,6,0.481,8.0,1,2,4.5,0.382,,,,,,
2024,2024-05-31,금,05,18:30,KIA,KT,광주,KIA,0,0,20500,20500,1.0,1,1,0.63,0.0,5,6,8,0.444,10.0,-2,6,-7.0,0.382,,,,,,
2024,2024-05-31,금,05,18:30,삼성,한화,대구,삼성,0,0,24000,24000,1.0,1,4,0.537,5.0,1,3,7,0.453,9.5,5,8,-2.0,0.382,,,,,,
2024,2024-05-31,금,05,18:30,롯데,NC,사직,롯데,0,0,17760,22758,0.7804,0,10,0.392,12.5,-3,5,5,0.5,7.0,-7,2,5.5,0.382,,,,,,
2024,2024-05-31,금,05,18:30,두산,LG,잠실,LG;두산,0,0,23750,23750,1.0,1,2,0.571,3.0,2,6,3,0.564,3.5,-1,6,-4.0,0.382,,,,,,
2024,2024-06-01,토,06,17:00,키움,SSG,고척,키움,1,0,10462,16000,0.6539,0,9,0.407,11.5,-2,4,5,0.491,7.0,2,2,4.5,0.389,,,,,,
2024,2024-06-01,토,06,17:00,KIA,KT,광주,KIA,0,0,20500,20500,1.0,1,1,0.618,0.0,-1,5,7,0.455,9.0,1,7,-7.0,0.389,,,,,,
2024,2024-06-01,토,06,17:00,삼성,한화,대구,삼성,0,0,24000,24000,1.0,1,4,0.545,4.0,2,4,8,0.444,9.5,-1,8,-3.0,0.389,,,,,,
2024,2024-06-01,토,06,17:00,롯데,NC,사직,롯데,0,0,22758,22758,1.0,1,10,0.404,11.5,1,6,6,0.491,7.0,-8,2,4.5,0.389,,,,,,
2024,2024-06-01,토,06,17:00,두산,LG,잠실,LG;두산,0,0,23750,23750,1.0,1,3,0.561,3.0,-1,6,2,0.571,2.5,1,7,-4.0,0.389,,,,,,
2024,2024-06-02,일,06,14:00,키움,SSG,고척,키움,1,0,8745,16000,0.5466,0,9,0.4,12.5,-3,3,5,0.5,7.0,3,3,5.5,0.396,,,,,,
2024,2024-06-02,일,06,17:00,KIA,KT,광주,KIA,0,0,20500,20500,1.0,1,1,0.625,0.0,1,6,7,0.446,10.0,-1,6,-7.0,0.396,,,,,,
2024,2024-06-02,일,06,17:00,삼성,한화,대구,삼성,0,0,24000,24000,1.0,1,3,0.554,4.0,3,5,8,0.436,10.5,-2,7,-3.0,0.396,,,,,,
2024,2024-06-02,일,06,17:00,롯데,NC,사직,롯데,0,0,21896,22758,0.9621,0,10,0.396,12.5,-1,5,6,0.5,7.0,1,2,5.5,0.396,,,,,,
2024,2024-06-02,일,06,14:00,두산,LG,잠실,LG;두산,0,0,23750,23750,1.0,1,4,0.552,4.0,-2,5,2,0.579,2.5,2,8,-3.0,0.396,,,,,,
2024,2024-06-04,화,06,18:30,KIA,롯데,광주,KIA,0,0,16158,20500,0.7882,0,1,0.614,0.0,-1,6,9,0.407,11.5,1,5,-6.0,0.403,,,,,,
2024,2024-06-04,화,06,18:30,SSG,삼성,문학,SSG,0,0,10135,23000,0.4407,0,5,0.509,6.0,4,4,3,0.561,3.0,4,5,0.0,0.403,,,,,,
2024,2024-06-04,화,06,18:30,KT,한화,수원,KT,0,0,11426,18700,0.611,0,7,0.456,9.0,1,6,8,0.429,10.5,-3,6,3.0,0.403,,,,,,
2024,2024-06-04,화,06,18:30,LG,키움,잠실,LG;두산,0,0,14490,23750,0.6101,0,2,0.586,1.5,3,9,10,0.393,12.5,-4,3,-4.5,0.403,,,,,,
2024,2024-06-04,화,06,18:30,NC,두산,창원,NC,0,0,5448,17891,0.3045,0,6,0.491,7.0,-1,1,4,0.542,4.0,-3,4,1.0,0.403,,,,,,
2024,2024-06-05,수,06,18:30,KIA,롯데,광주,KIA,0,0,19045,20500,0.929,0,1,0.603,0.0,-2,6,9,0.418,10.5,2,5,-6.0,0.41,,,,,,
2024,2024-06-05,수,06,18:30,SSG,삼성,문학,SSG,0,0,14532,23000,0.6318,0,5,0.5,6.0,-1,4,3,0.569,2.0,5,6,0.0,0.41,,,,,,
2024,2024-06-05,수,06,18:30,KT,한화,수원,KT,0,0,14626,18700,0.7821,0,7,0.448,9.0,-1,6,8,0.439,9.5,1,6,3.0,0.41,,,,,,
2024,2024-06-05,수,06,18:30,LG,키움,잠실,LG;두산,0,0,16681,23750,0.7024,0,2,0.576,1.5,-1,8,10,0.404,11.5,1,4,-4.5,0.41,,,,,,
2024,2024-06-05,수,06,18:30,NC,두산,창원,NC,0,0,9892,17891,0.5529,0,6,0.483,7.0,-2,1,4,0.55,3.0,1,4,1.0,0.41,,,,,,
2024,2024-06-06,목,06,14:00,KIA,롯데,광주,KIA,0,0,20500,20500,1.0,1,1,0.593,0.0,-3,6,9,0.429,9.5,3,6,-5.0,0.417,,,,,,
2024,2024-06-06,목,06,14:00,SSG,삼성,문학,SSG,0,0,23000,23000,1.0,1,5,0.508,5.0,1,5,3,0.559,2.0,-1,5,0.0,0.417,,,,,,
2024,2024-06-06,목,06,17:00,KT,한화,수원,KT,0,0,18700,18700,1.0,1,8,0.441,9.0,-2,5,7,0.448,8.5,2,7,4.0,0.417,,,,,,
2024,2024-06-06,목,06,17:00,LG,키움,잠실,LG;두산,0,0,23750,23750,1.0,1,2,0.583,0.5,1,8,10,0.397,11.5,-1,3,-4.5,0.417,,,,,,
2024,2024-06-06,목,06,17:00,NC,두산,창원,NC,0,0,14517,17891,0.8114,0,6,0.475,7.0,-3,1,4,0.557,2.0,2,4,2.0,0.417,,,,,,
2024,2024-06-07,금,06,18:30,키움,삼성,고척,키움,1,0,12636,16000,0.7897,0,10,0.39,12.5,-2,3,4,0.55,3.0,-2,5,7.5,0.424,,,,,,
2024,2024-06-07,금,06,18:30,롯데,SSG,사직,롯데,0,0,20678,22758,0.9086,0,9,0.421,10.5,-1,5,5,0.517,5.0,2,6,5.5,0.424,,,,,,
2024,2024-06-07,금,06,18:30,KT,LG,수원,KT,0,0,13154,18700,0.7034,0,8,0.433,10.0,-3,4,2,0.59,0.5,2,8,5.0,0.424,,,,,,
2024,2024-06-07,금,06,18:30,두산,KIA,잠실,LG;두산,0,0,23750,23750,1.0,1,3,0.565,2.0,3,5,1,0.6,0.0,1,6,-3.0,0.424,,,,,,
2024,2024-06-07,금,06,18:30,한화,NC,한밭,한화,0,0,12000,12000,1.0,1,7,0.458,8.5,3,7,6,0.467,8.0,-4,1,3.5,0.424,,,,,,
2024,2024-06-08,토,06,17:00,키움,삼성,고척,키움,1,0,16000,16000,1.0,1,10,0.4,12.0,1,4,4,0.541,3.5,-3,5,6.5,0.431,,,,,,
2024,2024-06-08,토,06,17:00,KT,LG,수원,KT,0,0,18700,18700,1.0,1,9,0.426,10.5,-4,3,1,0.597,0.0,3,8,5.0,0.431,,,,,,
2024,2024-06-08,토,06,17:00,두산,KIA,잠실,LG;두산,0,0,23750,23750,1.0,1,3,0.571,1.5,4,6,2,0.59,0.5,-1,5,-4.0,0.431,,,,,,
2024,2024-06-08,토,06,17:00,한화,NC,한밭,한화,0,0,12000,12000,1.0,1,7,0.45,9.0,-1,6,6,0.475,7.5,1,2,3.5,0.431,,,,,,
2024,2024-06-09,일,06,14:00,키움,삼성,고척,키움,1,0,13509,16000,0.8443,0,10,0.41,12.0,2,4,4,0.532,4.5,-4,5,6.0,0.436,,,,,,
2024,2024-06-09,일,06,17:00,롯데,SSG,사직,롯데,0,0,13700,22758,0.602,0,8,0.431,10.5,1,5,5,0.508,6.0,-1,6,4.5,0.436,,,,,,
2024,2024-06-09,일,06,17:00,롯데,SSG,사직,롯데,0,0,22758,22758,1.0,1,8,0.431,10.5,1,5,5,0.508,6.0,-1,6,4.5,0.436,,,,,,
2024,2024-06-09,일,06,17:00,KT,LG,수원,KT,0,0,13642,18700,0.7295,0,9,0.419,11.5,-5,2,1,0.603,0.0,4,8,5.5,0.436,,,,,,
2024,2024-06-09,일,06,17:00,두산,KIA,잠실,LG;두산,0,0,23750,23750,1.0,1,3,0.578,1.5,5,7,2,0.581,1.5,-2,4,-4.5,0.436,,,,,,
2024,2024-06-09,일,06,17:00,한화,NC,한밭,한화,0,0,12000,12000,1.0,1,7,0.443,10.0,-2,5,6,0.484,7.5,2,3,4.0,0.436,,,,,,
2024,2024-06-11,화,06,18:30,삼성,LG,대구,삼성,0,0,12436,24000,0.5182,0,4,0.54,3.5,1,6,1,0.594,0.0,-1,7,-2.0,0.444,,,,,,
2024,2024-06-11,화,06,18:30,SSG,KIA,문학,SSG,0,0,16007,23000,0.696,0,5,0.508,5.5,-1,7,2,0.587,0.5,1,4,0.0,0.444,,,,,,
2024,2024-06-11,화,06,18:30,롯데,키움,사직,롯데,0,0,9948,22758,0.4371,0,8,0.433,10.0,1,6,10,0.403,12.0,-1,3,4.5,0.444,,,,,,
2024,2024-06-11,화,06,18:30,두산,한화,잠실,LG;두산,0,0,18475,23750,0.7779,0,3,0.569,1.5,-1,6,7,0.443,9.5,-2,4,-4.0,0.444,,,,,,
2024,2024-06-11,화,06,18:30,NC,KT,창원,NC,0,0,4279,17891,0.2392,0,6,0.484,7.0,2,3,9,0.429,10.5,1,3,1.5,0.444,,,,,,
2024,2024-06-12,수,06,18:30,삼성,LG,대구,삼성,0,0,13511,24000,0.563,0,4,0.547,2.5,2,6,1,0.585,0.0,-2,7,-2.0,0.451,,,,,,
2024,2024-06-12,수,06,18:30,SSG,KIA,문학,SSG,0,0,16483,23000,0.7167,0,5,0.516,4.5,1,7,2,0.578,0.5,-1,3,0.0,0.451,,,,,,
2024,2024-06-12,수,06,18:30,롯데,키움,사직,롯데,0,0,11390,22758,0.5005,0,8,0.426,10.0,-1,6,10,0.413,11.0,1,4,5.5,0.451,,,,,,
2024,2024-06-12,수,06,18:30,두산,한화,잠실,LG;두산,0,0,21630,23750,0.9107,0,3,0.561,1.5,-2,5,7,0.452,8.5,1,4,-3.0,0.451,,,,,,
2024,2024-06-12,수,06,18:30,NC,KT,창원,NC,0,0,4123,17891,0.2305,0,6,0.492,6.0,3,4,9,0.422,10.5,-1,3,1.5,0.451,,,,,,
2024,2024-06-13,목,06,18:30,삼성,LG,대구,삼성,0,0,14485,24000,0.6035,0,3,0.554,2.0,3,6,2,0.576,0.5,-3,6,-3.0,0.458,,,,,,
2024,2024-06-13,목,06,18:30,SSG,KIA,문학,SSG,0,0,18290,23000,0.7952,0,5,0.508,5.0,-1,6,1,0.585,0.0,1,4,0.0,0.458,,,,,,
2024,2024-06-13,목,06,18:30,롯데,키움,사직,롯데,0,0,11941,22758,0.5247,0,8,0.435,9.5,1,6,10,0.406,11.5,-1,4,4.5,0.458,,,,,,
2024,2024-06-13,목,06,18:30,두산,한화,잠실,LG;두산,0,0,20253,23750,0.8528,0,4,0.552,2.0,-3,5,7,0.46,8.0,2,5,-3.0,0.458,,,,,,
2024,2024-06-13,목,06,18:30,NC,KT,창원,NC,0,0,3764,17891,0.2104,0,6,0.484,6.5,-1,4,9,0.431,10.0,1,3,1.5,0.458,,,,,,
2024,2024-06-14,금,06,18:30,키움,두산,고척,키움,1,0,8680,16000,0.5425,0,10,0.4,11.5,-2,4,4,0.559,1.0,1,6,7.5,0.465,,,,,,
2024,2024-06-14,금,06,18:30,KT,KIA,수원,KT,0,0,18420,18700,0.985,1,9,0.424,10.0,-1,3,1,0.576,0.0,-1,3,6.0,0.465,,,,,,
2024,2024-06-14,금,06,18:30,LG,롯데,잠실,LG;두산,0,0,23750,23750,1.0,1,2,0.567,0.5,-4,5,8,0.444,8.5,2,7,-3.5,0.465,,,,,,
2024,2024-06-14,금,06,18:30,NC,삼성,창원,NC,0,0,12394,17891,0.6928,0,6,0.492,5.5,1,4,3,0.561,1.0,4,6,1.5,0.465,,,,,,
2024,2024-06-14,금,06,18:30,한화,SSG,한밭,한화,0,0,12000,12000,1.0,1,7,0.453,8.0,-1,5,5,0.515,4.0,1,6,4.0,0.465,,,,,,
2024,2024-06-15,토,06,17:00,키움,두산,고척,키움,1,0,13954,16000,0.8721,0,10,0.394,12.5,-3,4,4,0.565,1.0,2,7,8.5,0.472,,,,,,
2024,2024-06-15,토,06,17:00,KT,KIA,수원,KT,0,0,18700,18700,1.0,1,9,0.418,11.0,-2,2,1,0.582,0.0,1,4,7.0,0.472,,,,,,
2024,2024-06-15,토,06,17:00,LG,롯데,잠실,LG;두산,0,0,23750,23750,1.0,1,2,0.574,0.5,1,5,8,0.438,9.5,-1,6,-3.5,0.472,,,,,,
2024,2024-06-15,토,06,17:00,NC,삼성,창원,NC,0,0,17891,17891,1.0,1,6,0.485,6.5,-1,4,3,0.567,1.0,5,6,2.5,0.472,,,,,,
2024,2024-06-15,토,06,17:00,한화,SSG,한밭,한화,0,0,12000,12000,1.0,1,7,0.446,9.0,-2,5,5,0.522,4.0,2,6,5.0,0.472,,,,,,
2024,2024-06-16,일,06,14:00,키움,두산,고척,키움,1,0,13184,16000,0.824,0,10,0.388,13.5,-4,3,2,0.571,1.0,3,7,9.5,0.479,,,,,,
2024,2024-06-16,일,06,17:00,KT,KIA,수원,KT,0,0,18700,18700,1.0,1,9,0.412,12.0,-3,2,1,0.588,0.0,2,5,8.0,0.479,,,,,,
2024,2024-06-16,일,06,17:00,LG,롯데,잠실,LG;두산,0,0,23750,23750,1.0,1,3,0.565,1.5,-1,5,7,0.446,9.5,1,6,-2.5,0.479,,,,,,
2024,2024-06-16,일,06,17:00,NC,삼성,창원,NC,0,0,12860,17891,0.7188,0,6,0.493,6.5,1,5,4,0.559,2.0,-1,5,2.5,0.479,,,,,,
2024,2024-06-16,일,06,17:00,한화,SSG,한밭,한화,0,0,12000,12000,1.0,1,8,0.439,10.0,-3,4,5,0.529,4.0,3,7,6.0,0.479,,,,,,
2024,2024-06-18,화,06,18:30,KIA,LG,광주,KIA,0,0,18131,20500,0.8844,0,1,0.594,0.0,3,6,2,0.571,1.5,1,5,-5.0,0.486,,,,,,
2024,2024-06-18,화,06,18:30,삼성,SSG,대구,삼성,0,0,10426,24000,0.4344,0,4,0.551,3.0,-2,5,5,0.522,5.0,-1,6,-2.0,0.486,,,,,,
2024,2024-06-18,화,06,18:30,KT,롯데,수원,KT,0,0,8491,18700,0.4541,0,9,0.406,13.0,-4,2,8,0.439,10.5,-1,5,8.0,0.486,,,,,,
2024,2024-06-18,화,06,18:30,두산,NC,잠실,LG;두산,0,0,9026,23750,0.38,0,3,0.563,2.0,-1,6,6,0.5,6.5,2,6,-3.0,0.486,,,,,,
2024,2024-06-18,화,06,18:30,한화,키움,청주,한화,0,1,9000,9000,1.0,1,7,0.448,10.0,1,4,10,0.397,13.5,1,4,5.0,0.486,,,,,,
2024,2024-06-19,수,06,18:30,KIA,LG,광주,KIA,0,0,15056,20500,0.7344,0,1,0.6,0.0,4,6,3,0.563,2.5,-1,4,-5.0,0.493,,,,,,
2024,2024-06-19,수,06,18:30,삼성,SSG,대구,삼성,0,0,11488,24000,0.4787,0,4,0.543,4.0,-3,5,5,0.529,5.0,1,6,-1.0,0.493,,,,,,
2024,2024-06-19,수,06,18:30,KT,롯데,수원,KT,0,0,9106,18700,0.487,0,9,0.414,13.0,1,3,8,0.433,11.5,-2,5,8.0,0.493,,,,,,
2024,2024-06-19,수,06,18:30,두산,NC,잠실,LG;두산,0,0,11984,23750,0.5046,0,2,0.569,2.0,1,6,6,0.493,7.5,-1,6,-3.0,0.493,,,,,,
2024,2024-06-19,수,06,18:30,한화,키움,청주,한화,0,1,9000,9000,1.0,1,7,0.456,10.0,2,4,10,0.391,14.5,-1,4,5.0,0.493,,,,,,
2024,2024-06-20,목,06,18:30,KIA,LG,광주,KIA,0,0,14009,20500,0.6834,0,1,0.592,0.0,-1,6,2,0.569,1.5,1,4,-5.0,0.5,,,,,,
2024,2024-06-20,목,06,18:30,삼성,SSG,대구,삼성,0,0,13024,24000,0.5427,0,4,0.549,3.0,1,6,5,0.521,5.0,-1,6,-2.0,0.5,,,,,,
2024,2024-06-20,목,06,18:30,KT,롯데,수원,KT,0,0,10496,18700,0.5613,0,9,0.408,13.0,-1,3,8,0.441,10.5,1,5,8.0,0.5,,,,,,
2024,2024-06-20,목,06,18:30,두산,NC,잠실,LG;두산,0,0,10909,23750,0.4593,0,3,0.562,2.0,-1,5,6,0.5,6.5,1,6,-3.0,0.5,,,,,,
2024,2024-06-20,목,06,18:30,한화,키움,청주,한화,0,1,9000,9000,1.0,1,7,0.464,9.0,3,5,10,0.386,14.5,-2,3,4.0,0.5,,,,,,
2024,2024-06-21,금,06,18:30,키움,롯데,고척,키움,1,0,11974,16000,0.7484,0,10,0.394,14.5,1,3,8,0.435,11.5,-1,5,8.5,0.507,,,,,,
2024,2024-06-21,금,06,18:30,KIA,한화,광주,KIA,0,0,20500,20500,1.0,1,1,0.597,0.0,1,7,7,0.457,10.0,-1,5,-6.0,0.507,,,,,,
2024,2024-06-21,금,06,18:30,삼성,두산,대구,삼성,0,0,24000,24000,1.0,1,4,0.556,3.0,2,7,2,0.568,2.0,1,5,-3.0,0.507,,,,,,
2024,2024-06-21,금,06,18:30,SSG,NC,문학,SSG,0,0,13560,23000,0.5896,0,5,0.514,6.0,-2,5,6,0.493,7.5,-1,5,0.0,0.507,,,,,,
2024,2024-06-21,금,06,18:30,LG,KT,잠실,LG;두산,0,0,15537,23750,0.6542,0,3,0.562,2.5,-1,3,9,0.417,13.0,1,4,-3.5,0.507,,,,,,
2024,2024-06-22,토,06,17:00,키움,롯데,고척,키움,1,0,16000,16000,1.0,1,10,0.403,14.5,2,4,8,0.429,12.5,-2,4,7.5,0.514,,,,,,
2024,2024-06-22,토,06,17:00,SSG,NC,문학,SSG,0,0,19789,23000,0.8604,0,5,0.507,7.0,-3,5,6,0.5,7.5,1,6,0.0,0.514,,,,,,
2024,2024-06-23,일,06,14:00,키움,롯데,고척,키움,1,0,16000,16000,1.0,1,10,0.397,15.0,-1,3,8,0.437,12.0,1,5,8.5,0.517,,,,,,
2024,2024-06-23,일,06,17:00,KIA,한화,광주,KIA,0,0,19085,20500,0.931,0,1,0.603,0.0,2,7,7,0.451,11.0,-2,5,-6.5,0.517,,,,,,
2024,2024-06-23,일,06,17:00,KIA,한화,광주,KIA,0,0,18860,20500,0.92,0,1,0.603,0.0,2,7,7,0.451,11.0,-2,5,-6.5,0.517,,,,,,
2024,2024-06-23,일,06,17:00,삼성,두산,대구,삼성,0,0,20680,24000,0.8617,0,2,0.562,3.0,3,7,3,0.56,3.0,-1,5,-3.5,0.517,,,,,,
2024,2024-06-23,일,06,17:00,삼성,두산,대구,삼성,0,0,24000,24000,1.0,1,2,0.562,3.0,3,7,3,0.56,3.0,-1,5,-3.5,0.517,,,,,,
2024,2024-06-23,일,06,17:00,SSG,NC,문학,SSG,0,0,17200,23000,0.7478,0,5,0.514,6.5,1,5,6,0.493,8.0,-1,5,0.0,0.517,,,,,,
2024,2024-06-23,일,06,17:00,LG,KT,잠실,LG;두산,0,0,11417,23750,0.4807,0,4,0.554,3.5,-2,3,9,0.425,13.0,2,4,-3.0,0.517,,,,,,
2024,2024-06-23,일,06,17:00,LG,KT,잠실,LG;두산,0,0,15418,23750,0.6492,0,4,0.554,3.5,-2,3,9,0.425,13.0,2,4,-3.0,0.517,,,,,,
2024,2024-06-25,화,06,18:30,키움,NC,고척,키움,1,0,5159,16000,0.3224,0,10,0.392,15.5,-2,3,6,0.5,7.5,1,6,8.5,0.528,,,,,,
2024,2024-06-25,화,06,18:30,SSG,KT,문학,SSG,0,0,9629,23000,0.4187,0,5,0.507,7.0,-1,5,9,0.427,13.0,1,4,0.0,0.528,,,,,,
2024,2024-06-25,화,06,18:30,롯데,KIA,사직,롯데,0,0,19110,22758,0.8397,0,8,0.444,11.5,2,5,1,0.6,0.0,1,7,4.5,0.528,,,,,,
2024,2024-06-25,화,06,18:30,LG,삼성,잠실,LG;두산,0,0,21989,23750,0.9259,0,3,0.553,3.5,-1,4,2,0.573,2.0,5,7,-3.5,0.528,,,,,,
2024,2024-06-25,화,06,18:30,한화,두산,한밭,한화,0,0,11556,12000,0.963,0,7,0.452,11.0,-1,4,4,0.545,4.0,-3,5,4.0,0.528,,,,,,
2024,2024-06-26,수,06,18:30,키움,NC,고척,키움,1,0,4698,16000,0.2936,0,10,0.4,15.0,1,4,6,0.493,8.0,-1,5,7.5,0.535,,,,,,
2024,2024-06-26,수,06,18:30,SSG,KT,문학,SSG,0,0,10229,23000,0.4447,0,5,0.5,7.5,-2,4,9,0.434,12.5,2,5,0.0,0.535,,,,,,
2024,2024-06-26,수,06,18:30,롯데,KIA,사직,롯데,0,0,19755,22758,0.868,0,8,0.444,11.5,2,4,1,0.6,0.0,1,7,4.0,0.535,,,,,,
2024,2024-06-26,수,06,18:30,LG,삼성,잠실,LG;두산,0,0,23281,23750,0.9803,1,3,0.558,3.0,1,5,2,0.566,2.5,-1,6,-4.5,0.535,,,,,,
2024,2024-06-26,수,06,18:30,한화,두산,한밭,한화,0,0,11564,12000,0.9637,0,7,0.459,10.5,1,5,4,0.538,4.5,-4,4,3.0,0.535,,,,,,
2024,2024-06-27,목,06,18:30,키움,NC,고척,키움,1,0,4726,16000,0.2954,0,10,0.408,14.0,2,5,6,0.487,8.0,-2,5,7.5,0.542,,,,,,
2024,2024-06-27,목,06,18:30,SSG,KT,문학,SSG,0,0,10684,23000,0.4645,0,5,0.506,6.5,1,4,9,0.429,12.5,-1,5,0.0,0.542,,,,,,
2024,2024-06-27,목,06,18:30,롯데,KIA,사직,롯데,0,0,12867,22758,0.5654,0,8,0.452,10.5,3,5,1,0.592,0.0,-1,6,4.0,0.542,,,,,,
2024,2024-06-27,목,06,18:30,LG,삼성,잠실,LG;두산,0,0,22114,23750,0.9311,0,2,0.564,2.0,2,5,3,0.558,2.5,-2,5,-4.5,0.542,,,,,,
2024,2024-06-27,목,06,18:30,한화,두산,한밭,한화,0,0,11128,12000,0.9273,0,7,0.453,10.5,-1,5,4,0.544,3.5,1,4,4.0,0.542,,,,,,
2024,2024-06-28,금,06,18:30,KIA,키움,광주,KIA,0,0,18601,20500,0.9074,0,1,0.584,0.0,-2,5,10,0.416,13.0,3,6,-6.5,0.549,,,,,,
2024,2024-06-28,금,06,18:30,롯데,한화,사직,롯데,0,0,22758,22758,1.0,1,8,0.459,9.5,4,5,7,0.461,9.5,1,6,3.0,0.549,,,,,,
2024,2024-06-28,금,06,18:30,KT,삼성,수원,KT,0,0,14678,18700,0.7849,0,9,0.436,11.5,1,6,2,0.564,1.5,1,6,5.0,0.549,,,,,,
2024,2024-06-28,금,06,18:30,두산,SSG,잠실,LG;두산,0,0,17367,23750,0.7312,0,4,0.537,3.5,-1,3,5,0.5,6.5,-1,3,-3.0,0.549,,,,,,
2024,2024-06-28,금,06,18:30,NC,LG,창원,NC,0,0,13506,17891,0.7549,0,6,0.481,8.0,-3,4,3,0.557,2.0,-1,5,1.5,0.549,,,,,,
2024,2024-06-29,토,06,17:00,두산,SSG,잠실,LG;두산,0,0,20020,23750,0.8429,0,4,0.543,2.5,1,4,5,0.494,6.5,-2,3,-4.0,0.556,,,,,,
2024,2024-06-30,일,06,17:00,KT,삼성,수원,KT,0,0,8357,18700,0.4469,0,9,0.443,10.5,2,7,2,0.557,1.5,-1,6,4.5,0.557,,,,,,
2024,2024-06-30,일,06,17:00,KT,삼성,수원,KT,0,0,12253,18700,0.6552,0,9,0.443,10.5,2,7,2,0.557,1.5,-1,6,4.5,0.557,,,,,,
2024,2024-06-30,일,06,17:00,두산,SSG,잠실,LG;두산,0,0,13985,23750,0.5888,0,4,0.537,3.0,-1,3,5,0.5,6.0,1,3,-3.0,0.557,,,,,,
2024,2024-06-30,일,06,17:00,NC,LG,창원,NC,0,0,6991,17891,0.3908,0,6,0.487,7.0,1,4,3,0.55,2.0,-2,4,1.0,0.557,,,,,,
2024,2024-07-02,화,07,18:30,키움,LG,고척,키움,1,0,10185,16000,0.6366,0,10,0.423,12.0,4,6,2,0.556,1.5,1,5,6.5,0.562,,,,,,
2024,2024-07-02,화,07,18:30,삼성,KIA,대구,삼성,0,0,13230,24000,0.5513,0,3,0.55,2.0,-2,5,1,0.577,0.0,-3,4,-3.5,0.562,,,,,,
2024,2024-07-02,화,07,18:30,한화,KT,한밭,한화,0,0,6794,12000,0.5662,0,8,0.455,9.5,-1,5,9,0.45,10.0,3,7,4.0,0.562,,,,,,
2024,2024-07-03,수,07,18:30,키움,LG,고척,키움,1,0,11135,16000,0.6959,0,10,0.43,12.0,5,7,2,0.549,2.5,-1,4,6.0,0.567,,,,,,
2024,2024-07-03,수,07,18:30,삼성,KIA,대구,삼성,0,0,17472,24000,0.728,0,3,0.543,3.0,-3,4,1,0.582,0.0,1,4,-3.0,0.567,,,,,,
2024,2024-07-03,수,07,18:30,두산,롯데,잠실,LG;두산,0,0,19727,23750,0.8306,0,4,0.53,4.0,-2,3,7,0.467,9.0,5,6,-2.0,0.567,,,,,,
2024,2024-07-03,수,07,18:30,NC,SSG,창원,NC,0,0,6384,17891,0.3568,0,6,0.481,8.0,-1,4,5,0.506,6.0,2,4,2.0,0.567,,,,,,
2024,2024-07-03,수,07,18:30,한화,KT,한밭,한화,0,0,9009,12000,0.7508,0,9,0.449,10.5,-2,4,8,0.457,10.0,4,7,4.5,0.567,,,,,,
2024,2024-07-04,목,07,18:30,키움,LG,고척,키움,1,0,12819,16000,0.8012,0,10,0.438,12.0,6,8,2,0.542,3.5,-2,4,5.0,0.574,,,,,,
2024,2024-07-04,목,07,18:30,삼성,KIA,대구,삼성,0,0,17093,24000,0.7122,0,3,0.537,4.0,-4,3,1,0.588,0.0,2,5,-3.0,0.574,,,,,,
2024,2024-07-04,목,07,18:30,두산,롯데,잠실,LG;두산,0,0,19372,23750,0.8157,0,4,0.536,4.0,1,3,8,0.461,10.0,-1,6,-3.0,0.574,,,,,,
2024,2024-07-04,목,07,18:30,NC,SSG,창원,NC,0,0,6587,17891,0.3682,0,6,0.487,8.0,1,4,5,0.5,7.0,-1,4,1.0,0.574,,,,,,
2024,2024-07-04,목,07,18:30,한화,KT,한밭,한화,0,0,8330,12000,0.6942,0,9,0.443,11.5,-3,3,7,0.463,10.0,5,7,4.5,0.574,,,,,,
2024,2024-07-09,화,07,18:30,키움,한화,고척,키움,1,0,14981,16000,0.9363,0,10,0.432,13.0,-1,7,9,0.45,11.5,1,4,5.0,0.581,,,,,,
2024,2024-07-09,화,07,18:30,SSG,롯데,문학,SSG,0,0,10051,23000,0.437,0,5,0.494,8.0,-2,4,8,0.455,11.0,-2,5,0.0,0.581,,,,,,
2024,2024-07-09,화,07,18:30,LG,KIA,잠실,LG;두산,0,0,22038,23750,0.9279,0,2,0.548,3.5,1,5,1,0.593,0.0,3,5,-4.5,0.581,,,,,,
2024,2024-07-10,수,07,18:30,키움,한화,고척,키움,1,0,15096,16000,0.9435,0,10,0.439,13.0,1,7,9,0.444,12.5,-1,4,5.0,0.585,,,,,,
2024,2024-07-10,수,07,18:30,삼성,NC,대구,삼성,0,0,12507,24000,0.5211,0,4,0.53,5.5,-5,2,6,0.494,8.5,2,5,-2.5,0.585,,,,,,
2024,2024-07-10,수,07,18:30,SSG,롯데,문학,SSG,0,0,14381,23000,0.6253,0,5,0.5,8.0,1,4,8,0.449,12.0,-3,5,0.0,0.585,,,,,,
2024,2024-07-10,수,07,18:30,KT,두산,수원,KT,0,0,8079,18700,0.432,0,7,0.458,11.5,-1,7,3,0.541,4.5,2,4,3.5,0.585,,,,,,
2024,2024-07-10,수,07,18:30,LG,KIA,잠실,LG;두산,0,0,23750,23750,1.0,1,2,0.541,4.5,-1,4,1,0.598,0.0,4,5,-3.5,0.585,,,,,,
2024,2024-07-11,목,07,18:30,키움,한화,고척,키움,1,0,15205,16000,0.9503,0,10,0.434,14.0,-1,7,9,0.451,12.5,1,4,5.0,0.592,,,,,,
2024,2024-07-11,목,07,18:30,삼성,NC,대구,삼성,0,0,15075,24000,0.6281,0,2,0.536,5.5,1,2,6,0.488,9.5,-1,4,-3.5,0.592,,,,,,
2024,2024-07-11,목,07,18:30,SSG,롯데,문학,SSG,0,0,15842,23000,0.6888,0,5,0.494,9.0,-1,4,8,0.456,12.0,1,6,0.0,0.592,,,,,,
2024,2024-07-11,목,07,18:30,KT,두산,수원,KT,0,0,10182,18700,0.5445,0,7,0.464,11.5,1,7,4,0.535,5.5,-1,4,2.5,0.592,,,,,,
2024,2024-07-11,목,07,18:30,LG,KIA,잠실,LG;두산,0,0,23750,23750,1.0,1,3,0.535,5.5,-2,4,1,0.602,0.0,5,6,-3.5,0.592,,,,,,
2024,2024-07-12,금,07,18:30,KIA,SSG,광주,KIA,0,0,17755,20500,0.8661,0,1,0.607,0.0,6,6,5,0.5,9.0,1,5,-9.0,0.599,,,,,,
2024,2024-07-12,금,07,18:30,롯데,KT,사직,롯데,0,0,21545,22758,0.9467,0,8,0.45,13.0,-1,5,7,0.459,12.5,-1,6,4.0,0.599,,,,,,
2024,2024-07-12,금,07,18:30,두산,삼성,잠실,LG;두산,0,0,22279,23750,0.9381,0,3,0.54,5.5,1,5,2,0.541,5.5,2,3,-3.5,0.599,,,,,,
2024,2024-07-12,금,07,18:30,NC,키움,창원,NC,0,0,8579,17891,0.4795,0,6,0.482,10.5,-2,4,10,0.44,14.0,1,8,1.5,0.599,,,,,,
2024,2024-07-12,금,07,18:30,한화,LG,한밭,한화,0,0,12000,12000,1.0,1,9,0.446,13.5,-1,4,4,0.529,6.5,-3,3,4.5,0.599,,,,,,
2024,2024-07-13,토,07,18:00,KIA,SSG,광주,KIA,0,0,20500,20500,1.0,1,1,0.6,0.0,-1,6,5,0.506,8.0,2,5,-8.0,0.606,,,,,,
2024,2024-07-13,토,07,18:00,롯데,KT,사직,롯데,0,0,22758,22758,1.0,1,9,0.444,13.0,-2,4,7,0.465,11.5,1,7,5.0,0.606,,,,,,
2024,2024-07-13,토,07,18:00,두산,삼성,잠실,LG;두산,0,0,23750,23750,1.0,1,3,0.534,5.5,-1,5,2,0.547,4.5,3,4,-2.5,0.606,,,,,,
2024,2024-07-13,토,07,18:00,NC,키움,창원,NC,0,0,11282,17891,0.6306,0,6,0.488,9.5,1,4,10,0.435,14.0,-1,7,1.5,0.606,,,,,,
2024,2024-07-13,토,07,18:00,한화,LG,한밭,한화,0,0,12000,12000,1.0,1,8,0.452,12.5,1,4,4,0.523,6.5,-4,2,4.5,0.606,,,,,,
2024,2024-07-14,일,07,17:00,KIA,SSG,광주,KIA,0,0,15444,20500,0.7534,0,1,0.593,0.0,-2,6,5,0.511,7.0,3,6,-7.0,0.613,,,,,,
2024,2024-07-14,일,07,17:00,두산,삼성,잠실,LG;두산,0,0,23750,23750,1.0,1,3,0.539,4.5,1,5,2,0.54,4.5,-1,3,-2.5,0.613,,,,,,
2024,2024-07-14,일,07,17:00,한화,LG,한밭,한화,0,0,12000,12000,1.0,1,8,0.447,12.5,-1,4,4,0.528,5.5,1,3,5.5,0.613,,,,,,
2024,2024-07-16,화,07,18:30,키움,KT,고척,키움,1,0,5851,16000,0.3657,0,10,0.43,14.5,-2,6,7,0.471,11.0,2,7,6.5,0.617,,,,,,
2024,2024-07-16,화,07,18:30,롯데,두산,울산,롯데,0,1,7833,9914,0.7901,0,9,0.439,13.5,-3,4,4,0.533,5.5,-1,5,5.5,0.617,,,,,,
2024,2024-07-17,수,07,18:30,키움,KT,고척,키움,1,0,5085,16000,0.3178,0,10,0.425,15.0,-3,5,7,0.477,10.5,3,7,7.0,0.619,,,,,,
2024,2024-07-17,수,07,18:30,KIA,삼성,광주,KIA,0,0,13904,20500,0.6782,0,1,0.598,0.0,1,7,2,0.545,4.5,1,4,-8.0,0.619,,,,,,
2024,2024-07-17,수,07,18:30,롯데,두산,울산,롯데,0,1,9354,9914,0.9435,0,8,0.446,13.0,1,4,4,0.527,6.0,-2,4,5.0,0.619,,,,,,
2024,2024-07-17,수,07,18:30,LG,SSG,잠실,LG;두산,0,0,11773,23750,0.4957,0,3,0.533,5.5,2,4,5,0.506,8.0,-1,6,-2.5,0.619,,,,,,
2024,2024-07-17,수,07,18:30,NC,한화,창원,NC,0,0,6870,17891,0.384,0,6,0.494,9.0,2,5,9,0.442,13.5,-2,3,1.0,0.619,,,,,,
2024,2024-07-18,목,07,18:30,키움,KT,고척,키움,1,0,5040,16000,0.315,0,10,0.42,16.0,-4,4,7,0.483,10.5,4,8,7.0,0.626,,,,,,
2024,2024-07-18,목,07,18:30,KIA,삼성,광주,KIA,0,0,11429,20500,0.5575,0,1,0.602,0.0,2,8,2,0.539,5.5,-1,4,-9.0,0.626,,,,,,
2024,2024-07-18,목,07,18:30,롯데,두산,울산,롯데,0,1,9102,9914,0.9181,0,8,0.452,13.0,2,4,4,0.522,7.0,-3,4,4.0,0.626,,,,,,
2024,2024-07-18,목,07,18:30,NC,한화,창원,NC,0,0,7550,17891,0.422,0,6,0.5,9.0,3,6,9,0.437,14.5,-3,3,0.0,0.626,,,,,,
2024,2024-07-19,금,07,18:30,삼성,롯데,대구,삼성,0,0,24000,24000,1.0,1,3,0.533,6.5,-2,4,8,0.447,14.0,-1,3,-2.5,0.632,,,,,,
2024,2024-07-19,금,07,18:30,SSG,키움,문학,SSG,0,0,12715,23000,0.5528,0,6,0.5,9.5,-2,5,10,0.416,17.0,-5,3,0.5,0.632,,,,,,
2024,2024-07-19,금,07,18:30,KT,NC,수원,KT,0,0,7650,18700,0.4091,0,7,0.489,10.5,5,8,5,0.506,9.0,4,7,1.5,0.632,,,,,,
2024,2024-07-19,금,07,18:30,LG,두산,잠실,LG;두산,0,0,23750,23750,1.0,1,2,0.538,6.0,3,4,4,0.527,7.0,1,5,-3.0,0.632,,,,,,
2024,2024-07-19,금,07,18:30,한화,KIA,한밭,한화,0,0,12000,12000,1.0,1,9,0.432,15.5,-4,3,1,0.607,0.0,3,8,6.5,0.632,,,,,,
2024,2024-07-20,토,07,18:00,삼성,롯데,대구,삼성,0,0,24000,24000,1.0,1,3,0.527,7.5,-3,4,8,0.453,14.0,1,4,-2.0,0.639,,,,,,
2024,2024-07-20,토,07,18:00,한화,KIA,한밭,한화,0,0,12000,12000,1.0,1,9,0.427,16.5,-5,3,1,0.611,0.0,4,8,7.0,0.639,,,,,,
2024,2024-07-21,일,07,17:00,삼성,롯데,대구,삼성,0,0,24000,24000,1.0,1,3,0.533,7.5,1,5,8,0.448,15.0,-1,4,-2.5,0.642,,,,,,
2024,2024-07-21,일,07,17:00,SSG,키움,문학,SSG,0,0,15369,23000,0.6682,0,5,0.505,10.0,1,5,10,0.411,18.5,-6,2,0.0,0.642,,,,,,
2024,2024-07-21,일,07,17:00,KT,NC,수원,KT,0,0,9188,18700,0.4913,0,7,0.495,11.0,6,8,6,0.5,10.5,-1,6,1.0,0.642,,,,,,
2024,2024-07-21,일,07,17:00,LG,두산,잠실,LG;두산,0,0,23211,23750,0.9773,0,2,0.543,6.5,4,5,4,0.521,8.5,-1,4,-3.5,0.642,,,,,,
2024,2024-07-21,일,07,17:00,한화,KIA,한밭,한화,0,0,12000,12000,1.0,1,9,0.422,17.5,-6,2,1,0.615,0.0,5,8,7.5,0.642,,,,,,
2024,2024-07-23,화,07,18:30,KIA,NC,광주,KIA,0,0,13756,20500,0.671,0,1,0.62,0.0,6,8,5,0.506,10.5,1,7,-10.5,0.649,,,,,,
2024,2024-07-23,화,07,18:30,롯데,LG,사직,롯데,0,0,18416,22758,0.8092,0,8,0.443,16.0,-2,4,2,0.548,6.5,5,6,5.5,0.649,,,,,,
2024,2024-07-23,화,07,18:30,두산,키움,잠실,LG;두산,0,0,7292,23750,0.307,0,4,0.516,9.5,-2,3,9,0.418,18.5,1,3,-1.0,0.649,,,,,,
2024,2024-07-23,화,07,18:30,한화,삼성,한밭,한화,0,0,11501,12000,0.9584,0,10,0.418,18.5,-7,2,3,0.538,7.5,2,6,8.0,0.649,,,,,,
2024,2024-07-24,수,07,18:30,KIA,NC,광주,KIA,0,0,13308,20500,0.6492,0,1,0.624,0.0,7,8,6,0.5,11.5,-1,6,-11.5,0.654,,,,,,
2024,2024-07-24,수,07,18:30,KT,SSG,수원,KT,0,0,6449,18700,0.3449,0,7,0.489,12.5,-1,7,5,0.5,11.5,-1,5,1.0,0.654,,,,,,
2024,2024-07-24,수,07,18:30,두산,키움,잠실,LG;두산,0,0,8887,23750,0.3742,0,4,0.521,9.5,1,4,10,0.413,19.5,-1,2,-2.0,0.654,,,,,,
2024,2024-07-24,수,07,18:30,한화,삼성,한밭,한화,0,0,11882,12000,0.9902,1,9,0.424,18.5,1,2,3,0.532,8.5,-1,5,7.0,0.654,,,,,,
2024,2024-07-25,목,07,18:30,KIA,NC,광주,KIA,0,0,14130,20500,0.6893,0,1,0.628,0.0,8,8,7,0.495,12.5,-2,5,-12.5,0.66,,,,,,
2024,2024-07-25,목,07,18:30,롯데,LG,사직,롯데,0,0,20322,22758,0.893,0,8,0.438,17.5,-3,3,2,0.553,7.0,6,6,5.0,0.66,,,,,,
2024,2024-07-25,목,07,18:30,KT,SSG,수원,KT,0,0,7067,18700,0.3779,0,6,0.495,12.5,1,8,5,0.495,12.5,-2,5,0.0,0.66,,,,,,
2024,2024-07-25,목,07,18:30,두산,키움,잠실,LG;두산,0,0,19145,23750,0.8061,0,4,0.526,9.5,2,4,10,0.409,20.5,-2,2,-3.0,0.66,,,,,,
2024,2024-07-26,금,07,18:30,키움,KIA,고척,키움,1,0,16000,16000,1.0,1,10,0.415,19.5,1,2,1,0.621,0.0,-1,8,8.0,0.665,,,,,,
2024,2024-07-26,금,07,18:30,삼성,KT,대구,삼성,0,0,21891,24000,0.9121,0,3,0.526,9.0,-2,4,5,0.5,11.5,2,8,-2.5,0.665,,,,,,
2024,2024-07-26,금,07,18:30,SSG,두산,문학,SSG,0,0,15006,23000,0.6524,0,7,0.489,12.5,-3,4,4,0.52,9.5,-1,4,1.0,0.665,,,,,,
2024,2024-07-26,금,07,18:30,NC,롯데,창원,NC,0,0,17891,17891,1.0,1,6,0.5,11.5,1,6,8,0.433,17.5,-4,3,0.0,0.665,,,,,,
2024,2024-07-27,토,07,18:00,키움,KIA,고척,키움,1,0,16000,16000,1.0,1,10,0.421,18.5,2,3,1,0.615,0.0,-2,8,8.0,0.671,,,,,,
2024,2024-07-27,토,07,18:00,삼성,KT,대구,삼성,0,0,24000,24000,1.0,1,3,0.521,9.0,-3,3,6,0.505,10.5,3,9,-1.5,0.671,,,,,,
2024,2024-07-27,토,07,18:00,SSG,두산,문학,SSG,0,0,19448,23000,0.8456,0,7,0.495,11.5,1,5,4,0.515,9.5,-2,3,1.0,0.671,,,,,,
2024,2024-07-27,토,07,18:00,NC,롯데,창원,NC,0,0,17891,17891,1.0,1,5,0.505,10.5,2,7,9,0.429,17.5,-5,3,0.0,0.671,,,,,,
2024,2024-07-28,일,07,14:00,키움,KIA,고척,키움,1,0,16000,16000,1.0,1,10,0.427,17.5,3,4,1,0.608,0.0,-3,7,7.0,0.676,,,,,,
2024,2024-07-28,일,07,17:00,삼성,KT,대구,삼성,0,0,23104,24000,0.9627,0,3,0.526,8.0,1,4,6,0.5,10.5,-1,8,-2.5,0.676,,,,,,
2024,2024-07-28,일,07,17:00,SSG,두산,문학,SSG,0,0,17619,23000,0.766,0,5,0.5,10.5,2,5,4,0.51,9.5,-3,3,0.0,0.676,,,,,,
2024,2024-07-28,일,07,17:00,LG,한화,잠실,LG;두산,0,0,23750,23750,1.0,1,2,0.558,5.0,7,7,9,0.43,17.0,2,3,-5.5,0.676,,,,,,
2024,2024-07-28,일,07,17:00,NC,롯데,창원,NC,0,0,17891,17891,1.0,1,7,0.5,10.5,-1,6,8,0.435,16.5,1,4,0.0,0.676,,,,,,
2024,2024-07-30,화,07,18:30,키움,NC,고척,키움,1,0,6925,16000,0.4328,0,10,0.423,18.5,-1,4,7,0.495,11.5,-2,5,8.0,0.683,,,,,,
2024,2024-07-30,화,07,18:30,KIA,두산,광주,KIA,0,0,20500,20500,1.0,1,1,0.612,0.0,1,7,6,0.505,10.5,-4,3,-10.5,0.683,,,,,,
2024,2024-07-30,화,07,18:30,SSG,롯데,문학,SSG,0,0,17550,23000,0.763,0,4,0.505,10.5,3,5,8,0.441,16.5,2,4,0.0,0.683,,,,,,
2024,2024-07-30,화,07,18:30,KT,한화,수원,KT,0,0,14210,18700,0.7599,0,5,0.505,10.5,1,8,9,0.436,17.0,3,3,0.0,0.683,,,,,,
2024,2024-07-30,화,07,18:30,LG,삼성,잠실,LG;두산,0,0,22946,23750,0.9661,0,2,0.552,6.0,-1,7,3,0.52,9.0,-1,3,-4.5,0.683,,,,,,
2024,2024-07-31,수,07,18:30,키움,NC,고척,키움,1,0,6918,16000,0.4324,0,10,0.429,17.5,1,5,7,0.49,11.5,-3,4,8.0,0.69,,,,,,
2024,2024-07-31,수,07,18:30,KIA,두산,광주,KIA,0,0,18693,20500,0.9119,0,1,0.606,0.0,-1,6,5,0.51,9.5,1,4,-9.5,0.69,,,,,,
2024,2024-07-31,수,07,18:30,SSG,롯데,문학,SSG,0,0,17563,23000,0.7636,0,4,0.51,9.5,4,5,9,0.436,16.5,-1,3,0.0,0.69,,,,,,
2024,2024-07-31,수,07,18:30,KT,한화,수원,KT,0,0,14988,18700,0.8015,0,6,0.5,10.5,-1,7,8,0.442,16.0,4,4,1.0,0.69,,,,,,
2024,2024-07-31,수,07,18:30,LG,삼성,잠실,LG;두산,0,0,23409,23750,0.9856,1,2,0.546,6.0,-2,7,3,0.525,8.0,1,4,-3.5,0.69,,,,,,
2024,2024-08-01,목,08,18:30,키움,NC,고척,키움,1,0,7306,16000,0.4566,0,10,0.424,17.5,-1,5,7,0.495,10.5,1,4,9.0,0.697,,,,,,
2024,2024-08-01,목,08,18:30,KIA,두산,광주,KIA,0,0,20500,20500,1.0,1,1,0.6,0.0,-2,5,5,0.515,8.5,2,4,-8.5,0.697,,,,,,
2024,2024-08-01,목,08,18:30,SSG,롯데,문학,SSG,0,0,18828,23000,0.8186,0,4,0.515,8.5,5,6,9,0.432,16.5,-2,3,0.0,0.697,,,,,,
2024,2024-08-01,목,08,18:30,KT,한화,수원,KT,0,0,15197,18700,0.8127,0,6,0.495,10.5,-2,6,8,0.448,15.0,5,5,2.0,0.697,,,,,,
2024,2024-08-01,목,08,18:30,LG,삼성,잠실,LG;두산,0,0,23315,23750,0.9817,1,2,0.551,5.0,1,8,3,0.52,8.0,-1,4,-3.5,0.697,,,,,,
2024,2024-08-02,금,08,18:30,삼성,SSG,대구,삼성,0,0,22336,24000,0.9307,0,3,0.525,7.0,1,5,5,0.51,8.5,-1,6,-1.5,0.704,,,,,,
2024,2024-08-02,금,08,18:30,두산,키움,잠실,LG;두산,0,0,13209,23750,0.5562,0,4,0.519,7.5,3,5,10,0.43,16.5,1,6,-1.0,0.704,,,,,,
2024,2024-08-02,금,08,18:30,NC,KT,창원,NC,0,0,9845,17891,0.5503,0,7,0.49,10.5,-1,4,6,0.49,10.5,-3,5,2.0,0.704,,,,,,
2024,2024-08-02,금,08,18:30,한화,KIA,한밭,한화,0,0,12000,12000,1.0,1,8,0.454,14.0,6,6,1,0.594,0.0,-3,4,5.5,0.704,,,,,,
2024,2024-08-03,토,08,18:00,삼성,SSG,대구,삼성,0,0,24000,24000,1.0,1,3,0.529,6.0,2,5,5,0.505,8.5,-2,5,-2.5,0.71,,,,,,
2024,2024-08-03,토,08,18:00,롯데,LG,울산,롯데,0,1,9914,9914,1.0,1,9,0.438,15.0,1,3,2,0.545,4.5,-1,7,6.5,0.71,,,,,,
2024,2024-08-03,토,08,18:00,두산,키움,잠실,LG;두산,0,0,15527,23750,0.6538,0,4,0.514,7.5,-1,5,10,0.436,15.5,2,6,-1.0,0.71,,,,,,
2024,2024-08-03,토,08,18:00,한화,KIA,한밭,한화,0,0,12000,12000,1.0,1,8,0.459,13.0,7,7,1,0.588,0.0,-4,3,4.5,0.71,,,,,,
2024,2024-08-04,일,08,17:00,삼성,SSG,대구,삼성,0,0,20416,24000,0.8507,0,3,0.534,6.0,3,5,5,0.5,9.5,-3,5,-3.5,0.715,,,,,,
2024,2024-08-04,일,08,17:00,NC,KT,창원,NC,0,0,9568,17891,0.5348,0,7,0.485,11.0,-2,3,6,0.495,10.0,1,5,1.5,0.715,,,,,,
2024,2024-08-06,화,08,18:30,키움,SSG,고척,키움,1,0,8356,16000,0.5222,0,10,0.441,15.5,3,7,5,0.495,10.0,-4,5,5.5,0.718,,,,,,
2024,2024-08-06,화,08,18:30,KIA,KT,광주,KIA,0,0,14457,20500,0.7052,0,1,0.592,0.0,1,3,6,0.49,10.5,-1,5,-10.0,0.718,,,,,,
2024,2024-08-06,화,08,18:30,삼성,한화,대구,삼성,0,0,16288,24000,0.6787,0,3,0.538,5.5,4,6,8,0.455,14.0,-1,7,-4.5,0.718,,,,,,
2024,2024-08-06,화,08,18:30,롯데,NC,사직,롯데,0,0,17068,22758,0.75,0,9,0.443,15.0,2,4,7,0.49,10.5,1,4,5.0,0.718,,,,,,
2024,2024-08-06,화,08,18:30,두산,LG,잠실,LG;두산,0,0,17065,23750,0.7185,0,4,0.509,8.5,-2,4,2,0.54,5.5,-2,6,-1.5,0.718,,,,,,
2024,2024-08-07,수,08,18:30,키움,SSG,고척,키움,1,0,7792,16000,0.487,0,10,0.437,16.5,-1,7,5,0.5,10.0,1,6,6.5,0.725,,,,,,
2024,2024-08-07,수,08,18:30,KIA,KT,광주,KIA,0,0,11625,20500,0.5671,0,1,0.596,0.0,2,3,6,0.485,11.5,-2,4,-10.0,0.725,,,,,,
2024,2024-08-07,수,08,18:30,삼성,한화,대구,삼성,0,0,17114,24000,0.7131,0,3,0.533,6.5,-1,6,8,0.46,14.0,1,8,-3.5,0.725,,,,,,
2024,2024-08-07,수,08,18:30,롯데,NC,사직,롯데,0,0,18425,22758,0.8096,0,9,0.449,15.0,3,5,7,0.485,11.5,-1,4,5.0,0.725,,,,,,
2024,2024-08-07,수,08,18:30,두산,LG,잠실,LG;두산,0,0,15883,23750,0.6688,0,4,0.514,8.5,1,4,2,0.535,6.5,-3,5,-1.5,0.725,,,,,,
2024,2024-08-08,목,08,18:30,키움,SSG,고척,키움,1,0,8000,16000,0.5,0,10,0.433,16.5,-2,6,5,0.505,9.0,2,6,7.5,0.732,,,,,,
2024,2024-08-08,목,08,18:30,KIA,KT,광주,KIA,0,0,11011,20500,0.5371,0,1,0.59,0.0,-1,3,6,0.49,10.5,1,4,-9.0,0.732,,,,,,
2024,2024-08-08,목,08,18:30,삼성,한화,대구,삼성,0,0,18367,24000,0.7653,0,2,0.538,5.5,1,7,8,0.455,14.0,-1,8,-3.5,0.732,,,,,,
2024,2024-08-08,목,08,18:30,두산,LG,잠실,LG;두산,0,0,16321,23750,0.6872,0,4,0.519,7.5,2,5,3,0.529,6.5,-4,4,-1.5,0.732,,,,,,
2024,2024-08-09,금,08,18:30,KIA,삼성,광주,KIA,0,0,18448,20500,0.8999,0,1,0.585,0.0,-2,3,3,0.533,5.5,-1,6,-9.0,0.738,,,,,,
2024,2024-08-09,금,08,18:30,SSG,두산,문학,SSG,0,0,12451,23000,0.5413,0,5,0.5,9.0,-1,5,4,0.514,7.5,-1,5,0.0,0.738,,,,,,
2024,2024-08-09,금,08,18:30,KT,롯데,수원,KT,0,0,11534,18700,0.6168,0,6,0.495,9.5,2,4,9,0.455,13.5,4,6,0.5,0.738,,,,,,
2024,2024-08-09,금,08,18:30,LG,NC,잠실,LG;두산,0,0,14131,23750,0.595,0,2,0.534,5.5,1,4,7,0.48,11.0,-2,3,-3.5,0.738,,,,,,
2024,2024-08-09,금,08,18:30,한화,키움,한밭,한화,0,0,11302,12000,0.9418,0,8,0.461,13.0,1,8,10,0.438,15.5,1,6,4.0,0.738,,,,,,
2024,2024-08-10,토,08,18:00,SSG,두산,문학,SSG,0,0,19796,23000,0.8607,0,6,0.495,10.0,-2,4,4,0.518,7.5,1,6,0.5,0.744,,,,,,
2024,2024-08-10,토,08,18:00,KT,롯데,수원,KT,0,0,18700,18700,1.0,1,5,0.5,9.5,3,5,9,0.45,14.5,-1,6,0.0,0.744,,,,,,
2024,2024-08-10,토,08,18:00,LG,NC,잠실,LG;두산,0,0,19151,23750,0.8064,0,2,0.538,5.5,2,4,7,0.476,12.0,-3,2,-4.0,0.744,,,,,,
2024,2024-08-10,토,08,18:00,한화,키움,한밭,한화,0,0,12000,12000,1.0,1,8,0.466,13.0,2,8,10,0.434,16.5,-1,5,3.5,0.744,,,,,,
2024,2024-08-11,일,08,18:00,KIA,삼성,광주,KIA,0,0,20500,20500,1.0,1,1,0.589,0.0,1,4,3,0.528,6.5,-2,6,-10.0,0.75,,,,,,
2024,2024-08-11,일,08,18:00,SSG,두산,문학,SSG,0,0,16151,23000,0.7022,0,6,0.491,10.5,-3,3,4,0.523,7.0,2,7,0.5,0.75,,,,,,
2024,2024-08-11,일,08,18:00,KT,롯데,수원,KT,0,0,13805,18700,0.7382,0,5,0.495,10.0,-1,4,9,0.455,14.0,1,7,0.0,0.75,,,,,,
2024,2024-08-11,일,08,18:00,LG,NC,잠실,LG;두산,0,0,18902,23750,0.7959,0,2,0.543,5.0,3,4,7,0.471,12.5,-4,2,-5.0,0.75,,,,,,
2024,2024-08-11,일,08,18:00,한화,키움,한밭,한화,0,0,12000,12000,1.0,1,8,0.462,13.5,-1,7,10,0.439,16.0,1,6,3.5,0.75,,,,,,
2024,2024-08-13,화,08,18:30,키움,KIA,고척,키움,1,0,16000,16000,1.0,1,10,0.444,15.0,2,6,1,0.583,0.0,-1,3,5.5,0.757,,,,,,
2024,2024-08-13,화,08,18:30,삼성,KT,대구,삼성,0,0,15109,24000,0.6295,0,3,0.532,5.5,1,6,6,0.491,10.0,-2,4,-4.0,0.757,,,,,,
2024,2024-08-13,화,08,18:30,NC,SSG,창원,NC,0,0,5121,17891,0.2862,0,7,0.467,12.5,-5,2,5,0.495,9.5,1,3,3.0,0.757,,,,,,
2024,2024-08-13,화,08,18:30,한화,LG,한밭,한화,0,0,11748,12000,0.979,0,9,0.457,13.5,-2,6,2,0.547,4.0,4,5,4.0,0.757,,,,,,
2024,2024-08-14,수,08,18:30,키움,KIA,고척,키움,1,0,16000,16000,1.0,1,10,0.44,16.0,-1,6,1,0.587,0.0,1,4,6.5,0.762,,,,,,
2024,2024-08-14,수,08,18:30,삼성,KT,대구,삼성,0,0,20435,24000,0.8515,0,3,0.536,5.5,2,7,6,0.486,11.0,-3,4,-4.0,0.762,,,,,,
2024,2024-08-14,수,08,18:30,두산,롯데,잠실,LG;두산,0,0,21337,23750,0.8984,0,4,0.518,7.5,-1,6,8,0.461,13.5,2,7,-2.0,0.762,,,,,,
2024,2024-08-14,수,08,18:30,한화,LG,한밭,한화,0,0,11884,12000,0.9903,1,9,0.453,14.5,-3,5,2,0.551,4.0,5,6,5.0,0.762,,,,,,
2024,2024-08-15,목,08,17:00,키움,KIA,고척,키움,1,0,16000,16000,1.0,1,10,0.445,15.0,1,6,1,0.582,0.0,-1,4,6.0,0.768,,,,,,
2024,2024-08-15,목,08,18:00,삼성,KT,대구,삼성,0,0,24000,24000,1.0,1,3,0.541,4.5,3,7,6,0.482,11.0,-4,4,-4.5,0.768,,,,,,
2024,2024-08-15,목,08,18:00,두산,롯데,잠실,LG;두산,0,0,23750,23750,1.0,1,4,0.513,7.5,-2,5,7,0.466,12.5,3,7,-1.5,0.768,,,,,,
2024,2024-08-15,목,08,18:00,NC,SSG,창원,NC,0,0,10389,17891,0.5807,0,8,0.462,13.0,-6,2,5,0.5,9.0,2,4,4.0,0.768,,,,,,
2024,2024-08-15,목,08,18:00,한화,LG,한밭,한화,0,0,12000,12000,1.0,1,9,0.458,13.5,1,5,2,0.546,4.0,-1,5,4.5,0.768,,,,,,
2024,2024-08-16,금,08,18:30,SSG,한화,문학,SSG,0,0,21057,23000,0.9155,0,5,0.505,9.0,3,5,9,0.454,14.5,-1,4,0.0,0.775,,,,,,
2024,2024-08-16,금,08,18:30,롯데,키움,사직,롯데,0,0,21181,22758,0.9307,0,7,0.462,13.5,-1,7,10,0.441,16.0,-1,5,4.5,0.775,,,,,,
2024,2024-08-16,금,08,18:30,KT,두산,수원,KT,0,0,11443,18700,0.6119,0,6,0.486,11.0,1,4,4,0.518,7.5,1,5,2.0,0.775,,,,,,
2024,2024-08-16,금,08,18:30,LG,KIA,잠실,LG;두산,0,0,23750,23750,1.0,1,2,0.55,4.0,1,6,1,0.586,0.0,1,5,-5.0,0.775,,,,,,
2024,2024-08-16,금,08,18:30,NC,삼성,창원,NC,0,0,10580,17891,0.5914,0,8,0.458,14.0,-7,1,3,0.536,5.5,-1,6,5.0,0.775,,,,,,
2024,2024-08-17,토,08,18:00,SSG,한화,문학,SSG,0,0,23000,23000,1.0,1,5,0.5,10.0,-1,5,8,0.459,14.5,1,5,0.0,0.782,,,,,,
2024,2024-08-17,토,08,18:00,롯데,키움,사직,롯데,0,0,22758,22758,1.0,1,7,0.467,13.5,1,8,10,0.438,17.0,-2,4,3.5,0.782,,,,,,
2024,2024-08-17,토,08,18:00,KT,두산,수원,KT,0,0,16427,18700,0.8784,0,6,0.482,12.0,-1,4,4,0.522,7.5,2,6,2.0,0.782,,,,,,
2024,2024-08-17,토,08,18:00,LG,KIA,잠실,LG;두산,0,0,23750,23750,1.0,1,2,0.545,5.0,-1,6,1,0.589,0.0,2,6,-5.0,0.782,,,,,,
2024,2024-08-17,토,08,18:00,NC,삼성,창원,NC,0,0,17891,17891,1.0,1,9,0.454,15.0,-8,1,3,0.54,5.5,1,6,5.0,0.782,,,,,,
2024,2024-08-18,일,08,18:00,SSG,한화,문학,SSG,0,0,22545,23000,0.9802,1,5,0.496,11.0,-2,5,7,0.464,14.5,2,5,0.0,0.789,,,,,,
2024,2024-08-18,일,08,18:00,롯데,키움,사직,롯데,0,0,20740,22758,0.9113,0,8,0.462,14.5,-1,7,10,0.442,17.0,1,5,3.5,0.789,,,,,,
2024,2024-08-18,일,08,18:00,KT,두산,수원,KT,0,0,12164,18700,0.6505,0,6,0.478,13.0,-2,4,4,0.526,7.5,3,7,2.0,0.789,,,,,,
2024,2024-08-18,일,08,18:00,LG,KIA,잠실,LG;두산,0,0,23750,23750,1.0,1,3,0.541,6.0,-2,6,1,0.593,0.0,3,6,-5.0,0.789,,,,,,
2024,2024-08-18,일,08,18:00,NC,삼성,창원,NC,0,0,12328,17891,0.6891,0,9,0.45,16.0,-9,1,2,0.544,5.5,2,6,5.0,0.789,,,,,,
2024,2024-08-20,화,08,18:30,KT,키움,수원,KT,0,0,5858,18700,0.3133,0,6,0.482,13.0,1,4,10,0.439,18.0,-1,5,1.0,0.796,,,,,,
2024,2024-08-20,화,08,18:30,LG,SSG,잠실,LG;두산,0,0,12736,23750,0.5363,0,3,0.536,7.0,-3,6,5,0.491,12.0,-3,4,-5.0,0.796,,,,,,
2024,2024-08-20,화,08,18:30,한화,NC,청주,한화,0,1,8429,9000,0.9366,0,7,0.468,14.5,3,6,9,0.445,17.0,-10,0,2.5,0.796,,,,,,
2024,2024-08-20,화,08,18:30,삼성,두산,포항,삼성,0,1,10064,10268,0.9801,1,2,0.548,5.5,3,7,4,0.521,8.5,-1,6,-6.5,0.796,,,,,,
2024,2024-08-21,수,08,18:30,KIA,롯데,광주,KIA,0,0,12625,20500,0.6159,0,1,0.596,0.0,4,6,8,0.467,14.5,1,7,-12.5,0.801,,,,,,
2024,2024-08-21,수,08,18:30,KT,키움,수원,KT,0,0,6288,18700,0.3363,0,6,0.478,13.5,-1,3,9,0.443,17.5,1,5,1.0,0.801,,,,,,
2024,2024-08-21,수,08,18:30,LG,SSG,잠실,LG;두산,0,0,12008,23750,0.5056,0,3,0.54,6.5,1,6,5,0.487,12.5,-4,3,-6.0,0.801,,,,,,
2024,2024-08-21,수,08,18:30,한화,NC,청주,한화,0,1,8102,9000,0.9002,0,7,0.473,14.0,4,6,10,0.441,17.5,-11,0,1.5,0.801,,,,,,
2024,2024-08-21,수,08,18:30,삼성,두산,포항,삼성,0,1,10268,10268,1.0,1,2,0.552,5.0,4,7,4,0.517,9.0,-2,5,-7.5,0.801,,,,,,
2024,2024-08-22,목,08,18:30,KIA,롯데,광주,KIA,0,0,12693,20500,0.6192,0,1,0.6,0.0,5,7,8,0.463,15.5,-1,6,-12.5,0.808,,,,,,
2024,2024-08-22,목,08,18:30,KT,키움,수원,KT,0,0,6181,18700,0.3305,0,6,0.483,13.5,1,3,10,0.44,18.5,-1,5,1.0,0.808,,,,,,
2024,2024-08-22,목,08,18:30,LG,SSG,잠실,LG;두산,0,0,11917,23750,0.5018,0,3,0.535,7.5,-1,5,5,0.491,12.5,1,4,-5.0,0.808,,,,,,
2024,2024-08-23,금,08,18:30,키움,LG,고척,키움,1,0,13852,16000,0.8658,0,10,0.436,19.5,-2,4,3,0.539,7.5,1,5,6.0,0.812,,,,,,
2024,2024-08-23,금,08,18:30,삼성,롯데,대구,삼성,0,0,24000,24000,1.0,1,2,0.547,6.5,-1,7,8,0.459,16.5,-2,5,-7.0,0.812,,,,,,
2024,2024-08-23,금,08,18:30,SSG,KT,문학,SSG,0,0,10972,23000,0.477,0,5,0.487,13.5,-1,4,6,0.487,13.5,2,4,0.0,0.812,,,,,,
2024,2024-08-23,금,08,18:30,두산,한화,잠실,LG;두산,0,0,23750,23750,1.0,1,4,0.521,9.5,1,6,7,0.469,15.5,-1,5,-4.0,0.812,,,,,,
2024,2024-08-23,금,08,18:30,NC,KIA,창원,NC,0,0,13524,17891,0.7559,0,9,0.446,18.0,1,1,1,0.603,0.0,6,8,4.5,0.812,,,,,,
2024,2024-08-24,토,08,18:00,키움,LG,고척,키움,1,0,16000,16000,1.0,1,10,0.441,18.5,1,4,3,0.534,7.5,-1,4,6.0,0.819,,,,,,
2024,2024-08-24,토,08,18:00,삼성,롯데,대구,삼성,0,0,24000,24000,1.0,1,2,0.551,5.5,1,8,8,0.455,16.5,-3,5,-7.0,0.819,,,,,,
2024,2024-08-24,토,08,18:00,SSG,KT,문학,SSG,0,0,17053,23000,0.7414,0,6,0.483,13.5,-2,4,5,0.492,12.5,3,5,1.0,0.819,,,,,,
2024,2024-08-24,토,08,18:00,두산,한화,잠실,LG;두산,0,0,23750,23750,1.0,1,4,0.517,9.5,-1,5,7,0.474,14.5,1,6,-3.0,0.819,,,,,,
2024,2024-08-24,토,08,18:00,NC,KIA,창원,NC,0,0,16489,17891,0.9216,0,9,0.451,17.0,2,2,1,0.598,0.0,-1,7,4.5,0.819,,,,,,
2024,2024-08-25,일,08,14:00,키움,LG,고척,키움,1,0,16000,16000,1.0,1,10,0.437,19.5,-1,4,3,0.538,7.5,1,4,7.0,0.826,,,,,,
2024,2024-08-25,일,08,18:00,삼성,롯데,대구,삼성,0,0,24000,24000,1.0,1,2,0.546,6.5,-1,7,8,0.459,16.5,1,5,-6.0,0.826,,,,,,
2024,2024-08-25,일,08,18:00,SSG,KT,문학,SSG,0,0,16595,23000,0.7215,0,6,0.479,14.5,-3,3,5,0.496,12.5,4,6,2.0,0.826,,,,,,
2024,2024-08-25,일,08,18:00,두산,한화,잠실,LG;두산,0,0,23750,23750,1.0,1,4,0.512,10.5,-2,4,7,0.478,14.5,2,7,-2.0,0.826,,,,,,
2024,2024-08-25,일,08,18:00,NC,KIA,창원,NC,0,0,11712,17891,0.6546,0,9,0.447,18.0,-1,2,1,0.602,0.0,1,8,5.5,0.826,,,,,,
2024,2024-08-27,화,08,18:30,키움,삼성,고척,키움,1,0,14421,16000,0.9013,0,10,0.442,18.5,1,4,2,0.55,5.5,1,7,6.0,0.833,,,,,,
2024,2024-08-27,화,08,18:30,KIA,SSG,광주,KIA,0,0,13038,20500,0.636,0,1,0.597,0.0,-1,7,6,0.483,13.5,1,3,-12.5,0.833,,,,,,
2024,2024-08-27,화,08,18:30,롯데,한화,사직,롯데,0,0,18113,22758,0.7959,0,8,0.455,16.5,-1,4,7,0.483,13.5,3,8,4.0,0.833,,,,,,
2024,2024-08-27,화,08,18:30,LG,KT,잠실,LG;두산,0,0,12678,23750,0.5338,0,3,0.534,7.5,-1,4,5,0.492,12.5,-1,6,-5.0,0.833,,,,,,
2024,2024-08-27,화,08,18:30,NC,두산,창원,NC,0,0,4814,17891,0.2691,0,9,0.452,17.0,1,3,4,0.508,10.5,-3,4,4.5,0.833,,,,,,
2024,2024-08-28,수,08,18:30,키움,삼성,고척,키움,1,0,13929,16000,0.8706,0,10,0.438,19.5,-1,4,2,0.554,5.5,2,7,6.0,0.84,,,,,,
2024,2024-08-28,수,08,18:30,KIA,SSG,광주,KIA,0,0,13155,20500,0.6417,0,1,0.6,0.0,1,8,6,0.479,14.5,-1,2,-13.5,0.84,,,,,,
2024,2024-08-28,수,08,18:30,롯데,한화,사직,롯데,0,0,22758,22758,1.0,1,8,0.46,16.5,1,4,7,0.479,14.5,-1,7,3.0,0.84,,,,,,
2024,2024-08-28,수,08,18:30,LG,KT,잠실,LG;두산,0,0,13848,23750,0.5831,0,3,0.538,7.5,1,4,5,0.488,13.5,-2,5,-6.0,0.84,,,,,,
2024,2024-08-28,수,08,18:30,NC,두산,창원,NC,0,0,5869,17891,0.328,0,9,0.448,18.0,-1,3,4,0.512,10.5,1,5,4.5,0.84,,,,,,
2024,2024-08-29,목,08,18:30,키움,삼성,고척,키움,1,0,14903,16000,0.9314,0,10,0.434,20.5,-2,4,2,0.557,5.5,3,8,7.0,0.847,,,,,,
2024,2024-08-29,목,08,18:30,KIA,SSG,광주,KIA,0,0,12931,20500,0.6308,0,1,0.603,0.0,2,8,7,0.475,15.5,-2,2,-13.5,0.847,,,,,,
2024,2024-08-29,목,08,18:30,롯데,한화,사직,롯데,0,0,19434,22758,0.8539,0,8,0.456,17.5,-1,4,6,0.483,14.5,1,8,4.0,0.847,,,,,,
2024,2024-08-29,목,08,18:30,LG,KT,잠실,LG;두산,0,0,13832,23750,0.5824,0,3,0.533,8.5,-1,4,5,0.492,13.5,1,6,-5.0,0.847,,,,,,
2024,2024-08-29,목,08,18:30,NC,두산,창원,NC,0,0,5985,17891,0.3345,0,9,0.444,19.0,-2,3,4,0.516,10.5,2,5,5.5,0.847,,,,,,
2024,2024-08-30,금,08,18:30,키움,롯데,고척,키움,1,0,15073,16000,0.9421,0,10,0.431,20.5,-3,3,8,0.461,16.5,1,4,8.0,0.854,,,,,,
2024,2024-08-30,금,08,18:30,KT,LG,수원,KT,0,0,12128,18700,0.6486,0,5,0.496,12.5,2,7,3,0.529,8.5,-2,4,0.0,0.854,,,,,,
2024,2024-08-31,토,08,18:00,삼성,KIA,대구,삼성,0,0,24000,24000,1.0,1,2,0.561,4.5,4,8,1,0.598,0.0,-1,7,-8.5,0.857,,,,,,
2024,2024-08-31,토,08,18:00,SSG,NC,문학,SSG,0,0,17039,23000,0.7408,0,6,0.48,14.5,1,3,9,0.449,18.0,1,4,1.5,0.857,,,,,,
2024,2024-08-31,토,08,18:00,두산,롯데,잠실,LG;두산,0,0,23750,23750,1.0,1,4,0.512,10.5,-1,4,8,0.466,16.0,2,5,-2.5,0.857,,,,,,
2024,2024-08-31,토,08,18:00,한화,KT,한밭,한화,0,0,12000,12000,1.0,1,7,0.479,14.5,-1,7,5,0.492,13.0,-1,6,1.5,0.857,,,,,,
2024,2024-09-01,일,09,14:00,삼성,KIA,대구,삼성,0,0,24000,24000,1.0,1,2,0.556,5.5,-1,7,1,0.602,0.0,1,7,-7.5,0.863,,,,,,
2024,2024-09-01,일,09,14:00,SSG,NC,문학,SSG,0,0,13039,23000,0.5669,0,6,0.476,15.5,-1,3,9,0.454,18.0,2,5,2.5,0.863,,,,,,
2024,2024-09-01,일,09,14:00,두산,롯데,잠실,LG;두산,0,0,23750,23750,1.0,1,4,0.508,11.5,-2,3,8,0.47,16.0,3,5,-1.5,0.863,,,,,,
2024,2024-09-03,화,09,18:30,KIA,LG,광주,KIA,0,0,13089,20500,0.6385,0,1,0.605,0.0,2,7,3,0.533,9.0,1,5,-13.5,0.867,,,,,,
2024,2024-09-03,화,09,18:30,삼성,롯데,대구,삼성,0,0,24000,24000,1.0,1,2,0.552,6.5,-2,6,7,0.475,16.0,4,6,-7.0,0.867,,,,,,
2024,2024-09-03,화,09,18:30,NC,키움,창원,NC,0,0,3394,17891,0.1897,0,9,0.458,18.0,3,6,10,0.427,22.0,-4,3,4.5,0.867,,,,,,
2024,2024-09-03,화,09,18:30,한화,두산,한밭,한화,0,0,12000,12000,1.0,1,6,0.475,16.0,-2,6,4,0.504,12.5,-3,3,2.5,0.867,,,,,,
2024,2024-09-04,수,09,18:30,KIA,한화,광주,KIA,0,0,15328,20500,0.7477,0,1,0.608,0.0,3,7,6,0.479,16.0,1,6,-14.0,0.872,,,,,,
2024,2024-09-04,수,09,18:30,삼성,두산,대구,삼성,0,0,24000,24000,1.0,1,2,0.556,6.5,1,6,4,0.5,13.5,-4,3,-7.5,0.872,,,,,,
2024,2024-09-04,수,09,18:30,롯데,KT,사직,롯데,0,0,14041,22758,0.617,0,8,0.471,17.0,-1,6,5,0.496,14.0,1,7,3.0,0.872,,,,,,
2024,2024-09-04,수,09,18:30,LG,SSG,잠실,LG;두산,0,0,13229,23750,0.557,0,3,0.528,10.0,-1,4,7,0.472,17.0,-2,3,-4.0,0.872,,,,,,
2024,2024-09-04,수,09,18:30,NC,키움,창원,NC,0,0,4956,17891,0.277,0,9,0.463,18.0,4,7,10,0.424,23.0,-5,2,4.0,0.872,,,,,,
2024,2024-09-05,목,09,18:30,KIA,한화,광주,KIA,0,0,16083,20500,0.7845,0,1,0.603,0.0,-1,6,6,0.484,15.0,2,6,-14.0,0.879,,,,,,
2024,2024-09-05,목,09,18:30,롯데,KT,사직,롯데,0,0,15864,22758,0.6971,0,7,0.475,16.0,1,7,5,0.492,14.0,-1,6,2.0,0.879,,,,,,
2024,2024-09-05,목,09,18:30,LG,SSG,잠실,LG;두산,0,0,12115,23750,0.5101,0,3,0.532,9.0,1,5,8,0.468,17.0,-3,2,-5.0,0.879,,,,,,
2024,2024-09-05,목,09,18:30,NC,키움,창원,NC,0,0,5214,17891,0.2914,0,9,0.467,17.0,5,7,10,0.421,23.0,-6,2,3.0,0.879,,,,,,
2024,2024-09-06,금,09,18:30,KIA,키움,광주,KIA,0,0,17103,20500,0.8343,0,1,0.606,0.0,1,7,10,0.425,23.0,1,3,-14.0,0.885,,,,,,
2024,2024-09-06,금,09,18:30,롯데,삼성,사직,롯데,0,0,22464,22758,0.9871,1,8,0.471,17.0,-1,6,2,0.559,6.0,2,7,3.0,0.885,,,,,,
2024,2024-09-06,금,09,18:30,LG,한화,잠실,LG;두산,0,0,23750,23750,1.0,1,3,0.528,10.0,-1,4,6,0.48,16.0,-1,6,-4.0,0.885,,,,,,
2024,2024-09-06,금,09,18:30,NC,KT,창원,NC,0,0,5868,17891,0.328,0,9,0.463,18.0,-1,6,5,0.496,14.0,1,6,4.0,0.885,,,,,,
2024,2024-09-07,토,09,17:00,KIA,키움,광주,KIA,0,0,20500,20500,1.0,1,1,0.609,0.0,2,7,10,0.422,24.0,-1,2,-14.5,0.89,,,,,,
2024,2024-09-07,토,09,17:00,삼성,NC,대구,삼성,0,0,24000,24000,1.0,1,2,0.562,6.0,3,7,9,0.46,19.0,-2,6,-8.5,0.89,,,,,,
2024,2024-09-07,토,09,17:00,롯데,SSG,사직,롯데,0,0,22758,22758,1.0,1,8,0.467,18.0,-2,6,7,0.472,17.5,1,3,3.5,0.89,,,,,,
2024,2024-09-07,토,09,17:00,KT,두산,수원,KT,0,0,18700,18700,1.0,1,4,0.5,14.0,2,6,5,0.496,14.5,-5,2,-0.5,0.89,,,,,,
2024,2024-09-07,토,09,14:00,LG,한화,잠실,LG;두산,0,0,23750,23750,1.0,1,3,0.524,11.0,-2,4,6,0.484,16.0,1,6,-3.5,0.89,,,,,,
2024,2024-09-08,일,09,14:00,KIA,키움,광주,KIA,0,0,20500,20500,1.0,1,1,0.612,0.0,3,8,10,0.419,25.0,-2,2,-15.0,0.897,,,,,,
2024,2024-09-08,일,09,14:00,삼성,NC,대구,삼성,0,0,24000,24000,1.0,1,2,0.558,7.0,-1,7,9,0.464,19.0,1,6,-8.0,0.897,,,,,,
2024,2024-09-08,일,09,14:00,롯데,SSG,사직,롯데,0,0,18116,22758,0.796,0,8,0.467,18.5,-2,5,7,0.472,18.0,1,3,3.5,0.897,,,,,,
2024,2024-09-08,일,09,14:00,LG,한화,잠실,LG;두산,0,0,23750,23750,1.0,1,3,0.528,11.0,1,4,6,0.48,17.0,-1,5,-4.0,0.897,,,,,,
2024,2024-09-10,화,09,18:30,키움,두산,고척,키움,1,0,13822,16000,0.8639,0,10,0.415,26.0,-3,1,4,0.5,15.0,1,3,10.5,0.903,,,,,,
2024,2024-09-10,화,09,18:30,SSG,한화,문학,SSG,0,0,19109,23000,0.8308,0,6,0.477,18.0,2,4,7,0.476,18.0,-2,4,2.5,0.903,,,,,,
2024,2024-09-10,화,09,18:30,KT,NC,수원,KT,0,0,6721,18700,0.3594,0,5,0.496,15.5,-1,5,9,0.46,20.0,-1,6,0.0,0.903,,,,,,
2024,2024-09-10,화,09,18:30,LG,롯데,잠실,LG;두산,0,0,23750,23750,1.0,1,3,0.531,11.0,2,5,8,0.463,19.5,-3,5,-4.5,0.903,,,,,,
2024,2024-09-11,수,09,18:30,SSG,롯데,문학,SSG,0,0,16051,23000,0.6979,0,6,0.481,17.5,3,4,8,0.468,19.0,1,5,2.0,0.908,,,,,,
2024,2024-09-11,수,09,18:30,KT,NC,수원,KT,0,0,5815,18700,0.311,0,4,0.5,15.0,1,6,9,0.457,20.5,-2,6,-0.5,0.908,,,,,,
2024,2024-09-11,수,09,18:30,LG,키움,잠실,LG;두산,0,0,13393,23750,0.5639,0,3,0.527,11.5,-1,4,10,0.42,25.5,1,2,-4.0,0.908,,,,,,
2024,2024-09-11,수,09,18:30,한화,삼성,한밭,한화,0,0,11670,12000,0.9725,0,7,0.472,18.5,-3,4,2,0.562,7.0,1,7,3.0,0.908,,,,,,
2024,2024-09-12,목,09,18:30,KIA,롯데,광주,KIA,0,0,20500,20500,1.0,1,1,0.615,0.0,4,8,7,0.472,18.5,2,5,-15.5,0.914,,,,,,
2024,2024-09-12,목,09,18:30,KT,NC,수원,KT,0,0,5962,18700,0.3188,0,4,0.504,14.5,2,7,9,0.453,21.0,-3,5,-1.0,0.914,,,,,,
2024,2024-09-12,목,09,18:30,한화,삼성,한밭,한화,0,0,11719,12000,0.9766,0,8,0.469,19.0,-4,3,2,0.565,6.5,2,7,3.5,0.914,,,,,,
2024,2024-09-13,금,09,18:30,롯데,한화,사직,롯데,0,0,19675,22758,0.8645,0,7,0.468,19.5,-1,4,8,0.465,20.0,-5,3,3.5,0.918,,,,,,
2024,2024-09-14,토,09,17:00,KIA,키움,광주,KIA,0,0,20500,20500,1.0,1,1,0.618,0.0,5,8,10,0.424,25.5,2,3,-16.0,0.919,,,,,,
2024,2024-09-14,토,09,14:00,SSG,삼성,문학,SSG,0,0,23000,23000,1.0,1,6,0.477,18.5,-1,4,2,0.568,6.5,3,7,2.5,0.919,,,,,,
2024,2024-09-14,토,09,14:00,롯데,한화,사직,롯데,0,0,21514,22758,0.9453,0,8,0.465,20.0,-2,3,7,0.469,19.5,1,4,4.0,0.919,,,,,,
2024,2024-09-14,토,09,17:00,두산,KT,잠실,LG;두산,0,0,23750,23750,1.0,1,5,0.496,16.0,-1,3,4,0.508,14.5,3,7,0.0,0.919,,,,,,
2024,2024-09-14,토,09,17:00,NC,LG,창원,NC,0,0,15383,17891,0.8598,0,9,0.45,22.0,-4,4,3,0.523,12.5,-2,4,6.0,0.919,,,,,,
2024,2024-09-15,일,09,14:00,KIA,키움,광주,KIA,0,0,20500,20500,1.0,1,1,0.621,0.0,6,9,10,0.421,26.5,-1,3,-16.0,0.926,,,,,,
2024,2024-09-15,일,09,14:00,SSG,삼성,문학,SSG,0,0,23000,23000,1.0,1,6,0.481,18.5,1,5,2,0.564,7.5,-1,6,2.5,0.926,,,,,,
2024,2024-09-15,일,09,14:00,롯데,한화,사직,롯데,0,0,22758,22758,1.0,1,7,0.469,20.0,1,4,8,0.466,20.5,-1,3,4.0,0.926,,,,,,
2024,2024-09-15,일,09,14:00,NC,LG,창원,NC,0,0,10826,17891,0.6051,0,9,0.446,23.0,-5,3,3,0.527,12.5,1,5,7.0,0.926,,,,,,
2024,2024-09-16,월,09,14:00,KT,KIA,수원,KT,0,0,18700,18700,1.0,1,4,0.504,15.0,-1,6,1,0.617,0.0,-1,8,-0.5,0.932,,,,,,
2024,2024-09-16,월,09,14:00,두산,키움,잠실,LG;두산,0,0,18894,23750,0.7955,0,5,0.5,15.5,1,4,10,0.425,25.5,1,4,0.0,0.932,,,,,,
2024,2024-09-17,화,09,14:00,키움,KT,고척,키움,1,0,11032,16000,0.6895,0,10,0.422,26.5,-1,4,5,0.5,16.0,-2,6,10.5,0.935,,,,,,
2024,2024-09-17,화,09,14:00,SSG,KIA,문학,SSG,0,0,23000,23000,1.0,1,6,0.485,18.0,2,5,1,0.619,0.0,1,8,2.0,0.935,,,,,,
2024,2024-09-17,화,09,14:00,롯데,LG,사직,롯데,0,0,18742,22758,0.8235,0,7,0.473,19.5,2,4,3,0.523,13.0,-1,4,3.5,0.935,,,,,,
2024,2024-09-17,화,09,14:00,두산,삼성,잠실,LG;두산,0,0,23750,23750,1.0,1,4,0.504,15.5,2,4,2,0.56,8.0,-2,6,-0.5,0.935,,,,,,
2024,2024-09-17,화,09,14:00,NC,한화,창원,NC,0,0,9403,17891,0.5256,0,9,0.45,22.5,1,3,8,0.462,21.0,-2,2,6.5,0.935,,,,,,
2024,2024-09-18,수,09,17:00,롯데,LG,사직,롯데,0,0,21147,22758,0.9292,0,7,0.477,18.5,3,5,3,0.519,13.0,-2,4,3.5,0.942,,,,,,
2024,2024-09-18,수,09,17:00,KT,삼성,수원,KT,0,0,18700,18700,1.0,1,5,0.504,15.0,1,6,2,0.556,8.0,-3,6,0.0,0.942,,,,,,
2024,2024-09-18,수,09,17:00,NC,한화,창원,NC,0,0,9268,17891,0.518,0,9,0.447,22.5,-1,2,8,0.466,20.0,1,3,7.5,0.942,,,,,,
2024,2024-09-19,목,09,18:30,SSG,키움,문학,SSG,0,0,14848,23000,0.6456,0,6,0.489,17.0,3,6,10,0.419,26.5,-2,4,1.5,0.946,,,,,,
2024,2024-09-19,목,09,18:30,롯데,LG,사직,롯데,0,0,16895,22758,0.7424,0,7,0.473,19.0,-1,5,3,0.522,12.5,1,4,3.5,0.946,,,,,,
2024,2024-09-19,목,09,18:30,KT,삼성,수원,KT,0,0,12617,18700,0.6747,0,5,0.5,15.5,-1,6,2,0.559,7.5,1,6,0.0,0.946,,,,,,
2024,2024-09-19,목,09,18:30,두산,KIA,잠실,LG;두산,0,0,23750,23750,1.0,1,4,0.507,14.5,3,4,1,0.615,0.0,-1,7,-1.0,0.946,,,,,,
2024,2024-09-19,목,09,18:30,NC,한화,창원,NC,0,0,6010,17891,0.3359,0,9,0.451,22.0,1,3,8,0.463,20.5,-1,2,6.5,0.946,,,,,,
2024,2024-09-21,토,09,17:00,KT,SSG,수원,KT,0,0,15805,18700,0.8452,0,5,0.504,14.5,1,6,6,0.493,16.0,4,7,0.0,0.953,,,,,,
2024,2024-09-21,토,09,17:00,LG,두산,잠실,LG;두산,0,0,23236,23750,0.9784,0,3,0.526,11.5,2,5,4,0.511,13.5,4,5,-3.0,0.953,,,,,,
2024,2024-09-21,토,09,17:00,LG,두산,잠실,LG;두산,0,0,23750,23750,1.0,1,3,0.526,11.5,2,5,4,0.511,13.5,4,5,-3.0,0.953,,,,,,
2024,2024-09-22,일,09,14:00,삼성,키움,대구,삼성,0,0,24000,24000,1.0,1,2,0.555,7.5,-1,5,10,0.416,26.5,-3,3,-7.5,0.957,,,,,,
2024,2024-09-22,일,09,14:00,KT,SSG,수원,KT,0,0,15049,18700,0.8048,0,5,0.5,15.0,-1,5,6,0.496,15.5,5,8,0.0,0.957,,,,,,
2024,2024-09-22,일,09,14:00,LG,두산,잠실,LG;두산,0,0,23750,23750,1.0,1,3,0.526,11.5,1,5,4,0.511,13.5,-1,6,-3.5,0.957,,,,,,
2024,2024-09-22,일,09,14:00,한화,롯데,한밭,한화,0,0,12000,12000,1.0,1,8,0.467,19.5,1,3,7,0.47,19.0,-2,5,4.5,0.957,,,,,,
2024,2024-09-23,월,09,18:30,KIA,삼성,광주,KIA,0,0,20500,20500,1.0,1,1,0.61,0.0,-2,7,2,0.558,7.0,1,5,-15.0,0.963,,,,,,
2024,2024-09-23,월,09,18:30,두산,SSG,잠실,LG;두산,0,0,22489,23750,0.9469,0,4,0.507,14.0,-2,6,5,0.5,15.0,6,8,-1.0,0.963,,,,,,
2024,2024-09-23,월,09,18:30,한화,롯데,한밭,한화,0,0,10407,12000,0.8672,0,7,0.471,19.0,2,4,8,0.466,19.5,-3,5,4.0,0.963,,,,,,
2024,2024-09-24,화,09,18:30,키움,한화,고척,키움,1,0,16000,16000,1.0,1,10,0.413,27.5,-4,3,8,0.467,20.0,-1,4,11.5,0.967,,,,,,
2024,2024-09-24,화,09,18:30,KIA,삼성,광주,KIA,0,0,20500,20500,1.0,1,1,0.613,0.0,1,7,2,0.554,8.0,-1,5,-16.0,0.967,,,,,,
2024,2024-09-24,화,09,18:30,SSG,LG,문학,SSG,0,0,19911,23000,0.8657,0,6,0.496,16.0,-1,8,3,0.529,11.5,2,5,0.0,0.967,,,,,,
2024,2024-09-24,화,09,18:30,KT,롯데,수원,KT,0,0,13304,18700,0.7114,0,5,0.496,16.0,-2,5,7,0.47,19.5,1,5,0.0,0.967,,,,,,
2024,2024-09-24,화,09,18:30,두산,NC,잠실,LG;두산,0,0,22064,23750,0.929,0,4,0.511,14.0,1,7,9,0.448,22.5,-1,3,-2.0,0.967,,,,,,
2024,2024-09-25,수,09,18:30,KIA,롯데,광주,KIA,0,0,20500,20500,1.0,1,1,0.616,0.0,2,7,7,0.467,20.5,-1,4,-16.0,0.974,,,,,,
2024,2024-09-25,수,09,18:30,삼성,키움,대구,삼성,0,0,24000,24000,1.0,1,2,0.55,9.0,-2,4,10,0.417,27.5,1,4,-7.0,0.974,,,,,,
2024,2024-09-25,수,09,18:30,LG,한화,잠실,LG;두산,0,0,23750,23750,1.0,1,3,0.532,11.5,3,6,8,0.464,21.0,-2,4,-4.5,0.974,,,,,,
2024,2024-09-25,수,09,18:30,NC,SSG,창원,NC,0,0,6157,17891,0.3441,0,9,0.444,23.5,-2,2,6,0.493,17.0,-2,7,7.5,0.974,,,,,,
2024,2024-09-26,목,09,18:30,롯데,두산,사직,롯데,0,0,18727,22758,0.8229,0,7,0.471,19.5,1,5,4,0.514,13.5,2,7,4.0,0.979,,,,,,
2024,2024-09-26,목,09,18:30,LG,키움,잠실,LG;두산,0,0,21593,23750,0.9092,0,3,0.529,11.5,-1,6,10,0.414,27.5,-1,4,-4.0,0.979,,,,,,
2024,2024-09-26,목,09,18:30,NC,SSG,창원,NC,0,0,6377,17891,0.3564,0,9,0.441,23.5,-3,2,6,0.496,16.0,1,7,8.0,0.979,,,,,,
2024,2024-09-27,금,09,18:30,롯데,NC,사직,롯데,0,0,22758,22758,1.0,1,8,0.467,20.0,-1,5,9,0.438,24.0,-4,2,4.5,0.983,,,,,,
2024,2024-09-27,금,09,18:30,KT,키움,수원,KT,0,0,12824,18700,0.6858,0,6,0.5,15.5,1,5,10,0.411,28.0,-2,3,0.0,0.983,,,,,,
2024,2024-09-27,금,09,18:30,한화,KIA,한밭,한화,0,0,12000,12000,1.0,1,7,0.468,20.0,1,5,1,0.612,0.0,-1,6,4.5,0.983,,,,,,
2024,2024-09-28,토,09,17:00,삼성,LG,대구,삼성,0,0,24000,24000,1.0,1,2,0.553,7.5,1,4,3,0.532,10.5,1,6,-7.0,0.988,,,,,,
2024,2024-09-28,토,09,17:00,롯데,KIA,사직,롯데,0,0,22758,22758,1.0,1,8,0.471,19.0,1,5,1,0.607,0.0,-2,5,4.5,0.988,,,,,,
2024,2024-09-28,토,09,17:00,KT,키움,수원,KT,0,0,18700,18700,1.0,1,5,0.504,14.5,2,5,10,0.408,28.0,-3,2,0.0,0.988,,,,,,
2024,2024-09-28,토,09,17:00,NC,두산,창원,NC,0,0,17891,17891,1.0,1,9,0.435,24.0,-5,2,4,0.518,12.5,3,8,9.5,0.988,,,,,,
2024,2024-09-28,토,09,17:00,한화,SSG,한밭,한화,0,0,12000,12000,1.0,1,7,0.471,19.0,2,5,6,0.5,15.0,2,8,4.5,0.988,,,,,,
2024,2024-09-29,일,09,17:00,한화,NC,한밭,한화,0,0,12000,12000,1.0,1,7,0.468,20.0,-1,5,9,0.432,25.0,-6,2,5.5,0.994,,,,,,
2024,2024-09-30,월,09,18:30,KIA,NC,광주,KIA,0,0,20500,20500,1.0,1,1,0.61,0.0,1,5,9,0.436,24.5,1,3,-14.5,0.996,,,,,,
2024,2024-09-30,월,09,18:30,SSG,키움,문학,SSG,0,0,23000,23000,1.0,1,6,0.504,15.0,3,8,10,0.406,29.0,-4,2,0.5,0.996,,,,,,
2024,2024-10-01,화,10,17:00,NC,롯데,창원,NC,0,0,17891,17891,1.0,1,9,0.433,25.5,-1,2,7,0.468,20.5,-1,4,10.5,0.999,,,,,,
2025,2025-03-22,토,03,14:00,KIA,NC,광주,KIA,0,0,20500,20500,1.0,1,,,,0,,,,,0,,,0.0,,,,,,
2025,2025-03-22,토,03,14:00,삼성,키움,대구,삼성,0,0,24000,24000,1.0,1,,,,0,,,,,0,,,0.0,,,,,,
2025,2025-03-22,토,03,14:00,SSG,두산,문학,SSG,0,0,23000,23000,1.0,1,,,,0,,,,,0,,,0.0,,,,,,
2025,2025-03-22,토,03,14:00,KT,한화,수원,KT,0,0,18700,18700,1.0,1,,,,0,,,,,0,,,0.0,,,,,,
2025,2025-03-22,토,03,14:00,LG,롯데,잠실,LG;두산,0,0,23750,23750,1.0,1,,,,0,,,,,0,,,0.0,,,,,,
2025,2025-03-23,일,03,14:00,KIA,NC,광주,KIA,0,0,20500,20500,1.0,1,1,1.0,0.0,1,1,6,0.0,1.0,-1,0,0.0,0.007,,,,,,
2025,2025-03-23,일,03,14:00,삼성,키움,대구,삼성,0,0,24000,24000,1.0,1,2,1.0,0.0,1,1,7,0.0,1.0,-1,0,0.0,0.007,,,,,,
2025,2025-03-23,일,03,14:00,SSG,두산,문학,SSG,0,0,23000,23000,1.0,1,3,1.0,0.0,1,1,8,0.0,1.0,-1,0,0.0,0.007,,,,,,
2025,2025-03-23,일,03,14:00,KT,한화,수원,KT,0,0,18700,18700,1.0,1,9,0.0,1.0,-1,0,4,1.0,0.0,1,1,1.0,0.007,,,,,,
2025,2025-03-23,일,03,14:00,LG,롯데,잠실,LG;두산,0,0,23750,23750,1.0,1,5,1.0,0.0,1,1,10,0.0,1.0,-1,0,0.0,0.007,,,,,,
2025,2025-03-25,화,03,18:30,KIA,키움,광주,KIA,0,0,15053,20500,0.7343,0,4,0.5,1.0,-1,1,8,0.0,2.0,-2,0,0.0,0.014,,,,,,
2025,2025-03-25,화,03,18:30,삼성,NC,대구,삼성,0,0,21024,24000,0.876,0,1,1.0,0.0,2,2,5,0.5,1.0,1,1,-1.0,0.014,,,,,,
2025,2025-03-25,화,03,18:30,SSG,롯데,문학,SSG,0,0,13860,23000,0.6026,0,2,1.0,0.0,2,2,10,0.0,2.0,-2,0,-1.0,0.014,,,,,,
2025,2025-03-25,화,03,18:30,KT,두산,수원,KT,0,0,8141,18700,0.4353,0,6,0.5,1.0,1,1,9,0.0,2.0,-2,0,0.0,0.014,,,,,,
2025,2025-03-25,화,03,18:30,LG,한화,잠실,LG;두산,0,0,23750,23750,1.0,1,3,1.0,0.0,2,2,7,0.5,1.0,-1,1,-1.0,0.014,,,,,,
2025,2025-03-26,수,03,18:30,KIA,키움,광주,KIA,0,0,17780,20500,0.8673,0,3,0.667,1.0,1,2,9,0.0,3.0,-3,0,0.0,0.021,,,,,,
2025,2025-03-26,수,03,18:30,삼성,NC,대구,삼성,0,0,24000,24000,1.0,1,1,1.0,0.0,3,3,6,0.333,2.0,-1,1,-1.0,0.021,,,,,,
2025,2025-03-26,수,03,18:30,SSG,롯데,문학,SSG,0,0,14855,23000,0.6459,0,4,0.667,1.0,-1,2,8,0.333,2.0,1,1,0.0,0.021,,,,,,
2025,2025-03-26,수,03,18:30,KT,두산,수원,KT,0,0,9607,18700,0.5137,0,5,0.667,1.0,2,2,10,0.0,3.0,-3,0,0.0,0.021,,,,,,
2025,2025-03-26,수,03,18:30,LG,한화,잠실,LG;두산,0,0,23750,23750,1.0,1,2,1.0,0.0,3,3,7,0.333,2.0,-2,1,-1.0,0.021,,,,,,
2025,2025-03-27,목,03,18:30,KIA,키움,광주,KIA,0,0,12288,20500,0.5994,0,4,0.5,2.0,-1,2,7,0.25,3.0,1,1,0.0,0.028,,,,,,
2025,2025-03-27,목,03,18:30,삼성,NC,대구,삼성,0,0,20781,24000,0.8659,0,2,0.75,1.0,-1,3,5,0.5,2.0,1,2,-1.0,0.028,,,,,,
2025,2025-03-27,목,03,18:30,SSG,롯데,문학,SSG,0,0,14155,23000,0.6154,0,3,0.75,1.0,1,3,10,0.25,3.0,-1,1,-1.0,0.028,,,,,,
2025,2025-03-27,목,03,18:30,KT,두산,수원,KT,0,0,9024,18700,0.4826,0,6,0.5,2.0,-1,2,8,0.25,3.0,1,1,0.0,0.028,,,,,,
2025,2025-03-27,목,03,18:30,LG,한화,잠실,LG;두산,0,0,23750,23750,1.0,1,1,1.0,0.0,4,4,9,0.25,3.0,-3,1,-2.0,0.028,,,,,,
2025,2025-03-28,금,03,18:30,키움,SSG,고척,키움,1,0,11002,16000,0.6876,0,7,0.4,3.0,2,2,2,0.8,1.0,2,4,1.0,0.035,,,,,,
2025,2025-03-28,금,03,18:30,한화,KIA,대전,한화,0,0,17000,17000,1.0,1,9,0.2,4.0,-4,1,6,0.4,3.0,-2,2,2.0,0.035,,,,,,
2025,2025-03-28,금,03,18:30,롯데,KT,사직,롯데,0,0,22665,22669,0.9998,1,10,0.2,4.0,-2,1,5,0.6,2.0,1,3,2.0,0.035,,,,,,
2025,2025-03-28,금,03,18:30,두산,삼성,잠실,LG;두산,0,0,23750,23750,1.0,1,8,0.2,4.0,-1,1,4,0.6,2.0,-2,3,2.0,0.035,,,,,,
2025,2025-03-28,금,03,18:30,NC,LG,창원,NC,0,0,15510,17983,0.8625,0,3,0.6,2.0,2,3,1,1.0,0.0,5,5,0.0,0.035,,,,,,
2025,2025-03-29,토,03,14:00,키움,SSG,고척,키움,1,0,13785,16000,0.8616,0,6,0.5,3.0,3,3,2,0.667,2.0,-1,4,0.0,0.042,,,,,,
2025,2025-03-29,토,03,14:00,한화,KIA,대전,한화,0,0,17000,17000,1.0,1,9,0.333,4.0,1,2,7,0.333,4.0,-3,2,1.0,0.042,,,,,,
2025,2025-03-29,토,03,17:00,롯데,KT,사직,롯데,0,0,22665,22669,0.9998,1,10,0.167,5.0,-3,1,3,0.667,2.0,2,4,2.0,0.042,,,,,,
2025,2025-03-29,토,03,17:00,두산,삼성,잠실,LG;두산,0,0,23750,23750,1.0,1,8,0.333,4.0,1,2,5,0.5,3.0,-3,3,1.0,0.042,,,,,,
2025,2025-03-29,토,03,17:00,NC,LG,창원,NC,0,0,17943,17983,0.9978,1,4,0.5,3.0,-1,3,1,1.0,0.0,6,6,0.0,0.042,,,,,,
2025,2025-03-30,일,03,14:00,키움,SSG,고척,키움,1,0,13081,16000,0.8176,0,3,0.571,3.0,4,4,4,0.571,3.0,-2,4,0.0,0.049,,,,,,
2025,2025-03-30,일,03,14:00,한화,KIA,대전,한화,0,0,17000,17000,1.0,1,7,0.429,4.0,2,3,8,0.286,5.0,-4,2,1.0,0.049,,,,,,
2025,2025-03-30,일,03,14:00,롯데,KT,사직,롯데,0,0,22665,22669,0.9998,1,10,0.286,5.0,1,2,5,0.571,3.0,-1,4,2.0,0.049,,,,,,
2025,2025-03-30,일,03,14:00,두산,삼성,잠실,LG;두산,0,0,23750,23750,1.0,1,9,0.286,5.0,-1,2,2,0.571,3.0,1,4,2.0,0.049,,,,,,
2025,2025-04-02,수,04,18:30,KIA,삼성,광주,KIA,0,0,12172,20500,0.5938,0,7,0.375,4.5,1,3,2,0.625,2.5,2,5,1.0,0.054,,,,,,
2025,2025-04-02,수,04,18:30,한화,롯데,대전,한화,0,0,16252,17000,0.956,0,8,0.375,4.5,-1,3,9,0.286,5.0,1,2,1.0,0.054,,,,,,
2025,2025-04-02,수,04,18:30,KT,LG,수원,KT,0,0,7829,18700,0.4187,0,4,0.571,3.0,-1,4,1,1.0,0.0,7,7,-0.5,0.054,,,,,,
2025,2025-04-02,수,04,18:30,두산,키움,잠실,LG;두산,0,0,8336,23750,0.351,0,10,0.25,5.5,-2,2,5,0.5,3.5,-1,4,2.0,0.054,,,,,,
2025,2025-04-03,목,04,18:30,KIA,삼성,광주,KIA,0,0,12826,20500,0.6257,0,8,0.333,4.5,-1,3,2,0.667,1.5,3,6,1.0,0.06,,,,,,
2025,2025-04-03,목,04,18:30,한화,롯데,대전,한화,0,0,16559,17000,0.9741,0,10,0.333,4.5,-2,3,7,0.375,4.0,2,3,1.0,0.06,,,,,,
2025,2025-04-03,목,04,18:30,KT,LG,수원,KT,0,0,8627,18700,0.4613,0,4,0.625,2.0,1,5,1,0.875,0.0,-1,7,-1.5,0.06,,,,,,
2025,2025-04-03,목,04,18:30,두산,키움,잠실,LG;두산,0,0,9131,23750,0.3845,0,9,0.333,4.5,1,3,5,0.444,3.5,-2,4,1.0,0.06,,,,,,
2025,2025-04-04,금,04,18:30,키움,NC,고척,키움,1,0,5161,16000,0.3226,0,8,0.4,4.5,-3,4,6,0.429,4.0,-2,3,0.5,0.065,,,,,,
2025,2025-04-04,금,04,18:30,삼성,한화,대구,삼성,0,0,24000,24000,1.0,1,3,0.6,2.5,-1,6,10,0.3,5.5,-3,3,-1.5,0.065,,,,,,
2025,2025-04-04,금,04,18:30,SSG,KT,문학,SSG,0,0,13323,23000,0.5793,0,2,0.625,2.5,1,5,4,0.556,3.0,-1,5,-1.5,0.065,,,,,,
2025,2025-04-04,금,04,18:30,롯데,두산,사직,롯데,0,0,17293,22669,0.7628,0,5,0.444,4.0,3,4,9,0.4,4.5,2,4,0.0,0.065,,,,,,
2025,2025-04-04,금,04,18:30,LG,KIA,잠실,LG;두산,0,0,23750,23750,1.0,1,1,0.889,0.0,1,8,7,0.4,4.5,1,4,-4.0,0.065,,,,,,
2025,2025-04-05,토,04,17:00,키움,NC,고척,키움,1,0,8895,16000,0.5559,0,5,0.455,4.5,1,5,8,0.375,5.0,-3,3,0.0,0.072,,,,,,
2025,2025-04-05,토,04,14:00,삼성,한화,대구,삼성,0,0,24000,24000,1.0,1,3,0.636,2.5,1,6,10,0.273,6.5,-4,2,-2.0,0.072,,,,,,
2025,2025-04-05,토,04,17:00,롯데,두산,사직,롯데,0,0,21807,22669,0.962,0,7,0.4,5.0,-1,4,6,0.455,4.5,3,5,0.5,0.072,,,,,,
2025,2025-04-06,일,04,14:00,키움,NC,고척,키움,1,0,7041,16000,0.4401,0,7,0.417,5.0,-1,5,6,0.444,4.5,1,4,0.5,0.076,,,,,,
2025,2025-04-06,일,04,14:00,삼성,한화,대구,삼성,0,0,24000,24000,1.0,1,3,0.583,3.0,-1,5,10,0.333,6.0,1,3,-1.5,0.076,,,,,,
2025,2025-04-06,일,04,14:00,SSG,KT,문학,SSG,0,0,18679,23000,0.8121,0,2,0.667,2.5,2,6,4,0.5,4.0,-2,5,-2.0,0.076,,,,,,
2025,2025-04-06,일,04,14:00,롯데,두산,사직,롯데,0,0,22665,22669,0.9998,1,5,0.455,4.5,1,5,8,0.417,5.0,-1,5,0.0,0.076,,,,,,
2025,2025-04-06,일,04,14:00,LG,KIA,잠실,LG;두산,0,0,23750,23750,1.0,1,1,0.9,0.0,2,9,9,0.364,5.5,-1,3,-4.5,0.076,,,,,,
2025,2025-04-08,화,04,18:30,키움,LG,고척,키움,1,0,10452,16000,0.6532,0,8,0.385,6.0,-2,5,1,0.909,0.0,3,9,1.0,0.083,,,,,,
2025,2025-04-08,화,04,18:30,삼성,SSG,대구,삼성,0,0,19327,24000,0.8053,0,3,0.615,3.0,1,5,2,0.7,2.5,3,7,-2.0,0.083,,,,,,
2025,2025-04-08,화,04,18:30,롯데,KIA,사직,롯데,0,0,14038,22669,0.6193,0,7,0.417,5.5,-1,4,9,0.333,6.5,-2,3,0.5,0.083,,,,,,
2025,2025-04-08,화,04,18:30,KT,NC,수원,KT,0,0,5233,18700,0.2798,0,6,0.455,5.0,-3,4,4,0.5,4.5,2,5,0.0,0.083,,,,,,
2025,2025-04-08,화,04,18:30,두산,한화,잠실,LG;두산,0,0,20986,23750,0.8836,0,5,0.462,5.0,1,6,10,0.308,7.0,-1,3,0.0,0.083,,,,,,
2025,2025-04-09,수,04,18:30,키움,LG,고척,키움,1,0,9967,16000,0.6229,0,9,0.357,7.0,-3,4,1,0.917,0.0,4,9,2.0,0.09,,,,,,
2025,2025-04-09,수,04,18:30,삼성,SSG,대구,삼성,0,0,20632,24000,0.8597,0,2,0.643,3.0,2,6,3,0.636,3.5,-1,6,-2.0,0.09,,,,,,
2025,2025-04-09,수,04,18:30,롯데,KIA,사직,롯데,0,0,13551,22669,0.5978,0,8,0.385,6.5,-2,4,7,0.385,6.5,1,3,1.5,0.09,,,,,,
2025,2025-04-09,수,04,18:30,KT,NC,수원,KT,0,0,3667,18700,0.1961,0,5,0.5,5.0,1,4,6,0.455,5.5,-1,5,0.0,0.09,,,,,,
2025,2025-04-09,수,04,18:30,두산,한화,잠실,LG;두산,0,0,19300,23750,0.8126,0,4,0.5,5.0,2,6,10,0.286,8.0,-2,3,0.0,0.09,,,,,,
2025,2025-04-10,목,04,18:30,키움,LG,고척,키움,1,0,10627,16000,0.6642,0,8,0.4,6.0,1,4,1,0.846,0.0,-1,8,1.0,0.097,,,,,,
2025,2025-04-10,목,04,18:30,삼성,SSG,대구,삼성,0,0,21291,24000,0.8871,0,3,0.6,3.0,-1,6,2,0.667,2.5,1,6,-2.0,0.097,,,,,,
2025,2025-04-10,목,04,18:30,롯데,KIA,사직,롯데,0,0,13726,22669,0.6055,0,9,0.357,6.5,-3,4,6,0.429,5.5,2,4,1.5,0.097,,,,,,
2025,2025-04-10,목,04,18:30,KT,NC,수원,KT,0,0,5086,18700,0.272,0,4,0.538,4.0,2,5,7,0.417,5.5,-2,4,-1.0,0.097,,,,,,
2025,2025-04-10,목,04,18:30,두산,한화,잠실,LG;두산,0,0,21561,23750,0.9078,0,5,0.467,5.0,-1,6,10,0.333,7.0,1,4,0.0,0.097,,,,,,
2025,2025-04-11,금,04,18:30,KIA,SSG,광주,KIA,0,0,20500,20500,1.0,1,7,0.4,6.5,-1,4,3,0.615,3.5,-1,6,1.0,0.104,,,,,,
2025,2025-04-11,금,04,18:30,한화,키움,대전,한화,0,0,17000,17000,1.0,1,10,0.375,7.0,2,4,9,0.375,7.0,-1,3,1.5,0.104,,,,,,
2025,2025-04-11,금,04,18:30,NC,롯데,사직,롯데,0,0,13728,22669,0.6056,0,5,0.462,5.5,1,5,8,0.4,6.5,1,5,0.0,0.104,,,,,,
2025,2025-04-11,금,04,18:30,KT,삼성,수원,KT,0,0,17416,18700,0.9313,0,4,0.5,5.0,-1,4,2,0.625,3.0,1,7,-0.5,0.104,,,,,,
2025,2025-04-11,금,04,18:30,LG,두산,잠실,LG;두산,0,0,23750,23750,1.0,1,1,0.857,0.0,1,8,6,0.438,6.0,-2,5,-5.5,0.104,,,,,,
2025,2025-04-12,토,04,17:00,한화,키움,대전,한화,0,0,15457,17000,0.9092,0,8,0.412,7.0,3,4,10,0.353,8.0,-2,2,0.5,0.111,,,,,,
2025,2025-04-12,토,04,17:00,NC,롯데,사직,롯데,0,0,15222,22669,0.6715,0,6,0.429,6.5,-1,4,5,0.438,6.5,2,5,0.0,0.111,,,,,,
2025,2025-04-12,토,04,14:00,LG,두산,잠실,LG;두산,0,0,22938,23750,0.9658,0,1,0.867,0.0,2,8,7,0.412,7.0,-3,5,-6.5,0.111,,,,,,
2025,2025-04-13,일,04,14:00,KIA,SSG,광주,KIA,0,0,20500,20500,1.0,1,10,0.375,8.0,-2,4,2,0.643,4.0,1,6,1.5,0.115,,,,,,
2025,2025-04-13,일,04,14:00,한화,키움,대전,한화,0,0,17000,17000,1.0,1,9,0.389,8.0,-1,4,7,0.389,8.0,1,3,1.5,0.115,,,,,,
2025,2025-04-13,일,04,14:00,NC,롯데,사직,롯데,0,0,21003,22669,0.9265,0,6,0.4,7.5,-2,3,5,0.471,6.5,3,6,1.0,0.115,,,,,,
2025,2025-04-13,일,04,14:00,KT,삼성,수원,KT,0,0,18700,18700,1.0,1,4,0.533,5.5,1,4,3,0.588,4.5,-1,6,-1.0,0.115,,,,,,
2025,2025-04-13,일,04,14:00,LG,두산,잠실,LG;두산,0,0,23750,23750,1.0,1,1,0.875,0.0,3,8,8,0.389,8.0,-4,5,-6.5,0.115,,,,,,
2025,2025-04-15,화,04,18:30,KIA,KT,광주,KIA,0,0,10979,20500,0.5356,0,9,0.412,7.0,1,5,3,0.562,4.5,2,5,0.5,0.122,,,,,,
2025,2025-04-15,화,04,18:30,SSG,한화,문학,SSG,0,0,15618,23000,0.679,0,2,0.6,4.0,-1,5,8,0.421,7.0,1,5,-2.5,0.122,,,,,,
2025,2025-04-15,화,04,18:30,롯데,키움,사직,롯데,0,0,9714,22669,0.4285,0,5,0.444,6.5,-1,5,10,0.368,8.0,-1,3,0.0,0.122,,,,,,
2025,2025-04-15,화,04,18:30,LG,삼성,잠실,LG;두산,0,0,23750,23750,1.0,1,1,0.824,0.0,-1,7,4,0.556,4.5,-2,5,-6.5,0.122,,,,,,
2025,2025-04-16,수,04,18:30,KIA,KT,광주,KIA,0,0,12423,20500,0.606,0,7,0.444,7.0,2,5,3,0.529,5.5,-1,5,0.5,0.128,,,,,,
2025,2025-04-16,수,04,18:30,SSG,한화,문학,SSG,0,0,16785,23000,0.7298,0,2,0.562,5.0,-2,5,6,0.45,7.0,2,6,-1.5,0.128,,,,,,
2025,2025-04-16,수,04,18:30,롯데,키움,사직,롯데,0,0,11679,22669,0.5152,0,5,0.474,6.5,1,5,10,0.35,9.0,-2,3,0.0,0.128,,,,,,
2025,2025-04-16,수,04,18:30,LG,삼성,잠실,LG;두산,0,0,23750,23750,1.0,1,1,0.833,0.0,1,8,4,0.526,5.5,-3,4,-6.5,0.128,,,,,,
2025,2025-04-17,목,04,18:30,KIA,KT,광주,KIA,0,0,12104,20500,0.5904,0,8,0.421,8.0,-1,5,2,0.556,5.5,1,5,1.5,0.133,,,,,,
2025,2025-04-17,목,04,18:30,SSG,한화,문학,SSG,0,0,18098,23000,0.7869,0,3,0.529,6.0,-3,5,6,0.476,7.0,3,7,-0.5,0.133,,,,,,
2025,2025-04-17,목,04,18:30,롯데,키움,사직,롯데,0,0,11812,22669,0.5211,0,5,0.5,6.5,2,6,10,0.333,10.0,-3,2,0.0,0.133,,,,,,
2025,2025-04-17,목,04,18:30,LG,삼성,잠실,LG;두산,0,0,23750,23750,1.0,1,1,0.842,0.0,2,8,4,0.5,6.5,-4,4,-6.5,0.133,,,,,,
2025,2025-04-18,금,04,18:30,키움,KT,고척,키움,1,0,4666,16000,0.2916,0,10,0.318,10.0,-4,2,2,0.526,5.5,-1,5,4.0,0.139,,,,,,
2025,2025-04-18,금,04,18:30,삼성,롯데,대구,삼성,0,0,24000,24000,1.0,1,3,0.524,5.5,1,4,4,0.524,5.5,3,6,-0.5,0.139,,,,,,
2025,2025-04-18,금,04,18:30,한화,NC,대전,한화,0,0,17000,17000,1.0,1,5,0.5,6.0,4,7,8,0.438,7.0,1,4,0.0,0.139,,,,,,
2025,2025-04-18,금,04,18:30,SSG,LG,문학,SSG,0,0,18091,23000,0.7866,0,6,0.5,6.0,-4,4,1,0.8,0.0,-1,7,0.0,0.139,,,,,,
2025,2025-04-18,금,04,18:30,두산,KIA,잠실,LG;두산,0,0,23750,23750,1.0,1,9,0.421,7.5,1,5,7,0.45,7.0,1,5,1.5,0.139,,,,,,
2025,2025-04-19,토,04,17:00,키움,KT,고척,키움,1,0,8281,16000,0.5176,0,10,0.348,10.0,1,3,5,0.5,6.5,-2,5,3.5,0.146,,,,,,
2025,2025-04-19,토,04,17:00,삼성,롯데,대구,삼성,0,0,24000,24000,1.0,1,4,0.5,6.5,-1,4,2,0.545,5.5,4,7,0.0,0.146,,,,,,
2025,2025-04-19,토,04,17:00,한화,NC,대전,한화,0,0,17000,17000,1.0,1,3,0.522,6.0,5,8,9,0.412,8.0,-1,4,-0.5,0.146,,,,,,
2025,2025-04-19,토,04,14:00,SSG,LG,문학,SSG,0,0,18727,23000,0.8142,0,6,0.474,7.0,-5,3,1,0.81,0.0,1,7,0.5,0.146,,,,,,
2025,2025-04-19,토,04,14:00,두산,KIA,잠실,LG;두산,0,0,23750,23750,1.0,1,7,0.45,7.5,2,5,8,0.429,8.0,-1,5,1.0,0.146,,,,,,
2025,2025-04-20,일,04,14:00,키움,KT,고척,키움,1,0,6859,16000,0.4287,0,10,0.333,11.0,-1,3,3,0.524,6.5,1,6,4.5,0.153,,,,,,
2025,2025-04-20,일,04,14:00,삼성,롯데,대구,삼성,0,0,24000,24000,1.0,1,4,0.522,6.5,1,4,5,0.522,6.5,-1,7,0.0,0.153,,,,,,
2025,2025-04-20,일,04,14:00,한화,NC,대전,한화,0,0,17000,17000,1.0,1,2,0.542,6.0,6,9,9,0.389,9.0,-2,4,-0.5,0.153,,,,,,
2025,2025-04-20,일,04,14:00,SSG,LG,문학,SSG,0,0,23000,23000,1.0,1,7,0.45,8.0,-6,2,1,0.818,0.0,2,7,1.5,0.153,,,,,,
2025,2025-04-20,일,04,14:00,두산,KIA,잠실,LG;두산,0,0,23750,23750,1.0,1,8,0.429,8.5,-1,4,6,0.455,8.0,1,6,2.0,0.153,,,,,,
2025,2025-04-22,화,04,18:30,키움,두산,고척,키움,1,0,6809,16000,0.4256,0,10,0.32,11.0,-2,2,8,0.409,8.5,-2,4,4.5,0.16,,,,,,
2025,2025-04-22,화,04,18:30,KT,SSG,수원,KT,0,0,5497,18700,0.294,0,3,0.545,5.5,2,6,7,0.476,7.0,1,3,-1.0,0.16,,,,,,
2025,2025-04-22,화,04,18:30,LG,NC,잠실,LG;두산,0,0,12941,23750,0.5449,0,1,0.783,0.0,-1,7,9,0.368,9.0,-3,3,-6.5,0.16,,,,,,
2025,2025-04-23,수,04,18:30,키움,두산,고척,키움,1,0,6801,16000,0.4251,0,10,0.346,10.0,1,3,9,0.391,8.5,-3,3,4.0,0.164,,,,,,
2025,2025-04-23,수,04,18:30,삼성,KIA,대구,삼성,0,0,22257,24000,0.9274,0,5,0.5,6.0,-1,3,6,0.478,6.5,2,6,0.0,0.164,,,,,,
2025,2025-04-23,수,04,18:30,롯데,한화,사직,롯데,0,0,19376,22669,0.8547,0,4,0.542,5.0,1,8,3,0.56,4.5,7,9,-1.0,0.164,,,,,,
2025,2025-04-23,수,04,18:30,KT,SSG,수원,KT,0,0,7581,18700,0.4054,0,2,0.565,4.5,3,6,7,0.455,7.0,-1,2,-1.5,0.164,,,,,,
2025,2025-04-23,수,04,18:30,LG,NC,잠실,LG;두산,0,0,17828,23750,0.7507,0,1,0.75,0.0,-2,6,8,0.4,8.0,1,3,-6.0,0.164,,,,,,
2025,2025-04-24,목,04,18:30,키움,두산,고척,키움,1,0,7690,16000,0.4806,0,10,0.333,11.0,-1,3,8,0.417,8.5,1,3,5.0,0.171,,,,,,
2025,2025-04-24,목,04,18:30,삼성,KIA,대구,삼성,0,0,24000,24000,1.0,1,4,0.52,6.0,1,4,7,0.458,7.5,-1,5,0.0,0.171,,,,,,
2025,2025-04-24,목,04,18:30,롯데,한화,사직,롯데,0,0,22669,22669,1.0,1,5,0.52,6.0,-1,7,2,0.577,4.5,8,9,0.0,0.171,,,,,,
2025,2025-04-24,목,04,18:30,KT,SSG,수원,KT,0,0,7815,18700,0.4179,0,3,0.542,5.5,-1,6,6,0.478,7.0,1,3,-0.5,0.171,,,,,,
2025,2025-04-24,목,04,18:30,LG,NC,잠실,LG;두산,0,0,19325,23750,0.8137,0,1,0.76,0.0,1,6,9,0.381,9.0,-1,3,-6.0,0.171,,,,,,
2025,2025-04-25,금,04,18:30,KIA,LG,광주,KIA,0,0,20500,20500,1.0,1,7,0.44,7.5,-2,5,1,0.731,0.0,-1,5,2.0,0.178,,,,,,
2025,2025-04-25,금,04,18:30,삼성,NC,대구,삼성,0,0,24000,24000,1.0,1,3,0.538,5.0,2,4,9,0.409,8.0,1,4,-0.5,0.178,,,,,,
2025,2025-04-25,금,04,18:30,한화,KT,대전,한화,0,0,17000,17000,1.0,1,2,0.556,4.5,-1,8,5,0.52,5.5,-2,5,-1.0,0.178,,,,,,
2025,2025-04-25,금,04,18:30,SSG,키움,문학,SSG,0,0,12140,23000,0.5278,0,6,0.5,6.0,2,3,10,0.321,11.0,-2,2,0.5,0.178,,,,,,
2025,2025-04-25,금,04,18:30,두산,롯데,잠실,LG;두산,0,0,23750,23750,1.0,1,8,0.44,7.5,2,4,4,0.538,5.0,1,7,2.0,0.178,,,,,,
2025,2025-04-26,토,04,14:00,KIA,LG,광주,KIA,0,0,20500,20500,1.0,1,7,0.423,8.5,-3,5,1,0.741,0.0,1,6,3.0,0.185,,,,,,
2025,2025-04-26,토,04,17:00,삼성,NC,대구,삼성,0,0,24000,24000,1.0,1,2,0.556,5.0,3,5,9,0.391,9.0,-1,3,-0.5,0.185,,,,,,
2025,2025-04-26,토,04,17:00,한화,KT,대전,한화,0,0,17000,17000,1.0,1,5,0.536,5.5,-2,8,4,0.538,5.5,1,5,0.0,0.185,,,,,,
2025,2025-04-26,토,04,17:00,SSG,키움,문학,SSG,0,0,18641,23000,0.8105,0,6,0.52,6.0,3,4,10,0.31,12.0,-3,2,0.5,0.185,,,,,,
2025,2025-04-26,토,04,14:00,두산,롯데,잠실,LG;두산,0,0,23750,23750,1.0,1,8,0.423,8.5,-1,4,3,0.556,5.0,2,7,3.0,0.185,,,,,,
2025,2025-04-27,일,04,14:00,KIA,LG,광주,KIA,0,0,20500,20500,1.0,1,7,0.444,7.5,1,5,1,0.714,0.0,-1,5,2.0,0.192,,,,,,
2025,2025-04-27,일,04,14:00,삼성,NC,대구,삼성,0,0,24000,24000,1.0,1,2,0.571,4.0,4,6,9,0.375,9.0,-2,3,-1.5,0.192,,,,,,
2025,2025-04-27,일,04,14:00,한화,KT,대전,한화,0,0,17000,17000,1.0,1,4,0.552,4.5,1,8,5,0.519,5.5,-1,5,-1.0,0.192,,,,,,
2025,2025-04-27,일,04,14:00,SSG,키움,문학,SSG,0,0,16422,23000,0.714,0,6,0.5,6.0,-1,4,10,0.333,11.0,1,3,0.5,0.192,,,,,,
2025,2025-04-27,일,04,14:00,두산,롯데,잠실,LG;두산,0,0,23750,23750,1.0,1,8,0.407,8.5,-2,4,3,0.571,4.0,3,8,3.0,0.192,,,,,,
2025,2025-04-29,화,04,18:30,키움,롯데,고척,키움,1,0,13203,16000,0.8252,0,10,0.355,10.0,2,4,4,0.552,4.0,-1,7,4.5,0.199,,,,,,
2025,2025-04-29,화,04,18:30,KIA,NC,광주,KIA,0,0,10575,20500,0.5159,0,7,0.464,6.5,2,5,9,0.36,9.0,-3,3,1.0,0.199,,,,,,
2025,2025-04-29,화,04,18:30,한화,LG,대전,한화,0,0,17000,17000,1.0,1,3,0.567,3.5,2,8,1,0.69,0.0,-2,4,-2.0,0.199,,,,,,
2025,2025-04-29,화,04,18:30,SSG,삼성,문학,SSG,0,0,15481,23000,0.6731,0,6,0.481,6.0,-2,4,2,0.586,3.0,5,7,0.5,0.199,,,,,,
2025,2025-04-29,화,04,18:30,두산,KT,잠실,LG;두산,0,0,14138,23750,0.5953,0,8,0.429,7.5,1,5,5,0.5,5.5,-2,4,2.0,0.199,,,,,,
2025,2025-04-30,수,04,18:30,키움,롯데,고척,키움,1,0,14367,16000,0.8979,0,10,0.344,10.0,-1,4,4,0.567,3.0,1,7,5.5,0.206,,,,,,
2025,2025-04-30,수,04,18:30,KIA,NC,광주,KIA,0,0,15139,20500,0.7385,0,6,0.483,5.5,3,6,9,0.346,9.0,-4,2,1.0,0.206,,,,,,
2025,2025-04-30,수,04,18:30,한화,LG,대전,한화,0,0,17000,17000,1.0,1,3,0.581,2.5,3,8,1,0.667,0.0,-3,4,-2.0,0.206,,,,,,
2025,2025-04-30,수,04,18:30,SSG,삼성,문학,SSG,0,0,18998,23000,0.826,0,7,0.464,6.0,-3,4,2,0.6,2.0,6,8,1.5,0.206,,,,,,
2025,2025-04-30,수,04,18:30,두산,KT,잠실,LG;두산,0,0,17158,23750,0.7224,0,8,0.414,7.5,-1,4,5,0.517,4.5,1,5,3.0,0.206,,,,,,
2025,2025-05-01,목,05,18:30,키움,롯데,고척,키움,1,0,16000,16000,1.0,1,10,0.333,10.0,-2,3,4,0.581,2.0,2,7,6.5,0.212,,,,,,
2025,2025-05-01,목,05,18:30,SSG,삼성,문학,SSG,0,0,22993,23000,0.9997,1,7,0.464,5.5,-3,4,2,0.6,1.5,6,7,2.0,0.212,,,,,,
2025,2025-05-01,목,05,18:30,두산,KT,잠실,LG;두산,0,0,19883,23750,0.8372,0,8,0.4,7.5,-2,3,5,0.533,3.5,2,6,4.0,0.212,,,,,,
2025,2025-05-02,금,05,18:30,KIA,한화,광주,KIA,0,0,20500,20500,1.0,1,7,0.467,5.5,-1,5,2,0.594,1.5,4,8,2.0,0.217,,,,,,
2025,2025-05-02,금,05,18:30,삼성,두산,대구,삼성,0,0,24000,24000,1.0,1,4,0.581,2.0,-1,7,8,0.4,7.5,-2,3,-1.5,0.217,,,,,,
2025,2025-05-02,금,05,18:30,롯데,NC,사직,롯데,0,0,22669,22669,1.0,1,3,0.594,1.5,3,7,9,0.37,8.0,1,3,-2.0,0.217,,,,,,
2025,2025-05-02,금,05,18:30,KT,키움,수원,KT,0,0,12275,18700,0.6564,0,5,0.533,3.5,2,5,10,0.324,10.5,-3,3,0.0,0.217,,,,,,
2025,2025-05-02,금,05,18:30,LG,SSG,잠실,LG;두산,0,0,23750,23750,1.0,1,1,0.645,0.0,-4,3,6,0.483,5.0,1,5,-3.5,0.217,,,,,,
2025,2025-05-03,토,05,17:00,삼성,두산,대구,삼성,0,0,24000,24000,1.0,1,4,0.594,1.0,1,7,8,0.387,7.5,-3,3,-2.5,0.224,,,,,,
2025,2025-05-03,토,05,17:00,롯데,NC,사직,롯데,0,0,22669,22669,1.0,1,3,0.606,0.5,4,8,9,0.357,8.0,-1,3,-3.0,0.224,,,,,,
2025,2025-05-03,토,05,17:00,KT,키움,수원,KT,0,0,15210,18700,0.8134,0,5,0.516,3.5,-1,4,10,0.343,9.5,1,4,0.0,0.224,,,,,,
2025,2025-05-03,토,05,17:00,LG,SSG,잠실,LG;두산,0,0,23750,23750,1.0,1,1,0.625,0.0,-5,2,6,0.5,4.0,2,5,-3.5,0.224,,,,,,
2025,2025-05-04,일,05,14:00,KIA,한화,광주,KIA,0,0,20500,20500,1.0,1,7,0.452,6.0,-2,5,2,0.606,1.0,5,8,2.5,0.229,,,,,,
2025,2025-05-04,일,05,14:00,삼성,두산,대구,삼성,0,0,24000,24000,1.0,1,4,0.576,2.0,-1,7,8,0.406,7.5,1,4,-1.5,0.229,,,,,,
2025,2025-05-04,일,05,14:00,롯데,NC,사직,롯데,0,0,22669,22669,1.0,1,3,0.588,1.5,-1,7,9,0.379,8.0,1,4,-2.0,0.229,,,,,,
2025,2025-05-04,일,05,14:00,KT,키움,수원,KT,0,0,15160,18700,0.8107,0,5,0.531,3.5,1,4,10,0.333,10.5,-1,3,0.0,0.229,,,,,,
2025,2025-05-04,일,05,14:00,LG,SSG,잠실,LG;두산,0,0,23750,23750,1.0,1,1,0.636,0.0,1,3,6,0.484,5.0,-1,5,-3.5,0.229,,,,,,
2025,2025-05-05,월,05,14:00,키움,KIA,고척,키움,1,0,16000,16000,1.0,1,10,0.324,11.5,-2,3,7,0.438,7.0,-3,4,8.0,0.236,,,,,,
2025,2025-05-05,월,05,14:00,한화,삼성,대전,한화,0,0,17000,17000,1.0,1,2,0.618,1.0,6,8,4,0.559,3.0,-2,6,-2.5,0.236,,,,,,
2025,2025-05-05,월,05,14:00,롯데,SSG,사직,롯데,0,0,22669,22669,1.0,1,3,0.571,2.5,-2,7,6,0.469,6.0,-2,4,-1.0,0.236,,,,,,
2025,2025-05-05,월,05,14:00,KT,NC,수원,KT,0,0,12015,18700,0.6425,0,5,0.545,3.5,2,5,9,0.4,8.0,2,4,0.0,0.236,,,,,,
2025,2025-05-05,월,05,14:00,두산,LG,잠실,LG;두산,0,0,23750,23750,1.0,1,8,0.424,7.5,2,4,1,0.647,0.0,2,4,4.0,0.236,,,,,,
2025,2025-05-06,화,05,14:00,키움,KIA,고척,키움,1,0,16000,16000,1.0,1,10,0.316,11.5,-3,3,7,0.455,6.0,1,4,8.0,0.243,,,,,,
2025,2025-05-06,화,05,14:00,한화,삼성,대전,한화,0,0,17000,17000,1.0,1,1,0.629,0.0,7,8,4,0.543,3.0,-3,5,-3.5,0.243,,,,,,
2025,2025-05-06,화,05,14:00,롯데,SSG,사직,롯데,0,0,22669,22669,1.0,1,3,0.556,2.5,-3,6,6,0.485,5.0,1,4,-1.0,0.243,,,,,,
2025,2025-05-06,화,05,14:00,KT,NC,수원,KT,0,0,9743,18700,0.521,0,5,0.529,3.5,-1,5,9,0.419,7.0,3,5,0.0,0.243,,,,,,
2025,2025-05-06,화,05,14:00,두산,LG,잠실,LG;두산,0,0,23750,23750,1.0,1,8,0.441,6.5,3,4,2,0.629,0.0,-1,3,3.0,0.243,,,,,,
2025,2025-05-07,수,05,18:30,키움,KIA,고척,키움,1,0,16000,16000,1.0,1,10,0.308,12.5,-4,3,6,0.471,6.0,2,5,8.0,0.25,,,,,,
2025,2025-05-07,수,05,18:30,한화,삼성,대전,한화,0,0,17000,17000,1.0,1,1,0.639,0.0,8,8,4,0.528,4.0,-4,4,-4.5,0.25,,,,,,
2025,2025-05-07,수,05,18:30,롯데,SSG,사직,롯데,0,0,22669,22669,1.0,1,3,0.568,2.5,1,6,7,0.471,6.0,-1,3,-2.0,0.25,,,,,,
2025,2025-05-07,수,05,18:30,KT,NC,수원,KT,0,0,3598,18700,0.1924,0,5,0.514,4.5,-2,4,8,0.438,7.0,4,5,0.0,0.25,,,,,,
2025,2025-05-07,수,05,18:30,두산,LG,잠실,LG;두산,0,0,23750,23750,1.0,1,9,0.429,7.5,-1,4,2,0.639,0.0,1,4,3.0,0.25,,,,,,
2025,2025-05-09,금,05,18:30,키움,한화,고척,키움,1,0,16000,16000,1.0,1,10,0.325,12.5,1,3,1,0.649,0.0,9,9,7.0,0.257,,,,,,
2025,2025-05-10,토,05,14:00,키움,한화,고척,키움,1,0,16000,16000,1.0,1,10,0.317,13.5,-1,2,1,0.658,0.0,10,10,7.5,0.258,,,,,,
2025,2025-05-10,토,05,17:00,삼성,LG,대구,삼성,0,0,24000,24000,1.0,1,4,0.514,5.5,-5,3,2,0.622,1.5,-1,3,-0.5,0.258,,,,,,
2025,2025-05-10,토,05,17:00,삼성,LG,대구,삼성,0,0,24000,24000,1.0,1,4,0.514,5.5,-5,3,2,0.622,1.5,-1,3,-0.5,0.258,,,,,,
2025,2025-05-10,토,05,17:00,SSG,KIA,문학,SSG,0,0,23000,23000,1.0,1,7,0.457,7.5,-2,3,6,0.457,7.5,-1,5,1.5,0.258,,,,,,
2025,2025-05-10,토,05,17:00,KT,롯데,수원,KT,0,0,18700,18700,1.0,1,5,0.5,6.0,-3,4,3,0.579,3.0,2,6,0.0,0.258,,,,,,
2025,2025-05-10,토,05,17:00,두산,NC,잠실,LG;두산,0,0,20206,23750,0.8508,0,9,0.444,8.0,1,5,8,0.455,7.5,5,6,2.0,0.258,,,,,,
2025,2025-05-11,일,05,14:00,키움,한화,고척,키움,1,0,16000,16000,1.0,1,10,0.31,14.5,-2,2,1,0.667,0.0,11,10,7.5,0.267,,,,,,
2025,2025-05-11,일,05,14:00,삼성,LG,대구,삼성,0,0,24000,24000,1.0,1,4,0.487,7.0,-7,1,2,0.641,1.0,2,5,0.0,0.267,,,,,,
2025,2025-05-11,일,05,17:00,SSG,KIA,문학,SSG,0,0,23000,23000,1.0,1,8,0.444,8.5,-3,3,6,0.472,7.5,1,6,1.5,0.267,,,,,,
2025,2025-05-11,일,05,17:00,SSG,KIA,문학,SSG,0,0,23000,23000,1.0,1,8,0.444,8.5,-3,3,6,0.472,7.5,1,6,1.5,0.267,,,,,,
2025,2025-05-11,일,05,17:00,KT,롯데,수원,KT,0,0,18700,18700,1.0,1,5,0.486,7.0,-4,4,3,0.59,3.0,3,7,0.0,0.267,,,,,,
2025,2025-05-11,일,05,17:00,KT,롯데,수원,KT,0,0,14470,18700,0.7738,0,5,0.486,7.0,-4,4,3,0.59,3.0,3,7,0.0,0.267,,,,,,
2025,2025-05-11,일,05,17:00,두산,NC,잠실,LG;두산,0,0,19366,23750,0.8154,0,9,0.444,8.5,1,4,7,0.455,8.0,5,6,1.5,0.267,,,,,,
2025,2025-05-11,일,05,17:00,두산,NC,잠실,LG;두산,0,0,9172,23750,0.3862,0,9,0.444,8.5,1,4,7,0.455,8.0,5,6,1.5,0.267,,,,,,
2025,2025-05-13,화,05,18:30,KIA,롯데,광주,KIA,0,0,16824,20500,0.8207,0,8,0.447,9.0,-2,4,3,0.6,3.0,4,6,1.0,0.278,,,,,,
2025,2025-05-13,화,05,18:30,한화,두산,대전,한화,0,0,17000,17000,1.0,1,1,0.675,0.0,12,10,9,0.421,10.0,-2,4,-8.0,0.278,,,,,,
2025,2025-05-13,화,05,18:30,SSG,NC,문학,SSG,0,0,12746,23000,0.5542,0,6,0.474,8.0,2,5,4,0.486,7.5,7,8,0.0,0.278,,,,,,
2025,2025-05-13,화,05,18:30,LG,키움,잠실,LG;두산,0,0,18080,23750,0.7613,0,2,0.65,1.0,3,6,10,0.302,15.5,-3,2,-7.0,0.278,,,,,,
2025,2025-05-13,화,05,18:30,삼성,KT,포항,삼성,0,1,10758,12120,0.8876,0,5,0.475,8.0,-8,1,7,0.474,8.0,-5,2,0.0,0.278,,,,,,
2025,2025-05-14,수,05,18:30,KIA,롯데,광주,KIA,0,0,18641,20500,0.9093,0,7,0.462,8.0,1,4,3,0.585,3.0,-1,5,1.0,0.285,,,,,,
2025,2025-05-14,수,05,18:30,한화,두산,대전,한화,0,0,17000,17000,1.0,1,1,0.659,0.0,-1,9,9,0.436,9.0,1,5,-7.0,0.285,,,,,,
2025,2025-05-14,수,05,18:30,SSG,NC,문학,SSG,0,0,11409,23000,0.496,0,5,0.487,7.0,3,5,6,0.472,7.5,-1,7,0.0,0.285,,,,,,
2025,2025-05-14,수,05,18:30,LG,키움,잠실,LG;두산,0,0,18286,23750,0.7699,0,2,0.659,0.0,4,7,10,0.295,15.5,-4,2,-7.0,0.285,,,,,,
2025,2025-05-14,수,05,18:30,삼성,KT,포항,삼성,0,1,12120,12120,1.0,1,4,0.488,7.0,1,2,8,0.462,8.0,-6,2,0.0,0.285,,,,,,
2025,2025-05-15,목,05,18:30,KIA,롯데,광주,KIA,0,0,17452,20500,0.8513,0,8,0.45,9.0,-1,4,3,0.595,3.0,1,5,1.0,0.292,,,,,,
2025,2025-05-15,목,05,18:30,한화,두산,대전,한화,0,0,17000,17000,1.0,1,2,0.643,1.0,-2,8,9,0.45,9.0,2,6,-7.0,0.292,,,,,,
2025,2025-05-15,목,05,18:30,SSG,NC,문학,SSG,0,0,10081,23000,0.4383,0,6,0.475,8.0,-1,4,4,0.486,7.5,1,8,0.0,0.292,,,,,,
2025,2025-05-15,목,05,18:30,LG,키움,잠실,LG;두산,0,0,18119,23750,0.7629,0,1,0.667,0.0,5,8,10,0.289,16.5,-5,1,-8.0,0.292,,,,,,
2025,2025-05-15,목,05,18:30,삼성,KT,포항,삼성,0,1,12120,12120,1.0,1,5,0.476,8.0,-1,1,7,0.475,8.0,1,3,0.0,0.292,,,,,,
2025,2025-05-17,토,05,17:00,KIA,두산,광주,KIA,0,0,16854,20500,0.8221,0,7,0.463,9.0,1,5,8,0.463,9.0,3,6,1.0,0.299,,,,,,
2025,2025-05-17,토,05,17:00,KIA,두산,광주,KIA,0,0,20500,20500,1.0,1,7,0.463,9.0,1,5,8,0.463,9.0,3,6,1.0,0.299,,,,,,
2025,2025-05-17,토,05,17:00,한화,SSG,대전,한화,0,0,17000,17000,1.0,1,2,0.628,2.0,-3,7,5,0.488,8.0,1,5,-6.0,0.299,,,,,,
2025,2025-05-17,토,05,17:00,한화,SSG,대전,한화,0,0,17000,17000,1.0,1,2,0.628,2.0,-3,7,5,0.488,8.0,1,5,-6.0,0.299,,,,,,
2025,2025-05-17,토,05,17:00,롯데,삼성,사직,롯데,0,0,22669,22669,1.0,1,3,0.581,4.0,-1,5,4,0.488,8.0,1,2,-4.0,0.299,,,,,,
2025,2025-05-17,토,05,17:00,롯데,삼성,사직,롯데,0,0,22669,22669,1.0,1,3,0.581,4.0,-1,5,4,0.488,8.0,1,2,-4.0,0.299,,,,,,
2025,2025-05-17,토,05,17:00,NC,키움,울산,롯데,0,1,2297,9690,0.237,0,6,0.474,8.5,-1,7,10,0.283,17.5,-6,1,0.5,0.299,,,,,,
2025,2025-05-17,토,05,17:00,NC,키움,울산,롯데,0,1,5513,9690,0.5689,0,6,0.474,8.5,-1,7,10,0.283,17.5,-6,1,0.5,0.299,,,,,,
2025,2025-05-17,토,05,17:00,LG,KT,잠실,LG;두산,0,0,22963,23750,0.9669,0,1,0.674,0.0,6,8,9,0.463,9.0,-1,2,-8.0,0.299,,,,,,
2025,2025-05-17,토,05,17:00,LG,KT,잠실,LG;두산,0,0,17811,23750,0.7499,0,1,0.674,0.0,6,8,9,0.463,9.0,-1,2,-8.0,0.299,,,,,,
2025,2025-05-18,일,05,14:00,KIA,두산,광주,KIA,0,0,20500,20500,1.0,1,4,0.488,7.0,3,6,9,0.442,9.0,-2,4,0.0,0.312,,,,,,
2025,2025-05-18,일,05,14:00,한화,SSG,대전,한화,0,0,17000,17000,1.0,1,2,0.622,1.0,-1,6,5,0.488,7.0,1,5,-6.0,0.312,,,,,,
2025,2025-05-18,일,05,14:00,롯데,삼성,사직,롯데,0,0,22669,22669,1.0,1,3,0.6,2.0,2,7,8,0.467,8.0,-2,2,-5.0,0.312,,,,,,
2025,2025-05-18,일,05,14:00,NC,키움,울산,롯데,0,1,6456,9690,0.6663,0,7,0.475,7.5,-1,6,10,0.292,16.5,1,2,0.5,0.312,,,,,,
2025,2025-05-18,일,05,14:00,LG,KT,잠실,LG;두산,0,0,23029,23750,0.9696,0,1,0.644,0.0,-2,7,6,0.488,7.0,2,3,-7.0,0.312,,,,,,
2025,2025-05-20,화,05,18:30,키움,삼성,고척,키움,1,0,13106,16000,0.8191,0,10,0.286,17.5,-1,2,8,0.457,9.0,-3,2,10.5,0.319,,,,,,
2025,2025-05-20,화,05,18:30,롯데,LG,사직,롯데,0,0,22669,22669,1.0,1,3,0.609,2.0,3,7,1,0.652,0.0,1,7,-5.0,0.319,,,,,,
2025,2025-05-20,화,05,18:30,KT,KIA,수원,KT,0,0,16064,18700,0.859,0,7,0.477,8.0,-1,3,4,0.5,7.0,4,6,1.0,0.319,,,,,,
2025,2025-05-20,화,05,18:30,NC,한화,울산,롯데,0,1,4497,9690,0.4641,0,6,0.488,7.5,1,6,2,0.609,2.0,-2,5,0.5,0.319,,,,,,
2025,2025-05-20,화,05,18:30,두산,SSG,잠실,LG;두산,0,0,17782,23750,0.7487,0,9,0.432,10.0,-3,4,5,0.5,7.0,2,6,3.0,0.319,,,,,,
2025,2025-05-21,수,05,18:30,키움,삼성,고척,키움,1,0,13193,16000,0.8246,0,10,0.28,18.5,-2,1,8,0.468,9.0,1,3,10.5,0.326,,,,,,
2025,2025-05-21,수,05,18:30,롯데,LG,사직,롯데,0,0,22669,22669,1.0,1,3,0.596,3.0,-1,6,1,0.66,0.0,2,8,-5.0,0.326,,,,,,
2025,2025-05-21,수,05,18:30,KT,KIA,수원,KT,0,0,16302,18700,0.8718,0,6,0.489,8.0,1,4,5,0.489,8.0,-1,6,0.0,0.326,,,,,,
2025,2025-05-21,수,05,18:30,NC,한화,울산,롯데,0,1,4183,9690,0.4317,0,7,0.476,8.5,-1,5,2,0.617,2.0,1,5,0.5,0.326,,,,,,
2025,2025-05-21,수,05,18:30,두산,SSG,잠실,LG;두산,0,0,14052,23750,0.5917,0,9,0.422,11.0,-4,3,4,0.511,7.0,3,7,3.0,0.326,,,,,,
2025,2025-05-22,목,05,18:30,키움,삼성,고척,키움,1,0,12926,16000,0.8079,0,10,0.275,19.0,-3,1,7,0.479,8.5,2,4,11.5,0.333,,,,,,
2025,2025-05-22,목,05,18:30,롯데,LG,사직,롯데,0,0,22669,22669,1.0,1,3,0.596,3.0,-1,5,1,0.66,0.0,2,7,-4.5,0.333,,,,,,
2025,2025-05-22,목,05,18:30,KT,KIA,수원,KT,0,0,16705,18700,0.8933,0,5,0.5,7.5,2,5,8,0.478,8.5,-2,5,0.0,0.333,,,,,,
2025,2025-05-22,목,05,18:30,NC,한화,울산,롯데,0,1,5005,9690,0.5165,0,6,0.488,8.0,1,6,2,0.604,2.5,-1,4,0.5,0.333,,,,,,
2025,2025-05-22,목,05,18:30,두산,SSG,잠실,LG;두산,0,0,14592,23750,0.6144,0,9,0.413,11.5,-5,3,4,0.522,6.5,4,8,4.0,0.333,,,,,,
2025,2025-05-23,금,05,18:30,키움,KT,고척,키움,1,0,4239,16000,0.2649,0,10,0.269,19.0,-4,1,8,0.489,7.5,-1,5,12.0,0.34,,,,,,
2025,2025-05-23,금,05,18:30,삼성,KIA,대구,삼성,0,0,24000,24000,1.0,1,6,0.49,7.5,3,5,7,0.489,7.5,1,6,0.5,0.34,,,,,,
2025,2025-05-23,금,05,18:30,한화,롯데,대전,한화,0,0,17000,17000,1.0,1,3,0.592,2.5,-2,3,2,0.604,2.0,1,5,-4.5,0.34,,,,,,
2025,2025-05-23,금,05,18:30,SSG,LG,문학,SSG,0,0,20150,23000,0.8761,0,4,0.511,6.5,-1,7,1,0.646,0.0,-1,6,-0.5,0.34,,,,,,
2025,2025-05-23,금,05,18:30,두산,NC,잠실,LG;두산,0,0,17944,23750,0.7555,0,9,0.426,10.5,1,4,5,0.5,7.0,2,6,3.5,0.34,,,,,,
2025,2025-05-24,토,05,14:00,키움,KT,고척,키움,1,0,7315,16000,0.4572,0,10,0.264,20.0,-5,1,6,0.5,7.5,1,6,12.5,0.347,,,,,,
2025,2025-05-24,토,05,17:00,삼성,KIA,대구,삼성,0,0,24000,24000,1.0,1,8,0.48,8.5,-1,5,4,0.5,7.5,2,7,1.0,0.347,,,,,,
2025,2025-05-24,토,05,14:00,한화,롯데,대전,한화,0,0,17000,17000,1.0,1,2,0.6,2.5,1,3,3,0.592,3.0,-1,5,-5.0,0.347,,,,,,
2025,2025-05-24,토,05,17:00,SSG,LG,문학,SSG,0,0,23000,23000,1.0,1,5,0.5,7.5,-2,6,1,0.653,0.0,1,6,0.0,0.347,,,,,,
2025,2025-05-24,토,05,17:00,두산,NC,잠실,LG;두산,0,0,22279,23750,0.9381,0,9,0.426,11.0,1,4,7,0.5,7.5,2,5,3.5,0.347,,,,,,
2025,2025-05-25,일,05,14:00,키움,KT,고척,키움,1,0,6809,16000,0.4256,0,10,0.259,20.0,-6,1,6,0.51,6.5,2,7,13.5,0.354,,,,,,
2025,2025-05-25,일,05,14:00,삼성,KIA,대구,삼성,0,0,24000,24000,1.0,1,7,0.49,7.5,1,5,8,0.49,7.5,-1,6,1.0,0.354,,,,,,
2025,2025-05-25,일,05,14:00,한화,롯데,대전,한화,0,0,17000,17000,1.0,1,3,0.588,2.5,-1,3,2,0.6,2.0,1,6,-4.0,0.354,,,,,,
2025,2025-05-25,일,05,14:00,SSG,LG,문학,SSG,0,0,23000,23000,1.0,1,5,0.51,6.5,1,6,1,0.64,0.0,-1,5,0.0,0.354,,,,,,
2025,2025-05-25,일,05,14:00,두산,NC,잠실,LG;두산,0,0,20534,23750,0.8646,0,9,0.417,11.0,-1,3,4,0.511,6.5,3,6,4.5,0.354,,,,,,
2025,2025-05-27,화,05,18:30,KIA,키움,광주,KIA,0,0,15351,20500,0.7488,0,8,0.48,8.5,-2,6,10,0.255,21.0,-7,1,1.0,0.361,,,,,,
2025,2025-05-27,화,05,18:30,삼성,롯데,대구,삼성,0,0,24000,24000,1.0,1,5,0.5,7.5,2,6,3,0.588,3.0,-1,5,0.0,0.361,,,,,,
2025,2025-05-27,화,05,18:30,SSG,NC,문학,SSG,0,0,12124,23000,0.5271,0,6,0.5,7.5,-1,6,7,0.5,7.5,-1,5,0.0,0.361,,,,,,
2025,2025-05-27,화,05,18:30,KT,두산,수원,KT,0,0,8355,18700,0.4468,0,4,0.52,6.5,3,7,9,0.429,11.0,1,3,-1.0,0.361,,,,,,
2025,2025-05-27,화,05,18:30,LG,한화,잠실,LG;두산,0,0,23750,23750,1.0,1,1,0.647,0.0,1,5,2,0.596,2.5,1,4,-7.5,0.361,,,,,,
2025,2025-05-28,수,05,18:30,KIA,키움,광주,KIA,0,0,16517,20500,0.8057,0,8,0.49,8.5,1,6,10,0.25,22.0,-8,1,1.0,0.368,,,,,,
2025,2025-05-28,수,05,18:30,SSG,NC,문학,SSG,0,0,12747,23000,0.5542,0,6,0.5,8.0,-1,5,7,0.5,8.0,-1,5,0.5,0.368,,,,,,
2025,2025-05-28,수,05,18:30,KT,두산,수원,KT,0,0,8822,18700,0.4718,0,4,0.529,6.5,4,8,9,0.42,12.0,-1,2,-1.0,0.368,,,,,,
2025,2025-05-28,수,05,18:30,LG,한화,잠실,LG;두산,0,0,23750,23750,1.0,1,1,0.654,0.0,2,5,2,0.585,3.5,-1,4,-7.5,0.368,,,,,,
2025,2025-05-29,목,05,18:30,KIA,키움,광주,KIA,0,0,18127,20500,0.8842,0,7,0.5,7.5,2,6,10,0.246,22.0,-9,1,0.5,0.374,,,,,,
2025,2025-05-29,목,05,18:30,삼성,롯데,대구,삼성,0,0,24000,24000,1.0,1,6,0.509,7.0,3,6,3,0.577,3.5,-2,5,0.0,0.374,,,,,,
2025,2025-05-29,목,05,18:30,SSG,NC,문학,SSG,0,0,13466,23000,0.5855,0,5,0.51,7.0,1,6,8,0.489,8.0,-2,4,0.0,0.374,,,,,,
2025,2025-05-29,목,05,18:30,KT,두산,수원,KT,0,0,9238,18700,0.494,0,4,0.519,6.5,-1,7,9,0.431,11.0,1,3,-0.5,0.374,,,,,,
2025,2025-05-29,목,05,18:30,LG,한화,잠실,LG;두산,0,0,23750,23750,1.0,1,1,0.642,0.0,-1,5,2,0.593,2.5,1,4,-7.0,0.374,,,,,,
2025,2025-05-30,금,05,18:30,키움,두산,고척,키움,1,0,9182,16000,0.5739,0,10,0.246,22.5,-9,0,9,0.423,12.0,-1,3,15.5,0.381,,,,,,
2025,2025-05-30,금,05,18:30,롯데,SSG,사직,롯데,0,0,22669,22669,1.0,1,3,0.566,4.5,-3,4,5,0.519,7.0,2,6,-2.5,0.381,,,,,,
2025,2025-05-30,금,05,18:30,KT,KIA,수원,KT,0,0,18700,18700,1.0,1,4,0.528,6.5,1,7,7,0.5,8.0,2,5,-0.5,0.381,,,,,,
2025,2025-05-30,금,05,18:30,LG,삼성,잠실,LG;두산,0,0,23750,23750,1.0,1,1,0.648,0.0,1,6,6,0.519,7.0,4,7,-7.0,0.381,,,,,,
2025,2025-05-30,금,05,18:30,NC,한화,창원,NC,0,0,12395,17983,0.6893,0,8,0.479,9.0,-3,4,2,0.582,3.5,-1,4,2.0,0.381,,,,,,
2025,2025-05-31,토,05,17:00,키움,두산,고척,키움,1,0,13456,16000,0.841,0,10,0.241,22.5,-10,0,9,0.434,11.0,1,4,16.5,0.388,,,,,,
2025,2025-05-31,토,05,17:00,롯데,SSG,사직,롯데,0,0,22669,22669,1.0,1,3,0.574,3.5,1,4,6,0.509,7.0,-1,5,-2.5,0.388,,,,,,
2025,2025-05-31,토,05,14:00,KT,KIA,수원,KT,0,0,18700,18700,1.0,1,4,0.537,5.5,2,8,7,0.491,8.0,-1,4,-0.5,0.388,,,,,,
2025,2025-05-31,토,05,17:00,LG,삼성,잠실,LG;두산,0,0,23750,23750,1.0,1,1,0.636,0.0,-1,5,5,0.527,6.0,5,8,-6.0,0.388,,,,,,
2025,2025-05-31,토,05,14:00,NC,한화,창원,NC,0,0,16741,17983,0.9309,0,8,0.469,9.0,-4,3,2,0.589,2.5,1,5,3.0,0.388,,,,,,
2025,2025-06-01,일,06,14:00,키움,두산,고척,키움,1,0,12350,16000,0.7719,0,10,0.254,21.5,1,1,9,0.426,11.0,-1,4,16.5,0.394,,,,,,
2025,2025-06-01,일,06,17:00,롯데,SSG,사직,롯데,0,0,22669,22669,1.0,1,3,0.564,3.5,-1,3,6,0.519,6.0,1,5,-1.5,0.394,,,,,,
2025,2025-06-01,일,06,17:00,KT,KIA,수원,KT,0,0,18700,18700,1.0,1,4,0.545,4.5,3,8,7,0.481,8.0,-2,4,-0.5,0.394,,,,,,
2025,2025-06-01,일,06,17:00,LG,삼성,잠실,LG;두산,0,0,23750,23750,1.0,1,1,0.625,0.0,-2,4,5,0.536,5.0,6,9,-5.0,0.394,,,,,,
2025,2025-06-01,일,06,17:00,NC,한화,창원,NC,0,0,14906,17983,0.8289,0,8,0.46,9.0,-5,3,2,0.596,1.5,2,5,4.0,0.394,,,,,,
2025,2025-06-03,화,06,14:00,한화,KT,대전,한화,0,0,17000,17000,1.0,1,2,0.586,1.5,-1,5,5,0.536,4.5,-1,7,-3.0,0.401,,,,,,
2025,2025-06-03,화,06,17:00,SSG,삼성,문학,SSG,0,0,23000,23000,1.0,1,6,0.527,5.0,2,5,4,0.544,4.0,7,9,0.5,0.401,,,,,,
2025,2025-06-03,화,06,17:00,롯데,키움,사직,롯데,0,0,22669,22669,1.0,1,3,0.554,3.5,-2,3,10,0.267,20.5,2,2,-1.0,0.401,,,,,,
2025,2025-06-03,화,06,17:00,두산,KIA,잠실,LG;두산,0,0,23750,23750,1.0,1,9,0.418,11.0,-2,4,7,0.491,7.0,1,5,6.5,0.401,,,,,,
2025,2025-06-03,화,06,14:00,NC,LG,창원,NC,0,0,13937,17983,0.775,0,8,0.471,8.0,1,3,1,0.614,0.0,-3,4,3.5,0.401,,,,,,
2025,2025-06-04,수,06,18:30,한화,KT,대전,한화,0,0,17000,17000,1.0,1,2,0.593,1.5,1,6,6,0.526,5.5,-2,7,-3.5,0.408,,,,,,
2025,2025-06-04,수,06,18:30,SSG,삼성,문학,SSG,0,0,15706,23000,0.6829,0,4,0.536,5.0,3,6,5,0.534,5.0,-1,8,0.0,0.408,,,,,,
2025,2025-06-04,수,06,18:30,롯데,키움,사직,롯데,0,0,22669,22669,1.0,1,3,0.561,3.5,1,4,10,0.262,21.5,-1,2,-1.5,0.408,,,,,,
2025,2025-06-04,수,06,18:30,두산,KIA,잠실,LG;두산,0,0,23750,23750,1.0,1,9,0.411,12.0,-3,3,7,0.5,7.0,2,5,7.0,0.408,,,,,,
2025,2025-06-04,수,06,18:30,NC,LG,창원,NC,0,0,5235,17983,0.2911,0,8,0.462,9.0,-1,2,1,0.621,0.0,1,5,4.0,0.408,,,,,,
2025,2025-06-05,목,06,18:30,한화,KT,대전,한화,0,0,17000,17000,1.0,1,2,0.6,0.5,2,6,6,0.517,5.5,-3,6,-4.5,0.415,,,,,,
2025,2025-06-05,목,06,18:30,SSG,삼성,문학,SSG,0,0,19273,23000,0.838,0,4,0.544,4.0,4,7,5,0.525,5.0,-2,7,-1.0,0.415,,,,,,
2025,2025-06-05,목,06,18:30,롯데,키움,사직,롯데,0,0,22669,22669,1.0,1,3,0.552,3.5,-1,3,10,0.274,20.5,1,3,-1.5,0.415,,,,,,
2025,2025-06-05,목,06,18:30,두산,KIA,잠실,LG;두산,0,0,23750,23750,1.0,1,9,0.404,12.0,-4,3,7,0.509,6.0,3,5,7.0,0.415,,,,,,
2025,2025-06-05,목,06,18:30,NC,LG,창원,NC,0,0,8957,17983,0.4981,0,8,0.472,8.0,1,3,1,0.61,0.0,-1,4,3.0,0.415,,,,,,
2025,2025-06-06,금,06,17:00,키움,LG,고척,키움,1,0,16000,16000,1.0,1,10,0.286,20.5,2,4,1,0.617,0.0,1,5,15.5,0.422,,,,,,
2025,2025-06-06,금,06,17:00,KIA,한화,광주,KIA,0,0,20500,20500,1.0,1,7,0.5,7.0,-1,5,2,0.59,1.5,-1,6,2.0,0.422,,,,,,
2025,2025-06-06,금,06,17:00,삼성,NC,대구,삼성,0,0,24000,24000,1.0,1,5,0.533,5.0,1,8,8,0.463,9.0,-1,2,0.0,0.422,,,,,,
2025,2025-06-06,금,06,17:00,KT,SSG,수원,KT,0,0,18700,18700,1.0,1,6,0.525,5.5,1,6,4,0.534,5.0,-1,6,0.5,0.422,,,,,,
2025,2025-06-06,금,06,17:00,두산,롯데,잠실,LG;두산,0,0,23750,23750,1.0,1,9,0.414,12.0,1,4,3,0.542,4.5,-2,3,7.0,0.422,,,,,,
2025,2025-06-07,토,06,17:00,키움,LG,고척,키움,1,0,16000,16000,1.0,1,10,0.297,19.5,3,5,1,0.607,0.0,-1,4,15.0,0.429,,,,,,
2025,2025-06-07,토,06,17:00,KIA,한화,광주,KIA,0,0,20500,20500,1.0,1,7,0.508,6.0,1,6,2,0.581,1.5,-2,5,1.5,0.429,,,,,,
2025,2025-06-07,토,06,17:00,삼성,NC,대구,삼성,0,0,24000,24000,1.0,1,3,0.541,4.0,2,8,8,0.455,9.0,-2,2,-0.5,0.429,,,,,,
2025,2025-06-07,토,06,17:00,KT,SSG,수원,KT,0,0,16755,18700,0.896,0,4,0.533,4.5,2,6,6,0.525,5.0,-2,6,0.0,0.429,,,,,,
2025,2025-06-07,토,06,17:00,두산,롯데,잠실,LG;두산,0,0,23750,23750,1.0,1,9,0.424,11.0,2,4,5,0.533,4.5,-3,2,6.5,0.429,,,,,,
2025,2025-06-08,일,06,14:00,키움,LG,고척,키움,1,0,16000,16000,1.0,1,10,0.308,18.5,4,6,1,0.597,0.0,-2,3,14.5,0.436,,,,,,
2025,2025-06-08,일,06,17:00,KIA,한화,광주,KIA,0,0,18586,20500,0.9066,0,7,0.5,6.0,-1,5,2,0.587,0.5,1,6,2.0,0.436,,,,,,
2025,2025-06-08,일,06,17:00,삼성,NC,대구,삼성,0,0,24000,24000,1.0,1,5,0.532,4.0,-1,7,8,0.464,8.0,1,3,0.0,0.436,,,,,,
2025,2025-06-08,일,06,17:00,KT,SSG,수원,KT,0,0,13026,18700,0.6966,0,3,0.541,3.5,3,6,6,0.517,5.0,-3,6,-0.5,0.436,,,,,,
2025,2025-06-08,일,06,17:00,두산,롯데,잠실,LG;두산,0,0,23750,23750,1.0,1,9,0.417,11.0,-1,4,4,0.541,3.5,1,3,7.0,0.436,,,,,,
2025,2025-06-10,화,06,18:30,키움,NC,고척,키움,1,0,4004,16000,0.2502,0,10,0.303,19.5,-1,6,8,0.456,9.0,-1,3,15.0,0.443,,,,,,
2025,2025-06-10,화,06,18:30,KIA,삼성,광주,KIA,0,0,15887,20500,0.775,0,7,0.508,6.0,1,5,4,0.54,4.0,1,7,1.5,0.443,,,,,,
2025,2025-06-10,화,06,18:30,한화,두산,대전,한화,0,0,16691,17000,0.9818,1,2,0.578,1.5,-1,5,9,0.41,12.0,-2,3,-3.0,0.443,,,,,,
2025,2025-06-10,화,06,18:30,KT,롯데,수원,KT,0,0,10809,18700,0.578,0,5,0.532,4.5,-1,6,3,0.548,3.5,2,4,0.0,0.443,,,,,,
2025,2025-06-10,화,06,18:30,LG,SSG,잠실,LG;두산,0,0,17221,23750,0.7251,0,1,0.603,0.0,1,4,6,0.525,5.0,1,6,-4.5,0.443,,,,,,
2025,2025-06-11,수,06,18:30,키움,NC,고척,키움,1,0,4034,16000,0.2521,0,10,0.303,19.0,-1,6,8,0.456,8.5,-1,3,15.5,0.45,,,,,,
2025,2025-06-11,수,06,18:30,KIA,삼성,광주,KIA,0,0,17320,20500,0.8449,0,7,0.5,6.0,-1,5,3,0.547,3.0,2,7,2.5,0.45,,,,,,
2025,2025-06-11,수,06,18:30,한화,두산,대전,한화,0,0,17000,17000,1.0,1,2,0.585,0.5,1,6,9,0.403,12.0,-3,3,-3.0,0.45,,,,,,
2025,2025-06-11,수,06,18:30,KT,롯데,수원,KT,0,0,11777,18700,0.6298,0,4,0.54,3.5,1,6,5,0.54,3.5,-1,4,0.0,0.45,,,,,,
2025,2025-06-11,수,06,18:30,LG,SSG,잠실,LG;두산,0,0,18192,23750,0.766,0,1,0.594,0.0,-1,3,6,0.532,4.0,2,6,-3.5,0.45,,,,,,
2025,2025-06-12,목,06,18:30,키움,NC,고척,키움,1,0,4410,16000,0.2756,0,10,0.299,20.0,-2,6,8,0.466,8.5,1,4,15.5,0.457,,,,,,
2025,2025-06-12,목,06,18:30,KIA,삼성,광주,KIA,0,0,16761,20500,0.8176,0,7,0.508,6.0,1,6,4,0.538,4.0,-1,6,1.5,0.457,,,,,,
2025,2025-06-12,목,06,18:30,한화,두산,대전,한화,0,0,17000,17000,1.0,1,2,0.591,0.5,2,6,9,0.397,13.0,-4,2,-4.0,0.457,,,,,,
2025,2025-06-12,목,06,18:30,KT,롯데,수원,KT,0,0,12378,18700,0.6619,0,5,0.531,4.5,-1,5,3,0.547,3.5,1,4,0.0,0.457,,,,,,
2025,2025-06-12,목,06,18:30,LG,SSG,잠실,LG;두산,0,0,18321,23750,0.7714,0,1,0.6,0.0,1,4,6,0.524,5.0,-1,6,-4.5,0.457,,,,,,
2025,2025-06-13,금,06,18:30,NC,KIA,창원,NC,0,0,8362,17983,0.465,0,8,0.475,8.5,2,5,7,0.5,7.0,-1,6,3.0,0.464,,,,,,
2025,2025-06-14,토,06,17:00,삼성,KT,대구,삼성,0,0,24000,24000,1.0,1,4,0.545,4.0,1,6,5,0.523,5.5,-2,4,-1.5,0.465,,,,,,
2025,2025-06-14,토,06,17:00,한화,LG,대전,한화,0,0,17000,17000,1.0,1,2,0.597,0.5,3,6,1,0.606,0.0,2,5,-5.0,0.465,,,,,,
2025,2025-06-14,토,06,17:00,SSG,롯데,문학,SSG,0,0,23000,23000,1.0,1,6,0.516,6.0,-2,5,3,0.554,3.5,2,5,0.5,0.465,,,,,,
2025,2025-06-14,토,06,17:00,두산,키움,잠실,LG;두산,0,0,18390,23750,0.7743,0,9,0.391,14.0,-5,2,10,0.294,21.0,-3,5,8.5,0.465,,,,,,
2025,2025-06-14,토,06,17:00,NC,KIA,창원,NC,0,0,15000,17983,0.8341,0,8,0.483,8.0,3,5,7,0.492,7.5,-2,5,2.5,0.465,,,,,,
2025,2025-06-15,일,06,17:00,삼성,KT,대구,삼성,0,0,24000,24000,1.0,1,4,0.537,4.5,-1,5,5,0.53,5.0,1,5,-0.5,0.472,,,,,,
2025,2025-06-15,일,06,17:00,한화,LG,대전,한화,0,0,17000,17000,1.0,1,2,0.597,0.5,3,6,1,0.606,0.0,2,5,-4.5,0.472,,,,,,
2025,2025-06-15,일,06,17:00,SSG,롯데,문학,SSG,0,0,20960,23000,0.9113,0,6,0.508,6.5,-3,4,3,0.561,3.0,3,6,1.5,0.472,,,,,,
2025,2025-06-15,일,06,17:00,두산,키움,잠실,LG;두산,0,0,11744,23750,0.4945,0,9,0.4,13.5,1,3,10,0.29,21.5,-4,4,8.5,0.472,,,,,,
2025,2025-06-15,일,06,17:00,NC,KIA,창원,NC,0,0,12470,17983,0.6934,0,8,0.475,8.5,-1,5,7,0.5,7.0,1,5,3.5,0.472,,,,,,
2025,2025-06-17,화,06,18:30,키움,SSG,고척,키움,1,0,6205,16000,0.3878,0,10,0.286,22.0,-5,4,6,0.515,6.0,1,4,17.0,0.479,,,,,,
2025,2025-06-17,화,06,18:30,KIA,KT,광주,KIA,0,0,10596,20500,0.5169,0,7,0.507,6.5,2,5,4,0.537,4.5,2,6,1.5,0.479,,,,,,
2025,2025-06-17,화,06,18:30,삼성,두산,대구,삼성,0,0,23044,24000,0.9602,0,5,0.529,5.0,-2,5,9,0.409,13.0,2,4,0.0,0.479,,,,,,
2025,2025-06-17,화,06,18:30,롯데,한화,사직,롯데,0,0,22669,22669,1.0,1,3,0.552,3.5,-1,5,1,0.603,0.0,4,6,-1.5,0.479,,,,,,
2025,2025-06-17,화,06,18:30,LG,NC,잠실,LG;두산,0,0,15069,23750,0.6345,0,2,0.597,0.5,-1,4,8,0.468,9.0,-2,4,-4.5,0.479,,,,,,
2025,2025-06-18,수,06,18:30,키움,SSG,고척,키움,1,0,6941,16000,0.4338,0,10,0.282,23.0,-6,3,6,0.522,6.0,2,4,17.5,0.486,,,,,,
2025,2025-06-18,수,06,18:30,KIA,KT,광주,KIA,0,0,16311,20500,0.7957,0,7,0.515,6.5,3,6,5,0.529,5.5,-1,6,1.0,0.486,,,,,,
2025,2025-06-18,수,06,18:30,삼성,두산,대구,삼성,0,0,23385,24000,0.9744,0,4,0.536,5.0,1,6,9,0.403,14.0,-1,4,-0.5,0.486,,,,,,
2025,2025-06-18,수,06,18:30,롯데,한화,사직,롯데,0,0,22669,22669,1.0,1,3,0.544,4.5,-2,5,1,0.609,0.0,5,6,-1.0,0.486,,,,,,
2025,2025-06-18,수,06,18:30,LG,NC,잠실,LG;두산,0,0,16103,23750,0.678,0,2,0.588,1.5,-2,4,8,0.476,9.0,1,5,-4.0,0.486,,,,,,
2025,2025-06-19,목,06,18:30,키움,SSG,고척,키움,1,0,7032,16000,0.4395,0,10,0.292,22.0,1,3,7,0.515,6.0,-1,4,16.5,0.493,,,,,,
2025,2025-06-19,목,06,18:30,KIA,KT,광주,KIA,0,0,14079,20500,0.6868,0,5,0.522,5.5,4,6,6,0.522,5.5,-2,5,0.0,0.493,,,,,,
2025,2025-06-19,목,06,18:30,삼성,두산,대구,삼성,0,0,23355,24000,0.9731,0,4,0.543,4.0,2,6,9,0.397,14.0,-2,3,-1.5,0.493,,,,,,
2025,2025-06-19,목,06,18:30,롯데,한화,사직,롯데,0,0,22669,22669,1.0,1,3,0.551,3.5,1,6,1,0.6,0.0,-1,6,-2.0,0.493,,,,,,
2025,2025-06-19,목,06,18:30,LG,NC,잠실,LG;두산,0,0,15636,23750,0.6584,0,2,0.594,0.5,1,4,8,0.469,9.0,-1,5,-5.0,0.493,,,,,,
2025,2025-06-20,금,06,18:30,롯데,삼성,사직,롯데,0,0,21911,22669,0.9666,0,3,0.557,2.5,2,7,4,0.535,4.0,-1,5,-2.0,0.5,,,,,,
2025,2025-06-21,토,06,17:00,SSG,KIA,문학,SSG,0,0,23000,23000,1.0,1,6,0.522,5.0,1,5,4,0.529,4.5,5,7,0.5,0.501,,,,,,
2025,2025-06-21,토,06,17:00,KT,NC,수원,KT,0,0,13680,18700,0.7316,0,7,0.514,5.5,-3,4,8,0.477,8.0,1,5,1.0,0.501,,,,,,
2025,2025-06-21,토,06,17:00,LG,두산,잠실,LG;두산,0,0,23750,23750,1.0,1,2,0.586,0.5,-1,4,9,0.406,13.0,1,3,-4.0,0.501,,,,,,
2025,2025-06-22,일,06,17:00,한화,키움,대전,한화,0,0,17000,17000,1.0,1,1,0.592,0.0,-2,6,10,0.288,22.0,-1,2,-4.5,0.506,,,,,,
2025,2025-06-22,일,06,17:00,SSG,KIA,문학,SSG,0,0,23000,23000,1.0,1,6,0.522,5.0,1,5,4,0.529,4.5,5,6,0.5,0.506,,,,,,
2025,2025-06-22,일,06,17:00,롯데,삼성,사직,롯데,0,0,22669,22669,1.0,1,3,0.563,2.0,3,7,5,0.528,4.5,-2,5,-2.5,0.506,,,,,,
2025,2025-06-22,일,06,17:00,KT,NC,수원,KT,0,0,12059,18700,0.6449,0,7,0.521,5.0,1,4,8,0.47,8.5,-1,5,0.5,0.506,,,,,,
2025,2025-06-22,일,06,17:00,LG,두산,잠실,LG;두산,0,0,23750,23750,1.0,1,2,0.577,1.0,-2,4,9,0.414,12.5,2,4,-3.5,0.506,,,,,,
2025,2025-06-24,화,06,18:30,키움,KIA,고척,키움,1,0,16000,16000,1.0,1,10,0.284,23.0,-2,1,4,0.535,4.5,6,7,17.5,0.512,,,,,,
2025,2025-06-24,화,06,18:30,KT,LG,수원,KT,0,0,9335,18700,0.4992,0,7,0.514,6.0,-1,4,2,0.583,1.0,1,4,0.5,0.512,,,,,,
2025,2025-06-24,화,06,18:30,두산,SSG,잠실,LG;두산,0,0,12141,23750,0.5112,0,9,0.408,13.5,-1,4,6,0.514,6.0,-1,4,8.0,0.512,,,,,,
2025,2025-06-25,수,06,18:30,키움,KIA,고척,키움,1,0,16000,16000,1.0,1,10,0.293,22.5,1,2,4,0.528,5.0,-1,6,17.0,0.517,,,,,,
2025,2025-06-25,수,06,18:30,삼성,한화,대구,삼성,0,0,24000,24000,1.0,1,5,0.521,5.5,-3,4,1,0.597,0.0,1,6,0.0,0.517,,,,,,
2025,2025-06-25,수,06,18:30,NC,롯데,창원,NC,0,0,15587,17983,0.8668,0,8,0.478,8.5,1,6,3,0.569,2.0,4,7,3.0,0.517,,,,,,
2025,2025-06-26,목,06,18:30,키움,KIA,고척,키움,1,0,16000,16000,1.0,1,10,0.289,22.5,-1,2,4,0.534,4.0,1,7,18.0,0.521,,,,,,
2025,2025-06-26,목,06,18:30,삼성,한화,대구,삼성,0,0,24000,24000,1.0,1,5,0.527,4.5,1,4,1,0.589,0.0,-1,6,0.0,0.521,,,,,,
2025,2025-06-26,목,06,18:30,KT,LG,수원,KT,0,0,13365,18700,0.7147,0,6,0.521,5.0,1,4,2,0.575,1.0,-1,4,0.5,0.521,,,,,,
2025,2025-06-26,목,06,18:30,두산,SSG,잠실,LG;두산,0,0,13553,23750,0.5707,0,9,0.417,12.5,1,5,7,0.507,6.0,-2,3,8.0,0.521,,,,,,
2025,2025-06-26,목,06,18:30,NC,롯데,창원,NC,0,0,16335,17983,0.9084,0,8,0.485,7.5,2,6,3,0.562,2.0,-1,7,3.0,0.521,,,,,,
2025,2025-06-27,금,06,18:30,키움,삼성,고척,키움,1,0,16000,16000,1.0,1,10,0.289,23.0,-1,2,5,0.52,5.5,-1,4,17.5,0.528,,,,,,
2025,2025-06-27,금,06,18:30,SSG,한화,문학,SSG,0,0,23000,23000,1.0,1,6,0.514,6.0,1,4,1,0.595,0.0,1,6,0.5,0.528,,,,,,
2025,2025-06-27,금,06,18:30,롯데,KT,사직,롯데,0,0,22669,22669,1.0,1,3,0.568,2.0,1,7,7,0.514,6.0,-1,4,-3.5,0.528,,,,,,
2025,2025-06-27,금,06,18:30,LG,KIA,잠실,LG;두산,0,0,23750,23750,1.0,1,2,0.581,1.0,1,4,4,0.534,4.5,1,7,-4.5,0.528,,,,,,
2025,2025-06-27,금,06,18:30,NC,두산,창원,NC,0,0,8025,17983,0.4463,0,8,0.478,8.5,-1,5,9,0.411,13.5,-1,5,3.0,0.528,,,,,,
2025,2025-06-28,토,06,17:00,키움,삼성,고척,키움,1,0,16000,16000,1.0,1,10,0.299,22.0,1,3,7,0.513,5.5,-2,3,17.0,0.535,,,,,,
2025,2025-06-28,토,06,17:00,SSG,한화,문학,SSG,0,0,23183,23000,1.008,1,5,0.521,5.0,2,5,1,0.587,0.0,-1,5,0.0,0.535,,,,,,
2025,2025-06-28,토,06,17:00,롯데,KT,사직,롯데,0,0,22669,22669,1.0,1,3,0.56,2.0,-1,6,6,0.52,5.0,1,5,-3.0,0.535,,,,,,
2025,2025-06-28,토,06,17:00,LG,KIA,잠실,LG;두산,0,0,23750,23750,1.0,1,2,0.587,0.0,2,4,4,0.527,4.5,-1,6,-5.0,0.535,,,,,,
2025,2025-06-28,토,06,17:00,NC,두산,창원,NC,0,0,12961,17983,0.7207,0,8,0.486,7.5,1,5,9,0.405,13.5,-2,5,2.5,0.535,,,,,,
2025,2025-06-29,일,06,14:00,키움,삼성,고척,키움,1,0,16000,16000,1.0,1,10,0.308,22.0,2,4,7,0.506,6.5,-3,3,17.0,0.542,,,,,,
2025,2025-06-29,일,06,17:00,SSG,한화,문학,SSG,0,0,23000,23000,1.0,1,6,0.514,6.0,-1,5,1,0.592,0.0,1,5,1.0,0.542,,,,,,
2025,2025-06-29,일,06,17:00,롯데,KT,사직,롯데,0,0,22669,22669,1.0,1,3,0.553,3.0,-2,5,5,0.526,5.0,2,5,-2.0,0.542,,,,,,
2025,2025-06-29,일,06,17:00,LG,KIA,잠실,LG;두산,0,0,23750,23750,1.0,1,2,0.579,1.0,-1,4,4,0.533,4.5,1,6,-4.0,0.542,,,,,,
2025,2025-06-29,일,06,17:00,NC,두산,창원,NC,0,0,9894,17983,0.5502,0,8,0.493,7.5,2,6,9,0.4,14.5,-3,4,2.5,0.542,,,,,,
2025,2025-07-01,화,07,18:30,KIA,SSG,광주,KIA,0,0,11782,20500,0.5747,0,4,0.539,3.5,2,6,5,0.52,5.0,1,5,-1.5,0.549,,,,,,
2025,2025-07-01,화,07,18:30,한화,NC,대전,한화,0,0,17000,17000,1.0,1,1,0.584,0.0,-1,5,8,0.486,7.5,-1,6,-5.0,0.549,,,,,,
2025,2025-07-01,화,07,18:30,롯데,LG,사직,롯데,0,0,19627,22669,0.8658,0,3,0.558,2.0,1,6,2,0.571,1.0,-2,4,-3.0,0.549,,,,,,
2025,2025-07-01,화,07,18:30,KT,키움,수원,KT,0,0,5616,18700,0.3003,0,6,0.519,5.0,-1,4,10,0.316,21.0,3,5,0.0,0.549,,,,,,
2025,2025-07-01,화,07,18:30,두산,삼성,잠실,LG;두산,0,0,18022,23750,0.7588,0,9,0.408,13.5,1,4,7,0.5,6.5,-4,3,8.5,0.549,,,,,,
2025,2025-07-02,수,07,18:30,KIA,SSG,광주,KIA,0,0,11827,20500,0.5769,0,4,0.545,3.5,3,6,5,0.513,6.0,-1,4,-2.5,0.556,,,,,,
2025,2025-07-02,수,07,18:30,한화,NC,대전,한화,0,0,17000,17000,1.0,1,1,0.59,0.0,1,5,8,0.479,8.5,-2,5,-6.0,0.556,,,,,,
2025,2025-07-02,수,07,18:30,롯데,LG,사직,롯데,0,0,20661,22669,0.9114,0,3,0.551,3.0,-1,6,2,0.577,1.0,1,5,-3.0,0.556,,,,,,
2025,2025-07-02,수,07,18:30,KT,키움,수원,KT,0,0,6787,18700,0.3629,0,6,0.513,6.0,-2,4,10,0.325,21.0,4,6,0.0,0.556,,,,,,
2025,2025-07-02,수,07,18:30,두산,삼성,잠실,LG;두산,0,0,20448,23750,0.861,0,9,0.403,14.5,-1,4,7,0.506,6.5,1,3,8.5,0.556,,,,,,
2025,2025-07-03,목,07,18:30,KIA,SSG,광주,KIA,0,0,13013,20500,0.6348,0,4,0.538,3.5,-1,5,5,0.519,5.0,1,5,-1.5,0.562,,,,,,
2025,2025-07-03,목,07,18:30,한화,NC,대전,한화,0,0,17000,17000,1.0,1,1,0.582,0.0,-1,4,8,0.486,7.5,1,6,-5.0,0.562,,,,,,
2025,2025-07-03,목,07,18:30,롯데,LG,사직,롯데,0,0,21914,22669,0.9667,0,3,0.557,2.0,1,6,2,0.57,1.0,-1,4,-3.0,0.562,,,,,,
2025,2025-07-03,목,07,18:30,KT,키움,수원,KT,0,0,8540,18700,0.4567,0,6,0.519,5.0,1,5,10,0.321,21.0,-1,5,0.0,0.562,,,,,,
2025,2025-07-03,목,07,18:30,두산,삼성,잠실,LG;두산,0,0,21525,23750,0.9063,0,9,0.41,13.5,1,5,7,0.5,6.5,-1,2,8.5,0.562,,,,,,
2025,2025-07-04,금,07,18:30,키움,한화,고척,키움,1,0,16000,16000,1.0,1,10,0.317,21.5,-2,5,1,0.582,0.0,-1,4,17.0,0.569,,,,,,
2025,2025-07-04,금,07,18:30,KIA,롯데,광주,KIA,0,0,20500,20500,1.0,1,4,0.544,3.0,1,6,3,0.562,1.5,2,6,-1.5,0.569,,,,,,
2025,2025-07-04,금,07,18:30,삼성,LG,대구,삼성,0,0,24000,24000,1.0,1,7,0.506,6.0,1,3,2,0.562,1.5,-2,4,1.5,0.569,,,,,,
2025,2025-07-04,금,07,18:30,두산,KT,잠실,LG;두산,0,0,16101,23750,0.6779,0,9,0.405,14.0,-1,4,5,0.525,4.5,2,6,9.5,0.569,,,,,,
2025,2025-07-04,금,07,18:30,NC,SSG,창원,NC,0,0,11147,17983,0.6199,0,8,0.486,7.5,1,5,6,0.513,5.5,-1,4,3.0,0.569,,,,,,
2025,2025-07-05,토,07,18:00,키움,한화,고척,키움,1,0,16000,16000,1.0,1,10,0.313,22.5,-3,5,1,0.588,0.0,1,5,18.0,0.576,,,,,,
2025,2025-07-05,토,07,18:00,KIA,롯데,광주,KIA,0,0,20500,20500,1.0,1,4,0.55,3.0,2,6,3,0.556,2.5,-1,5,-1.5,0.576,,,,,,
2025,2025-07-05,토,07,18:00,삼성,LG,대구,삼성,0,0,24000,24000,1.0,1,7,0.512,6.0,2,4,2,0.556,2.5,-3,4,1.5,0.576,,,,,,
2025,2025-07-05,토,07,18:00,두산,KT,잠실,LG;두산,0,0,19774,23750,0.8326,0,9,0.4,15.0,-2,3,5,0.531,4.5,3,6,10.5,0.576,,,,,,
2025,2025-07-05,토,07,18:00,NC,SSG,창원,NC,0,0,12028,17983,0.6689,0,8,0.48,8.5,-1,5,6,0.519,5.5,1,5,4.0,0.576,,,,,,
2025,2025-07-06,일,07,14:00,키움,한화,고척,키움,1,0,16000,16000,1.0,1,10,0.31,23.5,-4,4,1,0.593,0.0,2,5,18.0,0.583,,,,,,
2025,2025-07-06,일,07,18:00,KIA,롯데,광주,KIA,0,0,20500,20500,1.0,1,2,0.556,3.0,3,7,4,0.549,3.5,-2,4,-2.5,0.583,,,,,,
2025,2025-07-06,일,07,18:00,삼성,LG,대구,삼성,0,0,24000,24000,1.0,1,7,0.518,6.0,3,5,3,0.549,3.5,-4,3,0.5,0.583,,,,,,
2025,2025-07-06,일,07,18:00,두산,KT,잠실,LG;두산,0,0,23750,23750,1.0,1,9,0.407,15.0,1,4,6,0.524,5.5,-1,6,9.5,0.583,,,,,,
2025,2025-07-06,일,07,18:00,NC,SSG,창원,NC,0,0,7726,17983,0.4296,0,8,0.474,9.5,-2,4,5,0.525,5.5,2,6,4.0,0.583,,,,,,
2025,2025-07-08,화,07,18:30,한화,KIA,대전,한화,0,0,17000,17000,1.0,1,1,0.598,0.0,3,6,4,0.549,4.0,-1,6,-6.5,0.59,,,,,,
2025,2025-07-08,화,07,18:30,SSG,KT,문학,SSG,0,0,10812,23000,0.4701,0,5,0.519,6.5,-1,6,6,0.518,6.5,-2,5,0.0,0.59,,,,,,
2025,2025-07-08,화,07,18:30,롯데,두산,사직,롯데,0,0,18541,22669,0.8179,0,3,0.554,3.5,1,5,9,0.415,15.0,2,4,-3.0,0.59,,,,,,
2025,2025-07-08,화,07,18:30,LG,키움,잠실,LG;두산,0,0,16098,23750,0.6778,0,2,0.554,3.5,1,4,10,0.306,24.5,-5,4,-3.0,0.59,,,,,,
2025,2025-07-08,화,07,18:30,NC,삼성,창원,NC,0,0,8294,17983,0.4612,0,8,0.481,9.5,1,4,7,0.512,7.0,-1,4,3.0,0.59,,,,,,
2025,2025-07-09,수,07,18:30,한화,KIA,대전,한화,0,0,17000,17000,1.0,1,1,0.602,0.0,4,6,4,0.542,5.0,-2,6,-6.5,0.597,,,,,,
2025,2025-07-09,수,07,18:30,SSG,KT,문학,SSG,0,0,10259,23000,0.446,0,5,0.524,6.5,1,6,6,0.512,7.5,-3,5,0.0,0.597,,,,,,
2025,2025-07-09,수,07,18:30,롯데,두산,사직,롯데,0,0,19071,22669,0.8413,0,3,0.548,4.5,-1,4,9,0.422,15.0,3,5,-2.0,0.597,,,,,,
2025,2025-07-09,수,07,18:30,LG,키움,잠실,LG;두산,0,0,16400,23750,0.6905,0,2,0.56,3.5,2,4,10,0.302,25.5,-6,4,-3.0,0.597,,,,,,
2025,2025-07-09,수,07,18:30,NC,삼성,창원,NC,0,0,9220,17983,0.5127,0,8,0.487,9.5,2,5,7,0.506,8.0,-2,4,3.0,0.597,,,,,,
2025,2025-07-10,목,07,18:30,한화,KIA,대전,한화,0,0,17000,17000,1.0,1,1,0.607,0.0,5,7,4,0.536,6.0,-3,6,-7.5,0.604,,,,,,
2025,2025-07-10,목,07,18:30,SSG,KT,문학,SSG,0,0,10817,23000,0.4703,0,5,0.518,7.5,-1,5,6,0.518,7.5,1,5,0.0,0.604,,,,,,
2025,2025-07-10,목,07,18:30,롯데,두산,사직,롯데,0,0,21199,22669,0.9352,0,3,0.553,4.5,1,5,9,0.417,16.0,-1,5,-3.0,0.604,,,,,,
2025,2025-07-10,목,07,18:30,LG,키움,잠실,LG;두산,0,0,16628,23750,0.7001,0,2,0.565,3.5,3,4,10,0.299,26.5,-7,3,-4.0,0.604,,,,,,
2025,2025-07-10,목,07,18:30,NC,삼성,창원,NC,0,0,10106,17983,0.562,0,8,0.494,9.5,3,5,7,0.5,9.0,-3,4,2.0,0.604,,,,,,
2025,2025-07-18,금,07,18:30,KT,한화,수원,KT,0,0,18700,18700,1.0,1,5,0.523,7.5,2,5,1,0.612,0.0,6,7,0.0,0.611,,,,,,
2025,2025-07-18,금,07,18:30,LG,롯데,잠실,LG;두산,0,0,23750,23750,1.0,1,2,0.558,4.5,-1,4,3,0.547,5.5,-1,5,-3.0,0.611,,,,,,
2025,2025-07-19,토,07,18:00,SSG,두산,문학,SSG,0,0,19877,23000,0.8642,0,6,0.512,9.0,-2,5,9,0.424,16.5,1,6,0.5,0.614,,,,,,
2025,2025-07-19,토,07,18:00,KT,한화,수원,KT,0,0,18700,18700,1.0,1,5,0.517,8.5,-1,5,1,0.616,0.0,7,8,0.0,0.614,,,,,,
2025,2025-07-19,토,07,18:00,LG,롯데,잠실,LG;두산,0,0,23750,23750,1.0,1,2,0.563,4.5,1,5,3,0.54,6.5,-2,4,-4.0,0.614,,,,,,
2025,2025-07-20,일,07,18:00,KIA,NC,광주,KIA,0,0,16985,20500,0.8285,0,4,0.529,8.0,-4,5,7,0.5,10.5,4,5,-1.5,0.618,,,,,,
2025,2025-07-20,일,07,18:00,삼성,키움,대구,삼성,0,0,24000,24000,1.0,1,8,0.494,11.0,-4,4,10,0.307,27.5,1,3,1.5,0.618,,,,,,
2025,2025-07-20,일,07,18:00,SSG,두산,문학,SSG,0,0,18102,23000,0.787,0,6,0.506,10.0,-3,4,9,0.43,16.5,2,6,0.5,0.618,,,,,,
2025,2025-07-20,일,07,18:00,KT,한화,수원,KT,0,0,18700,18700,1.0,1,5,0.511,9.5,-2,5,1,0.621,0.0,8,8,0.0,0.618,,,,,,
2025,2025-07-20,일,07,18:00,LG,롯데,잠실,LG;두산,0,0,23750,23750,1.0,1,2,0.557,5.5,-1,4,3,0.545,6.5,1,5,-4.0,0.618,,,,,,
2025,2025-07-22,화,07,18:30,키움,롯데,고척,키움,1,0,15362,16000,0.9601,0,10,0.303,28.5,-1,2,3,0.539,7.5,-1,4,18.0,0.625,,,,,,
2025,2025-07-22,화,07,18:30,KIA,LG,광주,KIA,0,0,12468,20500,0.6082,0,4,0.535,8.0,1,5,2,0.562,5.5,1,5,-2.5,0.625,,,,,,
2025,2025-07-22,화,07,18:30,삼성,SSG,대구,삼성,0,0,22896,24000,0.954,0,6,0.5,11.0,1,5,7,0.5,11.0,-4,4,0.5,0.625,,,,,,
2025,2025-07-22,화,07,18:30,두산,한화,잠실,LG;두산,0,0,23750,23750,1.0,1,9,0.437,16.5,3,7,1,0.625,0.0,9,9,6.0,0.625,,,,,,
2025,2025-07-22,화,07,18:30,NC,KT,창원,NC,0,0,6302,17983,0.3504,0,8,0.494,11.5,-1,5,5,0.506,10.5,-3,4,1.0,0.625,,,,,,
2025,2025-07-23,수,07,18:30,키움,롯데,고척,키움,1,0,15325,16000,0.9578,0,10,0.311,28.5,1,2,3,0.533,8.5,-2,3,18.0,0.632,,,,,,
2025,2025-07-23,수,07,18:30,KIA,LG,광주,KIA,0,0,12172,20500,0.5938,0,4,0.529,9.0,-1,4,2,0.567,5.5,2,6,-1.5,0.632,,,,,,
2025,2025-07-23,수,07,18:30,삼성,SSG,대구,삼성,0,0,23304,24000,0.971,0,6,0.506,11.0,2,5,7,0.494,12.0,-5,3,0.5,0.632,,,,,,
2025,2025-07-23,수,07,18:30,두산,한화,잠실,LG;두산,0,0,23750,23750,1.0,1,9,0.432,17.5,-1,6,1,0.629,0.0,10,10,7.0,0.632,,,,,,
2025,2025-07-23,수,07,18:30,NC,KT,창원,NC,0,0,6375,17983,0.3545,0,8,0.488,12.5,-2,5,5,0.511,10.5,1,4,2.0,0.632,,,,,,
2025,2025-07-24,목,07,18:30,키움,롯데,고척,키움,1,0,15216,16000,0.951,0,10,0.308,28.5,-1,2,3,0.538,7.5,1,4,19.0,0.639,,,,,,
2025,2025-07-24,목,07,18:30,KIA,LG,광주,KIA,0,0,12364,20500,0.6031,0,4,0.523,9.0,-2,4,2,0.571,4.5,3,7,-0.5,0.639,,,,,,
2025,2025-07-24,목,07,18:30,삼성,SSG,대구,삼성,0,0,24000,24000,1.0,1,6,0.511,10.0,3,6,7,0.489,12.0,-6,3,0.5,0.639,,,,,,
2025,2025-07-24,목,07,18:30,두산,한화,잠실,LG;두산,0,0,23750,23750,1.0,1,9,0.438,16.5,1,7,1,0.622,0.0,-1,9,7.0,0.639,,,,,,
2025,2025-07-24,목,07,18:30,NC,KT,창원,NC,0,0,5157,17983,0.2868,0,8,0.482,12.5,-3,4,5,0.516,9.5,2,4,3.0,0.639,,,,,,
2025,2025-07-25,금,07,18:30,한화,SSG,대전,한화,0,0,17000,17000,1.0,1,1,0.622,0.0,-1,8,7,0.494,11.5,1,3,-9.5,0.646,,,,,,
2025,2025-07-25,금,07,18:30,롯데,KIA,사직,롯데,0,0,22669,22669,1.0,1,3,0.543,7.0,2,5,5,0.517,9.5,-3,3,-2.5,0.646,,,,,,
2025,2025-07-25,금,07,18:30,KT,삼성,수원,KT,0,0,18700,18700,1.0,1,4,0.522,9.0,3,5,6,0.505,10.5,-1,5,-0.5,0.646,,,,,,
2025,2025-07-25,금,07,18:30,두산,LG,잠실,LG;두산,0,0,20007,23750,0.8424,0,9,0.438,16.5,1,7,2,0.576,4.0,4,8,7.0,0.646,,,,,,
2025,2025-07-25,금,07,18:30,NC,키움,창원,NC,0,0,6171,17983,0.3432,0,8,0.476,13.0,-4,4,10,0.304,29.0,-2,2,3.5,0.646,,,,,,
2025,2025-07-26,토,07,18:00,한화,SSG,대전,한화,0,0,17000,17000,1.0,1,1,0.626,0.0,1,8,7,0.489,12.5,-1,2,-10.5,0.653,,,,,,
2025,2025-07-26,토,07,18:00,롯데,KIA,사직,롯데,0,0,22669,22669,1.0,1,3,0.548,7.0,3,5,5,0.511,10.5,-4,2,-3.5,0.653,,,,,,
2025,2025-07-26,토,07,18:00,KT,삼성,수원,KT,0,0,18700,18700,1.0,1,4,0.527,9.0,4,6,6,0.5,11.5,-2,4,-1.5,0.653,,,,,,
2025,2025-07-26,토,07,18:00,두산,LG,잠실,LG;두산,0,0,23750,23750,1.0,1,9,0.433,17.5,-1,6,2,0.581,4.0,5,8,7.0,0.653,,,,,,
2025,2025-07-26,토,07,18:00,NC,키움,창원,NC,0,0,10690,17983,0.5945,0,8,0.482,13.0,1,5,10,0.301,30.0,-3,2,2.5,0.653,,,,,,
2025,2025-07-27,일,07,18:00,한화,SSG,대전,한화,0,0,17000,17000,1.0,1,1,0.62,0.0,-1,7,7,0.495,11.5,1,3,-10.5,0.66,,,,,,
2025,2025-07-27,일,07,18:00,롯데,KIA,사직,롯데,0,0,22669,22669,1.0,1,3,0.553,6.0,4,6,5,0.505,10.5,-5,1,-4.5,0.66,,,,,,
2025,2025-07-27,일,07,18:00,KT,삼성,수원,KT,0,0,18700,18700,1.0,1,4,0.521,9.0,-1,6,6,0.505,10.5,1,4,-1.5,0.66,,,,,,
2025,2025-07-27,일,07,18:00,두산,LG,잠실,LG;두산,0,0,20780,23750,0.8749,0,9,0.429,17.5,-2,5,2,0.585,3.0,6,8,7.0,0.66,,,,,,
2025,2025-07-27,일,07,18:00,NC,키움,창원,NC,0,0,8115,17983,0.4513,0,8,0.488,12.0,2,6,10,0.298,30.0,-4,2,1.5,0.66,,,,,,
2025,2025-07-29,화,07,18:30,KIA,두산,광주,KIA,0,0,14329,20500,0.699,0,6,0.5,10.5,-6,1,9,0.435,16.5,1,5,0.0,0.667,,,,,,
2025,2025-07-29,화,07,18:30,한화,삼성,대전,한화,0,0,17000,17000,1.0,1,1,0.613,0.0,-2,6,5,0.5,10.5,-1,4,-10.5,0.667,,,,,,
2025,2025-07-29,화,07,18:30,SSG,키움,문학,SSG,0,0,10177,23000,0.4425,0,7,0.5,10.5,2,3,10,0.295,30.0,-5,2,0.0,0.667,,,,,,
2025,2025-07-29,화,07,18:30,롯데,NC,사직,롯데,0,0,22669,22669,1.0,1,3,0.558,5.0,5,6,8,0.494,11.0,3,6,-5.5,0.667,,,,,,
2025,2025-07-29,화,07,18:30,LG,KT,잠실,LG;두산,0,0,17294,23750,0.7282,0,2,0.579,3.0,-1,7,4,0.526,8.0,1,6,-7.5,0.667,,,,,,
2025,2025-07-30,수,07,18:30,KIA,두산,광주,KIA,0,0,15391,20500,0.7508,0,7,0.495,10.5,-7,1,9,0.441,15.5,2,6,1.0,0.674,,,,,,
2025,2025-07-30,수,07,18:30,한화,삼성,대전,한화,0,0,17000,17000,1.0,1,1,0.606,0.0,-3,5,6,0.505,9.5,1,5,-9.5,0.674,,,,,,
2025,2025-07-30,수,07,18:30,SSG,키움,문학,SSG,0,0,10514,23000,0.4571,0,5,0.505,9.5,3,4,10,0.292,30.0,-6,2,0.0,0.674,,,,,,
2025,2025-07-30,수,07,18:30,롯데,NC,사직,롯데,0,0,22669,22669,1.0,1,3,0.562,4.0,6,7,8,0.489,11.0,-1,5,-5.5,0.674,,,,,,
2025,2025-07-30,수,07,18:30,LG,KT,잠실,LG;두산,0,0,17782,23750,0.7487,0,2,0.583,2.0,1,8,4,0.521,8.0,-1,5,-7.5,0.674,,,,,,
2025,2025-07-31,목,07,18:30,KIA,두산,광주,KIA,0,0,15584,20500,0.7602,0,7,0.495,11.0,-7,1,9,0.441,16.0,2,5,1.0,0.681,,,,,,
2025,2025-07-31,목,07,18:30,한화,삼성,대전,한화,0,0,17000,17000,1.0,1,1,0.611,0.0,1,5,6,0.5,10.5,-1,5,-10.0,0.681,,,,,,
2025,2025-07-31,목,07,18:30,SSG,키움,문학,SSG,0,0,10917,23000,0.4747,0,5,0.505,10.0,3,4,10,0.292,30.5,-6,2,0.0,0.681,,,,,,
2025,2025-07-31,목,07,18:30,롯데,NC,사직,롯데,0,0,22669,22669,1.0,1,3,0.557,5.0,-1,7,8,0.494,11.0,1,5,-5.0,0.681,,,,,,
2025,2025-07-31,목,07,18:30,LG,KT,잠실,LG;두산,0,0,17630,23750,0.7423,0,2,0.588,2.0,2,8,4,0.515,9.0,-2,5,-8.0,0.681,,,,,,
2025,2025-08-01,금,08,18:30,키움,롯데,고척,키움,1,0,16000,16000,1.0,1,10,0.289,31.5,-7,1,3,0.561,5.0,1,7,21.5,0.688,,,,,,
2025,2025-08-01,금,08,18:30,KIA,한화,광주,KIA,0,0,20500,20500,1.0,1,6,0.5,11.0,1,2,1,0.615,0.0,2,5,1.0,0.688,,,,,,
2025,2025-08-01,금,08,18:30,삼성,LG,대구,삼성,0,0,24000,24000,1.0,1,7,0.495,11.5,-2,5,2,0.592,2.0,3,9,1.5,0.688,,,,,,
2025,2025-08-01,금,08,18:30,두산,SSG,잠실,LG;두산,0,0,15073,23750,0.6347,0,9,0.436,17.0,-1,4,4,0.511,10.0,4,5,7.0,0.688,,,,,,
2025,2025-08-01,금,08,18:30,NC,KT,창원,NC,0,0,7590,17983,0.4221,0,8,0.489,12.0,-1,4,5,0.51,10.0,-3,5,2.0,0.688,,,,,,
2025,2025-08-02,토,08,18:00,키움,롯데,고척,키움,1,0,16000,16000,1.0,1,10,0.296,30.5,1,2,3,0.556,5.0,-1,7,20.5,0.694,,,,,,
2025,2025-08-02,토,08,18:00,삼성,LG,대구,삼성,0,0,24000,24000,1.0,1,8,0.49,11.5,-3,4,2,0.596,1.0,4,9,1.5,0.694,,,,,,
2025,2025-08-02,토,08,18:00,두산,SSG,잠실,LG;두산,0,0,17278,23750,0.7275,0,9,0.432,17.0,-2,3,4,0.516,9.0,5,6,7.0,0.694,,,,,,
2025,2025-08-02,토,08,18:00,NC,KT,창원,NC,0,0,9940,17983,0.5527,0,7,0.495,11.0,1,5,6,0.505,10.0,-4,5,1.0,0.694,,,,,,
2025,2025-08-03,일,08,14:00,키움,롯데,고척,키움,1,0,16000,16000,1.0,1,10,0.293,31.0,-1,1,3,0.56,4.5,1,8,21.0,0.7,,,,,,
2025,2025-08-03,일,08,18:00,삼성,LG,대구,삼성,0,0,24000,24000,1.0,1,8,0.485,12.0,-4,3,2,0.6,0.5,5,9,2.0,0.7,,,,,,
2025,2025-08-03,일,08,18:00,두산,SSG,잠실,LG;두산,0,0,14422,23750,0.6072,0,9,0.438,16.5,1,4,4,0.51,9.5,-1,6,6.5,0.7,,,,,,
2025,2025-08-03,일,08,18:00,NC,KT,창원,NC,0,0,7561,17983,0.4205,0,7,0.5,10.5,2,6,6,0.5,10.5,-5,4,0.5,0.7,,,,,,
2025,2025-08-05,화,08,18:30,한화,KT,대전,한화,0,0,16783,17000,0.9872,1,1,0.608,0.0,-1,4,6,0.5,10.5,-5,3,-10.0,0.706,,,,,,
2025,2025-08-05,화,08,18:30,SSG,삼성,문학,SSG,0,0,13850,23000,0.6022,0,4,0.515,9.0,1,7,8,0.48,12.5,-5,2,-1.0,0.706,,,,,,
2025,2025-08-05,화,08,18:30,롯데,KIA,사직,롯데,0,0,22669,22669,1.0,1,3,0.564,4.0,2,8,5,0.505,10.0,2,2,-6.0,0.706,,,,,,
2025,2025-08-05,화,08,18:30,LG,두산,잠실,LG;두산,0,0,20239,23750,0.8522,0,2,0.604,0.0,6,9,9,0.433,17.0,-1,3,-10.0,0.706,,,,,,
2025,2025-08-05,화,08,18:30,NC,키움,창원,NC,0,0,6661,17983,0.3704,0,7,0.5,10.5,2,6,10,0.29,31.5,-2,1,0.5,0.706,,,,,,
2025,2025-08-06,수,08,18:30,한화,KT,대전,한화,0,0,13919,17000,0.8188,0,2,0.602,1.0,-2,3,6,0.505,10.5,1,3,-9.0,0.713,,,,,,
2025,2025-08-06,수,08,18:30,SSG,삼성,문학,SSG,0,0,12003,23000,0.5219,0,5,0.51,10.0,-1,6,8,0.485,12.5,1,3,0.0,0.713,,,,,,
2025,2025-08-06,수,08,18:30,롯데,KIA,사직,롯데,0,0,20944,22669,0.9239,0,3,0.559,5.0,-1,7,4,0.51,10.0,3,3,-5.0,0.713,,,,,,
2025,2025-08-06,수,08,18:30,LG,두산,잠실,LG;두산,0,0,20427,23750,0.8601,0,1,0.608,0.0,7,9,9,0.429,18.0,-2,3,-10.0,0.713,,,,,,
2025,2025-08-06,수,08,18:30,NC,키움,창원,NC,0,0,5776,17983,0.3212,0,7,0.495,11.5,-1,6,10,0.297,31.5,1,2,1.5,0.713,,,,,,
2025,2025-08-07,목,08,18:30,한화,KT,대전,한화,0,0,17000,17000,1.0,1,1,0.606,0.0,1,4,6,0.5,10.5,-1,2,-10.0,0.719,,,,,,
2025,2025-08-07,목,08,18:30,SSG,삼성,문학,SSG,0,0,15174,23000,0.6597,0,4,0.515,9.0,1,7,8,0.48,12.5,-1,3,-1.0,0.719,,,,,,
2025,2025-08-07,목,08,18:30,롯데,KIA,사직,롯데,0,0,22104,22669,0.9751,0,3,0.563,4.0,1,7,5,0.505,10.0,-1,3,-6.0,0.719,,,,,,
2025,2025-08-07,목,08,18:30,LG,두산,잠실,LG;두산,0,0,21392,23750,0.9007,0,2,0.602,0.0,-1,8,9,0.434,17.0,1,4,-10.0,0.719,,,,,,
2025,2025-08-07,목,08,18:30,NC,키움,창원,NC,0,0,5893,17983,0.3277,0,7,0.489,11.5,-2,5,10,0.304,30.5,2,3,1.5,0.719,,,,,,
2025,2025-08-08,금,08,18:30,키움,두산,고척,키움,1,0,12841,16000,0.8026,0,10,0.311,30.5,3,4,9,0.43,18.0,-1,4,20.5,0.726,,,,,,
2025,2025-08-08,금,08,18:30,롯데,SSG,사직,롯데,0,0,20091,22669,0.8863,0,3,0.558,5.0,-1,6,5,0.51,10.0,-1,6,-5.0,0.726,,,,,,
2025,2025-08-08,금,08,18:30,KT,삼성,수원,KT,0,0,18700,18700,1.0,1,6,0.505,10.5,1,3,7,0.485,12.5,1,3,0.5,0.726,,,,,,
2025,2025-08-08,금,08,18:30,LG,한화,잠실,LG;두산,0,0,23750,23750,1.0,1,1,0.606,0.0,1,8,2,0.6,1.0,-1,4,-10.0,0.726,,,,,,
2025,2025-08-08,금,08,18:30,NC,KIA,창원,NC,0,0,12141,17983,0.6751,0,8,0.484,12.5,-3,4,4,0.51,10.0,1,4,2.5,0.726,,,,,,
2025,2025-08-09,토,08,18:00,키움,두산,고척,키움,1,0,16000,16000,1.0,1,10,0.308,31.5,-1,4,9,0.436,18.0,1,4,20.5,0.733,,,,,,
2025,2025-08-09,토,08,18:00,KT,삼성,수원,KT,0,0,18700,18700,1.0,1,6,0.5,11.5,-1,2,7,0.49,12.5,2,4,0.5,0.733,,,,,,
2025,2025-08-09,토,08,18:00,LG,한화,잠실,LG;두산,0,0,23750,23750,1.0,1,1,0.61,0.0,2,9,2,0.594,2.0,-2,3,-11.0,0.733,,,,,,
2025,2025-08-10,일,08,14:00,키움,두산,고척,키움,1,0,15111,16000,0.9444,0,10,0.305,32.5,-2,4,9,0.441,18.0,2,4,21.0,0.738,,,,,,
2025,2025-08-10,일,08,18:00,롯데,SSG,사직,롯데,0,0,22062,22669,0.9732,0,3,0.552,6.5,-2,5,4,0.515,10.5,1,6,-5.0,0.738,,,,,,
2025,2025-08-10,일,08,18:00,KT,삼성,수원,KT,0,0,18700,18700,1.0,1,6,0.505,11.5,1,3,8,0.486,13.5,-1,3,0.0,0.738,,,,,,
2025,2025-08-10,일,08,18:00,LG,한화,잠실,LG;두산,0,0,23750,23750,1.0,1,1,0.613,0.0,3,9,2,0.588,3.0,-3,3,-11.5,0.738,,,,,,
2025,2025-08-10,일,08,18:00,NC,KIA,창원,NC,0,0,10773,17983,0.5991,0,7,0.49,13.0,1,4,5,0.505,11.5,-1,4,1.5,0.738,,,,,,
2025,2025-08-12,화,08,18:30,삼성,KIA,대구,삼성,0,0,22522,24000,0.9384,0,8,0.481,13.5,-2,3,6,0.5,11.5,-2,4,3.0,0.744,,,,,,
2025,2025-08-12,화,08,18:30,한화,롯데,대전,한화,0,0,17000,17000,1.0,1,2,0.592,2.0,1,4,3,0.547,6.5,-3,4,-8.5,0.744,,,,,,
2025,2025-08-12,화,08,18:30,SSG,키움,문학,SSG,0,0,10091,23000,0.4387,0,4,0.52,9.5,2,6,10,0.311,31.5,1,5,-1.0,0.744,,,,,,
2025,2025-08-12,화,08,18:30,KT,LG,수원,KT,0,0,14407,18700,0.7704,0,5,0.509,10.5,2,4,1,0.607,0.0,-1,8,0.0,0.744,,,,,,
2025,2025-08-12,화,08,18:30,두산,NC,잠실,LG;두산,0,0,11590,23750,0.488,0,9,0.437,18.0,-1,4,7,0.495,12.0,2,5,7.5,0.744,,,,,,
2025,2025-08-13,수,08,18:30,삼성,KIA,대구,삼성,0,0,24000,24000,1.0,1,8,0.477,14.5,-3,3,5,0.505,11.5,1,5,3.0,0.751,,,,,,
2025,2025-08-13,수,08,18:30,한화,롯데,대전,한화,0,0,17000,17000,1.0,1,2,0.596,2.0,2,5,3,0.542,7.5,-4,4,-9.5,0.751,,,,,,
2025,2025-08-14,목,08,18:30,삼성,KIA,대구,삼성,0,0,24000,24000,1.0,1,8,0.472,15.0,-4,3,5,0.51,11.0,2,6,4.0,0.754,,,,,,
2025,2025-08-14,목,08,18:30,한화,롯데,대전,한화,0,0,17000,17000,1.0,1,2,0.6,1.5,3,5,3,0.537,8.0,-5,3,-9.5,0.754,,,,,,
2025,2025-08-14,목,08,18:30,SSG,키움,문학,SSG,0,0,9461,23000,0.4113,0,4,0.524,9.5,3,7,10,0.308,32.5,-1,5,-1.5,0.754,,,,,,
2025,2025-08-14,목,08,18:30,두산,NC,잠실,LG;두산,0,0,10938,23750,0.4605,0,9,0.433,19.0,-2,4,7,0.5,12.0,3,5,8.0,0.754,,,,,,
2025,2025-08-15,금,08,18:00,키움,KT,고척,키움,1,0,11585,16000,0.7241,0,10,0.315,32.0,1,5,6,0.505,11.5,-1,4,21.5,0.76,,,,,,
2025,2025-08-15,금,08,18:00,SSG,LG,문학,SSG,0,0,23000,23000,1.0,1,4,0.519,10.0,-1,6,1,0.611,0.0,1,8,-0.5,0.76,,,,,,
2025,2025-08-15,금,08,18:00,롯데,삼성,사직,롯데,0,0,22669,22669,1.0,1,3,0.532,8.5,-6,3,8,0.468,15.5,-5,3,-2.0,0.76,,,,,,
2025,2025-08-15,금,08,18:00,두산,KIA,잠실,LG;두산,0,0,23750,23750,1.0,1,9,0.438,18.5,1,5,5,0.515,10.5,3,7,8.0,0.76,,,,,,
2025,2025-08-15,금,08,18:00,NC,한화,창원,NC,0,0,17983,17983,1.0,1,7,0.495,12.5,-1,5,2,0.604,1.0,4,5,2.0,0.76,,,,,,
2025,2025-08-16,토,08,18:00,키움,KT,고척,키움,1,0,10163,16000,0.6352,0,10,0.321,32.0,2,6,6,0.5,12.5,-2,4,20.5,0.767,,,,,,
2025,2025-08-16,토,08,18:00,SSG,LG,문학,SSG,0,0,23000,23000,1.0,1,4,0.514,11.0,-2,5,1,0.615,0.0,2,8,-0.5,0.767,,,,,,
2025,2025-08-16,토,08,18:00,롯데,삼성,사직,롯데,0,0,22669,22669,1.0,1,3,0.527,9.5,-7,2,8,0.473,15.5,1,4,-2.0,0.767,,,,,,
2025,2025-08-16,토,08,18:00,두산,KIA,잠실,LG;두산,0,0,23750,23750,1.0,1,9,0.443,18.5,2,5,5,0.51,11.5,-1,6,7.0,0.767,,,,,,
2025,2025-08-16,토,08,18:00,NC,한화,창원,NC,0,0,17983,17983,1.0,1,7,0.49,13.5,-2,4,2,0.607,1.0,5,6,2.0,0.767,,,,,,
2025,2025-08-17,일,08,14:00,키움,KT,고척,키움,1,0,8838,16000,0.5524,0,10,0.327,31.0,3,7,6,0.495,12.5,-3,4,19.5,0.774,,,,,,
2025,2025-08-17,일,08,18:00,SSG,LG,문학,SSG,0,0,23000,23000,1.0,1,4,0.519,10.0,1,6,1,0.609,0.0,-1,7,-1.5,0.774,,,,,,
2025,2025-08-17,일,08,18:00,롯데,삼성,사직,롯데,0,0,22669,22669,1.0,1,3,0.523,9.5,-8,1,8,0.477,14.5,2,4,-2.0,0.774,,,,,,
2025,2025-08-17,일,08,18:00,두산,KIA,잠실,LG;두산,0,0,23750,23750,1.0,1,9,0.449,17.5,3,6,5,0.505,11.5,-2,5,6.0,0.774,,,,,,
2025,2025-08-17,일,08,18:00,NC,한화,창원,NC,0,0,12179,17983,0.6773,0,7,0.495,12.5,1,4,2,0.602,1.0,-1,6,1.0,0.774,,,,,,
2025,2025-08-19,화,08,18:30,KIA,키움,광주,KIA,0,0,11023,20500,0.5377,0,6,0.5,12.5,-3,4,10,0.324,32.0,-1,6,0.0,0.781,,,,,,
2025,2025-08-19,화,08,18:30,한화,두산,대전,한화,0,0,16580,17000,0.9753,0,2,0.596,2.0,-2,5,9,0.454,17.5,4,7,-10.5,0.781,,,,,,
2025,2025-08-19,화,08,18:30,KT,SSG,수원,KT,0,0,8853,18700,0.4734,0,5,0.5,12.5,1,5,4,0.514,11.0,-1,5,0.0,0.781,,,,,,
2025,2025-08-19,화,08,18:30,LG,롯데,잠실,LG;두산,0,0,23750,23750,1.0,1,1,0.613,0.0,1,7,3,0.523,10.0,-8,1,-12.5,0.781,,,,,,
2025,2025-08-19,화,08,18:30,NC,삼성,창원,NC,0,0,8343,17983,0.4639,0,7,0.5,12.5,2,5,8,0.477,15.0,2,4,0.0,0.781,,,,,,
2025,2025-08-20,수,08,18:30,KIA,키움,광주,KIA,0,0,10503,20500,0.5123,0,5,0.505,12.5,1,5,10,0.321,33.0,-2,5,0.0,0.787,,,,,,
2025,2025-08-20,수,08,18:30,한화,두산,대전,한화,0,0,16054,17000,0.9444,0,2,0.591,3.0,-3,5,9,0.459,17.5,5,7,-9.5,0.787,,,,,,
2025,2025-08-20,수,08,18:30,KT,SSG,수원,KT,0,0,9062,18700,0.4846,0,6,0.505,12.5,2,5,4,0.509,12.0,-2,5,0.0,0.787,,,,,,
2025,2025-08-20,수,08,18:30,LG,롯데,잠실,LG;두산,0,0,23750,23750,1.0,1,1,0.616,0.0,2,7,3,0.518,11.0,-9,0,-12.5,0.787,,,,,,
2025,2025-08-20,수,08,18:30,NC,삼성,창원,NC,0,0,9430,17983,0.5244,0,7,0.495,13.5,-1,5,8,0.482,15.0,3,4,1.0,0.787,,,,,,
2025,2025-08-21,목,08,18:30,KIA,키움,광주,KIA,0,0,10061,20500,0.4908,0,6,0.5,13.5,-1,4,10,0.327,33.0,1,5,0.0,0.794,,,,,,
2025,2025-08-21,목,08,18:30,한화,두산,대전,한화,0,0,16369,17000,0.9629,0,2,0.586,4.0,-4,5,9,0.464,17.5,6,8,-9.5,0.794,,,,,,
2025,2025-08-21,목,08,18:30,KT,SSG,수원,KT,0,0,9912,18700,0.5301,0,5,0.5,13.5,-1,5,3,0.514,12.0,1,5,0.0,0.794,,,,,,
2025,2025-08-21,목,08,18:30,LG,롯데,잠실,LG;두산,0,0,23750,23750,1.0,1,1,0.619,0.0,3,8,4,0.513,12.0,-10,0,-13.5,0.794,,,,,,
2025,2025-08-21,목,08,18:30,NC,삼성,창원,NC,0,0,9832,17983,0.5467,0,7,0.49,14.5,-2,5,8,0.487,15.0,4,4,1.0,0.794,,,,,,
2025,2025-08-22,금,08,18:30,KIA,LG,광주,KIA,0,0,14633,20500,0.7138,0,6,0.495,14.0,-2,4,1,0.619,0.0,3,7,0.0,0.801,,,,,,
2025,2025-08-22,금,08,18:30,삼성,키움,대구,삼성,0,0,24000,24000,1.0,1,8,0.482,15.5,-1,4,10,0.333,32.5,2,6,1.5,0.801,,,,,,
2025,2025-08-22,금,08,18:30,한화,SSG,대전,한화,0,0,16446,17000,0.9674,0,2,0.58,4.5,-5,5,3,0.518,11.5,2,6,-9.5,0.801,,,,,,
2025,2025-08-22,금,08,18:30,두산,KT,잠실,LG;두산,0,0,16397,23750,0.6904,0,9,0.468,17.0,7,8,5,0.496,14.0,-2,4,3.0,0.801,,,,,,
2025,2025-08-22,금,08,18:30,NC,롯데,창원,NC,0,0,17983,17983,1.0,1,7,0.495,14.0,1,6,4,0.513,12.0,-10,0,0.0,0.801,,,,,,
2025,2025-08-23,토,08,18:00,KIA,LG,광주,KIA,0,0,20500,20500,1.0,1,7,0.491,15.0,-3,4,1,0.623,0.0,4,7,1.0,0.808,,,,,,
2025,2025-08-23,토,08,18:00,삼성,키움,대구,삼성,0,0,24000,24000,1.0,1,8,0.487,15.5,1,5,10,0.33,33.5,-1,6,1.5,0.808,,,,,,
2025,2025-08-23,토,08,18:00,한화,SSG,대전,한화,0,0,17000,17000,1.0,1,2,0.575,5.5,-6,4,3,0.523,11.5,3,6,-8.5,0.808,,,,,,
2025,2025-08-23,토,08,18:00,두산,KT,잠실,LG;두산,0,0,21834,23750,0.9193,0,9,0.464,18.0,-1,7,5,0.5,14.0,1,5,4.0,0.808,,,,,,
2025,2025-08-23,토,08,18:00,NC,롯데,창원,NC,0,0,17983,17983,1.0,1,6,0.5,14.0,2,6,4,0.509,13.0,-11,0,0.0,0.808,,,,,,
2025,2025-08-24,일,08,18:00,KIA,LG,광주,KIA,0,0,15128,20500,0.738,0,8,0.486,16.0,-4,3,1,0.626,0.0,5,7,2.0,0.815,,,,,,
2025,2025-08-24,일,08,18:00,삼성,키움,대구,삼성,0,0,24000,24000,1.0,1,7,0.491,15.5,2,6,10,0.328,34.5,-2,5,1.5,0.815,,,,,,
2025,2025-08-24,일,08,18:00,한화,SSG,대전,한화,0,0,17000,17000,1.0,1,2,0.579,5.5,1,4,3,0.518,12.5,-1,5,-8.5,0.815,,,,,,
2025,2025-08-24,일,08,18:00,두산,KT,잠실,LG;두산,0,0,17905,23750,0.7539,0,9,0.46,19.0,-2,7,5,0.504,14.0,2,5,5.0,0.815,,,,,,
2025,2025-08-24,일,08,18:00,NC,롯데,창원,NC,0,0,17983,17983,1.0,1,4,0.505,14.0,3,6,6,0.504,14.0,-12,0,0.0,0.815,,,,,,
2025,2025-08-26,화,08,18:30,키움,한화,고척,키움,1,0,16000,16000,1.0,1,10,0.325,35.5,-3,5,2,0.583,5.5,2,4,21.5,0.822,,,,,,
2025,2025-08-26,화,08,18:30,SSG,KIA,문학,SSG,0,0,17488,23000,0.7603,0,3,0.513,13.5,-2,4,8,0.482,17.0,-5,2,-0.5,0.822,,,,,,
2025,2025-08-26,화,08,18:30,롯데,KT,사직,롯데,0,0,16116,22669,0.7109,0,5,0.509,14.0,1,1,4,0.509,14.0,3,5,0.0,0.822,,,,,,
2025,2025-08-26,화,08,18:30,두산,삼성,잠실,LG;두산,0,0,20491,23750,0.8628,0,9,0.456,20.0,-3,7,7,0.496,15.5,3,7,6.0,0.822,,,,,,
2025,2025-08-26,화,08,18:30,NC,LG,창원,NC,0,0,6496,17983,0.3612,0,6,0.5,15.0,-1,5,1,0.629,0.0,6,8,1.0,0.822,,,,,,
2025,2025-08-27,수,08,18:30,키움,한화,고척,키움,1,0,16000,16000,1.0,1,10,0.322,35.5,-4,4,2,0.586,4.5,3,4,21.5,0.829,,,,,,
2025,2025-08-27,수,08,18:30,SSG,KIA,문학,SSG,0,0,17688,23000,0.769,0,3,0.518,12.5,1,5,8,0.478,17.0,-6,1,-1.5,0.829,,,,,,
2025,2025-08-27,수,08,18:30,롯데,KT,사직,롯데,0,0,16826,22669,0.7422,0,4,0.513,13.0,2,2,6,0.504,14.0,-1,5,-1.0,0.829,,,,,,
2025,2025-08-27,수,08,18:30,두산,삼성,잠실,LG;두산,0,0,21198,23750,0.8925,0,9,0.452,20.0,-4,6,7,0.5,14.5,4,8,6.0,0.829,,,,,,
2025,2025-08-27,수,08,18:30,NC,LG,창원,NC,0,0,8337,17983,0.4636,0,5,0.505,14.0,1,6,1,0.624,0.0,-1,7,0.0,0.829,,,,,,
2025,2025-08-28,목,08,18:30,키움,한화,고척,키움,1,0,16000,16000,1.0,1,10,0.319,36.5,-5,3,2,0.59,4.5,4,4,22.5,0.836,,,,,,
2025,2025-08-28,목,08,18:30,SSG,KIA,문학,SSG,0,0,17833,23000,0.7753,0,3,0.513,13.5,-1,5,8,0.482,17.0,1,2,-0.5,0.836,,,,,,
2025,2025-08-28,목,08,18:30,롯데,KT,사직,롯데,0,0,17273,22669,0.762,0,5,0.508,14.0,-1,2,4,0.508,14.0,1,6,0.0,0.836,,,,,,
2025,2025-08-28,목,08,18:30,두산,삼성,잠실,LG;두산,0,0,23126,23750,0.9737,0,9,0.448,21.0,-5,5,6,0.504,14.5,5,8,7.0,0.836,,,,,,
2025,2025-08-28,목,08,18:30,NC,LG,창원,NC,0,0,9528,17983,0.5298,0,7,0.5,15.0,-1,6,1,0.627,0.0,1,7,1.0,0.836,,,,,,
2025,2025-08-29,금,08,18:30,한화,삼성,대전,한화,0,0,17000,17000,1.0,1,2,0.593,4.5,5,5,6,0.5,15.5,-1,7,-10.5,0.843,,,,,,
2025,2025-08-29,금,08,18:30,SSG,NC,문학,SSG,0,0,11509,23000,0.5004,0,4,0.509,14.5,-2,4,7,0.495,16.0,-2,5,-0.5,0.843,,,,,,
2025,2025-08-29,금,08,18:30,롯데,두산,사직,롯데,0,0,19473,22669,0.859,0,3,0.513,14.0,1,3,9,0.453,21.0,1,5,-1.0,0.843,,,,,,
2025,2025-08-29,금,08,18:30,KT,KIA,수원,KT,0,0,18700,18700,1.0,1,5,0.504,15.0,-1,6,8,0.487,17.0,2,3,0.0,0.843,,,,,,
2025,2025-08-29,금,08,18:30,LG,키움,잠실,LG;두산,0,0,22231,23750,0.936,0,1,0.63,0.0,2,8,10,0.317,37.5,-6,2,-15.0,0.843,,,,,,
2025,2025-08-30,토,08,18:00,한화,삼성,대전,한화,0,0,17000,17000,1.0,1,2,0.588,4.5,-1,5,5,0.504,14.5,1,8,-10.0,0.85,,,,,,
2025,2025-08-30,토,08,18:00,SSG,NC,문학,SSG,0,0,20449,23000,0.8891,0,3,0.513,13.5,1,5,8,0.491,16.0,-3,4,-1.0,0.85,,,,,,
2025,2025-08-30,토,08,18:00,롯데,두산,사직,롯데,0,0,22669,22669,1.0,1,4,0.508,14.0,-1,3,9,0.458,20.0,2,5,-0.5,0.85,,,,,,
2025,2025-08-30,토,08,18:00,KT,KIA,수원,KT,0,0,18700,18700,1.0,1,6,0.5,15.0,-2,5,7,0.491,16.0,3,4,0.5,0.85,,,,,,
2025,2025-08-30,토,08,18:00,LG,키움,잠실,LG;두산,0,0,23750,23750,1.0,1,1,0.625,0.0,-1,7,10,0.322,36.5,1,3,-14.5,0.85,,,,,,
2025,2025-08-31,일,08,18:00,한화,삼성,대전,한화,0,0,17000,17000,1.0,1,2,0.583,5.5,-2,5,5,0.508,14.5,2,8,-9.0,0.857,,,,,,
2025,2025-08-31,일,08,18:00,SSG,NC,문학,SSG,0,0,13129,23000,0.5708,0,3,0.508,14.5,-1,5,7,0.496,16.0,1,5,0.0,0.857,,,,,,
2025,2025-08-31,일,08,18:00,롯데,두산,사직,롯데,0,0,20350,22669,0.8977,0,4,0.508,14.5,-1,3,9,0.458,20.5,2,4,0.0,0.857,,,,,,
2025,2025-08-31,일,08,18:00,KT,KIA,수원,KT,0,0,18700,18700,1.0,1,6,0.504,15.0,1,5,8,0.487,17.0,-1,3,0.5,0.857,,,,,,
2025,2025-08-31,일,08,18:00,LG,키움,잠실,LG;두산,0,0,22503,23750,0.9475,0,1,0.628,0.0,1,7,10,0.32,37.5,-1,3,-14.5,0.857,,,,,,
2025,2025-09-02,화,09,18:30,한화,KIA,대전,한화,0,0,16730,17000,0.9841,1,2,0.579,5.5,-3,5,8,0.483,17.0,-2,3,-8.0,0.864,,,,,,
2025,2025-09-02,화,09,18:30,SSG,키움,문학,SSG,0,0,11112,23000,0.4831,0,3,0.513,13.5,1,5,10,0.325,36.5,1,3,0.0,0.864,,,,,,
2025,2025-09-02,화,09,18:30,KT,NC,수원,KT,0,0,6710,18700,0.3588,0,6,0.508,14.0,2,6,7,0.491,16.0,-1,5,0.5,0.864,,,,,,
2025,2025-09-02,화,09,18:30,LG,롯데,잠실,LG;두산,0,0,23750,23750,1.0,1,1,0.623,0.0,-1,6,4,0.512,13.5,1,4,-13.5,0.864,,,,,,
2025,2025-09-03,수,09,18:30,KIA,SSG,광주,KIA,0,0,14468,20500,0.7058,0,8,0.479,18.0,-3,3,3,0.517,13.5,2,5,3.5,0.869,,,,,,
2025,2025-09-03,수,09,18:30,삼성,키움,대구,삼성,0,0,22446,24000,0.9353,0,4,0.512,14.0,3,8,10,0.323,37.5,-1,2,-0.5,0.869,,,,,,
2025,2025-09-03,수,09,18:30,한화,NC,대전,한화,0,0,17000,17000,1.0,1,2,0.582,5.5,1,6,7,0.496,16.0,1,5,-9.0,0.869,,,,,,
2025,2025-09-03,수,09,18:30,KT,롯데,수원,KT,0,0,14910,18700,0.7973,0,6,0.504,15.0,-1,6,5,0.508,14.5,-1,4,0.5,0.869,,,,,,
2025,2025-09-04,목,09,18:30,KT,LG,수원,KT,0,0,12424,18700,0.6644,0,5,0.508,14.5,1,6,1,0.626,0.0,1,7,0.0,0.875,,,,,,
2025,2025-09-04,목,09,18:30,NC,두산,창원,NC,0,0,5335,17983,0.2967,0,7,0.491,16.5,-1,4,9,0.454,21.0,-1,3,2.0,0.875,,,,,,
2025,2025-09-05,금,09,18:30,삼성,키움,대구,삼성,0,0,24000,24000,1.0,1,4,0.508,15.0,-1,8,10,0.328,37.5,1,3,-0.5,0.878,,,,,,
2025,2025-09-05,금,09,18:30,SSG,롯데,문학,SSG,0,0,21529,23000,0.936,0,3,0.521,13.5,3,5,5,0.504,15.5,-2,4,-2.0,0.878,,,,,,
2025,2025-09-05,금,09,18:30,NC,두산,창원,NC,0,0,6590,17983,0.3665,0,7,0.487,17.5,-2,3,9,0.458,21.0,1,3,2.0,0.878,,,,,,
2025,2025-09-06,토,09,17:00,삼성,한화,대구,삼성,0,0,24000,24000,1.0,1,4,0.512,14.5,1,8,2,0.585,5.5,2,7,-1.0,0.882,,,,,,
2025,2025-09-06,토,09,17:00,NC,KIA,창원,NC,0,0,15040,17983,0.8363,0,7,0.483,18.0,-3,3,8,0.475,19.0,-4,3,2.5,0.882,,,,,,
2025,2025-09-07,일,09,17:00,삼성,한화,대구,삼성,0,0,24000,24000,1.0,1,4,0.508,15.0,-1,7,2,0.589,5.0,3,7,-0.5,0.885,,,,,,
2025,2025-09-07,일,09,17:00,LG,SSG,잠실,LG;두산,0,0,23750,23750,1.0,1,1,0.629,0.0,2,7,3,0.525,13.0,4,6,-15.5,0.885,,,,,,
2025,2025-09-07,일,09,17:00,NC,KIA,창원,NC,0,0,11095,17983,0.617,0,8,0.479,18.5,-4,2,7,0.479,18.5,1,4,3.0,0.885,,,,,,
2025,2025-09-09,화,09,18:30,키움,LG,고척,키움,1,0,14773,16000,0.9233,0,10,0.325,37.5,-1,3,1,0.624,0.0,-1,6,22.5,0.889,,,,,,
2025,2025-09-09,화,09,18:30,롯데,한화,사직,롯데,0,0,18109,22669,0.7988,0,6,0.5,15.5,-3,4,2,0.584,5.0,-1,6,0.5,0.889,,,,,,
2025,2025-09-09,화,09,18:30,KT,두산,수원,KT,0,0,12252,18700,0.6552,0,5,0.504,15.0,-1,5,9,0.463,20.0,2,4,0.0,0.889,,,,,,
2025,2025-09-10,수,09,18:30,KIA,삼성,광주,KIA,0,0,9793,20500,0.4777,0,8,0.475,18.0,-1,4,4,0.512,13.5,1,7,4.0,0.893,,,,,,
2025,2025-09-10,수,09,18:30,롯데,한화,사직,롯데,0,0,22011,22669,0.971,0,6,0.496,15.5,-4,3,2,0.587,4.0,1,6,1.5,0.893,,,,,,
2025,2025-09-10,수,09,18:30,두산,LG,잠실,LG;두산,0,0,17856,23750,0.7518,0,9,0.459,20.0,-1,4,1,0.619,0.0,-2,5,6.0,0.893,,,,,,
2025,2025-09-10,수,09,18:30,NC,SSG,창원,NC,0,0,4514,17983,0.251,0,7,0.483,17.0,1,3,3,0.528,11.5,5,7,3.0,0.893,,,,,,
2025,2025-09-11,목,09,18:30,키움,NC,고척,키움,1,0,7035,16000,0.4397,0,10,0.331,37.0,1,4,7,0.488,17.0,2,4,22.5,0.899,,,,,,
2025,2025-09-11,목,09,18:30,KIA,롯데,광주,KIA,0,0,9614,20500,0.469,0,8,0.48,18.0,1,5,6,0.492,16.5,-5,2,3.5,0.899,,,,,,
2025,2025-09-11,목,09,18:30,삼성,SSG,대구,삼성,0,0,24000,24000,1.0,1,5,0.508,14.5,-1,6,3,0.524,12.5,-1,6,0.0,0.899,,,,,,
2025,2025-09-11,목,09,18:30,LG,KT,잠실,LG;두산,0,0,20722,23750,0.8725,0,1,0.622,0.0,1,6,4,0.508,14.5,1,5,-14.5,0.899,,,,,,
2025,2025-09-12,금,09,18:30,KIA,두산,광주,KIA,0,0,9617,20500,0.4691,0,8,0.476,18.0,-1,4,9,0.455,20.5,-2,4,3.5,0.904,,,,,,
2025,2025-09-13,토,09,17:00,삼성,KT,대구,삼성,0,0,24000,24000,1.0,1,5,0.504,14.5,-2,5,4,0.512,13.5,2,6,0.0,0.906,,,,,,
2025,2025-09-13,토,09,17:00,한화,키움,대전,한화,0,0,17000,17000,1.0,1,2,0.591,3.5,2,6,10,0.336,36.0,2,5,-11.0,0.906,,,,,,
2025,2025-09-13,토,09,17:00,롯데,SSG,사직,롯데,0,0,22669,22669,1.0,1,6,0.496,15.5,1,3,3,0.528,11.5,1,7,1.0,0.906,,,,,,
2025,2025-09-13,토,09,17:00,LG,KIA,잠실,LG;두산,0,0,23750,23750,1.0,1,1,0.617,0.0,-1,5,8,0.48,17.5,1,4,-14.5,0.906,,,,,,
2025,2025-09-13,토,09,17:00,NC,두산,창원,NC,0,0,12658,17983,0.7039,0,7,0.484,17.0,-1,4,9,0.452,21.0,-3,4,2.5,0.906,,,,,,
2025,2025-09-14,일,09,17:00,삼성,KT,대구,삼성,0,0,24000,24000,1.0,1,5,0.5,14.5,-3,5,4,0.516,12.5,3,6,0.0,0.912,,,,,,
2025,2025-09-14,일,09,17:00,한화,키움,대전,한화,0,0,17000,17000,1.0,1,2,0.594,2.5,3,6,10,0.333,36.0,-1,5,-12.0,0.912,,,,,,
2025,2025-09-14,일,09,17:00,LG,KIA,잠실,LG;두산,0,0,23750,23750,1.0,1,1,0.612,0.0,-2,4,8,0.484,16.5,2,4,-14.5,0.912,,,,,,
2025,2025-09-14,일,09,17:00,NC,두산,창원,NC,0,0,11711,17983,0.6512,0,7,0.488,16.0,1,4,9,0.448,21.0,-4,4,1.5,0.912,,,,,,
2025,2025-09-15,월,09,18:30,한화,키움,대전,한화,0,0,17000,17000,1.0,1,2,0.589,3.5,-1,6,10,0.338,36.0,1,6,-11.0,0.918,,,,,,
2025,2025-09-16,화,09,18:30,KIA,한화,광주,KIA,0,0,9197,20500,0.4486,0,8,0.48,17.5,-1,4,2,0.592,3.0,1,7,3.0,0.919,,,,,,
2025,2025-09-16,화,09,18:30,삼성,롯데,대구,삼성,0,0,24000,24000,1.0,1,5,0.504,14.5,1,5,6,0.5,15.0,2,3,0.0,0.919,,,,,,
2025,2025-09-16,화,09,18:30,KT,LG,수원,KT,0,0,11481,18700,0.614,0,4,0.512,13.5,-1,6,1,0.615,0.0,1,5,-1.0,0.919,,,,,,
2025,2025-09-16,화,09,18:30,두산,키움,잠실,LG;두산,0,0,12716,23750,0.5354,0,9,0.444,22.0,-5,3,10,0.336,36.5,-1,5,7.5,0.919,,,,,,
2025,2025-09-16,화,09,18:30,NC,SSG,창원,NC,0,0,5145,17983,0.2861,0,7,0.492,16.0,2,5,3,0.524,12.0,-1,7,1.5,0.919,,,,,,
2025,2025-09-17,수,09,18:30,KIA,한화,광주,KIA,0,0,6782,20500,0.3308,0,8,0.477,18.5,-2,4,2,0.595,3.0,2,8,4.0,0.926,,,,,,
2025,2025-09-17,수,09,18:30,두산,키움,잠실,LG;두산,0,0,10037,23750,0.4226,0,9,0.441,23.0,-6,2,10,0.341,36.5,1,6,8.5,0.926,,,,,,
2025,2025-09-17,수,09,18:30,NC,SSG,창원,NC,0,0,5083,17983,0.2827,0,7,0.488,17.0,-1,4,3,0.528,12.0,1,7,2.5,0.926,,,,,,
2025,2025-09-18,목,09,18:30,KIA,한화,광주,KIA,0,0,10841,20500,0.5288,0,8,0.473,19.0,-3,4,2,0.598,2.5,3,8,4.5,0.931,,,,,,
2025,2025-09-18,목,09,18:30,KT,LG,수원,KT,0,0,7016,18700,0.3752,0,4,0.508,14.5,-2,6,1,0.618,0.0,2,5,0.0,0.931,,,,,,
2025,2025-09-18,목,09,18:30,KT,LG,수원,KT,0,0,14875,18700,0.7955,0,4,0.508,14.5,-2,6,1,0.618,0.0,2,5,0.0,0.931,,,,,,
2025,2025-09-18,목,09,18:30,두산,키움,잠실,LG;두산,0,0,13498,23750,0.5683,0,9,0.438,23.5,-7,2,10,0.346,36.0,2,6,9.0,0.931,,,,,,
2025,2025-09-18,목,09,18:30,NC,삼성,창원,NC,0,0,12039,17983,0.6695,0,7,0.492,16.5,1,5,5,0.508,14.5,2,5,2.0,0.931,,,,,,
2025,2025-09-19,금,09,18:30,NC,롯데,창원,NC,0,0,17983,17983,1.0,1,7,0.488,18.0,-1,5,6,0.496,17.0,-1,3,1.5,0.938,,,,,,
2025,2025-09-20,토,09,17:00,KIA,NC,광주,KIA,0,0,17739,20500,0.8653,0,8,0.469,20.5,-4,4,7,0.484,18.5,-2,5,4.0,0.939,,,,,,
2025,2025-09-20,토,09,17:00,SSG,두산,문학,SSG,0,0,23000,23000,1.0,1,3,0.523,13.5,-1,7,9,0.442,24.0,1,3,-3.0,0.939,,,,,,
2025,2025-09-20,토,09,17:00,롯데,키움,사직,롯데,0,0,22669,22669,1.0,1,6,0.5,16.5,1,4,10,0.343,37.5,-1,6,0.0,0.939,,,,,,
2025,2025-09-20,토,09,17:00,KT,한화,수원,KT,0,0,18700,18700,1.0,1,5,0.5,16.5,-4,4,2,0.602,3.0,4,8,0.0,0.939,,,,,,
2025,2025-09-20,토,09,17:00,LG,삼성,잠실,LG;두산,0,0,23750,23750,1.0,1,1,0.624,0.0,4,6,4,0.511,15.0,3,5,-16.5,0.939,,,,,,
2025,2025-09-21,일,09,14:00,KIA,NC,광주,KIA,0,0,13805,20500,0.6734,0,8,0.473,19.5,1,4,7,0.481,18.5,-3,5,4.0,0.946,,,,,,
2025,2025-09-21,일,09,14:00,SSG,두산,문학,SSG,0,0,23000,23000,1.0,1,3,0.527,12.5,1,7,9,0.438,24.0,-1,2,-3.0,0.946,,,,,,
2025,2025-09-21,일,09,14:00,KT,삼성,수원,KT,0,0,18700,18700,1.0,1,5,0.504,15.5,1,5,4,0.515,14.0,4,6,0.0,0.946,,,,,,
2025,2025-09-22,월,09,18:30,SSG,두산,문학,SSG,0,0,13067,23000,0.5681,0,3,0.531,12.0,2,7,9,0.435,24.5,-2,1,-3.0,0.95,,,,,,
2025,2025-09-23,화,09,18:30,삼성,두산,대구,삼성,0,0,23950,24000,0.9979,1,4,0.511,14.5,-1,5,9,0.439,24.0,1,2,-0.5,0.951,,,,,,
2025,2025-09-23,화,09,18:30,SSG,KIA,문학,SSG,0,0,19974,23000,0.8684,0,3,0.527,12.5,-1,6,8,0.47,20.0,-1,4,-2.5,0.951,,,,,,
2025,2025-09-23,화,09,18:30,KT,키움,수원,KT,0,0,12632,18700,0.6755,0,5,0.507,15.0,2,5,10,0.348,36.5,1,6,0.0,0.951,,,,,,
2025,2025-09-23,화,09,18:30,롯데,NC,울산,롯데,0,1,9690,9690,1.0,1,6,0.496,16.5,-1,3,7,0.485,18.0,1,5,1.5,0.951,,,,,,
2025,2025-09-24,수,09,18:30,키움,KIA,고척,키움,1,0,16000,16000,1.0,1,10,0.346,37.0,-1,6,8,0.466,20.5,-2,3,22.5,0.957,,,,,,
2025,2025-09-24,수,09,18:30,삼성,롯데,대구,삼성,0,0,23940,24000,0.9975,1,4,0.515,14.0,1,6,6,0.492,17.0,-2,3,-0.5,0.957,,,,,,
2025,2025-09-24,수,09,18:30,NC,LG,창원,NC,0,0,10764,17983,0.5986,0,7,0.489,17.5,2,5,1,0.619,0.0,-1,5,3.0,0.957,,,,,,
2025,2025-09-25,목,09,18:30,삼성,키움,대구,삼성,0,0,23089,24000,0.962,0,4,0.518,13.0,2,6,10,0.343,37.0,-2,5,-1.0,0.961,,,,,,
2025,2025-09-25,목,09,18:30,SSG,KT,문학,SSG,0,0,15279,23000,0.6643,0,3,0.53,11.5,1,6,5,0.511,14.0,3,6,-2.5,0.961,,,,,,
2025,2025-09-25,목,09,18:30,롯데,LG,울산,롯데,0,1,9315,9690,0.9613,0,7,0.489,17.0,-3,3,1,0.615,0.0,-2,5,3.0,0.961,,,,,,
2025,2025-09-25,목,09,18:30,두산,한화,잠실,LG;두산,0,0,23750,23750,1.0,1,9,0.436,24.0,-1,2,2,0.597,2.5,-1,7,10.0,0.961,,,,,,
2025,2025-09-26,금,09,18:30,한화,LG,대전,한화,0,0,17000,17000,1.0,1,2,0.593,3.5,-2,7,1,0.618,0.0,1,6,-10.5,0.967,,,,,,
2025,2025-09-26,금,09,18:30,SSG,KT,문학,SSG,0,0,19087,23000,0.8299,0,3,0.526,12.5,-1,5,5,0.515,14.0,4,6,-1.5,0.967,,,,,,
2025,2025-09-26,금,09,18:30,롯데,삼성,사직,롯데,0,0,22669,22669,1.0,1,7,0.485,18.0,-4,3,4,0.522,13.0,3,7,4.0,0.967,,,,,,
2025,2025-09-26,금,09,18:30,두산,NC,잠실,LG;두산,0,0,18418,23750,0.7755,0,9,0.44,24.0,1,3,6,0.492,17.0,3,6,10.0,0.967,,,,,,
2025,2025-09-27,토,09,17:00,KIA,NC,광주,KIA,0,0,14945,20500,0.729,0,8,0.47,19.5,1,4,6,0.496,16.0,4,6,5.5,0.972,,,,,,
2025,2025-09-27,토,09,17:00,한화,LG,대전,한화,0,0,17000,17000,1.0,1,2,0.596,2.5,1,7,1,0.613,0.0,-1,5,-11.5,0.972,,,,,,
2025,2025-09-27,토,09,17:00,두산,SSG,잠실,LG;두산,0,0,23750,23750,1.0,1,9,0.437,24.0,-1,3,3,0.53,11.5,1,6,10.0,0.972,,,,,,
2025,2025-09-28,일,09,14:00,키움,삼성,고척,키움,1,0,16000,16000,1.0,1,10,0.341,38.0,-3,4,4,0.518,13.5,-1,7,23.5,0.976,,,,,,
2025,2025-09-28,일,09,14:00,두산,롯데,잠실,LG;두산,0,0,23750,23750,1.0,1,9,0.434,25.0,-2,3,7,0.489,17.5,1,4,10.5,0.976,,,,,,
2025,2025-09-29,월,09,18:30,KIA,NC,광주,KIA,0,0,3634,20500,0.1773,0,8,0.467,20.5,-1,3,6,0.5,16.0,5,6,6.0,0.979,,,,,,
2025,2025-09-29,월,09,18:30,한화,LG,대전,한화,0,0,17000,17000,1.0,1,2,0.591,3.5,-1,6,1,0.616,0.0,1,6,-11.0,0.979,,,,,,
2025,2025-09-29,월,09,18:30,SSG,롯데,문학,SSG,0,0,22184,23000,0.9645,0,3,0.533,11.5,2,6,7,0.485,18.0,-1,4,-3.0,0.979,,,,,,
2025,2025-09-30,화,09,18:30,키움,SSG,고척,키움,1,0,16000,16000,1.0,1,10,0.338,38.0,-4,4,3,0.537,10.5,3,7,24.0,0.983,,,,,,
2025,2025-09-30,화,09,18:30,삼성,KIA,대구,삼성,0,0,23933,24000,0.9972,1,4,0.521,12.5,1,8,8,0.463,20.5,-2,2,-1.5,0.983,,,,,,
2025,2025-09-30,화,09,18:30,한화,롯데,대전,한화,0,0,17000,17000,1.0,1,2,0.594,2.5,1,6,7,0.482,18.0,-2,3,-11.5,0.983,,,,,,
2025,2025-09-30,화,09,18:30,LG,두산,잠실,LG;두산,0,0,23750,23750,1.0,1,1,0.612,0.0,-1,6,9,0.438,24.0,1,4,-14.0,0.983,,,,,,
2025,2025-09-30,화,09,18:30,NC,KT,창원,NC,0,0,14235,17983,0.7916,0,6,0.504,15.0,6,7,5,0.511,14.0,-1,5,1.0,0.983,,,,,,
2025,2025-10-01,수,10,18:30,KIA,KT,광주,KIA,0,0,6777,20500,0.3306,0,8,0.46,20.5,-3,2,6,0.507,14.0,-2,4,6.5,0.99,,,,,,
2025,2025-10-01,수,10,18:30,SSG,한화,문학,SSG,0,0,23000,23000,1.0,1,3,0.54,9.5,4,7,2,0.597,1.5,2,7,-4.5,0.99,,,,,,
2025,2025-10-01,수,10,18:30,LG,NC,잠실,LG;두산,0,0,23750,23750,1.0,1,1,0.607,0.0,-2,5,5,0.507,14.0,7,7,-14.0,0.99,,,,,,
2025,2025-10-02,목,10,18:30,KIA,SSG,광주,KIA,0,0,8043,20500,0.3923,0,8,0.457,20.5,-4,2,3,0.543,8.5,5,8,7.5,0.994,,,,,,
2025,2025-10-03,금,10,17:00,KT,한화,수원,KT,0,0,18700,18700,1.0,1,6,0.511,13.0,1,5,2,0.593,1.5,-1,6,0.0,0.996,,,,,,
2025,2025-10-04,토,10,17:00,KIA,삼성,광주,KIA,0,0,17513,20500,0.8543,0,8,0.46,20.0,1,3,4,0.525,11.0,2,8,7.0,0.997,,,,,,
2025,2025-10-04,토,10,17:00,NC,SSG,창원,NC,0,0,17983,17983,1.0,1,5,0.511,13.0,8,8,3,0.54,9.0,-1,7,0.0,0.997,,,,,,
2026,2026-03-28,토,03,14:00,삼성,롯데,대구,삼성,0,0,24000,24000,1.0,1,,,,0,,,,,0,,,0.0,,,,,,
2026,2026-03-28,토,03,14:00,한화,키움,대전,한화,0,0,17000,17000,1.0,1,,,,0,,,,,0,,,0.0,,,,,,
2026,2026-03-28,토,03,14:00,SSG,KIA,문학,SSG,0,0,23000,23000,1.0,1,,,,0,,,,,0,,,0.0,,,,,,
2026,2026-03-28,토,03,14:00,LG,KT,잠실,LG;두산,0,0,23750,23750,1.0,1,,,,0,,,,,0,,,0.0,,,,,,
2026,2026-03-28,토,03,14:00,NC,두산,창원,NC,0,0,18128,18128,1.0,1,,,,0,,,,,0,,,0.0,,,,,,
2026,2026-03-29,일,03,14:00,삼성,롯데,대구,삼성,0,0,24000,24000,1.0,1,6,0.0,1.0,-1,0,1,1.0,0.0,1,1,1.0,0.008,,,,,,
2026,2026-03-29,일,03,14:00,한화,키움,대전,한화,0,0,17000,17000,1.0,1,2,1.0,0.0,1,1,7,0.0,1.0,-1,0,0.0,0.008,,,,,,
2026,2026-03-29,일,03,14:00,SSG,KIA,문학,SSG,0,0,23000,23000,1.0,1,3,1.0,0.0,1,1,8,0.0,1.0,-1,0,0.0,0.008,,,,,,
2026,2026-03-29,일,03,14:00,LG,KT,잠실,LG;두산,0,0,23750,23750,1.0,1,9,0.0,1.0,-1,0,4,1.0,0.0,1,1,1.0,0.008,,,,,,
2026,2026-03-29,일,03,14:00,NC,두산,창원,NC,0,0,18128,18128,1.0,1,5,1.0,0.0,1,1,10,0.0,1.0,-1,0,0.0,0.008,,,,,,
2026,2026-03-31,화,03,18:30,삼성,두산,대구,삼성,0,0,21489,24000,0.8954,0,7,0.0,2.0,-2,0,6,0.5,1.0,1,1,1.0,0.015,,,,,,
2026,2026-03-31,화,03,18:30,한화,KT,대전,한화,0,0,17000,17000,1.0,1,2,1.0,0.0,2,2,4,1.0,0.0,2,2,-1.0,0.015,,,,,,
2026,2026-03-31,화,03,18:30,SSG,키움,문학,SSG,0,0,11385,23000,0.495,0,3,1.0,0.0,2,2,8,0.0,2.0,-2,0,-1.0,0.015,,,,,,
2026,2026-03-31,화,03,18:30,LG,KIA,잠실,LG;두산,0,0,23750,23750,1.0,1,10,0.0,2.0,-2,0,9,0.0,2.0,-2,0,1.0,0.015,,,,,,
2026,2026-03-31,화,03,18:30,NC,롯데,창원,NC,0,0,12730,18128,0.7022,0,5,0.5,1.0,-1,1,1,1.0,0.0,2,2,0.0,0.015,,,,,,
2026,2026-04-01,수,04,18:30,삼성,두산,대구,삼성,0,0,23120,24000,0.9633,0,8,0.0,2.5,-2,0,6,0.5,1.5,1,1,1.5,0.023,,,,,,
2026,2026-04-01,수,04,18:30,한화,KT,대전,한화,0,0,17000,17000,1.0,1,4,0.667,1.0,-1,2,2,1.0,0.0,3,3,0.0,0.023,,,,,,
2026,2026-04-01,수,04,18:30,SSG,키움,문학,SSG,0,0,12921,23000,0.5618,0,1,1.0,0.0,3,3,9,0.0,3.0,-3,0,-1.0,0.023,,,,,,
2026,2026-04-01,수,04,18:30,LG,KIA,잠실,LG;두산,0,0,23750,23750,1.0,1,10,0.0,3.0,-3,0,7,0.333,2.0,1,1,2.0,0.023,,,,,,
2026,2026-04-01,수,04,18:30,NC,롯데,창원,NC,0,0,11875,18128,0.6551,0,5,0.667,1.0,1,2,3,0.667,1.0,-1,2,0.0,0.023,,,,,,
2026,2026-04-02,목,04,18:30,삼성,두산,대구,삼성,0,0,23617,24000,0.984,1,6,0.333,2.5,1,1,7,0.333,2.5,-1,1,0.5,0.031,,,,,,
2026,2026-04-02,목,04,18:30,한화,KT,대전,한화,0,0,17000,17000,1.0,1,5,0.5,2.0,-2,2,1,1.0,0.0,4,4,0.0,0.031,,,,,,
2026,2026-04-02,목,04,18:30,SSG,키움,문학,SSG,0,0,11311,23000,0.4918,0,2,0.75,1.0,-1,3,8,0.25,3.0,1,1,-1.0,0.031,,,,,,
2026,2026-04-02,목,04,18:30,LG,KIA,잠실,LG;두산,0,0,23750,23750,1.0,1,10,0.25,3.0,1,1,9,0.25,3.0,-1,1,1.0,0.031,,,,,,
2026,2026-04-02,목,04,18:30,NC,롯데,창원,NC,0,0,13176,18128,0.7268,0,3,0.75,1.0,2,3,4,0.5,2.0,-2,2,-1.0,0.031,,,,,,
2026,2026-04-03,금,04,18:30,키움,LG,고척,키움,1,0,14150,16000,0.8844,0,9,0.2,4.0,-1,1,7,0.4,3.0,2,2,1.0,0.038,,,,,,
2026,2026-04-03,금,04,18:30,KIA,NC,광주,KIA,0,0,20500,20500,1.0,1,10,0.2,4.0,-2,1,3,0.8,1.0,3,4,1.0,0.038,,,,,,
2026,2026-04-03,금,04,18:30,롯데,SSG,사직,롯데,0,0,23200,23200,1.0,1,5,0.4,3.0,-3,2,2,0.8,1.0,1,4,0.0,0.038,,,,,,
2026,2026-04-03,금,04,18:30,KT,삼성,수원,KT,0,0,18700,18700,1.0,1,1,1.0,0.0,5,5,4,0.5,2.5,2,2,-3.0,0.038,,,,,,
2026,2026-04-03,금,04,18:30,두산,한화,잠실,LG;두산,0,0,23750,23750,1.0,1,8,0.25,3.5,-2,1,6,0.4,3.0,-3,2,0.5,0.038,,,,,,
2026,2026-04-04,토,04,17:00,키움,LG,고척,키움,1,0,16000,16000,1.0,1,7,0.333,3.0,1,2,8,0.333,3.0,-1,2,1.0,0.046,,,,,,
2026,2026-04-04,토,04,17:00,KIA,NC,광주,KIA,0,0,20500,20500,1.0,1,10,0.167,4.0,-3,1,3,0.833,0.0,4,5,2.0,0.046,,,,,,
2026,2026-04-04,토,04,17:00,롯데,SSG,사직,롯데,0,0,23200,23200,1.0,1,6,0.333,3.0,-4,2,1,0.833,0.0,2,5,1.0,0.046,,,,,,
2026,2026-04-04,토,04,17:00,KT,삼성,수원,KT,0,0,18700,18700,1.0,1,2,0.833,0.0,-1,5,4,0.6,1.5,3,3,-2.0,0.046,,,,,,
2026,2026-04-04,토,04,14:00,두산,한화,잠실,LG;두산,0,0,23750,23750,1.0,1,9,0.2,3.5,-3,1,5,0.5,2.0,1,3,1.5,0.046,,,,,,
2026,2026-04-05,일,04,14:00,키움,LG,고척,키움,1,0,15331,16000,0.9582,0,8,0.286,4.0,-1,2,6,0.429,3.0,1,3,2.0,0.054,,,,,,
2026,2026-04-05,일,04,14:00,KIA,NC,광주,KIA,0,0,20500,20500,1.0,1,10,0.143,5.0,-4,1,2,0.857,0.0,5,6,3.0,0.054,,,,,,
2026,2026-04-05,일,04,14:00,롯데,SSG,사직,롯데,0,0,23200,23200,1.0,1,7,0.286,4.0,-5,2,1,0.857,0.0,3,6,2.0,0.054,,,,,,
2026,2026-04-05,일,04,14:00,KT,삼성,수원,KT,0,0,18700,18700,1.0,1,3,0.714,1.0,-2,5,4,0.667,1.5,4,4,-1.0,0.054,,,,,,
2026,2026-04-05,일,04,14:00,두산,한화,잠실,LG;두산,0,0,23750,23750,1.0,1,9,0.167,4.5,-4,1,5,0.571,2.0,2,4,2.5,0.054,,,,,,
2026,2026-04-07,화,04,18:30,KIA,삼성,광주,KIA,0,0,12675,20500,0.6183,0,10,0.25,5.0,1,2,4,0.571,2.5,-1,4,2.0,0.061,,,,,,
2026,2026-04-07,화,04,18:30,SSG,한화,문학,SSG,0,0,18637,23000,0.8103,0,1,0.875,0.0,4,7,5,0.5,3.0,-1,4,-3.0,0.061,,,,,,
2026,2026-04-07,화,04,18:30,롯데,KT,사직,롯데,0,0,15611,23200,0.6729,0,8,0.25,5.0,-6,2,2,0.75,1.0,1,6,2.0,0.061,,,,,,
2026,2026-04-07,화,04,18:30,두산,키움,잠실,LG;두산,0,0,14435,23750,0.6078,0,7,0.286,4.5,1,2,9,0.25,5.0,-2,2,1.5,0.061,,,,,,
2026,2026-04-07,화,04,18:30,NC,LG,창원,NC,0,0,6855,18128,0.3781,0,3,0.75,1.0,-1,6,6,0.5,3.0,2,4,-2.0,0.061,,,,,,
2026,2026-04-08,수,04,18:30,KIA,삼성,광주,KIA,0,0,12672,20500,0.6181,0,10,0.222,5.0,-1,2,4,0.625,1.5,1,5,3.0,0.069,,,,,,
2026,2026-04-08,수,04,18:30,SSG,한화,문학,SSG,0,0,19836,23000,0.8624,0,1,0.778,0.0,-1,7,5,0.556,2.0,1,5,-2.0,0.069,,,,,,
2026,2026-04-08,수,04,18:30,롯데,KT,사직,롯데,0,0,16080,23200,0.6931,0,9,0.222,5.0,-7,2,2,0.778,0.0,2,7,3.0,0.069,,,,,,
2026,2026-04-08,수,04,18:30,두산,키움,잠실,LG;두산,0,0,15461,23750,0.651,0,8,0.25,4.5,-1,2,7,0.333,4.0,1,3,2.5,0.069,,,,,,
2026,2026-04-08,수,04,18:30,NC,LG,창원,NC,0,0,8180,18128,0.4512,0,3,0.667,1.0,-2,6,6,0.556,2.0,3,5,-1.0,0.069,,,,,,
2026,2026-04-10,금,04,18:30,키움,롯데,고척,키움,1,0,16000,16000,1.0,1,9,0.3,4.0,-1,3,8,0.3,4.0,1,3,3.0,0.077,,,,,,
2026,2026-04-10,금,04,18:30,삼성,NC,대구,삼성,0,0,24000,24000,1.0,1,6,0.556,1.5,-1,5,5,0.6,1.0,-3,6,0.5,0.077,,,,,,
2026,2026-04-10,금,04,18:30,한화,KIA,대전,한화,0,0,17000,17000,1.0,1,3,0.6,1.0,2,6,10,0.3,4.0,1,3,0.0,0.077,,,,,,
2026,2026-04-10,금,04,18:30,KT,두산,수원,KT,0,0,11337,18700,0.6063,0,2,0.7,0.0,-1,7,7,0.333,3.5,1,3,-1.0,0.077,,,,,,
2026,2026-04-10,금,04,18:30,LG,SSG,잠실,LG;두산,0,0,23122,23750,0.9736,0,4,0.6,1.0,4,6,1,0.7,0.0,-2,7,0.0,0.077,,,,,,
2026,2026-04-11,토,04,17:00,키움,롯데,고척,키움,1,0,16000,16000,1.0,1,10,0.273,4.0,-2,3,8,0.364,3.0,2,3,3.0,0.084,,,,,,
2026,2026-04-11,토,04,17:00,삼성,NC,대구,삼성,0,0,24000,24000,1.0,1,4,0.6,0.5,1,6,6,0.545,1.0,-4,5,-0.5,0.084,,,,,,
2026,2026-04-11,토,04,14:00,한화,KIA,대전,한화,0,0,17000,17000,1.0,1,5,0.545,1.0,-1,5,9,0.364,3.0,2,4,0.0,0.084,,,,,,
2026,2026-04-11,토,04,17:00,KT,두산,수원,KT,0,0,18700,18700,1.0,1,3,0.636,0.0,-2,6,7,0.4,2.5,2,4,-1.0,0.084,,,,,,
2026,2026-04-11,토,04,17:00,LG,SSG,잠실,LG;두산,0,0,23750,23750,1.0,1,2,0.636,0.0,5,7,1,0.636,0.0,-3,6,-1.0,0.084,,,,,,
2026,2026-04-12,일,04,14:00,키움,롯데,고척,키움,1,0,16000,16000,1.0,1,10,0.25,5.0,-3,3,7,0.417,3.0,3,3,3.0,0.092,,,,,,
2026,2026-04-12,일,04,14:00,삼성,NC,대구,삼성,0,0,24000,24000,1.0,1,3,0.636,0.5,2,7,6,0.5,2.0,-5,5,-1.5,0.092,,,,,,
2026,2026-04-12,일,04,14:00,한화,KIA,대전,한화,0,0,17000,17000,1.0,1,5,0.5,2.0,-2,4,8,0.417,3.0,3,5,0.0,0.092,,,,,,
2026,2026-04-12,일,04,14:00,KT,두산,수원,KT,0,0,16488,18700,0.8817,0,2,0.667,0.0,1,6,9,0.364,3.5,-1,3,-2.0,0.092,,,,,,
2026,2026-04-12,일,04,14:00,LG,SSG,잠실,LG;두산,0,0,23750,23750,1.0,1,1,0.667,0.0,6,8,4,0.583,1.0,-4,5,-2.0,0.092,,,,,,
2026,2026-04-14,화,04,18:30,KIA,키움,광주,KIA,0,0,9930,20500,0.4844,0,6,0.462,3.0,4,5,10,0.308,5.0,1,4,0.0,0.1,,,,,,
2026,2026-04-14,화,04,18:30,한화,삼성,대전,한화,0,0,17000,17000,1.0,1,5,0.462,3.0,-3,4,3,0.667,0.5,3,8,0.0,0.1,,,,,,
2026,2026-04-14,화,04,18:30,SSG,두산,문학,SSG,0,0,12752,23000,0.5544,0,4,0.538,2.0,-5,4,9,0.333,4.5,-2,3,-1.0,0.1,,,,,,
2026,2026-04-14,화,04,18:30,LG,롯데,잠실,LG;두산,0,0,23750,23750,1.0,1,1,0.692,0.0,7,9,8,0.385,4.0,-1,3,-3.0,0.1,,,,,,
2026,2026-04-14,화,04,18:30,NC,KT,창원,NC,0,0,4730,18128,0.2609,0,7,0.462,3.0,-6,4,2,0.692,0.0,2,6,0.0,0.1,,,,,,
2026,2026-04-15,수,04,18:30,KIA,키움,광주,KIA,0,0,10981,20500,0.5357,0,5,0.5,3.0,5,6,10,0.286,6.0,-1,3,0.0,0.107,,,,,,
2026,2026-04-15,수,04,18:30,한화,삼성,대전,한화,0,0,17000,17000,1.0,1,7,0.429,4.0,-4,4,2,0.692,0.5,4,8,1.0,0.107,,,,,,
2026,2026-04-15,수,04,18:30,SSG,두산,문학,SSG,0,0,13755,23000,0.598,0,4,0.5,3.0,-6,4,8,0.385,4.5,1,4,0.0,0.107,,,,,,
2026,2026-04-15,수,04,18:30,LG,롯데,잠실,LG;두산,0,0,23750,23750,1.0,1,1,0.714,0.0,8,9,9,0.357,5.0,-2,3,-3.0,0.107,,,,,,
2026,2026-04-15,수,04,18:30,NC,KT,창원,NC,0,0,5902,18128,0.3256,0,6,0.5,3.0,1,4,3,0.643,1.0,-1,5,0.0,0.107,,,,,,
2026,2026-04-16,목,04,18:30,KIA,키움,광주,KIA,0,0,12713,20500,0.6201,0,5,0.533,2.5,6,7,10,0.267,6.5,-2,3,0.0,0.115,,,,,,
2026,2026-04-16,목,04,18:30,한화,삼성,대전,한화,0,0,17000,17000,1.0,1,8,0.4,4.5,-5,4,1,0.714,0.0,5,8,2.0,0.115,,,,,,
2026,2026-04-16,목,04,18:30,SSG,두산,문학,SSG,0,0,13786,23000,0.5994,0,4,0.533,2.5,1,4,9,0.357,5.0,-1,4,0.0,0.115,,,,,,
2026,2026-04-16,목,04,18:30,LG,롯데,잠실,LG;두산,0,0,23750,23750,1.0,1,2,0.667,0.5,-1,8,7,0.4,4.5,1,4,-2.0,0.115,,,,,,
2026,2026-04-16,목,04,18:30,NC,KT,창원,NC,0,0,5921,18128,0.3266,0,6,0.467,3.5,-1,3,3,0.667,0.5,1,5,1.0,0.115,,,,,,
2026,2026-04-17,금,04,18:30,KT,키움,수원,KT,0,0,7479,18700,0.3999,0,3,0.688,0.5,2,6,10,0.25,7.5,-3,2,-2.0,0.123,,,,,,
2026,2026-04-17,금,04,18:30,두산,KIA,잠실,LG;두산,0,0,23750,23750,1.0,1,9,0.333,6.0,-2,4,5,0.562,2.5,7,8,3.5,0.123,,,,,,
2026,2026-04-18,토,04,14:00,삼성,LG,대구,삼성,0,0,24000,24000,1.0,1,1,0.733,0.0,6,8,3,0.688,0.5,1,9,-2.5,0.126,,,,,,
2026,2026-04-18,토,04,17:00,롯데,한화,사직,롯데,0,0,23200,23200,1.0,1,7,0.375,5.5,-1,4,8,0.375,5.5,-6,3,3.0,0.126,,,,,,
2026,2026-04-18,토,04,17:00,KT,키움,수원,KT,0,0,13721,18700,0.7337,0,2,0.706,0.0,3,7,10,0.235,8.0,-4,2,-2.5,0.126,,,,,,
2026,2026-04-18,토,04,17:00,두산,KIA,잠실,LG;두산,0,0,23750,23750,1.0,1,9,0.312,6.5,-3,4,4,0.588,2.0,8,9,4.0,0.126,,,,,,
2026,2026-04-18,토,04,17:00,NC,SSG,창원,NC,0,0,14888,18128,0.8213,0,6,0.438,4.5,-2,2,5,0.562,2.5,2,4,2.0,0.126,,,,,,
2026,2026-04-19,일,04,14:00,삼성,LG,대구,삼성,0,0,24000,24000,1.0,1,1,0.75,0.0,7,8,3,0.647,1.5,-1,8,-3.0,0.133,,,,,,
2026,2026-04-19,일,04,14:00,롯데,한화,사직,롯데,0,0,23200,23200,1.0,1,8,0.353,6.5,-2,4,6,0.412,5.5,1,3,3.5,0.133,,,,,,
2026,2026-04-19,일,04,17:00,KT,키움,수원,KT,0,0,10403,18700,0.5563,0,2,0.722,0.0,4,7,10,0.222,9.0,-5,2,-3.0,0.133,,,,,,
2026,2026-04-19,일,04,14:00,두산,KIA,잠실,LG;두산,0,0,23750,23750,1.0,1,9,0.353,6.5,1,4,5,0.556,3.0,-1,8,3.5,0.133,,,,,,
2026,2026-04-19,일,04,14:00,NC,SSG,창원,NC,0,0,13677,18128,0.7545,0,7,0.412,5.5,-3,1,4,0.588,2.5,3,4,2.5,0.133,,,,,,
2026,2026-04-21,화,04,18:30,키움,NC,고척,키움,1,0,5531,16000,0.3457,0,10,0.263,8.0,1,2,7,0.444,4.5,1,2,5.0,0.141,,,,,,
2026,2026-04-21,화,04,18:30,삼성,SSG,대구,삼성,0,0,23420,24000,0.9758,0,1,0.706,0.0,-1,8,4,0.556,2.5,-1,3,-3.0,0.141,,,,,,
2026,2026-04-21,화,04,18:30,롯데,두산,사직,롯데,0,0,15942,23200,0.6872,0,9,0.333,6.5,-3,4,8,0.389,5.5,2,5,3.5,0.141,,,,,,
2026,2026-04-21,화,04,18:30,KT,KIA,수원,KT,0,0,13143,18700,0.7028,0,2,0.684,0.0,-1,6,5,0.526,3.0,-2,8,-3.0,0.141,,,,,,
2026,2026-04-21,화,04,18:30,LG,한화,잠실,LG;두산,0,0,23750,23750,1.0,1,3,0.667,0.5,1,8,6,0.444,4.5,2,4,-2.5,0.141,,,,,,
2026,2026-04-22,수,04,18:30,키움,NC,고척,키움,1,0,5793,16000,0.3621,0,10,0.3,8.0,2,3,7,0.421,5.5,-1,2,4.0,0.149,,,,,,
2026,2026-04-22,수,04,18:30,삼성,SSG,대구,삼성,0,0,23539,24000,0.9808,1,3,0.667,1.0,-2,7,4,0.579,2.5,1,4,-3.0,0.149,,,,,,
2026,2026-04-22,수,04,18:30,롯데,두산,사직,롯데,0,0,19425,23200,0.8373,0,9,0.316,7.5,-4,4,8,0.421,5.5,3,5,3.5,0.149,,,,,,
2026,2026-04-22,수,04,18:30,KT,KIA,수원,KT,0,0,14428,18700,0.7716,0,1,0.7,0.0,1,7,5,0.5,4.0,-3,7,-4.0,0.149,,,,,,
2026,2026-04-22,수,04,18:30,LG,한화,잠실,LG;두산,0,0,23750,23750,1.0,1,2,0.684,0.5,2,8,6,0.421,5.5,-1,3,-3.5,0.149,,,,,,
2026,2026-04-23,목,04,18:30,키움,NC,고척,키움,1,0,6176,16000,0.386,0,9,0.333,8.0,3,4,8,0.4,6.5,-2,2,3.0,0.156,,,,,,
2026,2026-04-23,목,04,18:30,삼성,SSG,대구,삼성,0,0,23524,24000,0.9802,1,3,0.632,2.0,-3,7,4,0.6,2.5,2,5,-3.0,0.156,,,,,,
2026,2026-04-23,목,04,18:30,롯데,두산,사직,롯데,0,0,17334,23200,0.7472,0,10,0.3,8.5,-5,3,6,0.45,5.5,4,5,3.5,0.156,,,,,,
2026,2026-04-23,목,04,18:30,KT,KIA,수원,KT,0,0,15561,18700,0.8321,0,1,0.714,0.0,2,8,5,0.476,5.0,-4,6,-5.0,0.156,,,,,,
2026,2026-04-23,목,04,18:30,LG,한화,잠실,LG;두산,0,0,23750,23750,1.0,1,2,0.7,0.5,3,8,7,0.4,6.5,-2,2,-4.5,0.156,,,,,,
2026,2026-04-24,금,04,18:30,키움,삼성,고척,키움,1,0,16000,16000,1.0,1,10,0.318,9.0,-1,4,4,0.6,3.0,-4,6,3.0,0.164,,,,,,
2026,2026-04-24,금,04,18:30,KIA,롯데,광주,KIA,0,0,20500,20500,1.0,1,5,0.455,6.0,-5,5,9,0.333,8.5,1,3,0.0,0.164,,,,,,
2026,2026-04-24,금,04,18:30,한화,NC,대전,한화,0,0,17000,17000,1.0,1,6,0.429,6.5,1,3,7,0.429,6.5,1,3,0.5,0.164,,,,,,
2026,2026-04-24,금,04,18:30,SSG,KT,문학,SSG,0,0,15569,23000,0.6769,0,3,0.619,2.5,3,6,1,0.727,0.0,3,8,-3.5,0.164,,,,,,
2026,2026-04-24,금,04,18:30,두산,LG,잠실,LG;두산,0,0,23750,23750,1.0,1,8,0.429,6.5,-1,5,2,0.667,1.5,-1,7,0.5,0.164,,,,,,
2026,2026-04-25,토,04,17:00,키움,삼성,고척,키움,1,0,16000,16000,1.0,1,9,0.348,8.0,1,4,4,0.571,3.0,-5,5,3.0,0.172,,,,,,
2026,2026-04-25,토,04,17:00,KIA,롯데,광주,KIA,0,0,20500,20500,1.0,1,5,0.478,5.0,1,5,10,0.318,8.5,-1,2,0.0,0.172,,,,,,
2026,2026-04-25,토,04,17:00,한화,NC,대전,한화,0,0,17000,17000,1.0,1,7,0.409,6.5,-1,3,6,0.455,5.5,2,4,1.5,0.172,,,,,,
2026,2026-04-25,토,04,17:00,SSG,KT,문학,SSG,0,0,22655,23000,0.985,1,3,0.636,1.5,4,7,1,0.696,0.0,-1,7,-3.5,0.172,,,,,,
2026,2026-04-25,토,04,14:00,두산,LG,잠실,LG;두산,0,0,23750,23750,1.0,1,8,0.409,6.5,-2,5,2,0.682,0.5,1,7,1.5,0.172,,,,,,
2026,2026-04-26,일,04,14:00,키움,삼성,고척,키움,1,0,16000,16000,1.0,1,9,0.375,7.5,2,5,4,0.545,3.5,-6,4,3.0,0.179,,,,,,
2026,2026-04-26,일,04,14:00,KIA,롯데,광주,KIA,0,0,20500,20500,1.0,1,5,0.5,4.5,2,5,10,0.304,9.0,-2,2,0.0,0.179,,,,,,
2026,2026-04-26,일,04,14:00,한화,NC,대전,한화,0,0,17000,17000,1.0,1,6,0.435,6.0,1,4,7,0.435,6.0,-1,4,1.5,0.179,,,,,,
2026,2026-04-26,일,04,14:00,SSG,KT,문학,SSG,0,0,19484,23000,0.8471,0,3,0.652,1.0,5,8,2,0.667,0.5,-2,7,-3.5,0.179,,,,,,
2026,2026-04-26,일,04,14:00,두산,LG,잠실,LG;두산,0,0,23750,23750,1.0,1,8,0.391,7.0,-3,4,1,0.696,0.0,2,7,2.5,0.179,,,,,,
2026,2026-04-28,화,04,18:30,한화,SSG,대전,한화,0,0,16651,17000,0.9795,0,7,0.417,6.5,-1,4,3,0.625,1.5,-1,8,2.0,0.187,,,,,,
2026,2026-04-28,화,04,18:30,롯데,키움,사직,롯데,0,0,19704,23200,0.8493,0,10,0.304,9.0,-2,2,9,0.4,7.0,3,6,4.5,0.187,,,,,,
2026,2026-04-28,화,04,18:30,KT,LG,수원,KT,0,0,12312,18700,0.6584,0,1,0.68,0.0,1,7,2,0.667,0.5,-1,6,-4.5,0.187,,,,,,
2026,2026-04-28,화,04,18:30,두산,삼성,잠실,LG;두산,0,0,23750,23750,1.0,1,8,0.417,6.5,1,5,4,0.522,4.0,-7,3,2.0,0.187,,,,,,
2026,2026-04-28,화,04,18:30,NC,KIA,창원,NC,0,0,8781,18128,0.4844,0,6,0.458,5.5,1,4,5,0.5,4.5,2,4,1.0,0.187,,,,,,
2026,2026-04-29,수,04,18:30,한화,SSG,대전,한화,0,0,17000,17000,1.0,1,7,0.44,6.5,1,5,3,0.6,2.5,-2,7,1.0,0.194,,,,,,
2026,2026-04-29,수,04,18:30,롯데,키움,사직,롯데,0,0,19362,23200,0.8346,0,10,0.333,9.0,1,2,9,0.385,8.0,-1,6,3.5,0.194,,,,,,
2026,2026-04-29,수,04,18:30,KT,LG,수원,KT,0,0,13711,18700,0.7332,0,1,0.692,0.0,2,7,2,0.64,1.5,-2,6,-5.5,0.194,,,,,,
2026,2026-04-29,수,04,18:30,두산,삼성,잠실,LG;두산,0,0,23750,23750,1.0,1,8,0.4,7.5,-1,5,4,0.542,4.0,1,3,2.0,0.194,,,,,,
2026,2026-04-29,수,04,18:30,NC,KIA,창원,NC,0,0,11824,18128,0.6523,0,6,0.48,5.5,2,5,5,0.48,5.5,-1,3,0.0,0.194,,,,,,
2026,2026-04-30,목,04,18:30,한화,SSG,대전,한화,0,0,17000,17000,1.0,1,7,0.423,7.5,-1,5,2,0.615,2.5,1,7,2.0,0.202,,,,,,
2026,2026-04-30,목,04,18:30,롯데,키움,사직,롯데,0,0,23200,23200,1.0,1,10,0.32,10.0,-1,2,9,0.407,8.0,1,7,4.5,0.202,,,,,,
2026,2026-04-30,목,04,18:30,KT,LG,수원,KT,0,0,18700,18700,1.0,1,1,0.704,0.0,3,7,3,0.615,2.5,-3,5,-5.5,0.202,,,,,,
2026,2026-04-30,목,04,18:30,두산,삼성,잠실,LG;두산,0,0,23750,23750,1.0,1,8,0.423,7.5,1,6,4,0.52,5.0,-1,2,2.0,0.202,,,,,,
2026,2026-04-30,목,04,18:30,NC,KIA,창원,NC,0,0,16616,18128,0.9166,0,6,0.462,6.5,-1,5,5,0.5,5.5,1,3,1.0,0.202,,,,,,
2026,2026-05-01,금,05,17:00,키움,두산,고척,키움,1,0,16000,16000,1.0,1,9,0.393,8.0,-1,7,7,0.444,6.5,2,6,2.5,0.21,,,,,,
2026,2026-05-01,금,05,17:00,KIA,KT,광주,KIA,0,0,20500,20500,1.0,1,5,0.481,5.5,-1,3,1,0.679,0.0,-1,6,0.0,0.21,,,,,,
2026,2026-05-01,금,05,17:00,삼성,한화,대구,삼성,0,0,24000,24000,1.0,1,4,0.5,5.0,-2,1,8,0.407,7.5,-2,4,-0.5,0.21,,,,,,
2026,2026-05-01,금,05,17:00,SSG,롯데,문학,SSG,0,0,23000,23000,1.0,1,2,0.63,1.5,2,7,10,0.346,9.0,1,3,-4.0,0.21,,,,,,
2026,2026-05-01,금,05,17:00,LG,NC,잠실,LG;두산,0,0,23750,23750,1.0,1,3,0.63,1.5,1,6,6,0.481,5.5,1,6,-4.0,0.21,,,,,,
2026,2026-05-02,토,05,17:00,키움,두산,고척,키움,1,0,16000,16000,1.0,1,9,0.379,9.0,-2,6,7,0.464,6.5,3,6,2.5,0.217,,,,,,
2026,2026-05-02,토,05,17:00,KIA,KT,광주,KIA,0,0,20500,20500,1.0,1,5,0.464,6.5,-2,3,1,0.69,0.0,1,7,0.0,0.217,,,,,,
2026,2026-05-02,토,05,17:00,삼성,한화,대구,삼성,0,0,24000,24000,1.0,1,4,0.519,5.0,1,2,8,0.393,8.5,-3,3,-1.5,0.217,,,,,,
2026,2026-05-02,토,05,14:00,SSG,롯데,문학,SSG,0,0,23000,23000,1.0,1,3,0.607,2.5,-1,7,10,0.37,9.0,2,4,-4.0,0.217,,,,,,
2026,2026-05-02,토,05,17:00,LG,NC,잠실,LG;두산,0,0,23750,23750,1.0,1,2,0.643,1.5,2,6,6,0.464,6.5,-1,5,-5.0,0.217,,,,,,
2026,2026-05-03,일,05,14:00,키움,두산,고척,키움,1,0,16000,16000,1.0,1,9,0.4,8.0,1,6,7,0.448,6.5,-1,5,2.5,0.225,,,,,,
2026,2026-05-03,일,05,14:00,KIA,KT,광주,KIA,0,0,20500,20500,1.0,1,5,0.483,5.5,1,4,1,0.667,0.0,-1,6,0.0,0.225,,,,,,
2026,2026-05-03,일,05,14:00,삼성,한화,대구,삼성,0,0,24000,24000,1.0,1,4,0.5,5.0,-1,2,8,0.414,7.5,1,4,-0.5,0.225,,,,,,
2026,2026-05-03,일,05,14:00,SSG,롯데,문학,SSG,0,0,23000,23000,1.0,1,3,0.586,2.5,-2,6,10,0.393,8.0,3,5,-3.0,0.225,,,,,,
2026,2026-05-03,일,05,14:00,LG,NC,잠실,LG;두산,0,0,23633,23750,0.9951,1,2,0.655,0.5,3,6,6,0.448,6.5,-2,5,-5.0,0.225,,,,,,
2026,2026-05-05,화,05,14:00,KIA,한화,광주,KIA,0,0,20500,20500,1.0,1,5,0.467,6.5,-1,4,9,0.4,8.5,-1,4,0.0,0.233,,,,,,
2026,2026-05-05,화,05,14:00,삼성,키움,대구,삼성,0,0,24000,24000,1.0,1,4,0.517,5.0,1,3,10,0.387,9.0,-1,5,-1.5,0.233,,,,,,
2026,2026-05-05,화,05,14:00,SSG,NC,문학,SSG,0,0,23000,23000,1.0,1,3,0.567,3.5,-3,5,6,0.467,6.5,1,6,-3.0,0.233,,,,,,
2026,2026-05-05,화,05,14:00,KT,롯데,수원,KT,0,0,18700,18700,1.0,1,1,0.677,0.0,1,6,8,0.414,8.0,4,6,-6.5,0.233,,,,,,
2026,2026-05-05,화,05,14:00,LG,두산,잠실,LG;두산,0,0,23750,23750,1.0,1,2,0.633,1.5,-1,5,7,0.467,6.5,1,5,-5.0,0.233,,,,,,
2026,2026-05-06,수,05,18:30,KIA,한화,광주,KIA,0,0,18441,20500,0.8996,0,5,0.484,6.5,1,5,9,0.387,9.5,-2,3,0.0,0.24,,,,,,
2026,2026-05-06,수,05,18:30,삼성,키움,대구,삼성,0,0,24000,24000,1.0,1,4,0.533,5.0,2,4,10,0.375,10.0,-2,5,-1.5,0.24,,,,,,
2026,2026-05-06,수,05,18:30,SSG,NC,문학,SSG,0,0,15681,23000,0.6818,0,3,0.567,4.0,-3,4,6,0.467,7.0,1,5,-2.5,0.24,,,,,,
2026,2026-05-06,수,05,18:30,KT,롯데,수원,KT,0,0,12531,18700,0.6701,0,1,0.688,0.0,2,6,8,0.4,9.0,-1,5,-6.5,0.24,,,,,,
2026,2026-05-06,수,05,18:30,LG,두산,잠실,LG;두산,0,0,23750,23750,1.0,1,2,0.645,1.5,1,6,7,0.452,7.5,-1,5,-5.0,0.24,,,,,,
2026,2026-05-07,목,05,18:30,KIA,한화,광주,KIA,0,0,17607,20500,0.8589,0,5,0.469,6.5,-1,4,9,0.406,8.5,1,4,0.0,0.248,,,,,,
2026,2026-05-07,목,05,18:30,삼성,키움,대구,삼성,0,0,24000,24000,1.0,1,4,0.548,4.0,3,5,10,0.364,10.0,-3,4,-2.5,0.248,,,,,,
2026,2026-05-07,목,05,18:30,SSG,NC,문학,SSG,0,0,14364,23000,0.6245,0,3,0.581,3.0,1,4,6,0.452,7.0,-1,4,-3.5,0.248,,,,,,
2026,2026-05-07,목,05,18:30,LG,두산,잠실,LG;두산,0,0,22805,23750,0.9602,0,2,0.656,0.5,2,6,7,0.438,7.5,-2,5,-6.0,0.248,,,,,,
2026,2026-05-08,금,05,18:30,키움,KT,고척,키움,1,0,6159,16000,0.3849,0,10,0.353,10.5,-4,3,1,0.667,0.0,-1,6,4.0,0.254,,,,,,
2026,2026-05-08,금,05,18:30,한화,LG,대전,한화,0,0,16551,17000,0.9736,0,8,0.424,8.0,2,4,2,0.636,1.0,-1,5,1.5,0.254,,,,,,
2026,2026-05-08,금,05,18:30,롯데,KIA,사직,롯데,0,0,23200,23200,1.0,1,9,0.419,8.0,1,6,6,0.455,7.0,-2,3,1.5,0.254,,,,,,
2026,2026-05-08,금,05,18:30,두산,SSG,잠실,LG;두산,0,0,23750,23750,1.0,1,7,0.455,7.0,1,6,4,0.562,3.5,-1,3,0.5,0.254,,,,,,
2026,2026-05-08,금,05,18:30,NC,삼성,창원,NC,0,0,15758,18128,0.8693,0,5,0.469,6.5,1,5,3,0.562,3.5,4,6,0.0,0.254,,,,,,
2026,2026-05-09,토,05,17:00,키움,KT,고척,키움,1,0,11300,16000,0.7063,0,10,0.343,11.5,-5,2,1,0.676,0.0,1,7,4.5,0.262,,,,,,
2026,2026-05-09,토,05,14:00,한화,LG,대전,한화,0,0,17000,17000,1.0,1,8,0.412,9.0,-1,4,2,0.647,1.0,1,6,2.0,0.262,,,,,,
2026,2026-05-09,토,05,17:00,롯데,KIA,사직,롯데,0,0,23200,23200,1.0,1,9,0.406,9.0,-1,6,5,0.471,7.0,1,4,2.0,0.262,,,,,,
2026,2026-05-09,토,05,17:00,두산,SSG,잠실,LG;두산,0,0,23750,23750,1.0,1,7,0.441,8.0,-1,5,4,0.576,3.5,1,4,1.0,0.262,,,,,,
2026,2026-05-09,토,05,17:00,NC,삼성,창원,NC,0,0,18128,18128,1.0,1,6,0.455,7.5,-1,4,3,0.576,3.5,5,7,0.5,0.262,,,,,,
2026,2026-05-10,일,05,14:00,키움,KT,고척,키움,1,0,9153,16000,0.5721,0,10,0.343,11.5,-5,2,1,0.676,0.0,1,6,5.0,0.27,,,,,,
2026,2026-05-10,일,05,14:00,한화,LG,대전,한화,0,0,17000,17000,1.0,1,8,0.429,8.5,1,4,2,0.629,1.5,-1,6,2.0,0.27,,,,,,
2026,2026-05-10,일,05,14:00,롯데,KIA,사직,롯데,0,0,23200,23200,1.0,1,9,0.394,9.5,-2,6,5,0.486,6.5,2,5,3.0,0.27,,,,,,
2026,2026-05-10,일,05,14:00,두산,SSG,잠실,LG;두산,0,0,23750,23750,1.0,1,6,0.457,7.5,1,6,4,0.559,4.0,-1,4,1.0,0.27,,,,,,
2026,2026-05-10,일,05,14:00,NC,삼성,창원,NC,0,0,18128,18128,1.0,1,7,0.441,8.0,-2,3,3,0.588,3.0,6,7,1.5,0.27,,,,,,
2026,2026-05-12,화,05,18:30,키움,한화,고척,키움,1,0,16000,16000,1.0,1,10,0.361,10.5,1,2,7,0.444,7.5,2,5,4.0,0.277,,,,,,
2026,2026-05-12,화,05,18:30,KIA,두산,광주,KIA,0,0,13698,20500,0.6682,0,5,0.472,6.5,-1,4,6,0.472,6.5,2,6,0.0,0.277,,,,,,
2026,2026-05-12,화,05,18:30,롯데,NC,사직,롯데,0,0,16431,23200,0.7082,0,9,0.412,8.5,1,6,8,0.429,8.0,-3,3,2.0,0.277,,,,,,
2026,2026-05-12,화,05,18:30,KT,SSG,수원,KT,0,0,7742,18700,0.414,0,1,0.657,0.0,-1,5,4,0.543,4.0,-2,3,-6.5,0.277,,,,,,
2026,2026-05-12,화,05,18:30,LG,삼성,잠실,LG;두산,0,0,23750,23750,1.0,1,2,0.611,1.5,-2,6,3,0.6,2.0,7,8,-5.0,0.277,,,,,,
2026,2026-05-13,수,05,18:30,키움,한화,고척,키움,1,0,16000,16000,1.0,1,10,0.351,10.5,-1,2,6,0.459,6.5,3,6,5.0,0.285,,,,,,
2026,2026-05-13,수,05,18:30,KIA,두산,광주,KIA,0,0,15366,20500,0.7496,0,7,0.459,6.5,-2,4,5,0.486,5.5,3,6,1.0,0.285,,,,,,
2026,2026-05-13,수,05,18:30,롯데,NC,사직,롯데,0,0,21019,23200,0.906,0,9,0.4,8.5,-1,6,8,0.444,7.0,1,3,3.0,0.285,,,,,,
2026,2026-05-13,수,05,18:30,KT,SSG,수원,KT,0,0,8350,18700,0.4465,0,1,0.639,0.0,-2,4,4,0.556,3.0,1,3,-5.5,0.285,,,,,,
2026,2026-05-13,수,05,18:30,LG,삼성,잠실,LG;두산,0,0,23750,23750,1.0,1,3,0.595,1.5,-3,5,2,0.611,1.0,8,9,-4.0,0.285,,,,,,
2026,2026-05-14,목,05,18:30,키움,한화,고척,키움,1,0,16000,16000,1.0,1,10,0.368,10.5,1,3,7,0.447,7.5,-1,6,4.0,0.292,,,,,,
2026,2026-05-14,목,05,18:30,KIA,두산,광주,KIA,0,0,15738,20500,0.7677,0,5,0.474,6.5,1,5,6,0.474,6.5,-1,5,0.0,0.292,,,,,,
2026,2026-05-14,목,05,18:30,롯데,NC,사직,롯데,0,0,22834,23200,0.9842,1,9,0.417,8.5,1,6,8,0.432,8.0,-1,3,2.0,0.292,,,,,,
2026,2026-05-14,목,05,18:30,KT,SSG,수원,KT,0,0,9128,18700,0.4881,0,1,0.649,0.0,1,5,4,0.541,4.0,-1,3,-6.5,0.292,,,,,,
2026,2026-05-14,목,05,18:30,LG,삼성,잠실,LG;두산,0,0,23750,23750,1.0,1,2,0.605,1.5,1,5,3,0.595,2.0,-1,8,-5.0,0.292,,,,,,
2026,2026-05-15,금,05,18:30,삼성,KIA,대구,삼성,0,0,24000,24000,1.0,1,2,0.605,1.0,1,9,5,0.487,5.5,2,5,-4.5,0.3,,,,,,
2026,2026-05-15,금,05,18:30,SSG,LG,문학,SSG,0,0,23000,23000,1.0,1,4,0.553,3.0,1,4,3,0.59,1.5,-1,4,-2.5,0.3,,,,,,
2026,2026-05-15,금,05,18:30,KT,한화,수원,KT,0,0,18700,18700,1.0,1,1,0.632,0.0,-1,4,6,0.462,6.5,1,6,-5.5,0.3,,,,,,
2026,2026-05-15,금,05,18:30,두산,롯데,잠실,LG;두산,0,0,23750,23750,1.0,1,7,0.462,6.5,-2,5,9,0.405,8.5,-1,5,1.0,0.3,,,,,,
2026,2026-05-15,금,05,18:30,NC,키움,창원,NC,0,0,9762,18128,0.5385,0,8,0.447,7.0,1,4,10,0.359,10.5,-1,2,1.5,0.3,,,,,,
2026,2026-05-16,토,05,17:00,삼성,KIA,대구,삼성,0,0,24000,24000,1.0,1,3,0.59,1.0,-1,8,5,0.5,4.5,3,6,-3.5,0.308,,,,,,
2026,2026-05-16,토,05,17:00,SSG,LG,문학,SSG,0,0,23000,23000,1.0,1,4,0.538,3.0,-1,4,2,0.6,0.5,1,5,-1.5,0.308,,,,,,
2026,2026-05-16,토,05,14:00,KT,한화,수원,KT,0,0,18700,18700,1.0,1,1,0.615,0.0,-2,4,6,0.475,5.5,2,7,-4.5,0.308,,,,,,
2026,2026-05-16,토,05,17:00,두산,롯데,잠실,LG;두산,0,0,23750,23750,1.0,1,7,0.45,6.5,-3,4,9,0.421,7.5,1,5,2.0,0.308,,,,,,
2026,2026-05-16,토,05,17:00,NC,키움,창원,NC,0,0,15091,18128,0.8325,0,8,0.436,7.0,-1,3,10,0.375,9.5,1,3,2.5,0.308,,,,,,
2026,2026-05-17,일,05,14:00,삼성,KIA,대구,삼성,0,0,24000,24000,1.0,1,1,0.6,0.0,1,8,6,0.488,4.5,-1,5,-4.5,0.315,,,,,,
2026,2026-05-17,일,05,14:00,SSG,LG,문학,SSG,0,0,23000,23000,1.0,1,4,0.55,2.0,1,5,3,0.585,0.5,-1,4,-2.5,0.315,,,,,,
2026,2026-05-17,일,05,14:00,KT,한화,수원,KT,0,0,18700,18700,1.0,1,2,0.6,0.0,-3,3,5,0.488,4.5,3,8,-4.5,0.315,,,,,,
2026,2026-05-17,일,05,14:00,두산,롯데,잠실,LG;두산,0,0,23750,23750,1.0,1,7,0.463,5.5,1,5,9,0.41,7.5,-1,4,1.0,0.315,,,,,,
2026,2026-05-17,일,05,14:00,NC,키움,창원,NC,0,0,12047,18128,0.6646,0,8,0.45,6.0,1,4,10,0.366,9.5,-1,3,1.5,0.315,,,,,,
2026,2026-05-19,화,05,18:30,키움,SSG,고척,키움,1,0,7674,16000,0.4796,0,10,0.381,9.5,1,4,4,0.537,3.0,-1,4,5.0,0.323,,,,,,
2026,2026-05-19,화,05,18:30,KIA,LG,광주,KIA,0,0,14801,20500,0.722,0,5,0.5,4.5,1,6,2,0.595,0.5,1,4,0.0,0.323,,,,,,
2026,2026-05-19,화,05,18:30,한화,롯데,대전,한화,0,0,17000,17000,1.0,1,6,0.476,5.5,-1,7,9,0.4,8.5,-2,4,1.0,0.323,,,,,,
2026,2026-05-19,화,05,18:30,두산,NC,잠실,LG;두산,0,0,19186,23750,0.8078,0,7,0.476,5.5,2,6,8,0.439,7.0,-1,4,1.0,0.323,,,,,,
2026,2026-05-19,화,05,18:30,삼성,KT,포항,삼성,0,1,12120,12120,1.0,1,3,0.585,1.0,-1,7,1,0.61,0.0,1,3,-3.5,0.323,,,,,,
2026,2026-05-20,수,05,18:30,키움,SSG,고척,키움,1,0,9234,16000,0.5771,0,10,0.395,8.5,2,5,4,0.524,3.0,-2,4,5.0,0.331,,,,,,
2026,2026-05-21,목,05,18:30,키움,SSG,고척,키움,1,0,8043,16000,0.5027,0,10,0.409,8.0,3,6,4,0.512,3.5,-3,3,4.5,0.332,,,,,,
2026,2026-05-21,목,05,18:30,KIA,LG,광주,KIA,0,0,15082,20500,0.7357,0,5,0.512,3.5,2,7,3,0.581,0.5,-1,4,0.0,0.332,,,,,,
2026,2026-05-21,목,05,18:30,한화,롯데,대전,한화,0,0,17000,17000,1.0,1,7,0.465,5.5,-2,6,9,0.415,7.5,1,4,2.0,0.332,,,,,,
2026,2026-05-21,목,05,18:30,두산,NC,잠실,LG;두산,0,0,16593,23750,0.6987,0,6,0.488,4.5,3,6,8,0.429,7.0,-2,3,1.0,0.332,,,,,,
2026,2026-05-21,목,05,18:30,삼성,KT,포항,삼성,0,1,12120,12120,1.0,1,1,0.595,0.0,1,7,2,0.595,0.0,-1,3,-3.5,0.332,,,,,,
2026,2026-05-22,금,05,18:30,KIA,SSG,광주,KIA,0,0,20500,20500,1.0,1,5,0.5,4.5,-1,6,4,0.5,4.5,-4,3,0.0,0.34,,,,,,
2026,2026-05-22,금,05,18:30,한화,두산,대전,한화,0,0,17000,17000,1.0,1,7,0.455,6.5,-3,6,6,0.5,4.5,4,7,2.0,0.34,,,,,,
2026,2026-05-22,금,05,18:30,롯데,삼성,사직,롯데,0,0,23200,23200,1.0,1,8,0.429,7.5,2,5,1,0.605,0.0,2,7,3.0,0.34,,,,,,
2026,2026-05-22,금,05,18:30,KT,NC,수원,KT,0,0,10312,18700,0.5514,0,3,0.581,1.0,-2,2,10,0.419,8.0,-3,3,-3.5,0.34,,,,,,
2026,2026-05-22,금,05,18:30,LG,키움,잠실,LG;두산,0,0,23750,23750,1.0,1,2,0.591,0.5,1,4,9,0.422,8.0,4,7,-4.0,0.34,,,,,,
2026,2026-05-23,토,05,17:00,KIA,SSG,광주,KIA,0,0,20500,20500,1.0,1,4,0.511,4.5,1,6,5,0.489,5.5,-5,3,-1.0,0.348,,,,,,
2026,2026-05-23,토,05,17:00,한화,두산,대전,한화,0,0,17000,17000,1.0,1,7,0.467,6.5,1,6,6,0.489,5.5,-1,6,1.0,0.348,,,,,,
2026,2026-05-23,토,05,17:00,롯데,삼성,사직,롯데,0,0,23200,23200,1.0,1,9,0.419,8.5,-1,5,1,0.614,0.0,3,7,3.0,0.348,,,,,,
2026,2026-05-23,토,05,17:00,KT,NC,수원,KT,0,0,17078,18700,0.9133,0,2,0.591,1.0,1,3,10,0.409,9.0,-4,3,-4.5,0.348,,,,,,
2026,2026-05-23,토,05,14:00,LG,키움,잠실,LG;두산,0,0,23750,23750,1.0,1,3,0.578,1.5,-1,4,8,0.435,8.0,5,7,-4.0,0.348,,,,,,
2026,2026-05-24,일,05,14:00,KIA,SSG,광주,KIA,0,0,20500,20500,1.0,1,4,0.522,3.5,2,7,6,0.478,5.5,-6,2,-2.0,0.355,,,,,,
2026,2026-05-24,일,05,14:00,한화,두산,대전,한화,0,0,17000,17000,1.0,1,5,0.478,5.5,2,6,7,0.478,5.5,-2,5,0.0,0.355,,,,,,
2026,2026-05-24,일,05,14:00,롯데,삼성,사직,롯데,0,0,23200,23200,1.0,1,8,0.432,7.5,1,5,1,0.6,0.0,-1,6,2.0,0.355,,,,,,
2026,2026-05-24,일,05,14:00,KT,NC,수원,KT,0,0,15202,18700,0.8129,0,2,0.6,0.0,2,4,10,0.4,9.0,-5,3,-5.5,0.355,,,,,,
2026,2026-05-24,일,05,14:00,LG,키움,잠실,LG;두산,0,0,23750,23750,1.0,1,3,0.587,0.5,1,5,9,0.426,8.0,-1,7,-5.0,0.355,,,,,,
2026,2026-05-26,화,05,18:30,키움,KIA,고척,키움,1,0,16000,16000,1.0,1,9,0.417,9.0,-2,6,4,0.532,3.5,3,8,3.5,0.363,,,,,,
2026,2026-05-26,화,05,18:30,롯데,LG,사직,롯데,0,0,15588,23200,0.6719,0,8,0.422,8.5,-1,5,2,0.596,0.5,2,6,3.0,0.363,,,,,,
2026,2026-05-26,화,05,18:30,두산,KT,잠실,LG;두산,0,0,19281,23750,0.8118,0,7,0.468,6.5,-3,4,3,0.587,1.0,-1,4,1.0,0.363,,,,,,
2026,2026-05-27,수,05,18:30,키움,KIA,고척,키움,1,0,16000,16000,1.0,1,10,0.408,9.5,-3,6,4,0.542,3.0,4,8,4.0,0.368,,,,,,
2026,2026-05-27,수,05,18:30,SSG,삼성,문학,SSG,0,0,18420,23000,0.8009,0,6,0.468,6.5,-7,2,1,0.609,0.0,1,6,1.0,0.368,,,,,,
2026,2026-05-27,수,05,18:30,롯데,LG,사직,롯데,0,0,16827,23200,0.7253,0,8,0.413,9.0,-2,4,2,0.604,0.0,3,6,3.5,0.368,,,,,,
2026,2026-05-27,수,05,18:30,두산,KT,잠실,LG;두산,0,0,22016,23750,0.927,0,7,0.458,7.0,-4,4,3,0.596,0.5,1,4,1.5,0.368,,,,,,
2026,2026-05-27,수,05,18:30,NC,한화,창원,NC,0,0,11013,18128,0.6075,0,9,0.413,9.0,1,3,5,0.489,5.5,3,6,3.5,0.368,,,,,,
2026,2026-05-28,목,05,18:30,키움,KIA,고척,키움,1,0,16000,16000,1.0,1,10,0.4,10.5,-4,5,4,0.551,3.0,5,8,4.0,0.375,,,,,,
2026,2026-05-28,목,05,18:30,SSG,삼성,문학,SSG,0,0,18084,23000,0.7863,0,7,0.458,7.5,-8,1,1,0.617,0.0,2,7,1.0,0.375,,,,,,
2026,2026-05-28,목,05,18:30,롯데,LG,사직,롯데,0,0,20522,23200,0.8846,0,9,0.404,10.0,-3,4,2,0.612,0.0,4,7,3.5,0.375,,,,,,
2026,2026-05-28,목,05,18:30,두산,KT,잠실,LG;두산,0,0,22069,23750,0.9292,0,6,0.469,7.0,1,5,3,0.583,1.5,-1,4,0.5,0.375,,,,,,
2026,2026-05-28,목,05,18:30,NC,한화,창원,NC,0,0,13087,18128,0.7219,0,8,0.426,9.0,2,4,5,0.479,6.5,-1,6,2.5,0.375,,,,,,
2026,2026-05-29,금,05,18:30,키움,KT,고척,키움,1,0,7067,16000,0.4417,0,10,0.392,11.5,-5,5,3,0.592,1.5,1,5,5.0,0.383,,,,,,
2026,2026-05-29,금,05,18:30,삼성,두산,대구,삼성,0,0,24000,24000,1.0,1,1,0.625,0.0,3,7,6,0.46,8.0,-1,5,-6.5,0.383,,,,,,
2026,2026-05-29,금,05,18:30,한화,SSG,대전,한화,0,0,17000,17000,1.0,1,5,0.49,6.5,1,6,7,0.449,8.5,-9,1,0.0,0.383,,,,,,
2026,2026-05-29,금,05,18:30,LG,KIA,잠실,LG;두산,0,0,23750,23750,1.0,1,2,0.6,1.0,-1,6,4,0.56,3.0,6,8,-5.5,0.383,,,,,,
2026,2026-05-29,금,05,18:30,NC,롯데,창원,NC,0,0,18128,18128,1.0,1,9,0.417,10.0,-1,3,8,0.417,10.0,1,4,3.5,0.383,,,,,,
2026,2026-05-30,토,05,17:00,키움,KT,고척,키움,1,0,11068,16000,0.6917,0,10,0.385,11.5,-6,4,3,0.6,0.5,2,6,6.0,0.391,,,,,,
2026,2026-05-30,토,05,14:00,삼성,두산,대구,삼성,0,0,24000,24000,1.0,1,1,0.612,0.0,-1,7,6,0.471,7.0,1,5,-5.5,0.391,,,,,,
2026,2026-05-30,토,05,17:00,한화,SSG,대전,한화,0,0,17000,17000,1.0,1,5,0.5,5.5,2,6,7,0.44,8.5,-10,0,0.0,0.391,,,,,,
2026,2026-05-30,토,05,17:00,LG,KIA,잠실,LG;두산,0,0,23750,23750,1.0,1,2,0.608,0.0,1,7,4,0.549,3.0,-1,8,-5.5,0.391,,,,,,
2026,2026-05-30,토,05,17:00,NC,롯데,창원,NC,0,0,18128,18128,1.0,1,9,0.408,10.0,-2,3,8,0.429,9.0,2,5,4.5,0.391,,,,,,
2026,2026-05-31,일,05,14:00,키움,KT,고척,키움,1,0,9994,16000,0.6246,0,10,0.377,12.5,-7,3,2,0.608,0.5,3,6,7.0,0.398,,,,,,
2026,2026-05-31,일,05,14:00,삼성,두산,대구,삼성,0,0,24000,24000,1.0,1,3,0.6,1.0,-2,6,6,0.481,7.0,2,5,-4.5,0.398,,,,,,
2026,2026-05-31,일,05,14:00,한화,SSG,대전,한화,0,0,17000,17000,1.0,1,5,0.51,5.5,3,6,7,0.431,9.5,-11,0,0.0,0.398,,,,,,
2026,2026-05-31,일,05,14:00,LG,KIA,잠실,LG;두산,0,0,23750,23750,1.0,1,1,0.615,0.0,2,7,4,0.538,4.0,-2,7,-5.5,0.398,,,,,,
2026,2026-05-31,일,05,14:00,NC,롯데,창원,NC,0,0,18128,18128,1.0,1,9,0.42,10.0,1,3,8,0.42,10.0,-1,5,4.5,0.398,,,,,,
2026,2026-06-02,화,06,18:30,KIA,롯데,광주,KIA,0,0,20500,20500,1.0,1,4,0.528,5.0,-3,6,9,0.412,11.0,-2,4,-0.5,0.406,,,,,,
2026,2026-06-02,화,06,18:30,삼성,NC,대구,삼성,0,0,24000,24000,1.0,1,3,0.608,1.0,1,7,7,0.431,10.0,2,4,-4.5,0.406,,,,,,
2026,2026-06-02,화,06,18:30,SSG,키움,문학,SSG,0,0,16117,23000,0.7007,0,8,0.423,10.5,-12,0,10,0.37,13.5,-8,2,5.0,0.406,,,,,,
2026,2026-06-02,화,06,18:30,KT,LG,수원,KT,0,0,18700,18700,1.0,1,2,0.615,0.5,4,7,1,0.623,0.0,3,8,-5.0,0.406,,,,,,
2026,2026-06-02,화,06,18:30,두산,한화,잠실,LG;두산,0,0,23750,23750,1.0,1,6,0.472,8.0,-1,4,5,0.519,5.5,4,7,2.5,0.406,,,,,,
2026,2026-06-03,수,06,17:00,KIA,롯데,광주,KIA,0,0,20500,20500,1.0,1,4,0.537,5.0,1,7,9,0.404,12.0,-3,3,-1.5,0.413,,,,,,
2026,2026-06-03,수,06,17:00,삼성,NC,대구,삼성,0,0,24000,24000,1.0,1,2,0.615,1.0,2,7,7,0.423,11.0,-1,4,-5.5,0.413,,,,,,
2026,2026-06-03,수,06,17:00,SSG,키움,문학,SSG,0,0,18491,23000,0.804,0,8,0.415,11.5,-13,0,10,0.382,13.5,1,2,5.0,0.413,,,,,,
2026,2026-06-03,수,06,17:00,KT,LG,수원,KT,0,0,18700,18700,1.0,1,3,0.604,1.5,-1,7,1,0.63,0.0,4,8,-5.0,0.413,,,,,,
2026,2026-06-03,수,06,17:00,두산,한화,잠실,LG;두산,0,0,23750,23750,1.0,1,6,0.481,8.0,1,4,5,0.509,6.5,-1,7,1.5,0.413,,,,,,
2026,2026-06-04,목,06,18:30,KIA,롯데,광주,KIA,0,0,20500,20500,1.0,1,4,0.527,5.0,-1,6,9,0.415,11.0,1,4,-1.0,0.421,,,,,,
2026,2026-06-04,목,06,18:30,삼성,NC,대구,삼성,0,0,24000,24000,1.0,1,3,0.604,1.0,-1,6,7,0.434,10.0,1,5,-5.0,0.421,,,,,,
2026,2026-06-04,목,06,18:30,SSG,키움,문학,SSG,0,0,12688,23000,0.5517,0,8,0.426,10.5,1,1,10,0.375,13.5,-1,1,4.5,0.421,,,,,,
2026,2026-06-04,목,06,18:30,KT,LG,수원,KT,0,0,12257,18700,0.6555,0,2,0.611,0.5,1,7,1,0.618,0.0,-1,8,-5.5,0.421,,,,,,
2026,2026-06-04,목,06,18:30,두산,한화,잠실,LG;두산,0,0,22961,23750,0.9668,0,6,0.481,7.5,1,4,5,0.509,6.0,-1,7,1.5,0.421,,,,,,
2026,2026-06-05,금,06,18:30,KIA,삼성,광주,KIA,0,0,20500,20500,1.0,1,4,0.536,5.0,1,6,3,0.593,2.0,-2,5,-2.0,0.429,,,,,,
2026,2026-06-05,금,06,18:30,SSG,KT,문학,SSG,0,0,16047,23000,0.6977,0,8,0.436,10.5,2,2,2,0.6,1.5,-1,6,3.5,0.429,,,,,,
2026,2026-06-05,금,06,18:30,롯데,한화,사직,롯데,0,0,23200,23200,1.0,1,9,0.407,12.0,-1,3,5,0.5,7.0,-2,6,5.0,0.429,,,,,,
2026,2026-06-05,금,06,18:30,두산,키움,잠실,LG;두산,0,0,15849,23750,0.6673,0,6,0.491,7.5,2,5,10,0.368,14.5,-2,1,0.5,0.429,,,,,,
2026,2026-06-05,금,06,18:30,NC,LG,창원,NC,0,0,15066,18128,0.8311,0,7,0.444,10.0,2,6,1,0.625,0.0,1,8,3.0,0.429,,,,,,
2026,2026-06-06,토,06,17:00,KIA,삼성,광주,KIA,0,0,20500,20500,1.0,1,4,0.544,5.0,2,6,3,0.582,3.0,-3,5,-2.0,0.436,,,,,,
2026,2026-06-06,토,06,14:00,SSG,KT,문학,SSG,0,0,18425,23000,0.8011,0,7,0.446,10.5,3,3,2,0.589,2.5,-2,6,3.5,0.436,,,,,,
2026,2026-06-06,토,06,17:00,롯데,한화,사직,롯데,0,0,23200,23200,1.0,1,9,0.4,13.0,-2,3,5,0.509,7.0,1,6,6.0,0.436,,,,,,
2026,2026-06-06,토,06,17:00,두산,키움,잠실,LG;두산,0,0,22287,23750,0.9384,0,6,0.5,7.5,3,6,10,0.362,15.5,-3,1,0.5,0.436,,,,,,
2026,2026-06-06,토,06,17:00,NC,LG,창원,NC,0,0,18128,18128,1.0,1,8,0.436,11.0,-1,6,1,0.632,0.0,2,8,4.0,0.436,,,,,,
2026,2026-06-07,일,06,17:00,KIA,삼성,광주,KIA,0,0,20500,20500,1.0,1,4,0.534,5.0,-1,5,3,0.589,2.0,1,5,-1.0,0.444,,,,,,
2026,2026-06-07,일,06,17:00,SSG,KT,문학,SSG,0,0,15598,23000,0.6782,0,8,0.439,10.5,-1,3,2,0.596,1.5,1,6,4.5,0.444,,,,,,
2026,2026-06-07,일,06,17:00,롯데,한화,사직,롯데,0,0,23200,23200,1.0,1,9,0.393,13.0,-3,3,5,0.518,6.0,2,6,7.0,0.444,,,,,,
2026,2026-06-07,일,06,17:00,두산,키움,잠실,LG;두산,0,0,21393,23750,0.9008,0,6,0.509,6.5,4,7,10,0.356,15.5,-4,1,0.5,0.444,,,,,,
2026,2026-06-07,일,06,17:00,NC,LG,창원,NC,0,0,10888,18128,0.6006,0,7,0.446,10.0,1,6,1,0.621,0.0,-1,7,4.0,0.444,,,,,,
2026,2026-06-09,화,06,18:30,키움,NC,고척,키움,1,0,4284,16000,0.2677,0,10,0.367,14.5,1,2,7,0.456,9.0,2,6,9.5,0.452,,,,,,
2026,2026-06-09,화,06,18:30,한화,KIA,대전,한화,0,0,17000,17000,1.0,1,5,0.526,5.0,3,7,4,0.542,4.0,1,5,0.0,0.452,,,,,,
2026,2026-06-09,화,06,18:30,롯데,두산,사직,롯데,0,0,13351,23200,0.5755,0,9,0.386,13.0,-4,3,6,0.5,6.5,-1,6,8.0,0.452,,,,,,
2026,2026-06-09,화,06,18:30,KT,삼성,수원,KT,0,0,13359,18700,0.7144,0,2,0.586,1.5,-1,6,3,0.579,2.0,-1,4,-3.5,0.452,,,,,,
2026,2026-06-09,화,06,18:30,LG,SSG,잠실,LG;두산,0,0,20469,23750,0.8619,0,1,0.61,0.0,-2,6,8,0.448,9.5,1,4,-5.0,0.452,,,,,,
2026,2026-06-10,수,06,18:30,키움,NC,고척,키움,1,0,5329,16000,0.3331,0,10,0.377,14.5,2,3,7,0.448,10.0,-1,6,8.5,0.459,,,,,,
2026,2026-06-10,수,06,18:30,한화,KIA,대전,한화,0,0,17000,17000,1.0,1,5,0.517,6.0,-1,6,4,0.55,4.0,2,5,0.0,0.459,,,,,,
2026,2026-06-10,수,06,18:30,롯데,두산,사직,롯데,0,0,14200,23200,0.6121,0,9,0.379,14.0,-5,2,6,0.508,6.5,1,7,8.0,0.459,,,,,,
2026,2026-06-10,수,06,18:30,KT,삼성,수원,KT,0,0,13606,18700,0.7276,0,2,0.593,1.5,1,6,3,0.569,3.0,-2,3,-4.5,0.459,,,,,,
2026,2026-06-10,수,06,18:30,LG,SSG,잠실,LG;두산,0,0,20204,23750,0.8507,0,1,0.617,0.0,1,7,8,0.441,10.5,-1,4,-6.0,0.459,,,,,,
2026,2026-06-11,목,06,18:30,키움,NC,고척,키움,1,0,5553,16000,0.3471,0,10,0.371,15.5,-1,3,7,0.458,10.0,1,7,9.5,0.467,,,,,,
2026,2026-06-11,목,06,18:30,한화,KIA,대전,한화,0,0,17000,17000,1.0,1,5,0.525,6.0,1,6,4,0.541,5.0,-1,5,0.0,0.467,,,,,,
2026,2026-06-11,목,06,18:30,롯데,두산,사직,롯데,0,0,15542,23200,0.6699,0,9,0.39,14.0,1,2,6,0.5,7.5,-1,6,8.0,0.467,,,,,,
2026,2026-06-11,목,06,18:30,KT,삼성,수원,KT,0,0,14126,18700,0.7554,0,2,0.6,1.5,2,6,3,0.559,4.0,-3,3,-4.5,0.467,,,,,,
2026,2026-06-11,목,06,18:30,LG,SSG,잠실,LG;두산,0,0,20071,23750,0.8451,0,1,0.623,0.0,2,7,8,0.433,11.5,-2,4,-6.0,0.467,,,,,,
2026,2026-06-12,금,06,18:30,키움,한화,고척,키움,1,0,16000,16000,1.0,1,10,0.365,16.5,-2,3,4,0.533,6.0,2,6,10.5,0.475,,,,,,
2026,2026-06-12,금,06,18:30,KIA,두산,광주,KIA,0,0,20500,20500,1.0,1,5,0.532,6.0,-2,5,6,0.508,7.5,1,6,0.0,0.475,,,,,,
2026,2026-06-12,금,06,18:30,삼성,SSG,대구,삼성,0,0,24000,24000,1.0,1,3,0.567,4.0,1,4,8,0.426,12.5,-3,4,-2.0,0.475,,,,,,
2026,2026-06-12,금,06,18:30,KT,NC,수원,KT,0,0,8371,18700,0.4476,0,2,0.59,2.5,-1,5,7,0.467,10.0,2,7,-3.5,0.475,,,,,,
2026,2026-06-12,금,06,18:30,LG,롯데,잠실,LG;두산,0,0,23750,23750,1.0,1,1,0.629,0.0,3,7,9,0.383,15.0,-1,2,-6.0,0.475,,,,,,
2026,2026-06-13,토,06,17:00,키움,한화,고척,키움,1,0,16000,16000,1.0,1,10,0.375,15.5,1,4,4,0.525,6.0,-1,5,9.5,0.482,,,,,,
2026,2026-06-13,토,06,17:00,KIA,두산,광주,KIA,0,0,20500,20500,1.0,1,5,0.524,6.0,-3,5,6,0.516,6.5,2,7,0.0,0.482,,,,,,
2026,2026-06-13,토,06,17:00,삼성,SSG,대구,삼성,0,0,24000,24000,1.0,1,3,0.557,4.0,-1,3,8,0.435,11.5,1,5,-2.0,0.482,,,,,,
2026,2026-06-13,토,06,17:00,KT,NC,수원,KT,0,0,13833,18700,0.7397,0,2,0.597,1.5,1,5,7,0.459,10.0,-1,6,-4.5,0.482,,,,,,
2026,2026-06-13,토,06,17:00,LG,롯데,잠실,LG;두산,0,0,23750,23750,1.0,1,1,0.619,0.0,-1,6,9,0.393,14.0,1,3,-6.0,0.482,,,,,,
2026,2026-06-14,일,06,14:00,키움,한화,고척,키움,1,0,16000,16000,1.0,1,10,0.385,15.5,2,4,5,0.516,7.0,-2,5,8.5,0.49,,,,,,
2026,2026-06-14,일,06,17:00,KIA,두산,광주,KIA,0,0,20500,20500,1.0,1,4,0.531,6.0,1,5,6,0.508,7.5,-1,6,-1.0,0.49,,,,,,
2026,2026-06-14,일,06,17:00,삼성,SSG,대구,삼성,0,0,24000,24000,1.0,1,3,0.565,4.0,1,3,8,0.429,12.5,-1,5,-3.0,0.49,,,,,,
2026,2026-06-14,일,06,17:00,LG,롯데,잠실,LG;두산,0,0,23750,23750,1.0,1,1,0.625,0.0,1,6,9,0.387,15.0,-1,3,-7.0,0.49,,,,,,
2026,2026-06-16,화,06,18:30,KIA,LG,광주,KIA,0,0,20500,20500,1.0,1,4,0.523,7.0,-1,5,1,0.631,0.0,2,7,-0.5,0.496,,,,,,
2026,2026-06-16,화,06,18:30,삼성,키움,대구,삼성,0,0,22995,24000,0.9581,0,3,0.571,4.0,2,4,9,0.394,15.5,3,5,-3.5,0.496,,,,,,
2026,2026-06-16,화,06,18:30,SSG,롯데,문학,SSG,0,0,16851,23000,0.7327,0,8,0.422,13.5,-2,4,10,0.381,16.0,-2,2,6.0,0.496,,,,,,
2026,2026-06-16,화,06,18:30,두산,KT,잠실,LG;두산,0,0,13530,23750,0.5697,0,5,0.516,7.5,1,7,2,0.603,2.0,2,6,0.0,0.496,,,,,,
2026,2026-06-16,화,06,18:30,NC,한화,창원,NC,0,0,8398,18128,0.4633,0,7,0.452,11.5,-2,6,6,0.508,8.0,-3,5,4.0,0.496,,,,,,
2026,2026-06-17,수,06,18:30,KIA,LG,광주,KIA,0,0,15628,20500,0.7623,0,4,0.515,8.0,-2,4,1,0.636,0.0,3,7,-0.5,0.504,,,,,,
2026,2026-06-17,수,06,18:30,삼성,키움,대구,삼성,0,0,22915,24000,0.9548,0,3,0.578,4.0,3,5,10,0.388,16.5,-1,5,-4.5,0.504,,,,,,
2026,2026-06-17,수,06,18:30,SSG,롯데,문학,SSG,0,0,17099,23000,0.7434,0,8,0.415,14.5,-3,3,9,0.391,16.0,1,3,6.0,0.504,,,,,,
2026,2026-06-17,수,06,18:30,두산,KT,잠실,LG;두산,0,0,13960,23750,0.5878,0,5,0.508,8.5,-1,6,2,0.609,2.0,3,6,0.0,0.504,,,,,,
2026,2026-06-17,수,06,18:30,NC,한화,창원,NC,0,0,9773,18128,0.5391,0,7,0.46,11.5,1,6,6,0.5,9.0,-4,5,3.0,0.504,,,,,,
2026,2026-06-18,목,06,18:30,KIA,LG,광주,KIA,0,0,17477,20500,0.8525,0,4,0.522,7.0,1,4,1,0.627,0.0,-1,6,-1.5,0.511,,,,,,
2026,2026-06-18,목,06,18:30,삼성,키움,대구,삼성,0,0,23412,24000,0.9755,0,3,0.585,3.0,4,6,10,0.382,16.5,-2,5,-5.5,0.511,,,,,,
2026,2026-06-18,목,06,18:30,SSG,롯데,문학,SSG,0,0,17097,23000,0.7433,0,8,0.409,14.5,-4,2,9,0.4,15.0,2,4,6.0,0.511,,,,,,
2026,2026-06-18,목,06,18:30,두산,KT,잠실,LG;두산,0,0,14712,23750,0.6195,0,5,0.5,8.5,-2,5,2,0.615,1.0,4,7,0.0,0.511,,,,,,
2026,2026-06-18,목,06,18:30,NC,한화,창원,NC,0,0,8325,18128,0.4592,0,7,0.469,10.5,2,6,6,0.492,9.0,-5,4,2.0,0.511,,,,,,
2026,2026-06-19,금,06,18:30,키움,롯데,고척,키움,1,0,14578,16000,0.9111,0,10,0.377,16.5,-3,5,9,0.4,14.5,2,4,9.0,0.519,,,,,,
2026,2026-06-19,금,06,18:30,한화,삼성,대전,한화,0,0,17000,17000,1.0,1,6,0.485,9.0,-6,3,3,0.591,2.0,5,6,1.5,0.519,,,,,,
2026,2026-06-19,금,06,18:30,KT,KIA,수원,KT,0,0,18700,18700,1.0,1,2,0.606,1.0,-1,7,4,0.529,6.0,2,5,-6.5,0.519,,,,,,
2026,2026-06-19,금,06,18:30,LG,두산,잠실,LG;두산,0,0,23061,23750,0.971,0,1,0.618,0.0,-2,6,5,0.507,7.5,1,5,-7.5,0.519,,,,,,
2026,2026-06-19,금,06,18:30,NC,SSG,창원,NC,0,0,7400,18128,0.4082,0,7,0.477,9.5,3,7,8,0.409,14.0,-4,2,2.0,0.519,,,,,,
2026,2026-06-20,토,06,17:00,키움,롯데,고척,키움,1,0,16000,16000,1.0,1,10,0.371,17.5,-4,4,8,0.409,14.5,3,5,9.0,0.527,,,,,,
2026,2026-06-20,토,06,17:00,한화,삼성,대전,한화,0,0,17000,17000,1.0,1,6,0.485,9.5,-6,2,3,0.591,2.5,5,6,1.0,0.527,,,,,,
2026,2026-06-20,토,06,17:00,KT,KIA,수원,KT,0,0,18700,18700,1.0,1,2,0.597,2.0,-2,6,4,0.536,6.0,3,5,-6.5,0.527,,,,,,
2026,2026-06-20,토,06,17:00,LG,두산,잠실,LG;두산,0,0,23453,23750,0.9875,1,1,0.623,0.0,1,7,5,0.5,8.5,-1,5,-8.5,0.527,,,,,,
2026,2026-06-20,토,06,17:00,NC,SSG,창원,NC,0,0,13204,18128,0.7284,0,7,0.485,9.5,4,7,9,0.403,15.0,-5,1,1.0,0.527,,,,,,
2026,2026-06-21,일,06,14:00,키움,롯데,고척,키움,1,0,16000,16000,1.0,1,10,0.366,18.5,-5,3,8,0.418,14.5,4,6,9.0,0.534,,,,,,
2026,2026-06-21,일,06,17:00,한화,삼성,대전,한화,0,0,17000,17000,1.0,1,6,0.493,9.5,1,3,3,0.582,3.5,-1,6,0.0,0.534,,,,,,
2026,2026-06-21,일,06,17:00,KT,KIA,수원,KT,0,0,18700,18700,1.0,1,2,0.603,2.0,1,7,4,0.529,7.0,-1,4,-7.5,0.534,,,,,,
2026,2026-06-21,일,06,17:00,LG,두산,잠실,LG;두산,0,0,23750,23750,1.0,1,1,0.629,0.0,2,7,5,0.493,9.5,-2,4,-9.5,0.534,,,,,,
2026,2026-06-21,일,06,17:00,NC,SSG,창원,NC,0,0,10028,18128,0.5532,0,7,0.478,10.5,-1,6,9,0.412,15.0,1,2,1.0,0.534,,,,,,
2026,2026-06-23,화,06,18:30,키움,KIA,고척,키움,1,0,16000,16000,1.0,1,10,0.361,19.5,-6,3,4,0.535,7.0,1,5,9.0,0.542,,,,,,
2026,2026-06-23,화,06,18:30,한화,두산,대전,한화,0,0,17000,17000,1.0,1,6,0.485,10.5,-1,2,5,0.486,10.5,-3,4,0.0,0.542,,,,,,
2026,2026-06-23,화,06,18:30,롯데,NC,사직,롯데,0,0,14929,23200,0.6435,0,8,0.426,14.5,5,6,7,0.471,11.5,-2,6,4.0,0.542,,,,,,
2026,2026-06-23,화,06,18:30,KT,SSG,수원,KT,0,0,7641,18700,0.4086,0,2,0.594,3.0,-1,6,9,0.42,15.0,2,3,-7.5,0.542,,,,,,
2026,2026-06-23,화,06,18:30,LG,삼성,잠실,LG;두산,0,0,23750,23750,1.0,1,1,0.634,0.0,3,7,3,0.588,3.5,1,7,-10.5,0.542,,,,,,
2026,2026-06-24,수,06,18:30,키움,KIA,고척,키움,1,0,16000,16000,1.0,1,10,0.356,20.5,-7,3,4,0.542,7.0,2,6,10.0,0.55,,,,,,
2026,2026-06-24,수,06,18:30,한화,두산,대전,한화,0,0,17000,17000,1.0,1,5,0.493,10.5,1,2,6,0.479,11.5,-4,3,0.0,0.55,,,,,,
2026,2026-06-24,수,06,18:30,롯데,NC,사직,롯데,0,0,13803,23200,0.595,0,8,0.435,14.5,6,7,7,0.464,12.5,-3,5,4.0,0.55,,,,,,
2026,2026-06-24,수,06,18:30,KT,SSG,수원,KT,0,0,8080,18700,0.4321,0,2,0.6,3.0,1,6,9,0.414,16.0,-1,3,-7.5,0.55,,,,,,
2026,2026-06-24,수,06,18:30,LG,삼성,잠실,LG;두산,0,0,23750,23750,1.0,1,1,0.639,0.0,4,7,3,0.58,4.5,-1,6,-10.5,0.55,,,,,,
2026,2026-06-25,목,06,18:30,키움,KIA,고척,키움,1,0,16000,16000,1.0,1,10,0.351,21.5,-8,2,4,0.548,7.0,3,7,10.0,0.557,,,,,,
2026,2026-06-25,목,06,18:30,한화,두산,대전,한화,0,0,16063,17000,0.9449,0,6,0.486,11.5,-1,2,5,0.486,11.5,1,3,0.0,0.557,,,,,,
2026,2026-06-25,목,06,18:30,롯데,NC,사직,롯데,0,0,17987,23200,0.7753,0,8,0.443,14.5,7,7,7,0.457,13.5,-4,4,3.0,0.557,,,,,,
2026,2026-06-25,목,06,18:30,KT,SSG,수원,KT,0,0,7760,18700,0.415,0,2,0.592,4.0,-1,6,9,0.423,16.0,1,3,-7.5,0.557,,,,,,
2026,2026-06-25,목,06,18:30,LG,삼성,잠실,LG;두산,0,0,23750,23750,1.0,1,1,0.644,0.0,5,8,3,0.571,5.5,-2,6,-11.5,0.557,,,,,,
2026,2026-06-26,금,06,18:30,삼성,KT,대구,삼성,0,0,24000,24000,1.0,1,3,0.577,4.5,1,6,2,0.597,3.0,1,6,-6.0,0.565,,,,,,
2026,2026-06-26,금,06,18:30,SSG,한화,문학,SSG,0,0,21109,23000,0.9178,0,9,0.417,16.0,-1,3,6,0.479,11.5,-2,2,5.5,0.565,,,,,,
2026,2026-06-26,금,06,18:30,롯데,LG,사직,롯데,0,0,23200,23200,1.0,1,8,0.437,14.5,-1,7,1,0.635,0.0,-1,7,4.0,0.565,,,,,,
2026,2026-06-26,금,06,18:30,두산,KIA,잠실,LG;두산,0,0,23750,23750,1.0,1,5,0.493,10.5,2,4,4,0.554,6.0,4,7,0.0,0.565,,,,,,
2026,2026-06-26,금,06,18:30,NC,키움,창원,NC,0,0,8935,18128,0.4929,0,7,0.465,12.5,1,5,10,0.347,21.5,-9,1,2.0,0.565,,,,,,
2026,2026-06-27,토,06,17:00,삼성,KT,대구,삼성,0,0,24000,24000,1.0,1,3,0.583,3.5,2,6,2,0.589,3.0,-1,5,-6.0,0.573,,,,,,
2026,2026-06-27,토,06,17:00,SSG,한화,문학,SSG,0,0,23000,23000,1.0,1,9,0.411,16.0,-2,3,6,0.486,10.5,1,3,6.5,0.573,,,,,,
2026,2026-06-27,토,06,17:00,롯데,LG,사직,롯데,0,0,23200,23200,1.0,1,8,0.444,13.5,1,8,1,0.627,0.0,-2,6,4.0,0.573,,,,,,
2026,2026-06-27,토,06,17:00,두산,KIA,잠실,LG;두산,0,0,23750,23750,1.0,1,5,0.5,9.5,3,4,4,0.547,6.0,-1,7,0.0,0.573,,,,,,
2026,2026-06-27,토,06,17:00,NC,키움,창원,NC,0,0,14042,18128,0.7746,0,7,0.472,11.5,2,6,10,0.342,21.5,-10,0,2.0,0.573,,,,,,
2026,2026-06-28,일,06,17:00,삼성,KT,대구,삼성,0,0,24000,24000,1.0,1,2,0.589,3.5,3,6,3,0.581,4.0,-2,4,-6.0,0.58,,,,,,
2026,2026-06-28,일,06,17:00,SSG,한화,문학,SSG,0,0,23000,23000,1.0,1,9,0.405,17.0,-3,3,6,0.493,10.5,2,4,7.5,0.58,,,,,,
2026,2026-06-28,일,06,17:00,롯데,LG,사직,롯데,0,0,23200,23200,1.0,1,8,0.438,14.5,-1,7,1,0.632,0.0,1,6,5.0,0.58,,,,,,
2026,2026-06-28,일,06,17:00,두산,KIA,잠실,LG;두산,0,0,23750,23750,1.0,1,5,0.507,9.5,4,5,4,0.539,7.0,-2,7,0.0,0.58,,,,,,
2026,2026-06-28,일,06,17:00,NC,키움,창원,NC,0,0,8743,18128,0.4823,0,7,0.466,12.5,-1,5,10,0.351,21.5,1,1,3.0,0.58,,,,,,
2026,2026-06-30,화,06,18:30,키움,LG,고척,키움,1,0,12885,16000,0.8053,0,10,0.346,21.5,-1,1,1,0.623,0.0,-1,6,12.0,0.588,,,,,,
2026,2026-06-30,화,06,18:30,KIA,SSG,광주,KIA,0,0,14394,20500,0.7021,0,4,0.545,6.0,1,7,9,0.4,17.0,-4,3,-3.5,0.588,,,,,,
2026,2026-06-30,화,06,18:30,두산,롯데,잠실,LG;두산,0,0,21411,23750,0.9015,0,5,0.5,9.5,-1,5,8,0.446,13.5,1,7,0.0,0.588,,,,,,
2026,2026-06-30,화,06,18:30,NC,삼성,창원,NC,0,0,11590,18128,0.6393,0,7,0.473,11.5,1,5,2,0.595,2.5,4,6,2.0,0.588,,,,,,
2026,2026-07-01,수,07,18:30,키움,LG,고척,키움,1,0,12940,16000,0.8087,0,10,0.354,20.5,1,2,1,0.615,0.0,-2,6,12.0,0.594,,,,,,
2026,2026-07-01,수,07,18:30,KIA,SSG,광주,KIA,0,0,13136,20500,0.6408,0,4,0.551,5.0,2,7,9,0.395,17.0,-5,3,-3.5,0.594,,,,,,
2026,2026-07-01,수,07,18:30,한화,KT,대전,한화,0,0,15243,17000,0.8966,0,6,0.5,9.0,3,5,3,0.573,3.5,-3,3,0.5,0.594,,,,,,
2026,2026-07-01,수,07,18:30,두산,롯데,잠실,LG;두산,0,0,21248,23750,0.8947,0,5,0.506,8.5,1,5,8,0.44,13.5,-1,7,0.0,0.594,,,,,,
2026,2026-07-01,수,07,18:30,NC,삼성,창원,NC,0,0,11602,18128,0.64,0,7,0.467,11.5,-1,4,2,0.6,1.5,5,6,3.0,0.594,,,,,,
2026,2026-07-02,목,07,18:30,키움,LG,고척,키움,1,0,14268,16000,0.8918,0,10,0.35,21.5,-1,2,1,0.62,0.0,1,6,12.0,0.602,,,,,,
2026,2026-07-02,목,07,18:30,KIA,SSG,광주,KIA,0,0,14485,20500,0.7066,0,4,0.551,5.5,2,6,9,0.395,17.5,-5,3,-4.0,0.602,,,,,,
2026,2026-07-02,목,07,18:30,한화,KT,대전,한화,0,0,15111,17000,0.8889,0,6,0.493,10.0,-1,5,3,0.579,3.5,1,4,0.5,0.602,,,,,,
2026,2026-07-02,목,07,18:30,두산,롯데,잠실,LG;두산,0,0,21951,23750,0.9243,0,5,0.5,9.5,-1,5,8,0.447,13.5,1,7,0.0,0.602,,,,,,
2026,2026-07-02,목,07,18:30,NC,삼성,창원,NC,0,0,14155,18128,0.7808,0,7,0.474,11.5,1,4,2,0.592,2.5,-1,6,2.0,0.602,,,,,,
2026,2026-07-03,금,07,18:30,키움,두산,고척,키움,1,0,13796,16000,0.8622,0,10,0.346,22.5,-2,2,5,0.506,9.5,1,6,13.0,0.609,,,,,,
2026,2026-07-03,금,07,18:30,KIA,NC,광주,KIA,0,0,20500,20500,1.0,1,4,0.557,5.5,3,7,7,0.468,12.5,-1,4,-4.0,0.609,,,,,,
2026,2026-07-03,금,07,18:30,SSG,삼성,문학,SSG,0,0,19054,23000,0.8284,0,9,0.39,18.5,-6,2,2,0.597,2.5,1,7,9.0,0.609,,,,,,
2026,2026-07-03,금,07,18:30,KT,롯데,수원,KT,0,0,18700,18700,1.0,1,3,0.571,4.5,-1,4,8,0.442,14.5,-1,6,-5.0,0.609,,,,,,
2026,2026-07-03,금,07,18:30,LG,한화,잠실,LG;두산,0,0,23750,23750,1.0,1,1,0.625,0.0,2,6,6,0.5,10.0,1,6,-9.5,0.609,,,,,,
2026,2026-07-04,토,07,18:00,키움,두산,고척,키움,1,0,16000,16000,1.0,1,10,0.354,21.5,1,3,6,0.5,9.5,-1,6,12.5,0.617,,,,,,
2026,2026-07-04,토,07,18:00,KIA,NC,광주,KIA,0,0,20500,20500,1.0,1,4,0.55,5.5,-1,6,7,0.474,11.5,1,5,-3.5,0.617,,,,,,
2026,2026-07-04,토,07,18:00,SSG,삼성,문학,SSG,0,0,23000,23000,1.0,1,9,0.385,18.5,-7,1,2,0.603,1.5,2,7,9.5,0.617,,,,,,
2026,2026-07-04,토,07,18:00,KT,롯데,수원,KT,0,0,18700,18700,1.0,1,3,0.564,4.5,-2,3,8,0.449,13.5,1,6,-4.5,0.617,,,,,,
2026,2026-07-04,토,07,18:00,LG,한화,잠실,LG;두산,0,0,23750,23750,1.0,1,1,0.617,0.0,-1,5,5,0.506,9.0,2,6,-9.0,0.617,,,,,,
2026,2026-07-05,일,07,14:00,키움,두산,고척,키움,1,0,15502,16000,0.9689,0,10,0.349,22.5,-1,3,5,0.506,9.5,1,7,13.0,0.625,,,,,,
2026,2026-07-05,일,07,18:00,SSG,삼성,문학,SSG,0,0,19602,23000,0.8523,0,9,0.38,19.5,-8,1,2,0.608,1.5,3,8,10.0,0.625,,,,,,
2026,2026-07-05,일,07,18:00,KT,롯데,수원,KT,0,0,18700,18700,1.0,1,3,0.557,5.5,-3,3,8,0.456,13.5,2,6,-4.0,0.625,,,,,,
2026,2026-07-07,화,07,18:30,삼성,LG,대구,삼성,0,0,24000,24000,1.0,1,2,0.613,1.0,4,9,1,0.622,0.0,1,5,-8.0,0.629,,,,,,
2026,2026-07-07,화,07,18:30,한화,NC,대전,한화,0,0,14052,17000,0.8266,0,6,0.5,10.0,-1,6,7,0.481,11.5,2,6,1.0,0.629,,,,,,
2026,2026-07-07,화,07,18:30,롯데,KIA,사직,롯데,0,0,19758,23200,0.8516,0,8,0.45,14.0,-1,5,4,0.543,6.5,-2,5,5.0,0.629,,,,,,
2026,2026-07-07,화,07,18:30,KT,키움,수원,KT,0,0,5847,18700,0.3127,0,3,0.562,5.0,1,3,10,0.345,23.0,-2,3,-4.0,0.629,,,,,,
2026,2026-07-07,화,07,18:30,두산,SSG,잠실,LG;두산,0,0,13375,23750,0.5632,0,5,0.512,9.0,2,7,9,0.375,20.0,-9,0,0.0,0.629,,,,,,
2026,2026-07-08,수,07,18:30,삼성,LG,대구,삼성,0,0,24000,24000,1.0,1,1,0.617,0.0,5,9,2,0.614,0.0,-1,4,-9.0,0.637,,,,,,
2026,2026-07-08,수,07,18:30,롯데,KIA,사직,롯데,0,0,21792,23200,0.9393,0,8,0.457,13.0,1,6,4,0.537,6.5,-3,4,4.0,0.637,,,,,,
2026,2026-07-08,수,07,18:30,KT,키움,수원,KT,0,0,4659,18700,0.2491,0,3,0.568,4.0,2,4,10,0.341,23.0,-3,3,-5.0,0.637,,,,,,
2026,2026-07-08,수,07,18:30,두산,SSG,잠실,LG;두산,0,0,12789,23750,0.5385,0,5,0.506,9.0,-1,6,9,0.383,19.0,1,1,0.0,0.637,,,,,,
2026,2026-07-09,목,07,18:30,삼성,LG,대구,삼성,0,0,24000,24000,1.0,1,2,0.61,1.0,-1,8,1,0.619,0.0,1,5,-8.0,0.643,,,,,,
2026,2026-07-09,목,07,18:30,한화,NC,대전,한화,0,0,13805,17000,0.8121,0,6,0.494,10.5,-2,5,7,0.487,11.0,3,7,1.5,0.643,,,,,,
2026,2026-07-09,목,07,18:30,롯데,KIA,사직,롯데,0,0,23200,23200,1.0,1,8,0.463,13.0,2,6,4,0.53,7.5,-4,3,4.0,0.643,,,,,,
2026,2026-07-09,목,07,18:30,두산,SSG,잠실,LG;두산,0,0,12961,23750,0.5457,0,5,0.512,9.0,1,6,9,0.378,20.0,-1,1,0.0,0.643,,,,,,
2026,2026-07-16,목,07,18:30,삼성,롯데,대구,삼성,0,0,24000,24000,1.0,1,1,0.614,0.0,1,8,8,0.458,13.0,-1,6,-8.0,0.649,,,,,,
2026,2026-07-16,목,07,18:30,한화,키움,대전,한화,0,0,17000,17000,1.0,1,6,0.5,9.5,1,6,10,0.337,23.5,-4,3,1.5,0.649,,,,,,
2026,2026-07-16,목,07,18:30,SSG,KIA,문학,SSG,0,0,23000,23000,1.0,1,9,0.373,20.0,-2,1,4,0.536,6.5,1,4,12.0,0.649,,,,,,
2026,2026-07-16,목,07,18:30,LG,KT,잠실,LG;두산,0,0,22506,23750,0.9476,0,2,0.612,0.0,-1,5,3,0.573,3.5,3,4,-8.0,0.649,,,,,,
2026,2026-07-16,목,07,18:30,NC,두산,창원,NC,0,0,14492,18128,0.7994,0,7,0.481,11.0,-1,6,5,0.518,8.0,2,6,3.0,0.649,,,,,,
2026,2026-07-17,금,07,18:00,한화,키움,대전,한화,0,0,17000,17000,1.0,1,6,0.494,10.5,-1,6,10,0.345,23.5,1,3,1.5,0.657,,,,,,
2026,2026-07-17,금,07,18:00,SSG,KIA,문학,SSG,0,0,23000,23000,1.0,1,9,0.381,20.0,1,2,4,0.529,7.5,-1,4,11.0,0.657,,,,,,
2026,2026-07-17,금,07,18:00,LG,KT,잠실,LG;두산,0,0,23750,23750,1.0,1,2,0.605,1.0,-2,4,3,0.578,3.5,4,5,-8.0,0.657,,,,,,
2026,2026-07-17,금,07,18:00,NC,두산,창원,NC,0,0,15235,18128,0.8404,0,7,0.488,11.0,1,6,5,0.512,9.0,-1,6,2.0,0.657,,,,,,
2026,2026-07-18,토,07,18:00,삼성,롯데,대구,삼성,0,0,24000,24000,1.0,1,1,0.619,0.0,2,8,8,0.452,14.0,-2,5,-8.5,0.663,,,,,,
2026,2026-07-18,토,07,18:00,한화,키움,대전,한화,0,0,15587,17000,0.9169,0,6,0.488,11.0,-2,5,10,0.352,23.0,2,4,2.5,0.663,,,,,,
2026,2026-07-18,토,07,18:00,SSG,KIA,문학,SSG,0,0,23000,23000,1.0,1,9,0.376,20.5,-1,2,4,0.535,7.0,1,4,12.0,0.663,,,,,,
2026,2026-07-18,토,07,18:00,LG,KT,잠실,LG;두산,0,0,21042,23750,0.886,0,2,0.598,1.5,-3,4,3,0.583,3.0,5,6,-7.0,0.663,,,,,,
2026,2026-07-18,토,07,18:00,NC,두산,창원,NC,0,0,15093,18128,0.8326,0,7,0.482,11.5,-1,6,5,0.517,8.5,1,6,3.0,0.663,,,,,,
2026,2026-07-19,일,07,18:00,삼성,롯데,대구,삼성,0,0,24000,24000,1.0,1,1,0.624,0.0,3,8,8,0.447,15.0,-3,5,-8.5,0.671,,,,,,
2026,2026-07-19,일,07,18:00,한화,키움,대전,한화,0,0,16566,17000,0.9745,0,6,0.482,12.0,-3,4,10,0.36,23.0,3,4,3.5,0.671,,,,,,
2026,2026-07-19,일,07,18:00,SSG,KIA,문학,SSG,0,0,23000,23000,1.0,1,9,0.372,21.5,-2,2,4,0.54,7.0,2,4,13.0,0.671,,,,,,
2026,2026-07-19,일,07,18:00,LG,KT,잠실,LG;두산,0,0,21515,23750,0.9059,0,2,0.591,2.5,-4,4,3,0.588,3.0,6,7,-6.0,0.671,,,,,,
2026,2026-07-19,일,07,18:00,NC,두산,창원,NC,0,0,10406,18128,0.574,0,7,0.476,12.5,-2,5,5,0.523,8.5,2,7,4.0,0.671,,,,,,
2026,2026-07-21,화,07,18:30,키움,삼성,고척,키움,1,0,15437,16000,0.9648,0,10,0.36,22.5,3,4,1,0.616,0.0,-1,8,15.0,0.678,,,,,,
2026,2026-07-21,화,07,18:30,KIA,한화,광주,KIA,0,0,16201,20500,0.7903,0,4,0.545,6.0,3,5,6,0.482,11.5,-3,3,-1.5,0.678,,,,,,
2026,2026-07-21,화,07,18:30,롯데,SSG,사직,롯데,0,0,15577,23200,0.6714,0,8,0.453,14.0,1,5,9,0.368,21.5,-3,2,6.5,0.678,,,,,,
2026,2026-07-21,화,07,18:30,KT,두산,수원,KT,0,0,10183,18700,0.5445,0,2,0.593,2.0,7,7,5,0.528,7.5,3,7,-5.5,0.678,,,,,,
2026,2026-07-21,화,07,18:30,LG,NC,잠실,LG;두산,0,0,13905,23750,0.5855,0,3,0.584,2.5,-5,3,7,0.471,12.5,-3,5,-5.0,0.678,,,,,,
2026,2026-07-22,수,07,18:30,키움,삼성,고척,키움,1,0,15536,16000,0.971,0,10,0.356,23.5,-1,4,1,0.621,0.0,1,8,15.5,0.686,,,,,,
2026,2026-07-22,수,07,18:30,KIA,한화,광주,KIA,0,0,15365,20500,0.7495,0,4,0.551,6.0,4,5,7,0.476,12.5,-4,3,-2.0,0.686,,,,,,
2026,2026-07-22,수,07,18:30,롯데,SSG,사직,롯데,0,0,15965,23200,0.6881,0,8,0.46,14.0,2,6,9,0.364,22.5,-4,2,6.0,0.686,,,,,,
2026,2026-07-23,목,07,18:30,키움,삼성,고척,키움,1,0,15642,16000,0.9776,0,10,0.363,22.5,1,4,1,0.614,0.0,-1,7,15.0,0.691,,,,,,
2026,2026-07-23,목,07,18:30,KIA,한화,광주,KIA,0,0,16394,20500,0.7997,0,4,0.544,6.0,-1,5,6,0.482,11.5,1,3,-1.5,0.691,,,,,,
2026,2026-07-23,목,07,18:30,롯데,SSG,사직,롯데,0,0,16072,23200,0.6928,0,8,0.455,14.0,-1,5,9,0.371,21.5,1,3,6.5,0.691,,,,,,
2026,2026-07-23,목,07,18:30,LG,NC,잠실,LG;두산,0,0,14215,23750,0.5985,0,3,0.578,3.0,-6,2,7,0.477,12.0,1,5,-4.5,0.691,,,,,,
2026,2026-07-24,금,07,18:30,KIA,키움,광주,KIA,0,0,16065,20500,0.7837,0,4,0.538,7.0,-2,5,10,0.359,23.5,-1,4,-1.0,0.697,,,,,,
2026,2026-07-24,금,07,18:30,한화,LG,대전,한화,0,0,16082,17000,0.946,0,6,0.488,11.5,2,3,3,0.571,4.0,-7,2,3.5,0.697,,,,,,
2026,2026-07-24,금,07,18:30,SSG,NC,문학,SSG,0,0,11579,23000,0.5034,0,9,0.378,21.5,2,4,7,0.483,12.0,2,6,13.5,0.697,,,,,,
2026,2026-07-24,금,07,18:30,롯데,KT,사직,롯데,0,0,15154,23200,0.6532,0,8,0.449,15.0,-2,4,2,0.593,2.5,7,7,7.0,0.697,,,,,,
2026,2026-07-24,금,07,18:30,두산,삼성,잠실,LG;두산,0,0,23750,23750,1.0,1,5,0.528,8.0,3,7,1,0.618,0.0,1,7,0.0,0.697,,,,,,
2026,2026-07-25,토,07,18:00,KIA,키움,광주,KIA,0,0,20500,20500,1.0,1,4,0.533,8.0,-3,5,10,0.366,23.5,1,5,-1.0,0.704,,,,,,
2026,2026-07-25,토,07,18:00,한화,LG,대전,한화,0,0,17000,17000,1.0,1,6,0.494,11.5,3,4,3,0.565,5.0,-8,1,2.5,0.704,,,,,,
2026,2026-07-25,토,07,18:00,SSG,NC,문학,SSG,0,0,13283,23000,0.5775,0,9,0.385,21.5,3,4,7,0.477,13.0,-1,5,12.5,0.704,,,,,,
2026,2026-07-25,토,07,18:00,롯데,KT,사직,롯데,0,0,22477,23200,0.9688,0,8,0.444,16.0,-3,4,2,0.598,2.5,8,8,7.0,0.704,,,,,,
2026,2026-07-25,토,07,18:00,두산,삼성,잠실,LG;두산,0,0,23750,23750,1.0,1,5,0.522,9.0,-1,6,1,0.622,0.0,2,7,0.0,0.704,,,,,,
2026,2026-07-26,일,07,18:00,KIA,키움,광주,KIA,0,0,18112,20500,0.8835,0,4,0.538,8.0,1,6,10,0.362,24.5,-1,5,-2.0,0.712,,,,,,
2026,2026-07-26,일,07,18:00,한화,LG,대전,한화,0,0,17000,17000,1.0,1,6,0.489,12.5,-1,4,3,0.57,5.0,1,2,2.5,0.712,,,,,,
2026,2026-07-26,일,07,18:00,SSG,NC,문학,SSG,0,0,10971,23000,0.477,0,9,0.391,21.5,4,5,7,0.472,14.0,-2,4,11.5,0.712,,,,,,
2026,2026-07-26,일,07,18:00,롯데,KT,사직,롯데,0,0,22336,23200,0.9628,0,8,0.44,17.0,-4,3,2,0.602,2.5,9,9,7.0,0.712,,,,,,
2026,2026-07-26,일,07,18:00,두산,삼성,잠실,LG;두산,0,0,23750,23750,1.0,1,5,0.516,10.0,-2,5,1,0.626,0.0,3,7,0.0,0.712,,,,,,
2026,2026-07-28,화,07,18:30,삼성,KIA,대구,삼성,0,0,24000,24000,1.0,1,1,0.62,0.0,-1,7,4,0.532,8.0,-1,5,-9.0,0.72,,,,,,
2026,2026-07-28,화,07,18:30,한화,롯데,대전,한화,0,0,17000,17000,1.0,1,6,0.494,11.5,1,4,8,0.446,16.0,1,3,2.5,0.72,,,,,,
2026,2026-07-28,화,07,18:30,SSG,두산,문학,SSG,0,0,12705,23000,0.5524,0,9,0.391,21.0,4,5,5,0.522,9.0,1,6,12.0,0.72,,,,,,
2026,2026-07-28,화,07,18:30,LG,키움,잠실,LG;두산,0,0,18329,23750,0.7717,0,3,0.564,5.0,-1,1,10,0.368,23.5,1,6,-4.0,0.72,,,,,,
2026,2026-07-28,화,07,18:30,NC,KT,창원,NC,0,0,7613,18128,0.42,0,7,0.472,13.5,-2,3,2,0.596,2.5,-1,8,4.5,0.72,,,,,,
2026,2026-07-29,수,07,18:30,삼성,KIA,대구,삼성,0,0,24000,24000,1.0,1,1,0.624,0.0,1,7,5,0.526,9.0,-2,5,-9.0,0.727,,,,,,
2026,2026-07-29,수,07,18:30,한화,롯데,대전,한화,0,0,17000,17000,1.0,1,6,0.489,12.5,-1,4,8,0.452,16.0,2,4,3.5,0.727,,,,,,
2026,2026-07-29,수,07,18:30,SSG,두산,문학,SSG,0,0,12712,23000,0.5527,0,9,0.387,22.0,-1,4,4,0.527,9.0,2,6,13.0,0.727,,,,,,
2026,2026-07-29,수,07,18:30,LG,키움,잠실,LG;두산,0,0,20067,23750,0.8449,0,3,0.568,5.0,1,2,10,0.365,24.5,-1,5,-4.0,0.727,,,,,,
2026,2026-07-29,수,07,18:30,NC,KT,창원,NC,0,0,8411,18128,0.464,0,7,0.467,14.5,-3,3,2,0.6,2.5,1,8,5.5,0.727,,,,,,
2026,2026-07-30,목,07,18:30,삼성,KIA,대구,삼성,0,0,24000,24000,1.0,1,1,0.617,0.0,-1,6,4,0.531,8.0,1,5,-9.0,0.735,,,,,,
2026,2026-07-30,목,07,18:30,한화,롯데,대전,한화,0,0,17000,17000,1.0,1,6,0.495,11.5,1,5,8,0.447,16.0,-1,4,2.5,0.735,,,,,,
2026,2026-07-30,목,07,18:30,SSG,두산,문학,SSG,0,0,13213,23000,0.5745,0,9,0.394,21.0,1,5,5,0.521,9.0,-1,5,12.0,0.735,,,,,,
2026,2026-07-30,목,07,18:30,LG,키움,잠실,LG;두산,0,0,20159,23750,0.8488,0,3,0.562,5.0,-1,2,10,0.371,23.5,1,5,-4.0,0.735,,,,,,
2026,2026-07-30,목,07,18:30,NC,KT,창원,NC,0,0,7854,18128,0.4333,0,7,0.462,14.5,-4,2,2,0.604,1.5,2,8,5.5,0.735,,,,,,
2026,2026-07-31,금,07,18:30,키움,SSG,고척,키움,1,0,10866,16000,0.6791,0,10,0.367,23.5,-1,4,9,0.389,21.0,-1,5,15.5,0.743,,,,,,
2026,2026-07-31,금,07,18:30,롯데,삼성,사직,롯데,0,0,23200,23200,1.0,1,8,0.442,16.0,-2,4,1,0.611,0.0,-2,5,8.0,0.743,,,,,,
2026,2026-07-31,금,07,18:30,KT,한화,수원,KT,0,0,18700,18700,1.0,1,2,0.609,0.5,3,8,6,0.5,10.5,2,6,-7.5,0.743,,,,,,
2026,2026-07-31,금,07,18:30,두산,LG,잠실,LG;두산,0,0,23220,23750,0.9777,0,5,0.526,8.0,1,6,3,0.567,4.0,1,3,0.0,0.743,,,,,,
2026,2026-07-31,금,07,18:30,NC,KIA,창원,NC,0,0,16024,18128,0.8839,0,7,0.457,14.5,-5,2,4,0.536,7.0,2,5,6.5,0.743,,,,,,
2026,2026-08-01,토,08,18:00,키움,SSG,고척,키움,1,0,13390,16000,0.8369,0,10,0.374,23.5,1,5,9,0.385,22.0,-2,5,15.5,0.75,,,,,,
2026,2026-08-01,토,08,18:00,KT,한화,수원,KT,0,0,18700,18700,1.0,1,2,0.613,0.5,4,8,6,0.495,11.5,-1,6,-7.5,0.75,,,,,,
2026,2026-08-01,토,08,18:00,두산,LG,잠실,LG;두산,0,0,23750,23750,1.0,1,4,0.531,8.0,2,6,3,0.561,5.0,-1,3,0.0,0.75,,,,,,
2026,2026-08-02,일,08,14:00,키움,SSG,고척,키움,1,0,12518,16000,0.7824,0,10,0.37,24.0,-1,5,9,0.392,21.5,1,6,16.0,0.755,,,,,,
2026,2026-08-02,일,08,18:00,롯데,삼성,사직,롯데,0,0,23200,23200,1.0,1,8,0.438,17.0,-3,3,2,0.615,0.0,1,6,9.0,0.755,,,,,,
2026,2026-08-02,일,08,18:00,KT,한화,수원,KT,0,0,18700,18700,1.0,1,1,0.617,0.0,5,8,6,0.489,12.0,-2,6,-8.0,0.755,,,,,,
2026,2026-08-02,일,08,18:00,두산,LG,잠실,LG;두산,0,0,23183,23750,0.9761,0,4,0.531,8.0,2,5,3,0.561,5.0,-1,3,0.0,0.755,,,,,,
2026,2026-08-04,화,08,18:30,삼성,한화,대구,삼성,0,0,24000,24000,1.0,1,2,0.608,1.0,-1,5,6,0.484,13.0,-3,5,-7.5,0.761,,,,,,
2026,2026-08-04,화,08,18:30,SSG,LG,문학,SSG,0,0,11552,23000,0.5023,0,9,0.388,22.5,-1,5,3,0.556,6.0,-2,3,14.0,0.761,,,,,,
2026,2026-08-04,화,08,18:30,롯데,키움,사직,롯데,0,0,16305,23200,0.7028,0,8,0.443,17.0,1,3,10,0.376,24.0,1,5,8.5,0.761,,,,,,
2026,2026-08-11,화,08,19:00,키움,LG,고척,키움,1,0,13085,16000,0.8178,0,10,0.373,24.5,-1,5,3,0.55,6.5,-3,3,16.0,0.766,,,,,,
2026,2026-08-11,화,08,19:00,KIA,삼성,광주,KIA,0,0,14496,20500,0.7071,0,5,0.531,8.5,-1,4,2,0.602,1.5,-2,5,0.0,0.766,,,,,,
2026,2026-08-11,화,08,19:00,SSG,롯데,문학,SSG,0,0,11253,23000,0.4893,0,9,0.394,22.0,1,5,8,0.449,16.5,2,4,13.5,0.766,,,,,,
2026,2026-08-11,화,08,19:00,두산,한화,잠실,LG;두산,0,0,22152,23750,0.9327,0,4,0.536,8.0,3,5,6,0.49,12.5,1,5,-0.5,0.766,,,,,,
2026,2026-08-11,화,08,19:00,NC,KT,창원,NC,0,0,6148,18128,0.3391,0,7,0.462,15.0,1,3,1,0.621,0.0,6,8,6.5,0.766,,,,,,
2026,2026-08-12,수,08,19:00,키움,LG,고척,키움,1,0,12924,16000,0.8077,0,10,0.369,25.5,-2,4,3,0.554,6.5,1,4,17.0,0.773,,,,,,
2026,2026-08-12,수,08,19:00,KIA,삼성,광주,KIA,0,0,14612,20500,0.7128,0,5,0.535,8.5,1,4,2,0.596,2.5,-3,4,0.0,0.773,,,,,,
2026,2026-08-12,수,08,19:00,SSG,롯데,문학,SSG,0,0,12694,23000,0.5519,0,9,0.4,22.0,2,5,8,0.444,17.5,-1,4,13.5,0.773,,,,,,
2026,2026-08-12,수,08,19:00,두산,한화,잠실,LG;두산,0,0,22751,23750,0.9579,0,4,0.541,8.0,4,6,6,0.485,13.5,-1,4,-0.5,0.773,,,,,,
2026,2026-08-12,수,08,19:00,NC,KT,창원,NC,0,0,12216,18128,0.6739,0,7,0.457,16.0,-1,3,1,0.625,0.0,7,9,7.5,0.773,,,,,,
2026,2026-08-13,목,08,19:00,키움,LG,고척,키움,1,0,15028,16000,0.9393,0,10,0.375,24.5,1,5,3,0.549,6.5,-1,3,16.5,0.781,,,,,,
2026,2026-08-13,목,08,19:00,KIA,삼성,광주,KIA,0,0,15558,20500,0.7589,0,4,0.54,7.5,2,5,2,0.59,2.5,-4,3,-0.5,0.781,,,,,,
2026,2026-08-13,목,08,19:00,SSG,롯데,문학,SSG,0,0,12912,23000,0.5614,0,9,0.406,21.0,3,5,8,0.44,17.5,-2,4,13.0,0.781,,,,,,
2026,2026-08-13,목,08,19:00,두산,한화,잠실,LG;두산,0,0,23750,23750,1.0,1,5,0.535,8.0,-1,6,6,0.49,12.5,1,5,0.0,0.781,,,,,,
2026,2026-08-13,목,08,19:00,NC,KT,창원,NC,0,0,5822,18128,0.3212,0,7,0.463,15.0,1,3,1,0.619,0.0,-1,8,7.0,0.781,,,,,,
2026,2026-08-14,금,08,19:00,KIA,두산,광주,KIA,0,0,18308,20500,0.8931,0,5,0.535,7.5,-1,5,4,0.54,7.0,1,7,0.0,0.789,,,,,,
2026,2026-08-14,금,08,19:00,삼성,한화,대구,삼성,0,0,24000,24000,1.0,1,2,0.594,1.5,1,3,6,0.485,12.5,-1,4,-6.0,0.789,,,,,,
2026,2026-08-14,금,08,19:00,롯데,NC,사직,롯데,0,0,18351,23200,0.791,0,8,0.446,16.5,1,5,7,0.469,14.0,2,3,9.0,0.789,,,,,,
2026,2026-08-14,금,08,19:00,KT,키움,수원,KT,0,0,11021,18700,0.5894,0,1,0.612,0.0,-2,7,10,0.371,24.5,-1,4,-7.5,0.789,,,,,,
2026,2026-08-14,금,08,19:00,LG,SSG,잠실,LG;두산,0,0,19463,23750,0.8195,0,3,0.553,5.5,1,4,9,0.402,21.0,-1,5,-2.0,0.789,,,,,,
2026,2026-08-15,토,08,19:00,KIA,두산,광주,KIA,0,0,20500,20500,1.0,1,5,0.529,8.5,-2,5,4,0.545,7.0,2,7,0.0,0.796,,,,,,
2026,2026-08-15,토,08,19:00,삼성,한화,대구,삼성,0,0,24000,24000,1.0,1,2,0.598,1.5,2,4,6,0.48,13.5,-2,4,-7.0,0.796,,,,,,
2026,2026-08-15,토,08,19:00,롯데,NC,사직,롯데,0,0,23200,23200,1.0,1,8,0.441,17.5,-1,4,7,0.474,14.0,3,4,9.0,0.796,,,,,,
2026,2026-08-15,토,08,19:00,KT,키움,수원,KT,0,0,13203,18700,0.706,0,1,0.616,0.0,1,8,10,0.368,25.5,-2,4,-8.5,0.796,,,,,,
2026,2026-08-15,토,08,19:00,LG,SSG,잠실,LG;두산,0,0,23189,23750,0.9764,0,3,0.548,6.5,-1,3,9,0.408,21.0,1,6,-2.0,0.796,,,,,,
2026,2026-08-16,일,08,19:00,KIA,두산,광주,KIA,0,0,20500,20500,1.0,1,5,0.534,7.5,1,5,4,0.539,7.0,-1,6,0.0,0.804,,,,,,
2026,2026-08-16,일,08,19:00,KT,키움,수원,KT,0,0,13158,18700,0.7036,0,1,0.61,0.0,-1,7,10,0.374,24.5,1,4,-7.5,0.804,,,,,,
2026,2026-08-16,일,08,19:00,LG,SSG,잠실,LG;두산,0,0,23287,23750,0.9805,1,3,0.552,5.5,1,4,9,0.404,21.0,-1,5,-2.0,0.804,,,,,,
2026,2026-08-18,화,08,19:00,삼성,SSG,대구,삼성,0,0,23184,24000,0.966,0,2,0.602,1.0,3,4,9,0.41,21.0,1,6,-7.0,0.809,,,,,,
2026,2026-08-18,화,08,19:00,한화,KIA,대전,한화,0,0,17000,17000,1.0,1,6,0.475,14.0,-3,3,4,0.538,7.5,2,6,6.0,0.809,,,,,,
2026,2026-08-18,화,08,19:00,롯데,키움,사직,롯데,0,0,11371,23200,0.4901,0,8,0.447,17.0,1,4,10,0.37,25.5,-1,4,9.0,0.809,,,,,,
2026,2026-08-18,화,08,19:00,LG,KT,잠실,LG;두산,0,0,15098,23750,0.6357,0,3,0.547,6.5,-1,3,1,0.614,0.0,1,7,-1.5,0.809,,,,,,
2026,2026-08-18,화,08,19:00,NC,두산,창원,NC,0,0,5350,18128,0.2951,0,7,0.469,14.5,-1,4,5,0.534,8.0,-2,6,6.5,0.809,,,,,,
2026,2026-08-19,수,08,19:00,삼성,SSG,대구,삼성,0,0,22784,24000,0.9493,0,2,0.596,1.0,-1,4,9,0.415,20.0,2,7,-6.0,0.816,,,,,,
2026,2026-08-19,수,08,19:00,한화,KIA,대전,한화,0,0,17000,17000,1.0,1,6,0.471,14.0,-4,2,4,0.543,6.5,3,7,7.0,0.816,,,,,,
2026,2026-08-19,수,08,19:00,롯데,키움,사직,롯데,0,0,12596,23200,0.5429,0,8,0.452,16.0,2,5,10,0.367,25.5,-2,3,9.0,0.816,,,,,,
2026,2026-08-19,수,08,19:00,LG,KT,잠실,LG;두산,0,0,15052,23750,0.6338,0,3,0.551,5.5,1,4,1,0.608,0.0,-1,6,-1.5,0.816,,,,,,
2026,2026-08-19,수,08,19:00,NC,두산,창원,NC,0,0,6196,18128,0.3418,0,7,0.465,14.5,-2,4,5,0.538,7.0,1,6,7.5,0.816,,,,,,
2026,2026-08-20,목,08,19:00,삼성,SSG,대구,삼성,0,0,23238,24000,0.9683,0,2,0.6,0.0,1,5,9,0.411,20.0,-1,6,-6.0,0.824,,,,,,
2026,2026-08-20,목,08,19:00,한화,KIA,대전,한화,0,0,17000,17000,1.0,1,6,0.466,14.0,-5,2,4,0.547,5.5,4,7,8.0,0.824,,,,,,
2026,2026-08-20,목,08,19:00,롯데,키움,사직,롯데,0,0,15793,23200,0.6807,0,8,0.457,15.0,3,6,10,0.364,25.5,-3,3,9.0,0.824,,,,,,
2026,2026-08-20,목,08,19:00,LG,KT,잠실,LG;두산,0,0,15492,23750,0.6523,0,3,0.556,4.5,2,5,1,0.602,0.0,-2,5,-1.5,0.824,,,,,,
2026,2026-08-20,목,08,19:00,NC,두산,창원,NC,0,0,6313,18128,0.3482,0,7,0.46,14.5,-3,4,5,0.543,6.0,2,6,8.5,0.824,,,,,,
2026,2026-08-21,금,08,19:00,키움,KIA,고척,키움,1,0,16000,16000,1.0,1,10,0.36,26.5,-4,2,3,0.551,5.5,5,7,19.5,0.832,,,,,,
2026,2026-08-21,금,08,19:00,한화,LG,대전,한화,0,0,15009,17000,0.8829,0,8,0.462,15.0,-6,2,4,0.55,5.5,-1,5,8.0,0.832,,,,,,
2026,2026-08-21,금,08,19:00,SSG,KT,문학,SSG,0,0,12856,23000,0.559,0,9,0.417,20.0,1,7,1,0.606,0.0,1,5,13.0,0.832,,,,,,
2026,2026-08-21,금,08,19:00,두산,롯데,잠실,LG;두산,0,0,23750,23750,1.0,1,5,0.538,7.0,-1,6,7,0.462,15.0,4,7,0.0,0.832,,,,,,
2026,2026-08-21,금,08,19:00,NC,삼성,창원,NC,0,0,14909,18128,0.8224,0,6,0.465,14.5,1,5,2,0.594,1.0,-1,4,7.5,0.832,,,,,,
2026,2026-08-22,토,08,18:00,키움,KIA,고척,키움,1,0,16000,16000,1.0,1,10,0.357,27.0,-5,2,3,0.556,5.0,6,8,19.5,0.839,,,,,,
2026,2026-08-22,토,08,19:00,NC,삼성,창원,NC,0,0,18128,18128,1.0,1,6,0.471,14.0,2,6,2,0.589,1.5,-2,4,6.5,0.839,,,,,,
2026,2026-08-23,일,08,14:00,키움,KIA,고척,키움,1,0,16000,16000,1.0,1,10,0.363,26.5,1,3,3,0.55,5.5,-1,7,19.0,0.842,,,,,,
2026,2026-08-23,일,08,19:00,한화,LG,대전,한화,0,0,17000,17000,1.0,1,7,0.467,14.5,1,3,4,0.545,6.0,-2,5,7.0,0.842,,,,,,
2026,2026-08-23,일,08,19:00,SSG,KT,문학,SSG,0,0,17000,23000,0.7391,0,9,0.417,20.0,1,6,1,0.606,0.0,1,4,12.5,0.842,,,,,,
2026,2026-08-23,일,08,19:00,두산,롯데,잠실,LG;두산,0,0,23750,23750,1.0,1,5,0.533,7.5,-2,5,6,0.467,14.5,5,7,0.0,0.842,,,,,,
2026,2026-08-23,일,08,19:00,NC,삼성,창원,NC,0,0,18128,18128,1.0,1,8,0.466,14.5,-1,5,2,0.593,1.0,1,5,7.0,0.842,,,,,,
2026,2026-08-25,화,08,18:30,키움,삼성,고척,키움,1,0,14399,16000,0.8999,0,10,0.368,26.5,2,3,2,0.596,1.0,2,6,19.0,0.85,,,,,,
2026,2026-08-25,화,08,18:30,KIA,롯데,광주,KIA,0,0,14887,20500,0.7262,0,4,0.545,6.5,-2,6,6,0.463,15.5,-1,6,-1.0,0.85,,,,,,
2026,2026-08-25,화,08,18:30,SSG,한화,문학,SSG,0,0,15094,23000,0.6563,0,9,0.413,21.0,-1,5,7,0.462,15.5,-1,2,13.5,0.85,,,,,,
2026,2026-08-25,화,08,18:30,KT,두산,수원,KT,0,0,10173,18700,0.544,0,1,0.61,0.0,2,4,5,0.537,7.5,1,5,-7.5,0.85,,,,,,
2026,2026-08-25,화,08,18:30,LG,NC,잠실,LG;두산,0,0,14554,23750,0.6128,0,3,0.55,6.0,1,5,8,0.462,15.5,-2,5,-1.5,0.85,,,,,,
2026,2026-08-26,수,08,18:30,키움,삼성,고척,키움,1,0,15260,16000,0.9537,0,10,0.368,26.0,2,3,2,0.596,0.5,2,6,19.5,0.858,,,,,,
2026,2026-08-26,수,08,18:30,KIA,롯데,광주,KIA,0,0,14662,20500,0.7152,0,4,0.55,5.5,1,7,6,0.459,15.5,-2,6,-1.0,0.858,,,,,,
2026,2026-08-26,수,08,18:30,SSG,한화,문학,SSG,0,0,17211,23000,0.7483,0,9,0.418,20.0,1,5,7,0.458,15.5,-2,2,13.5,0.858,,,,,,
2026,2026-08-26,수,08,18:30,KT,두산,수원,KT,0,0,10307,18700,0.5512,0,1,0.604,0.0,-1,4,5,0.541,6.5,2,6,-6.5,0.858,,,,,,
2026,2026-08-26,수,08,18:30,LG,NC,잠실,LG;두산,0,0,16376,23750,0.6895,0,3,0.554,5.0,2,6,8,0.457,15.5,-3,4,-1.5,0.858,,,,,,
2026,2026-08-27,목,08,18:30,키움,삼성,고척,키움,1,0,14788,16000,0.9243,0,10,0.365,27.0,-1,3,2,0.6,0.5,3,6,19.5,0.865,,,,,,
2026,2026-08-27,목,08,18:30,SSG,한화,문학,SSG,0,0,17536,23000,0.7624,0,9,0.423,20.0,2,6,7,0.454,16.5,-3,1,12.5,0.865,,,,,,
2026,2026-08-27,목,08,18:30,KT,두산,수원,KT,0,0,10751,18700,0.5749,0,1,0.607,0.0,1,5,5,0.536,7.5,-1,5,-7.5,0.865,,,,,,
2026,2026-08-27,목,08,18:30,LG,NC,잠실,LG;두산,0,0,16644,23750,0.7008,0,3,0.558,5.0,3,6,8,0.453,16.5,-4,3,-2.5,0.865,,,,,,
2026,2026-08-29,토,08,18:00,KIA,SSG,광주,KIA,0,0,20500,20500,1.0,1,3,0.554,6.0,2,8,9,0.429,20.0,3,6,-2.5,0.871,,,,,,
2026,2026-08-29,토,08,18:00,삼성,KT,대구,삼성,0,0,24000,24000,1.0,1,2,0.604,0.5,4,6,1,0.611,0.0,2,5,-8.0,0.871,,,,,,
2026,2026-08-29,토,08,18:00,한화,NC,대전,한화,0,0,17000,17000,1.0,1,8,0.45,17.5,-4,1,6,0.458,16.5,1,3,9.0,0.871,,,,,,
2026,2026-08-29,토,08,18:00,롯데,LG,사직,롯데,0,0,22212,23200,0.9574,0,7,0.455,17.0,-3,6,4,0.553,6.0,-1,6,8.5,0.871,,,,,,
2026,2026-08-29,토,08,18:00,두산,키움,잠실,LG;두산,0,0,22958,23750,0.9667,0,5,0.532,8.5,-2,4,10,0.362,28.0,-2,2,0.0,0.871,,,,,,
2026,2026-08-30,일,08,18:00,한화,NC,대전,한화,0,0,17000,17000,1.0,1,8,0.445,18.0,-5,1,6,0.463,16.0,2,4,10.0,0.879,,,,,,
2026,2026-08-30,일,08,18:00,두산,키움,잠실,LG;두산,0,0,19268,23750,0.8113,0,5,0.536,8.0,1,5,10,0.359,28.5,-3,2,0.0,0.879,,,,,,
2026,2026-09-01,화,09,18:30,키움,SSG,고척,키움,1,0,5474,16000,0.3421,0,10,0.356,29.0,-4,2,9,0.425,20.5,-1,6,21.5,0.882,,,,,,
2026,2026-09-01,화,09,18:30,삼성,롯데,대구,삼성,0,0,24000,24000,1.0,1,1,0.607,0.0,5,6,7,0.45,17.5,-4,5,-7.5,0.882,,,,,,
2026,2026-09-01,화,09,18:30,KT,한화,수원,KT,0,0,8583,18700,0.459,0,2,0.606,0.5,-1,5,8,0.441,18.5,-6,1,-7.0,0.882,,,,,,
2026,2026-09-01,화,09,18:30,두산,LG,잠실,LG;두산,0,0,18278,23750,0.7696,0,5,0.54,7.5,2,6,4,0.557,5.5,1,6,0.0,0.882,,,,,,
2026,2026-09-01,화,09,18:30,NC,KIA,창원,NC,0,0,8456,18128,0.4665,0,6,0.468,15.5,3,5,3,0.558,5.5,3,8,8.0,0.882,,,,,,
2026,2026-09-02,수,09,18:30,키움,SSG,고척,키움,1,0,5846,16000,0.3654,0,10,0.353,30.0,-5,2,9,0.43,20.5,1,6,21.5,0.89,,,,,,
2026,2026-09-02,수,09,18:30,삼성,롯데,대구,삼성,0,0,24000,24000,1.0,1,1,0.611,0.0,6,7,7,0.446,18.5,-5,5,-8.5,0.89,,,,,,
2026,2026-09-02,수,09,18:30,KT,한화,수원,KT,0,0,10935,18700,0.5848,0,2,0.609,0.5,1,5,8,0.438,19.5,-7,1,-8.0,0.89,,,,,,
2026,2026-09-02,수,09,18:30,두산,LG,잠실,LG;두산,0,0,20274,23750,0.8536,0,5,0.535,8.5,-1,5,3,0.56,5.5,2,7,0.0,0.89,,,,,,
2026,2026-09-02,수,09,18:30,NC,KIA,창원,NC,0,0,10172,18128,0.5611,0,6,0.473,15.5,4,6,4,0.553,6.5,-1,7,7.0,0.89,,,,,,
2026,2026-09-03,목,09,18:30,키움,SSG,고척,키움,1,0,6839,16000,0.4274,0,10,0.35,31.0,-6,2,8,0.435,20.5,2,6,21.5,0.897,,,,,,
2026,2026-09-03,목,09,18:30,삼성,롯데,대구,삼성,0,0,24000,24000,1.0,1,1,0.614,0.0,7,7,7,0.442,19.5,-6,4,-9.5,0.897,,,,,,
2026,2026-09-03,목,09,18:30,KT,한화,수원,KT,0,0,11789,18700,0.6304,0,2,0.613,0.5,2,6,9,0.434,20.5,-8,1,-9.0,0.897,,,,,,
2026,2026-09-03,목,09,18:30,두산,LG,잠실,LG;두산,0,0,22434,23750,0.9446,0,5,0.53,9.5,-2,4,3,0.564,5.5,3,7,0.0,0.897,,,,,,
2026,2026-09-04,금,09,18:30,키움,NC,고척,키움,1,0,5930,16000,0.3706,0,10,0.355,30.5,1,3,6,0.477,15.5,5,6,20.5,0.904,,,,,,
2026,2026-09-04,금,09,18:30,KIA,KT,광주,KIA,0,0,20500,20500,1.0,1,4,0.548,7.5,-2,6,1,0.616,0.0,3,7,-2.5,0.904,,,,,,
2026,2026-09-04,금,09,18:30,SSG,두산,문학,SSG,0,0,14260,23000,0.62,0,8,0.431,21.0,-1,6,5,0.526,10.0,-3,4,11.0,0.904,,,,,,
2026,2026-09-04,금,09,18:30,롯데,한화,사직,롯데,0,0,16201,23200,0.6983,0,7,0.447,19.0,1,4,9,0.43,21.0,-9,1,9.0,0.904,,,,,,
2026,2026-09-04,금,09,18:30,LG,삼성,잠실,LG;두산,0,0,23750,23750,1.0,1,3,0.568,5.0,4,7,2,0.609,0.5,-1,7,-5.0,0.904,,,,,,
2026,2026-09-05,토,09,17:00,키움,NC,고척,키움,1,0,9383,16000,0.5864,0,10,0.352,30.5,-1,2,6,0.482,14.5,6,6,20.5,0.911,,,,,,
2026,2026-09-05,토,09,17:00,KIA,KT,광주,KIA,0,0,20500,20500,1.0,1,4,0.552,6.5,1,6,1,0.611,0.0,-1,6,-3.5,0.911,,,,,,
2026,2026-09-05,토,09,17:00,SSG,두산,문학,SSG,0,0,23000,23000,1.0,1,8,0.436,20.0,1,6,5,0.521,10.0,-4,4,10.0,0.911,,,,,,
2026,2026-09-05,토,09,17:00,롯데,한화,사직,롯데,0,0,23200,23200,1.0,1,7,0.443,19.0,-1,3,9,0.435,20.0,1,1,9.0,0.911,,,,,,
2026,2026-09-05,토,09,17:00,LG,삼성,잠실,LG;두산,0,0,23750,23750,1.0,1,3,0.571,4.0,5,8,2,0.603,0.5,-2,7,-6.0,0.911,,,,,,
2026,2026-09-06,일,09,14:00,키움,NC,고척,키움,1,0,9499,16000,0.5937,0,10,0.35,31.0,-2,1,6,0.487,14.0,7,7,20.5,0.919,,,,,,
2026,2026-09-06,일,09,17:00,KIA,KT,광주,KIA,0,0,20500,20500,1.0,1,4,0.556,6.0,2,6,2,0.605,0.5,-2,6,-4.5,0.919,,,,,,
2026,2026-09-06,일,09,17:00,SSG,두산,문학,SSG,0,0,17771,23000,0.7727,0,7,0.441,19.5,2,7,5,0.517,10.5,-5,3,9.0,0.919,,,,,,
2026,2026-09-06,일,09,17:00,롯데,한화,사직,롯데,0,0,23200,23200,1.0,1,8,0.44,19.5,-2,2,9,0.44,19.5,2,2,9.0,0.919,,,,,,
2026,2026-09-06,일,09,17:00,LG,삼성,잠실,LG;두산,0,0,23750,23750,1.0,1,3,0.567,4.5,-1,8,1,0.607,0.0,1,7,-6.0,0.919,,,,,,
2026,2026-09-08,화,09,18:30,삼성,KIA,대구,삼성,0,0,24000,24000,1.0,1,1,0.61,0.0,2,7,4,0.559,6.0,3,6,-10.5,0.926,,,,,,
2026,2026-09-08,화,09,18:30,한화,두산,대전,한화,0,0,12011,17000,0.7065,0,7,0.444,19.5,3,3,5,0.521,10.5,1,3,9.0,0.926,,,,,,
2026,2026-09-08,화,09,18:30,KT,SSG,수원,KT,0,0,8705,18700,0.4655,0,2,0.6,1.5,-3,5,8,0.437,20.5,-1,7,-9.0,0.926,,,,,,
2026,2026-09-08,화,09,18:30,LG,키움,잠실,LG;두산,0,0,18277,23750,0.7696,0,3,0.562,5.5,-2,7,10,0.355,31.0,1,2,-5.0,0.926,,,,,,
2026,2026-09-08,화,09,18:30,NC,롯데,창원,NC,0,0,14114,18128,0.7786,0,6,0.482,15.0,-1,7,9,0.436,20.5,-3,1,4.5,0.926,,,,,,
2026,2026-09-09,수,09,18:30,KIA,NC,광주,KIA,0,0,12230,20500,0.5966,0,4,0.555,7.0,-1,6,6,0.478,16.0,-2,7,-4.5,0.934,,,,,,
2026,2026-09-09,수,09,18:30,삼성,KT,대구,삼성,0,0,24000,24000,1.0,1,1,0.613,0.0,3,8,2,0.603,1.5,1,6,-11.5,0.934,,,,,,
2026,2026-09-09,수,09,18:30,한화,LG,대전,한화,0,0,12024,17000,0.7073,0,7,0.449,19.5,4,4,3,0.557,6.5,-3,6,8.0,0.934,,,,,,
2026,2026-09-09,수,09,18:30,두산,SSG,잠실,LG;두산,0,0,18722,23750,0.7883,0,5,0.517,11.5,-1,3,9,0.433,21.5,-2,6,0.0,0.934,,,,,,
2026,2026-09-10,목,09,18:30,KIA,NC,광주,KIA,0,0,12754,20500,0.6221,0,4,0.55,7.0,-2,6,6,0.483,15.0,1,8,-4.5,0.94,,,,,,
2026,2026-09-10,목,09,18:30,SSG,한화,문학,SSG,0,0,17328,23000,0.7534,0,9,0.438,20.5,1,6,7,0.454,18.5,5,5,9.0,0.94,,,,,,
2026,2026-09-10,목,09,18:30,롯데,KT,사직,롯데,0,0,11146,23200,0.4804,0,8,0.441,20.0,1,2,2,0.607,0.5,2,6,8.5,0.94,,,,,,
2026,2026-09-10,목,09,18:30,두산,키움,잠실,LG;두산,0,0,13713,23750,0.5774,0,5,0.512,11.5,-2,3,10,0.36,30.5,2,3,0.0,0.94,,,,,,
2026,2026-09-11,금,09,18:30,KIA,SSG,광주,KIA,0,0,16620,20500,0.8107,0,4,0.545,7.5,-3,5,8,0.443,20.0,2,6,-3.5,0.946,,,,,,
2026,2026-09-11,금,09,18:30,삼성,키움,대구,삼성,0,0,24000,24000,1.0,1,2,0.608,0.0,-1,7,10,0.357,31.0,-1,3,-11.0,0.946,,,,,,
2026,2026-09-11,금,09,18:30,한화,NC,대전,한화,0,0,14278,17000,0.8399,0,7,0.45,19.0,-1,5,6,0.487,14.5,2,8,8.0,0.946,,,,,,
2026,2026-09-11,금,09,18:30,롯데,KT,사직,롯데,0,0,11569,23200,0.4987,0,9,0.437,20.5,-1,2,1,0.61,0.0,3,6,9.5,0.946,,,,,,
2026,2026-09-12,토,09,17:00,키움,롯데,고척,키움,1,0,15146,16000,0.9466,0,10,0.354,32.0,-2,3,9,0.433,21.5,-2,2,20.5,0.953,,,,,,
2026,2026-09-12,토,09,17:00,삼성,LG,대구,삼성,0,0,24000,24000,1.0,1,2,0.612,0.0,1,7,3,0.553,7.0,-4,5,-11.5,0.953,,,,,,
2026,2026-09-12,토,09,17:00,KT,KIA,수원,KT,0,0,18700,18700,1.0,1,1,0.613,0.0,4,7,4,0.549,7.5,1,5,-11.5,0.953,,,,,,
2026,2026-09-12,토,09,17:00,두산,NC,잠실,LG;두산,0,0,23096,23750,0.9725,0,5,0.516,11.5,1,3,6,0.492,14.5,3,8,0.0,0.953,,,,,,
2026,2026-09-13,일,09,17:00,KIA,한화,광주,KIA,0,0,20500,20500,1.0,1,4,0.545,8.5,-1,4,7,0.446,20.5,-2,5,-4.0,0.959,,,,,,
2026,2026-09-13,일,09,17:00,삼성,LG,대구,삼성,0,0,24000,24000,1.0,1,2,0.607,1.0,-1,6,3,0.556,7.0,1,6,-11.5,0.959,,,,,,
2026,2026-09-13,일,09,17:00,KT,롯데,수원,KT,0,0,18700,18700,1.0,1,1,0.617,0.0,5,7,9,0.438,21.5,1,3,-12.5,0.959,,,,,,
2026,2026-09-13,일,09,17:00,두산,NC,잠실,LG;두산,0,0,17597,23750,0.7409,0,5,0.512,12.5,-1,2,6,0.496,14.5,4,8,0.0,0.959,,,,,,
2026,2026-09-15,화,09,18:30,삼성,롯데,대구,삼성,0,0,24000,24000,1.0,1,2,0.602,2.0,-2,5,9,0.434,22.5,-1,3,-10.5,0.965,,,,,,
2026,2026-09-15,화,09,18:30,한화,KT,대전,한화,0,0,10287,17000,0.6051,0,7,0.443,21.5,-3,5,1,0.62,0.0,6,7,9.0,0.965,,,,,,
2026,2026-09-15,화,09,18:30,SSG,KIA,문학,SSG,0,0,23000,23000,1.0,1,8,0.439,22.0,-1,6,4,0.548,8.5,1,5,9.5,0.965,,,,,,
2026,2026-09-15,화,09,18:30,NC,LG,창원,NC,0,0,10547,18128,0.5818,0,6,0.492,15.5,-1,7,3,0.56,7.0,2,6,3.0,0.965,,,,,,
2026,2026-09-16,수,09,18:30,한화,KT,대전,한화,0,0,10194,17000,0.5996,0,8,0.439,22.5,-4,5,1,0.623,0.0,7,7,9.5,0.971,,,,,,
2026,2026-09-16,수,09,18:30,롯데,SSG,사직,롯데,0,0,10851,23200,0.4677,0,9,0.431,23.5,-2,3,7,0.444,22.0,1,6,10.5,0.971,,,,,,
2026,2026-09-16,수,09,18:30,두산,삼성,잠실,LG;두산,0,0,23750,23750,1.0,1,5,0.516,13.0,1,3,2,0.605,2.0,1,5,0.0,0.971,,,,,,
2026,2026-09-16,수,09,18:30,NC,LG,창원,NC,0,0,14180,18128,0.7822,0,6,0.488,16.5,-2,6,3,0.563,7.0,3,6,3.5,0.971,,,,,,
2026,2026-09-17,목,09,18:30,KIA,키움,광주,KIA,0,0,15470,20500,0.7546,0,4,0.544,9.5,-1,5,10,0.352,34.0,-3,3,-3.0,0.977,,,,,,
2026,2026-09-17,목,09,18:30,NC,SSG,창원,NC,0,0,10869,18128,0.5996,0,6,0.484,17.0,-3,5,7,0.448,21.5,2,6,4.5,0.977,,,,,,
2026,2026-09-18,금,09,18:30,한화,삼성,대전,한화,0,0,17000,17000,1.0,1,8,0.439,22.5,-4,5,2,0.6,2.5,-1,5,10.0,0.98,,,,,,
2026,2026-09-18,금,09,18:30,롯데,NC,사직,롯데,0,0,12724,23200,0.5484,0,9,0.427,24.0,-3,2,6,0.48,17.5,-4,4,11.5,0.98,,,,,,
2026,2026-09-18,금,09,18:30,KT,LG,수원,KT,0,0,18700,18700,1.0,1,1,0.623,0.0,7,7,3,0.567,6.5,4,6,-12.5,0.98,,,,,,
2026,2026-09-18,금,09,18:30,두산,키움,잠실,LG;두산,0,0,18704,23750,0.7875,0,5,0.52,12.5,2,4,10,0.349,34.5,-4,3,0.0,0.98,,,,,,
2026,2026-09-19,토,09,17:00,롯데,삼성,사직,롯데,0,0,23200,23200,1.0,1,9,0.432,23.0,1,3,2,0.603,1.5,1,6,11.0,0.986,,,,,,
2026,2026-09-19,토,09,17:00,KT,두산,수원,KT,0,0,18700,18700,1.0,1,1,0.618,0.0,-1,7,5,0.52,12.0,2,4,-12.0,0.986,,,,,,
2026,2026-09-19,토,09,17:00,LG,한화,잠실,LG;두산,0,0,23750,23750,1.0,1,3,0.57,5.5,5,6,8,0.435,22.5,-5,4,-6.5,0.986,,,,,,
2026,2026-09-19,토,09,17:00,NC,KIA,창원,NC,0,0,18128,18128,1.0,1,6,0.476,17.5,-5,4,4,0.548,8.5,1,5,5.5,0.986,,,,,,
2026,2026-09-20,일,09,14:00,SSG,키움,문학,SSG,0,0,18915,23000,0.8224,0,7,0.452,21.0,3,7,10,0.349,34.5,-4,3,8.0,0.992,,,,,,
2026,2026-09-20,일,09,14:00,롯데,삼성,사직,롯데,0,0,23200,23200,1.0,1,8,0.437,23.0,2,4,2,0.598,2.5,-1,5,10.0,0.992,,,,,,
2026,2026-09-20,일,09,14:00,KT,두산,수원,KT,0,0,16606,18700,0.888,0,1,0.621,0.0,1,8,5,0.516,13.0,-1,4,-13.0,0.992,,,,,,
2026,2026-09-20,일,09,14:00,LG,한화,잠실,LG;두산,0,0,23750,23750,1.0,1,3,0.574,5.5,6,6,9,0.432,23.5,-6,3,-7.5,0.992,,,,,,
2026,2026-09-20,일,09,14:00,NC,KIA,창원,NC,0,0,16120,18128,0.8892,0,6,0.472,18.5,-6,4,4,0.551,8.5,2,5,5.5,0.992,,,,,,
