season,date,dow,home,away,stadium,crowd
2021,2021-04-03,토,키움,삼성,고척,1665
2021,2021-04-04,일,키움,삼성,고척,1655
2021,2021-04-04,일,SSG,롯데,문학,2300
2021,2021-04-04,일,KT,한화,수원,1956
2021,2021-04-04,일,두산,KIA,잠실,2410
2021,2021-04-04,일,NC,LG,창원,4376
2021,2021-04-06,화,키움,KIA,고척,1614
2021,2021-04-06,화,SSG,한화,문학,2268
2021,2021-04-06,화,KT,LG,수원,1956
2021,2021-04-06,화,두산,삼성,잠실,2245
2021,2021-04-06,화,NC,롯데,창원,2327
2021,2021-04-07,수,키움,KIA,고척,1628
2021,2021-04-07,수,SSG,한화,문학,2264
2021,2021-04-07,수,KT,LG,수원,1706
2021,2021-04-07,수,두산,삼성,잠실,2142
2021,2021-04-07,수,NC,롯데,창원,2225
2021,2021-04-08,목,키움,KIA,고척,1660
2021,2021-04-08,목,SSG,한화,문학,2278
2021,2021-04-08,목,KT,LG,수원,1605
2021,2021-04-08,목,두산,삼성,잠실,2273
2021,2021-04-08,목,NC,롯데,창원,2261
2021,2021-04-09,금,KIA,NC,광주,3869
2021,2021-04-09,금,삼성,KT,대구,2724
2021,2021-04-09,금,롯데,키움,사직,2364
2021,2021-04-09,금,LG,SSG,잠실,2414
2021,2021-04-09,금,한화,두산,한밭,1300
2021,2021-04-10,토,KIA,NC,광주,4114
2021,2021-04-10,토,삼성,KT,대구,3813
2021,2021-04-10,토,롯데,키움,사직,2364
2021,2021-04-10,토,LG,SSG,잠실,2431
2021,2021-04-10,토,한화,두산,한밭,1300
2021,2021-04-11,일,KIA,NC,광주,4264
2021,2021-04-11,일,삼성,KT,대구,4658
2021,2021-04-11,일,롯데,키움,사직,2364
2021,2021-04-11,일,LG,SSG,잠실,2454
2021,2021-04-11,일,한화,두산,한밭,1300
2021,2021-04-13,화,키움,LG,고척,1479
2021,2021-04-13,화,KIA,롯데,광주,808
2021,2021-04-13,화,삼성,한화,대구,1363
2021,2021-04-13,화,SSG,NC,문학,1632
2021,2021-04-13,화,두산,KT,잠실,1128
2021,2021-04-14,수,키움,LG,고척,1311
2021,2021-04-14,수,KIA,롯데,광주,884
2021,2021-04-14,수,삼성,한화,대구,1564
2021,2021-04-14,수,SSG,NC,문학,1571
2021,2021-04-14,수,두산,KT,잠실,1038
2021,2021-04-15,목,키움,LG,고척,1354
2021,2021-04-15,목,KIA,롯데,광주,1503
2021,2021-04-15,목,삼성,한화,대구,1728
2021,2021-04-15,목,SSG,NC,문학,1539
2021,2021-04-15,목,두산,KT,잠실,1124
2021,2021-04-16,금,SSG,KIA,문학,2300
2021,2021-04-16,금,롯데,삼성,사직,1927
2021,2021-04-16,금,KT,키움,수원,929
2021,2021-04-16,금,LG,두산,잠실,2442
2021,2021-04-16,금,NC,한화,창원,5061
2021,2021-04-17,토,SSG,KIA,문학,2300
2021,2021-04-17,토,롯데,삼성,사직,2364
2021,2021-04-17,토,KT,키움,수원,1658
2021,2021-04-17,토,LG,두산,잠실,2472
2021,2021-04-17,토,NC,한화,창원,3495
2021,2021-04-18,일,SSG,KIA,문학,2300
2021,2021-04-18,일,롯데,삼성,사직,2364
2021,2021-04-18,일,KT,키움,수원,1956
2021,2021-04-18,일,LG,두산,잠실,2472
2021,2021-04-18,일,NC,한화,창원,2632
2021,2021-04-20,화,삼성,SSG,대구,2104
2021,2021-04-20,화,롯데,두산,사직,1197
2021,2021-04-20,화,LG,KIA,잠실,2453
2021,2021-04-20,화,NC,KT,창원,1229
2021,2021-04-20,화,한화,키움,한밭,1003
2021,2021-04-21,수,삼성,SSG,대구,2823
2021,2021-04-21,수,롯데,두산,사직,1278
2021,2021-04-21,수,LG,KIA,잠실,2457
2021,2021-04-21,수,NC,KT,창원,1103
2021,2021-04-21,수,한화,키움,한밭,1007
2021,2021-04-22,목,삼성,SSG,대구,2636
2021,2021-04-22,목,롯데,두산,사직,1686
2021,2021-04-22,목,LG,KIA,잠실,2472
2021,2021-04-22,목,NC,KT,창원,1393
2021,2021-04-22,목,한화,키움,한밭,1071
2021,2021-04-23,금,키움,SSG,고척,1258
2021,2021-04-23,금,KIA,삼성,광주,1318
2021,2021-04-23,금,KT,롯데,수원,1544
2021,2021-04-23,금,두산,NC,잠실,2225
2021,2021-04-23,금,한화,LG,한밭,1300
2021,2021-04-24,토,키움,SSG,고척,1638
2021,2021-04-24,토,KIA,삼성,광주,2808
2021,2021-04-24,토,KT,롯데,수원,1956
2021,2021-04-24,토,두산,NC,잠실,2410
2021,2021-04-24,토,한화,LG,한밭,1300
2021,2021-04-25,일,키움,SSG,고척,1640
2021,2021-04-25,일,KIA,삼성,광주,2749
2021,2021-04-25,일,KT,롯데,수원,1956
2021,2021-04-25,일,두산,NC,잠실,2410
2021,2021-04-25,일,한화,LG,한밭,1300
2021,2021-04-27,화,키움,두산,고척,1166
2021,2021-04-27,화,KIA,한화,광주,898
2021,2021-04-27,화,삼성,NC,대구,2528
2021,2021-04-27,화,SSG,KT,문학,1756
2021,2021-04-27,화,LG,롯데,잠실,2347
2021,2021-04-28,수,키움,두산,고척,1213
2021,2021-04-28,수,KIA,한화,광주,1502
2021,2021-04-28,수,삼성,NC,대구,2130
2021,2021-04-28,수,SSG,KT,문학,1797
2021,2021-04-28,수,LG,롯데,잠실,2455
2021,2021-04-29,목,키움,두산,고척,1394
2021,2021-04-29,목,KIA,한화,광주,1478
2021,2021-04-29,목,삼성,NC,대구,2628
2021,2021-04-29,목,SSG,KT,문학,2132
2021,2021-04-29,목,LG,롯데,잠실,2472
2021,2021-04-30,금,삼성,LG,대구,4161
2021,2021-04-30,금,롯데,한화,사직,2271
2021,2021-04-30,금,KT,KIA,수원,1956
2021,2021-04-30,금,두산,SSG,잠실,2410
2021,2021-04-30,금,NC,키움,창원,1909
2021,2021-05-01,토,삼성,LG,대구,7033
2021,2021-05-01,토,롯데,한화,사직,2351
2021,2021-05-01,토,KT,KIA,수원,1956
2021,2021-05-01,토,두산,SSG,잠실,2427
2021,2021-05-01,토,NC,키움,창원,2694
2021,2021-05-02,일,삼성,LG,대구,7033
2021,2021-05-02,일,롯데,한화,사직,2364
2021,2021-05-02,일,KT,KIA,수원,1956
2021,2021-05-02,일,두산,SSG,잠실,2427
2021,2021-05-02,일,NC,키움,창원,2066
2021,2021-05-05,수,키움,KT,고척,1674
2021,2021-05-05,수,롯데,KIA,사직,2364
2021,2021-05-05,수,두산,LG,잠실,2427
2021,2021-05-05,수,NC,SSG,창원,4768
2021,2021-05-05,수,한화,삼성,한밭,3900
2021,2021-05-06,목,키움,KT,고척,957
2021,2021-05-06,목,롯데,KIA,사직,2068
2021,2021-05-06,목,두산,LG,잠실,2427
2021,2021-05-06,목,NC,SSG,창원,1980
2021,2021-05-06,목,한화,삼성,한밭,2522
2021,2021-05-07,금,삼성,롯데,대구,5960
2021,2021-05-08,토,KIA,두산,광주,2462
2021,2021-05-08,토,삼성,롯데,대구,7033
2021,2021-05-08,토,SSG,키움,문학,2300
2021,2021-05-08,토,KT,NC,수원,1566
2021,2021-05-08,토,LG,한화,잠실,2441
2021,2021-05-09,일,KIA,두산,광주,2646
2021,2021-05-09,일,KIA,두산,광주,1142
2021,2021-05-09,일,삼성,롯데,대구,7033
2021,2021-05-09,일,SSG,키움,문학,2300
2021,2021-05-09,일,SSG,키움,문학,2156
2021,2021-05-09,일,KT,NC,수원,1759
2021,2021-05-09,일,KT,NC,수원,845
2021,2021-05-09,일,LG,한화,잠실,2472
2021,2021-05-09,일,LG,한화,잠실,2472
2021,2021-05-11,화,KIA,LG,광주,1047
2021,2021-05-11,화,롯데,SSG,사직,1915
2021,2021-05-11,화,KT,삼성,수원,1646
2021,2021-05-11,화,두산,키움,잠실,1606
2021,2021-05-11,화,한화,NC,한밭,1065
2021,2021-05-12,수,KIA,LG,광주,1337
2021,2021-05-12,수,롯데,SSG,사직,1529
2021,2021-05-12,수,KT,삼성,수원,1608
2021,2021-05-12,수,두산,키움,잠실,1628
2021,2021-05-12,수,한화,NC,한밭,1007
2021,2021-05-13,목,KIA,LG,광주,1168
2021,2021-05-13,목,롯데,SSG,사직,1823
2021,2021-05-13,목,KT,삼성,수원,1956
2021,2021-05-13,목,두산,키움,잠실,1896
2021,2021-05-13,목,한화,NC,한밭,1103
2021,2021-05-14,금,키움,한화,고척,1563
2021,2021-05-14,금,SSG,두산,문학,2300
2021,2021-05-14,금,롯데,KT,사직,1816
2021,2021-05-14,금,LG,삼성,잠실,2472
2021,2021-05-14,금,NC,KIA,창원,2329
2021,2021-05-15,토,키움,한화,고척,1674
2021,2021-05-15,토,롯데,KT,사직,1365
2021,2021-05-15,토,LG,삼성,잠실,2455
2021,2021-05-15,토,NC,KIA,창원,1590
2021,2021-05-16,일,키움,한화,고척,1674
2021,2021-05-17,월,SSG,두산,문학,1664
2021,2021-05-17,월,LG,삼성,잠실,1975
2021,2021-05-18,화,KIA,SSG,광주,2446
2021,2021-05-18,화,삼성,키움,대구,4225
2021,2021-05-18,화,KT,두산,수원,1722
2021,2021-05-18,화,LG,NC,잠실,2428
2021,2021-05-18,화,한화,롯데,한밭,1927
2021,2021-05-19,수,KIA,SSG,광주,3378
2021,2021-05-19,수,삼성,키움,대구,7033
2021,2021-05-19,수,KT,두산,수원,1956
2021,2021-05-19,수,LG,NC,잠실,2472
2021,2021-05-19,수,한화,롯데,한밭,3900
2021,2021-05-20,목,LG,NC,잠실,1929
2021,2021-05-21,금,키움,NC,고척,1009
2021,2021-05-21,금,삼성,KIA,대구,3495
2021,2021-05-21,금,SSG,LG,문학,2300
2021,2021-05-21,금,두산,롯데,잠실,2427
2021,2021-05-21,금,한화,KT,한밭,948
2021,2021-05-22,토,키움,NC,고척,1674
2021,2021-05-22,토,삼성,KIA,대구,7033
2021,2021-05-22,토,SSG,LG,문학,2300
2021,2021-05-22,토,두산,롯데,잠실,2427
2021,2021-05-22,토,한화,KT,한밭,3103
2021,2021-05-23,일,키움,NC,고척,1618
2021,2021-05-23,일,삼성,KIA,대구,6780
2021,2021-05-23,일,SSG,LG,문학,2300
2021,2021-05-23,일,두산,롯데,잠실,2427
2021,2021-05-23,일,한화,KT,한밭,2516
2021,2021-05-26,수,KIA,키움,광주,1003
2021,2021-05-26,수,롯데,LG,사직,1536
2021,2021-05-26,수,KT,SSG,수원,1420
2021,2021-05-26,수,두산,한화,잠실,2385
2021,2021-05-26,수,NC,삼성,창원,2199
2021,2021-05-27,목,KIA,키움,광주,1047
2021,2021-05-27,목,롯데,LG,사직,1310
2021,2021-05-27,목,KT,SSG,수원,1141
2021,2021-05-27,목,두산,한화,잠실,2085
2021,2021-05-27,목,NC,삼성,창원,1763
2021,2021-05-28,금,KIA,KT,광주,1032
2021,2021-05-28,금,삼성,두산,대구,4027
2021,2021-05-28,금,LG,키움,잠실,2409
2021,2021-05-28,금,한화,SSG,한밭,1663
2021,2021-05-29,토,KIA,KT,광주,2352
2021,2021-05-29,토,삼성,두산,대구,7033
2021,2021-05-29,토,롯데,NC,사직,1544
2021,2021-05-29,토,롯데,NC,사직,3527
2021,2021-05-29,토,LG,키움,잠실,2429
2021,2021-05-29,토,한화,SSG,한밭,3900
2021,2021-05-30,일,KIA,KT,광주,3179
2021,2021-05-30,일,삼성,두산,대구,6500
2021,2021-05-30,일,롯데,NC,사직,2874
2021,2021-05-30,일,LG,키움,잠실,2472
2021,2021-05-30,일,한화,SSG,한밭,2987
2021,2021-06-01,화,키움,롯데,고척,1090
2021,2021-06-01,화,SSG,삼성,문학,2300
2021,2021-06-01,화,LG,KT,잠실,1656
2021,2021-06-01,화,NC,두산,창원,1414
2021,2021-06-01,화,한화,KIA,한밭,1133
2021,2021-06-02,수,키움,롯데,고척,1048
2021,2021-06-02,수,SSG,삼성,문학,2300
2021,2021-06-02,수,LG,KT,잠실,1820
2021,2021-06-02,수,NC,두산,창원,1354
2021,2021-06-02,수,한화,KIA,한밭,1474
2021,2021-06-03,목,키움,롯데,고척,1197
2021,2021-06-04,금,키움,삼성,고척,1585
2021,2021-06-04,금,KIA,LG,광주,1230
2021,2021-06-04,금,KT,롯데,수원,1709
2021,2021-06-04,금,두산,SSG,잠실,2427
2021,2021-06-04,금,NC,한화,창원,1742
2021,2021-06-05,토,키움,삼성,고척,1674
2021,2021-06-05,토,KIA,LG,광주,2983
2021,2021-06-05,토,KT,롯데,수원,2000
2021,2021-06-05,토,두산,SSG,잠실,2427
2021,2021-06-05,토,NC,한화,창원,3365
2021,2021-06-06,일,키움,삼성,고척,1674
2021,2021-06-06,일,KIA,LG,광주,1807
2021,2021-06-06,일,KT,롯데,수원,2000
2021,2021-06-06,일,두산,SSG,잠실,2427
2021,2021-06-06,일,NC,한화,창원,2296
2021,2021-06-08,화,삼성,KIA,대구,1241
2021,2021-06-08,화,SSG,KT,문학,1902
2021,2021-06-08,화,롯데,두산,사직,1285
2021,2021-06-08,화,LG,NC,잠실,1847
2021,2021-06-08,화,한화,키움,한밭,936
2021,2021-06-09,수,삼성,KIA,대구,1341
2021,2021-06-09,수,SSG,KT,문학,1792
2021,2021-06-09,수,롯데,두산,사직,1308
2021,2021-06-09,수,LG,NC,잠실,1736
2021,2021-06-09,수,한화,키움,한밭,920
2021,2021-06-10,목,삼성,KIA,대구,1597
2021,2021-06-10,목,롯데,두산,사직,1422
2021,2021-06-10,목,LG,NC,잠실,1624
2021,2021-06-10,목,한화,키움,한밭,872
2021,2021-06-11,금,삼성,NC,대구,1233
2021,2021-06-11,금,SSG,키움,문학,2231
2021,2021-06-11,금,KT,한화,수원,1661
2021,2021-06-11,금,LG,두산,잠실,2472
2021,2021-06-12,토,삼성,NC,대구,2317
2021,2021-06-12,토,SSG,키움,문학,2300
2021,2021-06-12,토,KT,한화,수원,2000
2021,2021-06-12,토,LG,두산,잠실,2472
2021,2021-06-13,일,삼성,NC,대구,2240
2021,2021-06-13,일,SSG,키움,문학,2300
2021,2021-06-13,일,롯데,KIA,사직,2119
2021,2021-06-13,일,롯데,KIA,사직,2284
2021,2021-06-13,일,KT,한화,수원,2000
2021,2021-06-13,일,LG,두산,잠실,2472
2021,2021-06-15,화,키움,LG,고척,1348
2021,2021-06-15,화,두산,삼성,잠실,2706
2021,2021-06-15,화,한화,롯데,한밭,1067
2021,2021-06-16,수,키움,LG,고척,1445
2021,2021-06-16,수,KIA,SSG,광주,573
2021,2021-06-16,수,KIA,SSG,광주,916
2021,2021-06-16,수,두산,삼성,잠실,3702
2021,2021-06-16,수,NC,KT,창원,1127
2021,2021-06-16,수,한화,롯데,한밭,805
2021,2021-06-16,수,한화,롯데,한밭,1150
2021,2021-06-17,목,키움,LG,고척,1739
2021,2021-06-17,목,KIA,SSG,광주,925
2021,2021-06-17,목,두산,삼성,잠실,3258
2021,2021-06-17,목,NC,KT,창원,1143
2021,2021-06-17,목,한화,롯데,한밭,1078
2021,2021-06-18,금,롯데,삼성,사직,1737
2021,2021-06-18,금,KT,두산,수원,1445
2021,2021-06-18,금,LG,KIA,잠실,4860
2021,2021-06-18,금,NC,키움,창원,1273
2021,2021-06-18,금,한화,SSG,한밭,1084
2021,2021-06-19,토,롯데,삼성,사직,5382
2021,2021-06-19,토,KT,두산,수원,2274
2021,2021-06-19,토,KT,두산,수원,2922
2021,2021-06-19,토,LG,KIA,잠실,7405
2021,2021-06-19,토,NC,키움,창원,3074
2021,2021-06-19,토,한화,SSG,한밭,3552
2021,2021-06-20,일,롯데,삼성,사직,3485
2021,2021-06-20,일,KT,두산,수원,2585
2021,2021-06-20,일,LG,KIA,잠실,6602
2021,2021-06-20,일,NC,키움,창원,2071
2021,2021-06-20,일,한화,SSG,한밭,2107
2021,2021-06-22,화,삼성,한화,대구,2127
2021,2021-06-22,화,SSG,LG,문학,3625
2021,2021-06-22,화,롯데,NC,사직,2036
2021,2021-06-22,화,KT,KIA,수원,1668
2021,2021-06-22,화,두산,키움,잠실,1364
2021,2021-06-23,수,삼성,한화,대구,2366
2021,2021-06-23,수,SSG,LG,문학,3587
2021,2021-06-23,수,롯데,NC,사직,1705
2021,2021-06-23,수,KT,KIA,수원,1368
2021,2021-06-23,수,두산,키움,잠실,1585
2021,2021-06-24,목,삼성,한화,대구,3029
2021,2021-06-24,목,SSG,LG,문학,4253
2021,2021-06-24,목,롯데,NC,사직,2197
2021,2021-06-24,목,KT,KIA,수원,1625
2021,2021-06-24,목,두산,키움,잠실,1773
2021,2021-06-25,금,키움,KIA,고척,1981
2021,2021-06-25,금,두산,롯데,잠실,3558
2021,2021-06-25,금,NC,SSG,창원,2375
2021,2021-06-25,금,한화,KT,한밭,1123
2021,2021-06-26,토,키움,KIA,고척,3346
2021,2021-06-26,토,삼성,LG,대구,3445
2021,2021-06-26,토,삼성,LG,대구,8162
2021,2021-06-26,토,두산,롯데,잠실,5297
2021,2021-06-26,토,NC,SSG,창원,3576
2021,2021-06-26,토,한화,KT,한밭,2241
2021,2021-06-27,일,키움,KIA,고척,2696
2021,2021-06-27,일,삼성,LG,대구,8007
2021,2021-06-27,일,두산,롯데,잠실,4549
2021,2021-06-27,일,NC,SSG,창원,2771
2021,2021-06-27,일,한화,KT,한밭,1545
2021,2021-06-29,화,키움,롯데,고척,1639
2021,2021-06-29,화,KIA,NC,광주,746
2021,2021-06-29,화,SSG,삼성,문학,3120
2021,2021-06-30,수,키움,롯데,고척,2001
2021,2021-06-30,수,SSG,삼성,문학,2481
2021,2021-06-30,수,SSG,삼성,문학,2886
2021,2021-06-30,수,LG,KT,잠실,2851
2021,2021-06-30,수,한화,두산,한밭,1082
2021,2021-07-01,목,키움,롯데,고척,2049
2021,2021-07-01,목,KIA,NC,광주,842
2021,2021-07-01,목,SSG,삼성,문학,3239
2021,2021-07-01,목,LG,KT,잠실,2919
2021,2021-07-01,목,한화,두산,한밭,1255
2021,2021-07-02,금,KIA,두산,광주,1391
2021,2021-07-02,금,SSG,롯데,문학,4529
2021,2021-07-02,금,KT,키움,수원,1667
2021,2021-07-02,금,LG,한화,잠실,4589
2021,2021-07-02,금,NC,삼성,창원,3608
2021,2021-07-04,일,KIA,두산,광주,1218
2021,2021-07-04,일,SSG,롯데,문학,4288
2021,2021-07-04,일,KT,키움,수원,2066
2021,2021-07-04,일,LG,한화,잠실,3428
2021,2021-07-04,일,NC,삼성,창원,3603
2021,2021-07-05,월,SSG,롯데,문학,2473
2021,2021-07-05,월,KT,키움,수원,1015
2021,2021-07-05,월,LG,한화,잠실,2075
2021,2021-07-06,화,키움,SSG,고척,1549
2021,2021-07-06,화,두산,NC,잠실,1633
2021,2021-07-07,수,키움,SSG,고척,1328
2021,2021-07-07,수,두산,NC,잠실,924
2021,2021-07-07,수,한화,KIA,한밭,518
2021,2021-07-08,목,키움,SSG,고척,1436
2021,2021-07-08,목,삼성,KT,대구,1994
2021,2021-07-09,금,KIA,KT,광주,1168
2021,2021-07-09,금,삼성,롯데,대구,2754
2021,2021-07-09,금,SSG,한화,문학,3370
2021,2021-07-10,토,삼성,롯데,대구,8207
2021,2021-07-10,토,SSG,한화,문학,4747
2021,2021-07-11,일,KIA,KT,광주,1546
2021,2021-07-11,일,삼성,롯데,대구,5890
2021,2021-07-11,일,SSG,한화,문학,3754
2021,2021-08-10,화,키움,KT,고척,0
2021,2021-08-10,화,KIA,한화,광주,836
2021,2021-08-10,화,LG,SSG,잠실,0
2021,2021-08-10,화,NC,롯데,창원,0
2021,2021-08-11,수,키움,KT,고척,0
2021,2021-08-11,수,KIA,한화,광주,1853
2021,2021-08-11,수,삼성,두산,대구,2433
2021,2021-08-11,수,LG,SSG,잠실,0
2021,2021-08-11,수,NC,롯데,창원,0
2021,2021-08-12,목,키움,KT,고척,0
2021,2021-08-12,목,삼성,두산,대구,2489
2021,2021-08-12,목,NC,롯데,창원,0
2021,2021-08-13,금,키움,두산,고척,0
2021,2021-08-13,금,SSG,KIA,문학,0
2021,2021-08-13,금,KT,삼성,수원,0
2021,2021-08-13,금,LG,롯데,잠실,0
2021,2021-08-13,금,한화,NC,한밭,0
2021,2021-08-14,토,키움,두산,고척,0
2021,2021-08-14,토,SSG,KIA,문학,0
2021,2021-08-14,토,KT,삼성,수원,0
2021,2021-08-14,토,LG,롯데,잠실,0
2021,2021-08-14,토,한화,NC,한밭,0
2021,2021-08-15,일,키움,두산,고척,0
2021,2021-08-15,일,SSG,KIA,문학,0
2021,2021-08-15,일,KT,삼성,수원,0
2021,2021-08-15,일,LG,롯데,잠실,0
2021,2021-08-15,일,한화,NC,한밭,0
2021,2021-08-17,화,롯데,키움,사직,0
2021,2021-08-17,화,KT,LG,수원,0
2021,2021-08-17,화,한화,삼성,한밭,0
2021,2021-08-18,수,SSG,NC,문학,0
2021,2021-08-18,수,롯데,키움,사직,0
2021,2021-08-18,수,KT,LG,수원,0
2021,2021-08-18,수,두산,KIA,잠실,0
2021,2021-08-18,수,한화,삼성,한밭,0
2021,2021-08-19,목,SSG,NC,문학,0
2021,2021-08-19,목,KT,LG,수원,0
2021,2021-08-19,목,두산,KIA,잠실,0
2021,2021-08-19,목,한화,삼성,한밭,0
2021,2021-08-20,금,KIA,키움,광주,1157
2021,2021-08-20,금,삼성,SSG,대구,2504
2021,2021-08-20,금,롯데,KT,사직,0
2021,2021-08-20,금,두산,한화,잠실,0
2021,2021-08-20,금,NC,LG,창원,0
2021,2021-08-21,토,두산,한화,잠실,0
2021,2021-08-22,일,KIA,키움,광주,1340
2021,2021-08-22,일,삼성,SSG,대구,4433
2021,2021-08-22,일,롯데,KT,사직,0
2021,2021-08-22,일,두산,한화,잠실,0
2021,2021-08-22,일,NC,LG,창원,0
2021,2021-08-23,월,롯데,KT,사직,0
2021,2021-08-24,화,KIA,키움,광주,379
2021,2021-08-24,화,삼성,SSG,대구,852
2021,2021-08-24,화,두산,한화,잠실,0
2021,2021-08-25,수,키움,한화,고척,0
2021,2021-08-25,수,KIA,롯데,광주,579
2021,2021-08-25,수,KT,SSG,수원,0
2021,2021-08-25,수,LG,삼성,잠실,0
2021,2021-08-26,목,키움,한화,고척,0
2021,2021-08-26,목,KIA,롯데,광주,1131
2021,2021-08-26,목,KT,SSG,수원,0
2021,2021-08-26,목,LG,삼성,잠실,0
2021,2021-08-26,목,NC,두산,창원,0
2021,2021-08-26,목,NC,두산,창원,0
2021,2021-08-27,금,키움,한화,고척,0
2021,2021-08-27,금,KT,SSG,수원,0
2021,2021-08-27,금,LG,삼성,잠실,0
2021,2021-08-27,금,NC,두산,창원,0
2021,2021-08-28,토,SSG,KIA,문학,0
2021,2021-08-28,토,롯데,두산,사직,0
2021,2021-08-28,토,KT,삼성,수원,0
2021,2021-08-28,토,LG,키움,잠실,0
2021,2021-08-28,토,한화,NC,한밭,0
2021,2021-08-29,일,SSG,KIA,문학,0
2021,2021-08-29,일,롯데,두산,사직,0
2021,2021-08-29,일,KT,삼성,수원,0
2021,2021-08-29,일,LG,키움,잠실,0
2021,2021-08-29,일,한화,NC,한밭,0
2021,2021-08-31,화,삼성,키움,대구,1495
2021,2021-08-31,화,롯데,LG,사직,0
2021,2021-08-31,화,한화,KT,한밭,0
2021,2021-09-01,수,삼성,키움,대구,580
2021,2021-09-01,수,SSG,NC,문학,0
2021,2021-09-01,수,SSG,NC,문학,0
2021,2021-09-01,수,두산,KIA,잠실,0
2021,2021-09-01,수,두산,KIA,잠실,0
2021,2021-09-01,수,한화,KT,한밭,227
2021,2021-09-02,목,키움,KT,고척,0
2021,2021-09-02,목,KIA,삼성,광주,555
2021,2021-09-02,목,SSG,두산,문학,0
2021,2021-09-02,목,LG,NC,잠실,0
2021,2021-09-03,금,키움,KT,고척,0
2021,2021-09-03,금,KIA,삼성,광주,887
2021,2021-09-03,금,SSG,두산,문학,0
2021,2021-09-03,금,롯데,한화,사직,0
2021,2021-09-03,금,롯데,한화,사직,0
2021,2021-09-03,금,LG,NC,잠실,0
2021,2021-09-04,토,키움,SSG,고척,0
2021,2021-09-04,토,삼성,두산,대구,4769
2021,2021-09-04,토,LG,KT,잠실,0
2021,2021-09-04,토,NC,롯데,창원,2368
2021,2021-09-04,토,한화,KIA,한밭,1647
2021,2021-09-05,일,키움,SSG,고척,0
2021,2021-09-05,일,삼성,두산,대구,4795
2021,2021-09-05,일,LG,KT,잠실,0
2021,2021-09-05,일,NC,롯데,창원,2407
2021,2021-09-05,일,한화,KIA,한밭,1618
2021,2021-09-07,화,삼성,롯데,대구,1466
2021,2021-09-07,화,NC,한화,창원,534
2021,2021-09-08,수,삼성,롯데,대구,2463
2021,2021-09-08,수,SSG,LG,문학,0
2021,2021-09-08,수,KT,KIA,수원,0
2021,2021-09-08,수,두산,키움,잠실,0
2021,2021-09-08,수,NC,한화,창원,680
2021,2021-09-09,목,키움,KIA,고척,0
2021,2021-09-09,목,삼성,KT,대구,1478
2021,2021-09-09,목,롯데,SSG,사직,1390
2021,2021-09-09,목,LG,한화,잠실,0
2021,2021-09-09,목,NC,두산,창원,705
2021,2021-09-10,금,키움,KIA,고척,0
2021,2021-09-10,금,삼성,KT,대구,2873
2021,2021-09-10,금,롯데,SSG,사직,1550
2021,2021-09-10,금,LG,한화,잠실,0
2021,2021-09-10,금,NC,두산,창원,966
2021,2021-09-11,토,KIA,NC,광주,1178
2021,2021-09-11,토,롯데,키움,사직,3031
2021,2021-09-11,토,KT,SSG,수원,0
2021,2021-09-11,토,두산,LG,잠실,0
2021,2021-09-11,토,한화,삼성,한밭,2428
2021,2021-09-12,일,KIA,NC,광주,1170
2021,2021-09-12,일,KIA,NC,광주,975
2021,2021-09-12,일,롯데,키움,사직,2558
2021,2021-09-12,일,롯데,키움,사직,1942
2021,2021-09-12,일,KT,SSG,수원,0
2021,2021-09-12,일,KT,SSG,수원,0
2021,2021-09-12,일,두산,LG,잠실,0
2021,2021-09-12,일,두산,LG,잠실,0
2021,2021-09-12,일,한화,삼성,한밭,1954
2021,2021-09-12,일,한화,삼성,한밭,1400
2021,2021-09-14,화,KIA,롯데,광주,533
2021,2021-09-14,화,삼성,LG,대구,2163
2021,2021-09-14,화,SSG,한화,문학,0
2021,2021-09-14,화,두산,KT,잠실,0
2021,2021-09-14,화,NC,키움,창원,516
2021,2021-09-15,수,KIA,롯데,광주,389
2021,2021-09-15,수,KIA,롯데,광주,618
2021,2021-09-15,수,삼성,LG,대구,2214
2021,2021-09-15,수,SSG,한화,문학,0
2021,2021-09-15,수,두산,KT,잠실,0
2021,2021-09-15,수,NC,키움,창원,728
2021,2021-09-16,목,키움,한화,고척,0
2021,2021-09-16,목,삼성,KIA,대구,1710
2021,2021-09-16,목,KT,롯데,수원,0
2021,2021-09-16,목,두산,SSG,잠실,0
2021,2021-09-16,목,NC,LG,창원,690
2021,2021-09-17,금,키움,한화,고척,0
2021,2021-09-17,금,삼성,KIA,대구,2570
2021,2021-09-17,금,KT,롯데,수원,0
2021,2021-09-17,금,두산,SSG,잠실,0
2021,2021-09-17,금,NC,LG,창원,850
2021,2021-09-18,토,키움,두산,고척,0
2021,2021-09-18,토,SSG,삼성,문학,0
2021,2021-09-18,토,LG,KIA,잠실,0
2021,2021-09-18,토,NC,KT,창원,2208
2021,2021-09-18,토,한화,롯데,한밭,2112
2021,2021-09-19,일,키움,두산,고척,0
2021,2021-09-19,일,SSG,삼성,문학,0
2021,2021-09-19,일,LG,KIA,잠실,0
2021,2021-09-19,일,NC,KT,창원,2286
2021,2021-09-19,일,한화,롯데,한밭,2307
2021,2021-09-21,화,KIA,KT,광주,1484
2021,2021-09-21,화,SSG,키움,문학,0
2021,2021-09-21,화,롯데,삼성,사직,2333
2021,2021-09-21,화,두산,NC,잠실,0
2021,2021-09-21,화,한화,LG,한밭,2187
2021,2021-09-22,수,KIA,KT,광주,1437
2021,2021-09-22,수,SSG,키움,문학,0
2021,2021-09-22,수,롯데,삼성,사직,5058
2021,2021-09-22,수,두산,NC,잠실,0
2021,2021-09-22,수,한화,LG,한밭,2585
2021,2021-09-23,목,키움,NC,고척,0
2021,2021-09-23,목,KIA,두산,광주,840
2021,2021-09-23,목,SSG,롯데,문학,0
2021,2021-09-23,목,KT,한화,수원,0
2021,2021-09-23,목,LG,삼성,잠실,0
2021,2021-09-24,금,키움,NC,고척,0
2021,2021-09-24,금,KIA,두산,광주,883
2021,2021-09-24,금,SSG,롯데,문학,0
2021,2021-09-24,금,SSG,롯데,문학,0
2021,2021-09-24,금,KT,한화,수원,0
2021,2021-09-24,금,LG,삼성,잠실,0
2021,2021-09-25,토,키움,롯데,고척,0
2021,2021-09-25,토,KIA,SSG,광주,1925
2021,2021-09-25,토,삼성,NC,대구,6428
2021,2021-09-25,토,KT,LG,수원,0
2021,2021-09-25,토,두산,한화,잠실,0
2021,2021-09-26,일,키움,롯데,고척,0
2021,2021-09-26,일,KIA,SSG,광주,1809
2021,2021-09-26,일,삼성,NC,대구,5739
2021,2021-09-26,일,KT,LG,수원,0
2021,2021-09-26,일,두산,한화,잠실,0
2021,2021-09-28,화,삼성,SSG,대구,2389
2021,2021-09-28,화,KT,두산,수원,0
2021,2021-09-28,화,LG,롯데,잠실,0
2021,2021-09-28,화,NC,KIA,창원,893
2021,2021-09-28,화,한화,키움,한밭,919
2021,2021-09-29,수,KT,두산,수원,0
2021,2021-09-29,수,NC,KIA,창원,447
2021,2021-09-30,목,KIA,키움,광주,543
2021,2021-09-30,목,삼성,한화,대구,2676
2021,2021-09-30,목,롯데,KT,사직,1151
2021,2021-09-30,목,LG,두산,잠실,0
2021,2021-09-30,목,NC,SSG,창원,796
2021,2021-10-01,금,KIA,키움,광주,855
2021,2021-10-01,금,삼성,한화,대구,5966
2021,2021-10-01,금,롯데,KT,사직,930
2021,2021-10-01,금,롯데,KT,사직,1340
2021,2021-10-01,금,LG,두산,잠실,0
2021,2021-10-01,금,NC,SSG,창원,1374
2021,2021-10-02,토,키움,LG,고척,0
2021,2021-10-02,토,KIA,한화,광주,1891
2021,2021-10-02,토,SSG,KT,문학,0
2021,2021-10-02,토,롯데,NC,사직,3771
2021,2021-10-02,토,두산,삼성,잠실,0
2021,2021-10-03,일,키움,LG,고척,0
2021,2021-10-03,일,KIA,한화,광주,1810
2021,2021-10-03,일,SSG,KT,문학,0
2021,2021-10-03,일,롯데,NC,사직,3986
2021,2021-10-03,일,두산,삼성,잠실,0
2021,2021-10-05,화,키움,삼성,고척,0
2021,2021-10-05,화,롯데,KIA,사직,1867
2021,2021-10-05,화,KT,NC,수원,0
2021,2021-10-05,화,LG,SSG,잠실,0
2021,2021-10-05,화,한화,두산,한밭,1033
2021,2021-10-06,수,키움,삼성,고척,0
2021,2021-10-06,수,롯데,KIA,사직,3885
2021,2021-10-06,수,KT,NC,수원,0
2021,2021-10-06,수,LG,SSG,잠실,0
2021,2021-10-06,수,LG,SSG,잠실,0
2021,2021-10-06,수,한화,두산,한밭,1052
2021,2021-10-07,목,KIA,LG,광주,820
2021,2021-10-07,목,KT,키움,수원,0
2021,2021-10-07,목,두산,롯데,잠실,0
2021,2021-10-07,목,NC,삼성,창원,1067
2021,2021-10-07,목,한화,SSG,한밭,642
2021,2021-10-08,금,KIA,LG,광주,1249
2021,2021-10-08,금,두산,롯데,잠실,0
2021,2021-10-08,금,NC,삼성,창원,1885
2021,2021-10-08,금,한화,SSG,한밭,1211
2021,2021-10-09,토,SSG,롯데,문학,0
2021,2021-10-09,토,LG,KT,잠실,0
2021,2021-10-09,토,한화,KIA,한밭,2707
2021,2021-10-10,일,NC,두산,창원,2856
2021,2021-10-10,일,한화,KIA,한밭,2333
2021,2021-10-10,일,한화,KIA,한밭,1641
2021,2021-10-11,월,LG,KT,잠실,0
2021,2021-10-12,화,키움,NC,고척,0
2021,2021-10-12,화,KIA,삼성,광주,535
2021,2021-10-12,화,SSG,LG,문학,0
2021,2021-10-12,화,두산,KT,잠실,0
2021,2021-10-13,수,키움,NC,고척,0
2021,2021-10-13,수,KIA,삼성,광주,862
2021,2021-10-13,수,롯데,LG,사직,1629
2021,2021-10-13,수,두산,KT,잠실,0
2021,2021-10-14,목,키움,NC,고척,0
2021,2021-10-14,목,KIA,삼성,광주,727
2021,2021-10-14,목,롯데,LG,사직,1663
2021,2021-10-14,목,두산,KT,잠실,0
2021,2021-10-15,금,삼성,키움,대구,2745
2021,2021-10-15,금,롯데,LG,사직,1850
2021,2021-10-15,금,KT,KIA,수원,0
2021,2021-10-15,금,두산,NC,잠실,0
2021,2021-10-16,토,삼성,키움,대구,4418
2021,2021-10-16,토,삼성,키움,대구,4174
2021,2021-10-16,토,롯데,SSG,사직,2336
2021,2021-10-16,토,KT,한화,수원,0
2021,2021-10-16,토,두산,KIA,잠실,0
2021,2021-10-16,토,NC,LG,창원,2317
2021,2021-10-17,일,삼성,키움,대구,5668
2021,2021-10-17,일,롯데,SSG,사직,2257
2021,2021-10-17,일,롯데,SSG,사직,1264
2021,2021-10-17,일,KT,한화,수원,0
2021,2021-10-17,일,두산,KIA,잠실,0
2021,2021-10-17,일,두산,KIA,잠실,0
2021,2021-10-17,일,NC,LG,창원,2282
2021,2021-10-17,일,NC,LG,창원,1175
2021,2021-10-19,화,KIA,SSG,광주,595
2021,2021-10-19,화,삼성,두산,대구,2750
2021,2021-10-19,화,LG,키움,잠실,1624
2021,2021-10-19,화,NC,KT,창원,764
2021,2021-10-20,수,KIA,KT,광주,688
2021,2021-10-20,수,SSG,NC,문학,956
2021,2021-10-20,수,LG,키움,잠실,1606
2021,2021-10-21,목,KIA,한화,광주,963
2021,2021-10-21,목,SSG,두산,문학,1253
2021,2021-10-21,목,LG,키움,잠실,1617
2021,2021-10-22,금,삼성,KT,대구,5866
2021,2021-10-22,금,SSG,두산,문학,1631
2021,2021-10-22,금,롯데,한화,사직,1429
2021,2021-10-22,금,NC,KIA,창원,1079
2021,2021-10-23,토,삼성,KT,대구,8512
2021,2021-10-23,토,롯데,한화,사직,3051
2021,2021-10-23,토,두산,LG,잠실,3593
2021,2021-10-23,토,NC,KIA,창원,1579
2021,2021-10-23,토,NC,KIA,창원,1472
2021,2021-10-24,일,삼성,SSG,대구,8576
2021,2021-10-24,일,롯데,한화,사직,3167
2021,2021-10-24,일,KT,키움,수원,2145
2021,2021-10-24,일,두산,LG,잠실,2862
2021,2021-10-24,일,두산,LG,잠실,3254
2021,2021-10-24,일,NC,KIA,창원,1712
2021,2021-10-25,월,LG,롯데,잠실,3249
2021,2021-10-25,월,한화,키움,한밭,1014
2021,2021-10-26,화,두산,키움,잠실,2293
2021,2021-10-26,화,NC,SSG,창원,1091
2021,2021-10-26,화,한화,LG,한밭,1011
2021,2021-10-27,수,키움,삼성,고척,2569
2021,2021-10-27,수,SSG,두산,문학,2039
2021,2021-10-27,수,롯데,KIA,사직,1458
2021,2021-10-27,수,KT,NC,수원,1564
2021,2021-10-27,수,한화,LG,한밭,1125
2021,2021-10-28,목,SSG,두산,문학,2515
2021,2021-10-28,목,롯데,KIA,사직,1462
2021,2021-10-28,목,KT,NC,수원,622
2021,2021-10-28,목,KT,NC,수원,1144
2021,2021-10-28,목,한화,LG,한밭,1543
2021,2021-10-29,금,키움,KT,고척,1495
2021,2021-10-29,금,KIA,두산,광주,1883
2021,2021-10-29,금,롯데,LG,사직,2556
2021,2021-10-29,금,NC,삼성,창원,3309
2021,2021-10-30,토,KIA,키움,광주,3831
2021,2021-10-30,토,SSG,KT,문학,4484
2021,2021-10-30,토,롯데,LG,사직,5855
2021,2021-10-30,토,NC,삼성,창원,5061
2021,2021-10-30,토,한화,두산,한밭,3900
2022,2022-04-02,토,키움,롯데,고척,8257
2022,2022-04-02,토,KIA,LG,광주,16908
2022,2022-04-02,토,KT,삼성,수원,17057
2022,2022-04-02,토,두산,한화,잠실,16271
2022,2022-04-02,토,NC,SSG,창원,7814
2022,2022-04-03,일,키움,롯데,고척,6115
2022,2022-04-03,일,KIA,LG,광주,10290
2022,2022-04-03,일,KT,삼성,수원,10321
2022,2022-04-03,일,두산,한화,잠실,11345
2022,2022-04-03,일,NC,SSG,창원,4808
2022,2022-04-05,화,키움,LG,고척,2298
2022,2022-04-05,화,KIA,한화,광주,2840
2022,2022-04-05,화,KT,SSG,수원,2055
2022,2022-04-05,화,두산,삼성,잠실,4109
2022,2022-04-05,화,NC,롯데,창원,3246
2022,2022-04-06,수,키움,LG,고척,2304
2022,2022-04-06,수,KIA,한화,광주,3117
2022,2022-04-06,수,KT,SSG,수원,2094
2022,2022-04-06,수,두산,삼성,잠실,4161
2022,2022-04-06,수,NC,롯데,창원,3000
2022,2022-04-07,목,키움,LG,고척,2055
2022,2022-04-07,목,KIA,한화,광주,2773
2022,2022-04-07,목,KT,SSG,수원,2530
2022,2022-04-07,목,두산,삼성,잠실,4055
2022,2022-04-07,목,NC,롯데,창원,3017
2022,2022-04-08,금,삼성,키움,대구,9244
2022,2022-04-08,금,SSG,KIA,문학,15615
2022,2022-04-08,금,롯데,두산,사직,8860
2022,2022-04-08,금,LG,NC,잠실,10623
2022,2022-04-08,금,한화,KT,한밭,5520
2022,2022-04-09,토,삼성,키움,대구,13059
2022,2022-04-09,토,SSG,KIA,문학,21005
2022,2022-04-09,토,롯데,두산,사직,13045
2022,2022-04-09,토,LG,NC,잠실,14328
2022,2022-04-09,토,한화,KT,한밭,6538
2022,2022-04-10,일,삼성,키움,대구,11610
2022,2022-04-10,일,SSG,KIA,문학,17849
2022,2022-04-10,일,롯데,두산,사직,11646
2022,2022-04-10,일,LG,NC,잠실,13095
2022,2022-04-10,일,한화,KT,한밭,5735
2022,2022-04-12,화,키움,NC,고척,774
2022,2022-04-12,화,KIA,롯데,광주,3654
2022,2022-04-12,화,삼성,한화,대구,4047
2022,2022-04-12,화,KT,두산,수원,2450
2022,2022-04-12,화,LG,SSG,잠실,6028
2022,2022-04-13,수,키움,NC,고척,893
2022,2022-04-13,수,삼성,한화,대구,2156
2022,2022-04-13,수,LG,SSG,잠실,4547
2022,2022-04-14,목,키움,NC,고척,1020
2022,2022-04-14,목,KIA,롯데,광주,3838
2022,2022-04-14,목,삼성,한화,대구,2869
2022,2022-04-14,목,KT,두산,수원,2241
2022,2022-04-14,목,LG,SSG,잠실,6500
2022,2022-04-15,금,SSG,삼성,문학,9441
2022,2022-04-15,금,롯데,KT,사직,4610
2022,2022-04-15,금,두산,키움,잠실,4423
2022,2022-04-15,금,NC,KIA,창원,3002
2022,2022-04-15,금,한화,LG,한밭,3320
2022,2022-04-16,토,SSG,삼성,문학,16037
2022,2022-04-16,토,롯데,KT,사직,10639
2022,2022-04-16,토,두산,키움,잠실,9737
2022,2022-04-16,토,NC,KIA,창원,4580
2022,2022-04-16,토,한화,LG,한밭,8112
2022,2022-04-17,일,SSG,삼성,문학,15104
2022,2022-04-17,일,롯데,KT,사직,9231
2022,2022-04-17,일,두산,키움,잠실,8762
2022,2022-04-17,일,NC,KIA,창원,3902
2022,2022-04-17,일,한화,LG,한밭,6566
2022,2022-04-19,화,KIA,두산,광주,2658
2022,2022-04-19,화,SSG,키움,문학,5931
2022,2022-04-19,화,롯데,한화,사직,4053
2022,2022-04-19,화,LG,KT,잠실,4537
2022,2022-04-19,화,NC,삼성,창원,1725
2022,2022-04-20,수,KIA,두산,광주,4010
2022,2022-04-20,수,SSG,키움,문학,5061
2022,2022-04-20,수,롯데,한화,사직,4340
2022,2022-04-20,수,LG,KT,잠실,4595
2022,2022-04-20,수,NC,삼성,창원,2104
2022,2022-04-21,목,KIA,두산,광주,3474
2022,2022-04-21,목,SSG,키움,문학,8080
2022,2022-04-21,목,롯데,한화,사직,3306
2022,2022-04-21,목,LG,KT,잠실,4410
2022,2022-04-21,목,NC,삼성,창원,1675
2022,2022-04-22,금,키움,KIA,고척,4289
2022,2022-04-22,금,삼성,롯데,대구,7951
2022,2022-04-22,금,KT,NC,수원,2276
2022,2022-04-22,금,두산,LG,잠실,8472
2022,2022-04-22,금,한화,SSG,한밭,3146
2022,2022-04-23,토,키움,KIA,고척,8338
2022,2022-04-23,토,삼성,롯데,대구,14983
2022,2022-04-23,토,KT,NC,수원,8255
2022,2022-04-23,토,두산,LG,잠실,17799
2022,2022-04-23,토,한화,SSG,한밭,7514
2022,2022-04-24,일,키움,KIA,고척,7406
2022,2022-04-24,일,삼성,롯데,대구,12782
2022,2022-04-24,일,KT,NC,수원,5719
2022,2022-04-24,일,두산,LG,잠실,14848
2022,2022-04-24,일,한화,SSG,한밭,6612
2022,2022-04-26,화,삼성,LG,대구,3920
2022,2022-04-26,화,롯데,SSG,사직,2731
2022,2022-04-26,화,KT,KIA,수원,6277
2022,2022-04-26,화,두산,NC,잠실,3644
2022,2022-04-26,화,한화,키움,한밭,2647
2022,2022-04-27,수,삼성,LG,대구,5063
2022,2022-04-27,수,롯데,SSG,사직,6831
2022,2022-04-27,수,KT,KIA,수원,6123
2022,2022-04-27,수,두산,NC,잠실,3450
2022,2022-04-27,수,한화,키움,한밭,3459
2022,2022-04-28,목,삼성,LG,대구,5279
2022,2022-04-28,목,롯데,SSG,사직,7126
2022,2022-04-28,목,KT,KIA,수원,6111
2022,2022-04-28,목,두산,NC,잠실,5223
2022,2022-04-28,목,한화,키움,한밭,3531
2022,2022-04-29,금,키움,KT,고척,1770
2022,2022-04-29,금,KIA,삼성,광주,7487
2022,2022-04-29,금,SSG,두산,문학,10306
2022,2022-04-29,금,LG,롯데,잠실,15681
2022,2022-04-29,금,NC,한화,창원,3405
2022,2022-04-30,토,키움,KT,고척,4075
2022,2022-04-30,토,KIA,삼성,광주,11159
2022,2022-04-30,토,SSG,두산,문학,20094
2022,2022-04-30,토,LG,롯데,잠실,23018
2022,2022-04-30,토,NC,한화,창원,6045
2022,2022-05-01,일,키움,KT,고척,3213
2022,2022-05-01,일,KIA,삼성,광주,11555
2022,2022-05-01,일,SSG,두산,문학,18130
2022,2022-05-01,일,LG,롯데,잠실,20513
2022,2022-05-01,일,NC,한화,창원,5185
2022,2022-05-03,화,KIA,키움,광주,5277
2022,2022-05-03,화,삼성,NC,대구,5728
2022,2022-05-03,화,SSG,한화,문학,9110
2022,2022-05-03,화,KT,롯데,수원,6251
2022,2022-05-03,화,LG,두산,잠실,10124
2022,2022-05-04,수,KIA,키움,광주,11234
2022,2022-05-04,수,삼성,NC,대구,8712
2022,2022-05-04,수,SSG,한화,문학,11331
2022,2022-05-04,수,KT,롯데,수원,7532
2022,2022-05-04,수,LG,두산,잠실,14480
2022,2022-05-05,목,KIA,키움,광주,16072
2022,2022-05-05,목,삼성,NC,대구,20938
2022,2022-05-05,목,SSG,한화,문학,23000
2022,2022-05-05,목,KT,롯데,수원,20000
2022,2022-05-05,목,LG,두산,잠실,24012
2022,2022-05-06,금,키움,SSG,고척,4627
2022,2022-05-06,금,롯데,삼성,사직,22990
2022,2022-05-06,금,두산,KT,잠실,8709
2022,2022-05-06,금,NC,LG,창원,5883
2022,2022-05-06,금,한화,KIA,한밭,10305
2022,2022-05-07,토,키움,SSG,고척,5637
2022,2022-05-07,토,롯데,삼성,사직,22990
2022,2022-05-07,토,두산,KT,잠실,10546
2022,2022-05-07,토,NC,LG,창원,5585
2022,2022-05-07,토,한화,KIA,한밭,11114
2022,2022-05-08,일,키움,SSG,고척,4765
2022,2022-05-08,일,롯데,삼성,사직,16456
2022,2022-05-08,일,두산,KT,잠실,7124
2022,2022-05-08,일,NC,LG,창원,3642
2022,2022-05-08,일,한화,KIA,한밭,7918
2022,2022-05-10,화,키움,두산,고척,3564
2022,2022-05-10,화,KIA,KT,광주,5240
2022,2022-05-10,화,삼성,SSG,대구,5088
2022,2022-05-10,화,롯데,NC,사직,8521
2022,2022-05-10,화,LG,한화,잠실,7270
2022,2022-05-11,수,키움,두산,고척,2641
2022,2022-05-11,수,KIA,KT,광주,6542
2022,2022-05-11,수,삼성,SSG,대구,4786
2022,2022-05-11,수,롯데,NC,사직,7761
2022,2022-05-11,수,LG,한화,잠실,8064
2022,2022-05-12,목,키움,두산,고척,2649
2022,2022-05-12,목,KIA,KT,광주,5224
2022,2022-05-12,목,삼성,SSG,대구,5541
2022,2022-05-12,목,롯데,NC,사직,8782
2022,2022-05-12,목,LG,한화,잠실,8620
2022,2022-05-13,금,SSG,NC,문학,8121
2022,2022-05-13,금,KT,키움,수원,4246
2022,2022-05-13,금,LG,KIA,잠실,19411
2022,2022-05-13,금,한화,롯데,한밭,6773
2022,2022-05-14,토,삼성,두산,대구,17161
2022,2022-05-14,토,SSG,NC,문학,15131
2022,2022-05-14,토,KT,키움,수원,10061
2022,2022-05-14,토,LG,KIA,잠실,24132
2022,2022-05-14,토,한화,롯데,한밭,10860
2022,2022-05-15,일,삼성,두산,대구,14754
2022,2022-05-15,일,SSG,NC,문학,11414
2022,2022-05-15,일,KT,키움,수원,6587
2022,2022-05-15,일,LG,KIA,잠실,23097
2022,2022-05-15,일,한화,롯데,한밭,8154
2022,2022-05-17,화,롯데,KIA,사직,9055
2022,2022-05-17,화,KT,LG,수원,5600
2022,2022-05-17,화,두산,SSG,잠실,5743
2022,2022-05-17,화,NC,키움,창원,2420
2022,2022-05-17,화,한화,삼성,한밭,3941
2022,2022-05-18,수,롯데,KIA,사직,9885
2022,2022-05-18,수,KT,LG,수원,5106
2022,2022-05-18,수,두산,SSG,잠실,5586
2022,2022-05-18,수,NC,키움,창원,2526
2022,2022-05-18,수,한화,삼성,한밭,4107
2022,2022-05-19,목,롯데,KIA,사직,10396
2022,2022-05-19,목,KT,LG,수원,5234
2022,2022-05-19,목,두산,SSG,잠실,7360
2022,2022-05-19,목,NC,키움,창원,2686
2022,2022-05-19,목,한화,삼성,한밭,4014
2022,2022-05-20,금,키움,한화,고척,3080
2022,2022-05-20,금,KIA,NC,광주,9135
2022,2022-05-20,금,삼성,KT,대구,9838
2022,2022-05-20,금,SSG,LG,문학,13904
2022,2022-05-20,금,두산,롯데,잠실,15486
2022,2022-05-21,토,키움,한화,고척,6689
2022,2022-05-21,토,KIA,NC,광주,15565
2022,2022-05-21,토,삼성,KT,대구,15676
2022,2022-05-21,토,SSG,LG,문학,21315
2022,2022-05-21,토,두산,롯데,잠실,20588
2022,2022-05-22,일,키움,한화,고척,5330
2022,2022-05-22,일,KIA,NC,광주,16282
2022,2022-05-22,일,삼성,KT,대구,11507
2022,2022-05-22,일,SSG,LG,문학,18157
2022,2022-05-22,일,두산,롯데,잠실,19143
2022,2022-05-24,화,삼성,KIA,대구,7081
2022,2022-05-24,화,SSG,롯데,문학,11996
2022,2022-05-24,화,LG,키움,잠실,6074
2022,2022-05-24,화,NC,KT,창원,1686
2022,2022-05-24,화,한화,두산,한밭,3172
2022,2022-05-25,수,삼성,KIA,대구,8000
2022,2022-05-25,수,SSG,롯데,문학,9890
2022,2022-05-25,수,LG,키움,잠실,6937
2022,2022-05-25,수,NC,KT,창원,2428
2022,2022-05-25,수,한화,두산,한밭,5253
2022,2022-05-26,목,삼성,KIA,대구,7568
2022,2022-05-26,목,SSG,롯데,문학,13672
2022,2022-05-26,목,LG,키움,잠실,6655
2022,2022-05-26,목,NC,KT,창원,1728
2022,2022-05-26,목,한화,두산,한밭,4638
2022,2022-05-27,금,KIA,SSG,광주,10208
2022,2022-05-27,금,롯데,키움,사직,11008
2022,2022-05-27,금,KT,한화,수원,6090
2022,2022-05-27,금,LG,삼성,잠실,13775
2022,2022-05-27,금,NC,두산,창원,3328
2022,2022-05-28,토,KIA,SSG,광주,12245
2022,2022-05-28,토,롯데,키움,사직,13820
2022,2022-05-28,토,KT,한화,수원,11494
2022,2022-05-28,토,LG,삼성,잠실,21100
2022,2022-05-28,토,NC,두산,창원,7638
2022,2022-05-29,일,KIA,SSG,광주,12595
2022,2022-05-29,일,롯데,키움,사직,12038
2022,2022-05-29,일,KT,한화,수원,9503
2022,2022-05-29,일,LG,삼성,잠실,17435
2022,2022-05-29,일,NC,두산,창원,3979
2022,2022-05-31,화,키움,삼성,고척,4100
2022,2022-05-31,화,SSG,KT,문학,7883
2022,2022-05-31,화,롯데,LG,사직,7815
2022,2022-05-31,화,두산,KIA,잠실,18194
2022,2022-05-31,화,한화,NC,한밭,4269
2022,2022-06-01,수,키움,삼성,고척,7181
2022,2022-06-01,수,SSG,KT,문학,15288
2022,2022-06-01,수,롯데,LG,사직,11093
2022,2022-06-01,수,두산,KIA,잠실,23244
2022,2022-06-01,수,한화,NC,한밭,6851
2022,2022-06-02,목,키움,삼성,고척,2477
2022,2022-06-02,목,SSG,KT,문학,5525
2022,2022-06-02,목,롯데,LG,사직,8384
2022,2022-06-02,목,두산,KIA,잠실,11029
2022,2022-06-02,목,한화,NC,한밭,3003
2022,2022-06-03,금,삼성,두산,대구,8600
2022,2022-06-03,금,KT,KIA,수원,10749
2022,2022-06-03,금,LG,SSG,잠실,9487
2022,2022-06-03,금,NC,롯데,창원,9544
2022,2022-06-03,금,한화,키움,한밭,4166
2022,2022-06-04,토,삼성,두산,대구,16425
2022,2022-06-04,토,KT,KIA,수원,20000
2022,2022-06-04,토,LG,SSG,잠실,16345
2022,2022-06-04,토,NC,롯데,창원,11736
2022,2022-06-04,토,한화,키움,한밭,9140
2022,2022-06-05,일,KT,KIA,수원,20000
2022,2022-06-05,일,LG,SSG,잠실,14964
2022,2022-06-07,화,키움,KT,고척,1904
2022,2022-06-07,화,롯데,삼성,사직,4680
2022,2022-06-07,화,두산,한화,잠실,4702
2022,2022-06-07,화,NC,SSG,창원,2158
2022,2022-06-08,수,키움,KT,고척,1342
2022,2022-06-08,수,KIA,LG,광주,6812
2022,2022-06-08,수,롯데,삼성,사직,4733
2022,2022-06-08,수,두산,한화,잠실,4882
2022,2022-06-08,수,NC,SSG,창원,2316
2022,2022-06-09,목,키움,KT,고척,1414
2022,2022-06-09,목,KIA,LG,광주,7606
2022,2022-06-09,목,롯데,삼성,사직,5236
2022,2022-06-09,목,두산,한화,잠실,6612
2022,2022-06-09,목,NC,SSG,창원,3010
2022,2022-06-10,금,KIA,키움,광주,8951
2022,2022-06-10,금,삼성,NC,대구,10012
2022,2022-06-10,금,SSG,한화,문학,9958
2022,2022-06-10,금,롯데,KT,사직,4902
2022,2022-06-10,금,LG,두산,잠실,11791
2022,2022-06-11,토,KIA,키움,광주,16267
2022,2022-06-11,토,삼성,NC,대구,14155
2022,2022-06-11,토,SSG,한화,문학,20078
2022,2022-06-11,토,롯데,KT,사직,10087
2022,2022-06-11,토,LG,두산,잠실,19035
2022,2022-06-12,일,KIA,키움,광주,14849
2022,2022-06-12,일,삼성,NC,대구,10614
2022,2022-06-12,일,SSG,한화,문학,15128
2022,2022-06-12,일,롯데,KT,사직,5997
2022,2022-06-12,일,LG,두산,잠실,15235
2022,2022-06-14,화,키움,두산,고척,2536
2022,2022-06-14,화,KT,SSG,수원,3108
2022,2022-06-14,화,LG,삼성,잠실,6824
2022,2022-06-15,수,키움,두산,고척,2062
2022,2022-06-15,수,KT,SSG,수원,3596
2022,2022-06-15,수,LG,삼성,잠실,6328
2022,2022-06-15,수,NC,KIA,창원,3444
2022,2022-06-15,수,한화,롯데,한밭,3403
2022,2022-06-16,목,키움,두산,고척,2349
2022,2022-06-16,목,KT,SSG,수원,4355
2022,2022-06-16,목,LG,삼성,잠실,8976
2022,2022-06-16,목,NC,KIA,창원,4547
2022,2022-06-16,목,한화,롯데,한밭,3640
2022,2022-06-17,금,키움,LG,고척,4608
2022,2022-06-17,금,KIA,삼성,광주,8865
2022,2022-06-17,금,롯데,SSG,사직,5687
2022,2022-06-17,금,두산,KT,잠실,4898
2022,2022-06-17,금,NC,한화,창원,3678
2022,2022-06-18,토,키움,LG,고척,8705
2022,2022-06-18,토,KIA,삼성,광주,14825
2022,2022-06-18,토,롯데,SSG,사직,10173
2022,2022-06-18,토,두산,KT,잠실,9033
2022,2022-06-18,토,NC,한화,창원,7205
2022,2022-06-19,일,키움,LG,고척,7849
2022,2022-06-19,일,KIA,삼성,광주,9977
2022,2022-06-19,일,롯데,SSG,사직,6314
2022,2022-06-19,일,두산,KT,잠실,6966
2022,2022-06-19,일,NC,한화,창원,4605
2022,2022-06-21,화,KIA,롯데,광주,5956
2022,2022-06-21,화,삼성,키움,대구,5936
2022,2022-06-21,화,SSG,두산,문학,8067
2022,2022-06-21,화,KT,NC,수원,2292
2022,2022-06-21,화,LG,한화,잠실,7317
2022,2022-06-22,수,KIA,롯데,광주,8754
2022,2022-06-22,수,삼성,키움,대구,6515
2022,2022-06-22,수,SSG,두산,문학,9261
2022,2022-06-22,수,KT,NC,수원,2866
2022,2022-06-22,수,LG,한화,잠실,8200
2022,2022-06-23,목,KIA,롯데,광주,5909
2022,2022-06-23,목,삼성,키움,대구,4959
2022,2022-06-24,금,SSG,NC,문학,11040
2022,2022-06-24,금,롯데,키움,사직,3769
2022,2022-06-24,금,KT,LG,수원,7021
2022,2022-06-24,금,두산,KIA,잠실,14470
2022,2022-06-24,금,한화,삼성,한밭,4132
2022,2022-06-25,토,SSG,NC,문학,17058
2022,2022-06-25,토,롯데,키움,사직,8922
2022,2022-06-25,토,KT,LG,수원,13557
2022,2022-06-25,토,두산,KIA,잠실,22093
2022,2022-06-25,토,한화,삼성,한밭,8225
2022,2022-06-26,일,SSG,NC,문학,13149
2022,2022-06-26,일,롯데,키움,사직,6596
2022,2022-06-26,일,KT,LG,수원,8044
2022,2022-06-26,일,두산,KIA,잠실,16298
2022,2022-06-26,일,한화,삼성,한밭,5214
2022,2022-06-28,화,키움,KIA,고척,7388
2022,2022-06-28,화,삼성,KT,대구,3769
2022,2022-06-28,화,롯데,두산,사직,3429
2022,2022-06-28,화,LG,NC,잠실,3361
2022,2022-06-28,화,한화,SSG,한밭,3027
2022,2022-06-29,수,키움,KIA,고척,7941
2022,2022-06-29,수,삼성,KT,대구,4679
2022,2022-06-29,수,한화,SSG,한밭,1747
2022,2022-06-30,목,키움,KIA,고척,7165
2022,2022-06-30,목,삼성,KT,대구,4809
2022,2022-06-30,목,롯데,두산,사직,6566
2022,2022-07-01,금,키움,한화,고척,3238
2022,2022-07-01,금,SSG,KIA,문학,14099
2022,2022-07-01,금,KT,두산,수원,4781
2022,2022-07-01,금,LG,롯데,잠실,12224
2022,2022-07-02,토,키움,한화,고척,6692
2022,2022-07-02,토,SSG,KIA,문학,23000
2022,2022-07-02,토,KT,두산,수원,10065
2022,2022-07-02,토,LG,롯데,잠실,18750
2022,2022-07-02,토,NC,삼성,창원,9063
2022,2022-07-03,일,키움,한화,고척,5952
2022,2022-07-03,일,SSG,KIA,문학,18666
2022,2022-07-03,일,KT,두산,수원,5749
2022,2022-07-03,일,LG,롯데,잠실,23750
2022,2022-07-03,일,NC,삼성,창원,4725
2022,2022-07-05,화,삼성,LG,대구,4683
2022,2022-07-05,화,SSG,롯데,문학,7773
2022,2022-07-05,화,두산,키움,잠실,4265
2022,2022-07-05,화,한화,NC,한밭,2632
2022,2022-07-06,수,KIA,KT,광주,6269
2022,2022-07-06,수,삼성,LG,대구,4673
2022,2022-07-06,수,SSG,롯데,문학,6859
2022,2022-07-06,수,두산,키움,잠실,2930
2022,2022-07-06,수,한화,NC,한밭,2726
2022,2022-07-07,목,삼성,LG,대구,4989
2022,2022-07-07,목,SSG,롯데,문학,5866
2022,2022-07-07,목,두산,키움,잠실,3781
2022,2022-07-07,목,한화,NC,한밭,3111
2022,2022-07-08,금,키움,NC,고척,2500
2022,2022-07-08,금,KIA,한화,광주,7732
2022,2022-07-08,금,삼성,SSG,대구,5359
2022,2022-07-08,금,KT,롯데,수원,5218
2022,2022-07-08,금,두산,LG,잠실,9875
2022,2022-07-09,토,키움,NC,고척,4459
2022,2022-07-09,토,KIA,한화,광주,13246
2022,2022-07-09,토,삼성,SSG,대구,11924
2022,2022-07-09,토,KT,롯데,수원,13030
2022,2022-07-09,토,두산,LG,잠실,16032
2022,2022-07-10,일,키움,NC,고척,4419
2022,2022-07-10,일,KIA,한화,광주,8387
2022,2022-07-10,일,삼성,SSG,대구,10126
2022,2022-07-10,일,KT,롯데,수원,9656
2022,2022-07-10,일,두산,LG,잠실,10980
2022,2022-07-12,화,SSG,키움,문학,10985
2022,2022-07-12,화,롯데,한화,사직,22890
2022,2022-07-12,화,KT,삼성,수원,3723
2022,2022-07-12,화,LG,KIA,잠실,14517
2022,2022-07-12,화,NC,두산,창원,3522
2022,2022-07-13,수,롯데,한화,사직,10188
2022,2022-07-13,수,NC,두산,창원,2880
2022,2022-07-14,목,SSG,키움,문학,12969
2022,2022-07-14,목,롯데,한화,사직,7653
2022,2022-07-14,목,KT,삼성,수원,4703
2022,2022-07-14,목,LG,KIA,잠실,14590
2022,2022-07-14,목,NC,두산,창원,4659
2022,2022-07-22,금,키움,삼성,고척,4776
2022,2022-07-22,금,롯데,KIA,사직,11010
2022,2022-07-22,금,두산,SSG,잠실,6223
2022,2022-07-22,금,NC,LG,창원,5924
2022,2022-07-22,금,한화,KT,한밭,4010
2022,2022-07-23,토,키움,삼성,고척,7057
2022,2022-07-23,토,롯데,KIA,사직,15526
2022,2022-07-23,토,NC,LG,창원,7934
2022,2022-07-23,토,한화,KT,한밭,5234
2022,2022-07-24,일,키움,삼성,고척,6897
2022,2022-07-24,일,롯데,KIA,사직,10881
2022,2022-07-24,일,두산,SSG,잠실,6216
2022,2022-07-24,일,NC,LG,창원,4034
2022,2022-07-24,일,한화,KT,한밭,3420
2022,2022-07-26,화,KIA,NC,광주,5994
2022,2022-07-26,화,SSG,LG,문학,11063
2022,2022-07-26,화,KT,키움,수원,3631
2022,2022-07-26,화,두산,롯데,잠실,5857
2022,2022-07-26,화,삼성,한화,포항,5431
2022,2022-07-27,수,KIA,NC,광주,5868
2022,2022-07-27,수,SSG,LG,문학,10070
2022,2022-07-27,수,KT,키움,수원,3126
2022,2022-07-27,수,두산,롯데,잠실,5115
2022,2022-07-27,수,삼성,한화,포항,6258
2022,2022-07-28,목,KIA,NC,광주,6166
2022,2022-07-28,목,SSG,LG,문학,15059
2022,2022-07-28,목,KT,키움,수원,4828
2022,2022-07-28,목,두산,롯데,잠실,9820
2022,2022-07-28,목,삼성,한화,포항,7202
2022,2022-07-29,금,KIA,SSG,광주,7755
2022,2022-07-29,금,삼성,롯데,대구,10486
2022,2022-07-29,금,LG,KT,잠실,9114
2022,2022-07-29,금,NC,키움,창원,4796
2022,2022-07-29,금,한화,두산,한밭,3614
2022,2022-07-30,토,KIA,SSG,광주,10836
2022,2022-07-30,토,삼성,롯데,대구,18789
2022,2022-07-30,토,LG,KT,잠실,10589
2022,2022-07-30,토,NC,키움,창원,7150
2022,2022-07-30,토,한화,두산,한밭,5838
2022,2022-07-31,일,KIA,SSG,광주,6408
2022,2022-07-31,일,삼성,롯데,대구,10854
2022,2022-08-02,화,키움,SSG,고척,6941
2022,2022-08-02,화,롯데,LG,사직,7277
2022,2022-08-02,화,한화,KIA,한밭,5151
2022,2022-08-03,수,키움,SSG,고척,7573
2022,2022-08-03,수,롯데,LG,사직,6829
2022,2022-08-03,수,두산,삼성,잠실,6125
2022,2022-08-03,수,NC,KT,창원,4569
2022,2022-08-03,수,한화,KIA,한밭,5238
2022,2022-08-04,목,키움,SSG,고척,6064
2022,2022-08-04,목,롯데,LG,사직,5865
2022,2022-08-04,목,두산,삼성,잠실,7429
2022,2022-08-04,목,NC,KT,창원,3210
2022,2022-08-04,목,한화,KIA,한밭,5586
2022,2022-08-05,금,KIA,두산,광주,7903
2022,2022-08-05,금,SSG,삼성,문학,11962
2022,2022-08-05,금,롯데,NC,사직,6243
2022,2022-08-05,금,KT,한화,수원,6114
2022,2022-08-05,금,LG,키움,잠실,10811
2022,2022-08-06,토,KIA,두산,광주,8652
2022,2022-08-06,토,SSG,삼성,문학,18640
2022,2022-08-06,토,롯데,NC,사직,9584
2022,2022-08-06,토,KT,한화,수원,9636
2022,2022-08-06,토,LG,키움,잠실,11357
2022,2022-08-07,일,KIA,두산,광주,6509
2022,2022-08-07,일,SSG,삼성,문학,15958
2022,2022-08-07,일,롯데,NC,사직,6360
2022,2022-08-07,일,KT,한화,수원,8969
2022,2022-08-07,일,LG,키움,잠실,10396
2022,2022-08-10,수,키움,롯데,고척,4352
2022,2022-08-10,수,삼성,KIA,대구,7722
2022,2022-08-10,수,SSG,KT,문학,6523
2022,2022-08-10,수,두산,NC,잠실,2672
2022,2022-08-11,목,키움,롯데,고척,4515
2022,2022-08-11,목,SSG,KT,문학,6603
2022,2022-08-11,목,두산,NC,잠실,2005
2022,2022-08-12,금,키움,롯데,고척,4710
2022,2022-08-12,금,삼성,KIA,대구,10291
2022,2022-08-12,금,SSG,KT,문학,10093
2022,2022-08-12,금,두산,NC,잠실,3679
2022,2022-08-12,금,한화,LG,한밭,4400
2022,2022-08-13,토,KIA,롯데,광주,12159
2022,2022-08-13,토,KT,삼성,수원,7963
2022,2022-08-13,토,두산,SSG,잠실,6659
2022,2022-08-13,토,한화,키움,한밭,4331
2022,2022-08-14,일,KIA,롯데,광주,11374
2022,2022-08-14,일,KT,삼성,수원,7720
2022,2022-08-14,일,두산,SSG,잠실,6973
2022,2022-08-14,일,NC,LG,창원,7327
2022,2022-08-14,일,한화,키움,한밭,5274
2022,2022-08-16,화,KT,키움,수원,3745
2022,2022-08-16,화,LG,삼성,잠실,9671
2022,2022-08-17,수,KIA,SSG,광주,4330
2022,2022-08-17,수,롯데,두산,사직,3618
2022,2022-08-17,수,KT,키움,수원,3768
2022,2022-08-17,수,LG,삼성,잠실,9180
2022,2022-08-17,수,NC,한화,창원,2663
2022,2022-08-18,목,KIA,NC,광주,4927
2022,2022-08-18,목,SSG,LG,문학,14662
2022,2022-08-18,목,롯데,KT,사직,6316
2022,2022-08-18,목,두산,키움,잠실,3517
2022,2022-08-18,목,한화,삼성,한밭,3023
2022,2022-08-19,금,KIA,NC,광주,5438
2022,2022-08-19,금,롯데,KT,사직,4607
2022,2022-08-19,금,한화,삼성,한밭,3213
2022,2022-08-20,토,키움,SSG,고척,7439
2022,2022-08-20,토,롯데,한화,사직,7376
2022,2022-08-20,토,KT,KIA,수원,19194
2022,2022-08-20,토,LG,두산,잠실,17504
2022,2022-08-21,일,키움,SSG,고척,7183
2022,2022-08-21,일,삼성,NC,대구,11429
2022,2022-08-21,일,롯데,한화,사직,7754
2022,2022-08-21,일,KT,KIA,수원,16158
2022,2022-08-21,일,LG,두산,잠실,14441
2022,2022-08-23,화,키움,KIA,고척,6637
2022,2022-08-23,화,SSG,삼성,문학,8096
2022,2022-08-23,화,두산,KT,잠실,3059
2022,2022-08-23,화,NC,롯데,창원,9211
2022,2022-08-23,화,한화,LG,한밭,2107
2022,2022-08-24,수,키움,KIA,고척,8175
2022,2022-08-24,수,SSG,삼성,문학,8345
2022,2022-08-24,수,두산,KT,잠실,2827
2022,2022-08-24,수,NC,롯데,창원,7479
2022,2022-08-24,수,한화,LG,한밭,2608
2022,2022-08-25,목,롯데,삼성,사직,6844
2022,2022-08-25,목,KT,SSG,수원,5103
2022,2022-08-25,목,LG,KIA,잠실,14262
2022,2022-08-25,목,NC,키움,창원,2712
2022,2022-08-25,목,한화,두산,한밭,2315
2022,2022-08-26,금,롯데,삼성,사직,7483
2022,2022-08-26,금,KT,SSG,수원,6149
2022,2022-08-26,금,LG,KIA,잠실,18154
2022,2022-08-26,금,NC,키움,창원,4856
2022,2022-08-26,금,한화,두산,한밭,3226
2022,2022-08-27,토,KIA,두산,광주,11053
2022,2022-08-27,토,삼성,한화,대구,13729
2022,2022-08-27,토,SSG,롯데,문학,21043
2022,2022-08-27,토,LG,키움,잠실,15250
2022,2022-08-27,토,NC,KT,창원,8977
2022,2022-08-28,일,KIA,두산,광주,8188
2022,2022-08-28,일,삼성,한화,대구,10236
2022,2022-08-28,일,SSG,롯데,문학,20604
2022,2022-08-28,일,LG,키움,잠실,12917
2022,2022-08-28,일,NC,KT,창원,5110
2022,2022-08-30,화,키움,롯데,고척,4381
2022,2022-08-31,수,키움,롯데,고척,6685
2022,2022-08-31,수,삼성,SSG,대구,4314
2022,2022-08-31,수,KT,두산,수원,3798
2022,2022-08-31,수,LG,NC,잠실,8553
2022,2022-08-31,수,한화,KIA,한밭,3513
2022,2022-09-01,목,키움,한화,고척,2799
2022,2022-09-01,목,KIA,삼성,광주,5234
2022,2022-09-01,목,SSG,NC,문학,7804
2022,2022-09-01,목,KT,LG,수원,6888
2022,2022-09-01,목,두산,롯데,잠실,6219
2022,2022-09-02,금,키움,한화,고척,3156
2022,2022-09-02,금,KIA,삼성,광주,6274
2022,2022-09-02,금,SSG,NC,문학,12392
2022,2022-09-02,금,KT,LG,수원,10128
2022,2022-09-02,금,두산,롯데,잠실,8100
2022,2022-09-03,토,KIA,KT,광주,10639
2022,2022-09-03,토,SSG,키움,문학,20347
2022,2022-09-03,토,두산,삼성,잠실,13113
2022,2022-09-03,토,한화,NC,한밭,5547
2022,2022-09-04,일,KIA,KT,광주,7056
2022,2022-09-04,일,롯데,LG,사직,6286
2022,2022-09-04,일,한화,NC,한밭,3743
2022,2022-09-06,화,삼성,키움,대구,3890
2022,2022-09-06,화,KT,한화,수원,3459
2022,2022-09-06,화,롯데,KIA,울산,5060
2022,2022-09-06,화,LG,SSG,잠실,12917
2022,2022-09-06,화,NC,두산,창원,4331
2022,2022-09-07,수,삼성,키움,대구,5093
2022,2022-09-07,수,KT,한화,수원,4364
2022,2022-09-07,수,롯데,KIA,울산,7380
2022,2022-09-07,수,LG,SSG,잠실,15185
2022,2022-09-07,수,NC,두산,창원,8070
2022,2022-09-08,목,키움,LG,고척,6505
2022,2022-09-08,목,삼성,롯데,대구,13125
2022,2022-09-08,목,SSG,KIA,문학,16148
2022,2022-09-08,목,KT,NC,수원,3651
2022,2022-09-08,목,두산,한화,잠실,4757
2022,2022-09-09,금,키움,LG,고척,10074
2022,2022-09-09,금,삼성,롯데,대구,12634
2022,2022-09-09,금,SSG,KIA,문학,20951
2022,2022-09-09,금,KT,NC,수원,5966
2022,2022-09-09,금,두산,한화,잠실,5691
2022,2022-09-10,토,키움,KT,고척,4017
2022,2022-09-10,토,삼성,LG,대구,11995
2022,2022-09-10,토,롯데,NC,사직,11091
2022,2022-09-10,토,두산,KIA,잠실,13433
2022,2022-09-10,토,한화,SSG,한밭,5236
2022,2022-09-11,일,키움,KT,고척,5009
2022,2022-09-11,일,삼성,LG,대구,15446
2022,2022-09-11,일,롯데,NC,사직,12343
2022,2022-09-11,일,두산,KIA,잠실,20681
2022,2022-09-11,일,한화,SSG,한밭,7863
2022,2022-09-13,화,KIA,키움,광주,3507
2022,2022-09-13,화,롯데,SSG,사직,4570
2022,2022-09-13,화,두산,LG,잠실,6803
2022,2022-09-13,화,NC,삼성,창원,3780
2022,2022-09-13,화,한화,KT,한밭,2723
2022,2022-09-14,수,KIA,키움,광주,5175
2022,2022-09-14,수,롯데,SSG,사직,4179
2022,2022-09-14,수,두산,LG,잠실,7098
2022,2022-09-14,수,NC,삼성,창원,4084
2022,2022-09-14,수,한화,KT,한밭,2777
2022,2022-09-15,목,KIA,한화,광주,5158
2022,2022-09-15,목,삼성,두산,대구,5374
2022,2022-09-15,목,롯데,키움,사직,5133
2022,2022-09-15,목,LG,KT,잠실,9614
2022,2022-09-15,목,NC,SSG,창원,3851
2022,2022-09-16,금,KIA,한화,광주,8642
2022,2022-09-16,금,삼성,두산,대구,6576
2022,2022-09-16,금,롯데,키움,사직,8567
2022,2022-09-16,금,NC,SSG,창원,5680
2022,2022-09-17,토,키움,NC,고척,5827
2022,2022-09-17,토,삼성,KIA,대구,15130
2022,2022-09-17,토,SSG,두산,문학,20871
2022,2022-09-17,토,KT,롯데,수원,14944
2022,2022-09-17,토,LG,한화,잠실,20104
2022,2022-09-18,일,키움,NC,고척,4128
2022,2022-09-18,일,삼성,KIA,대구,12340
2022,2022-09-18,일,SSG,두산,문학,17684
2022,2022-09-18,일,KT,롯데,수원,16612
2022,2022-09-18,일,LG,한화,잠실,16798
2022,2022-09-20,화,키움,삼성,고척,4851
2022,2022-09-20,화,KIA,LG,광주,5992
2022,2022-09-20,화,SSG,KT,문학,10066
2022,2022-09-20,화,두산,NC,잠실,7386
2022,2022-09-20,화,한화,롯데,한밭,5515
2022,2022-09-21,수,키움,삼성,고척,5407
2022,2022-09-21,수,KIA,LG,광주,6633
2022,2022-09-21,수,SSG,KT,문학,10359
2022,2022-09-21,수,두산,NC,잠실,4683
2022,2022-09-21,수,한화,롯데,한밭,4291
2022,2022-09-22,목,키움,두산,고척,3063
2022,2022-09-22,목,삼성,KT,대구,6006
2022,2022-09-22,목,SSG,한화,문학,11471
2022,2022-09-22,목,LG,롯데,잠실,18034
2022,2022-09-22,목,NC,KIA,창원,7340
2022,2022-09-23,금,키움,두산,고척,4040
2022,2022-09-23,금,삼성,KT,대구,8056
2022,2022-09-23,금,SSG,한화,문학,16353
2022,2022-09-23,금,LG,롯데,잠실,19377
2022,2022-09-23,금,NC,KIA,창원,9871
2022,2022-09-24,토,키움,롯데,고척,9442
2022,2022-09-24,토,SSG,두산,문학,19253
2022,2022-09-24,토,LG,한화,잠실,16775
2022,2022-09-24,토,NC,KIA,창원,12938
2022,2022-09-25,일,삼성,KIA,대구,17730
2022,2022-09-25,일,SSG,LG,문학,23000
2022,2022-09-25,일,두산,한화,잠실,9590
2022,2022-09-25,일,NC,KT,창원,5148
2022,2022-09-27,화,KT,두산,수원,4196
2022,2022-09-27,화,NC,키움,창원,2571
2022,2022-09-27,화,한화,LG,한밭,3110
2022,2022-09-28,수,KT,두산,수원,5220
2022,2022-09-28,수,NC,삼성,창원,5164
2022,2022-09-28,수,한화,LG,한밭,2845
2022,2022-09-29,목,KIA,롯데,광주,6294
2022,2022-09-29,목,삼성,NC,대구,7703
2022,2022-09-29,목,SSG,키움,문학,13358
2022,2022-09-29,목,LG,KT,잠실,10859
2022,2022-09-29,목,한화,두산,한밭,2018
2022,2022-09-30,금,삼성,두산,대구,9081
2022,2022-09-30,금,SSG,키움,문학,20422
2022,2022-09-30,금,LG,NC,잠실,11076
2022,2022-09-30,금,한화,롯데,한밭,4025
2022,2022-10-01,토,KIA,SSG,광주,13341
2022,2022-10-01,토,삼성,두산,대구,15964
2022,2022-10-01,토,LG,NC,잠실,17282
2022,2022-10-02,일,롯데,두산,사직,14088
2022,2022-10-02,일,LG,NC,잠실,15711
2022,2022-10-02,일,한화,KIA,한밭,11336
2022,2022-10-03,월,롯데,두산,사직,11162
2022,2022-10-03,월,한화,SSG,한밭,7023
2022,2022-10-04,화,KT,삼성,수원,5451
2022,2022-10-04,화,LG,KIA,잠실,13385
2022,2022-10-05,수,KIA,LG,광주,5487
2022,2022-10-05,수,KT,삼성,수원,7226
2022,2022-10-05,수,두산,SSG,잠실,9474
2022,2022-10-05,수,NC,롯데,창원,11326
2022,2022-10-06,목,KIA,LG,광주,5209
2022,2022-10-06,목,두산,삼성,잠실,7350
2022,2022-10-06,목,NC,SSG,창원,6064
2022,2022-10-06,목,한화,키움,한밭,9802
2022,2022-10-07,금,KIA,KT,광주,15175
2022,2022-10-07,금,두산,삼성,잠실,11681
2022,2022-10-07,금,NC,LG,창원,6257
2022,2022-10-08,토,KIA,KT,광주,17231
2022,2022-10-08,토,삼성,SSG,대구,24000
2022,2022-10-08,토,롯데,LG,사직,22990
2022,2022-10-08,토,두산,키움,잠실,23511
2022,2022-10-08,토,NC,한화,창원,12462
2022,2022-10-10,월,KT,NC,수원,10535
2022,2022-10-11,화,LG,KT,잠실,10092
2023,2023-04-01,토,키움,한화,고척,16000
2023,2023-04-01,토,삼성,NC,대구,24000
2023,2023-04-01,토,SSG,KIA,문학,23000
2023,2023-04-01,토,KT,LG,수원,18700
2023,2023-04-01,토,두산,롯데,잠실,23750
2023,2023-04-02,일,키움,한화,고척,11562
2023,2023-04-02,일,삼성,NC,대구,18483
2023,2023-04-02,일,SSG,KIA,문학,23000
2023,2023-04-02,일,KT,LG,수원,14700
2023,2023-04-02,일,두산,롯데,잠실,23750
2023,2023-04-04,화,키움,LG,고척,4510
2023,2023-04-04,화,삼성,한화,대구,5936
2023,2023-04-04,화,SSG,롯데,문학,5809
2023,2023-04-04,화,두산,NC,잠실,3924
2023,2023-04-05,수,키움,LG,고척,4194
2023,2023-04-05,수,두산,NC,잠실,2172
2023,2023-04-06,목,키움,LG,고척,4556
2023,2023-04-06,목,삼성,한화,대구,6525
2023,2023-04-06,목,두산,NC,잠실,3724
2023,2023-04-07,금,KIA,두산,광주,12821
2023,2023-04-07,금,롯데,KT,사직,14734
2023,2023-04-07,금,LG,삼성,잠실,17201
2023,2023-04-07,금,NC,키움,창원,6867
2023,2023-04-07,금,한화,SSG,한밭,10415
2023,2023-04-08,토,KIA,두산,광주,16432
2023,2023-04-08,토,롯데,KT,사직,16555
2023,2023-04-08,토,LG,삼성,잠실,22141
2023,2023-04-08,토,NC,키움,창원,9763
2023,2023-04-08,토,한화,SSG,한밭,11232
2023,2023-04-09,일,KIA,두산,광주,14070
2023,2023-04-09,일,롯데,KT,사직,12283
2023,2023-04-09,일,LG,삼성,잠실,20439
2023,2023-04-09,일,NC,키움,창원,7686
2023,2023-04-09,일,한화,SSG,한밭,9455
2023,2023-04-11,화,KIA,한화,광주,3623
2023,2023-04-11,화,삼성,SSG,대구,3907
2023,2023-04-11,화,롯데,LG,사직,5286
2023,2023-04-11,화,두산,키움,잠실,4372
2023,2023-04-11,화,NC,KT,창원,2069
2023,2023-04-12,수,KIA,한화,광주,5252
2023,2023-04-12,수,삼성,SSG,대구,5405
2023,2023-04-12,수,롯데,LG,사직,6519
2023,2023-04-12,수,NC,KT,창원,2448
2023,2023-04-13,목,KIA,한화,광주,5457
2023,2023-04-13,목,삼성,SSG,대구,4648
2023,2023-04-13,목,롯데,LG,사직,6505
2023,2023-04-13,목,두산,키움,잠실,6917
2023,2023-04-13,목,NC,KT,창원,3174
2023,2023-04-14,금,키움,KIA,고척,8043
2023,2023-04-14,금,삼성,롯데,대구,9124
2023,2023-04-14,금,SSG,NC,문학,8218
2023,2023-04-14,금,KT,한화,수원,7145
2023,2023-04-14,금,LG,두산,잠실,16528
2023,2023-04-15,토,키움,KIA,고척,13752
2023,2023-04-15,토,삼성,롯데,대구,18231
2023,2023-04-15,토,SSG,NC,문학,13956
2023,2023-04-15,토,KT,한화,수원,13212
2023,2023-04-15,토,LG,두산,잠실,21243
2023,2023-04-16,일,키움,KIA,고척,11265
2023,2023-04-16,일,삼성,롯데,대구,16076
2023,2023-04-16,일,SSG,NC,문학,13460
2023,2023-04-16,일,KT,한화,수원,13010
2023,2023-04-16,일,LG,두산,잠실,20090
2023,2023-04-18,화,키움,삼성,고척,3104
2023,2023-04-18,화,롯데,KIA,사직,3829
2023,2023-04-18,화,KT,SSG,수원,3398
2023,2023-04-18,화,LG,NC,잠실,6574
2023,2023-04-18,화,한화,두산,한밭,4012
2023,2023-04-19,수,키움,삼성,고척,3869
2023,2023-04-19,수,롯데,KIA,사직,4869
2023,2023-04-19,수,KT,SSG,수원,3405
2023,2023-04-19,수,LG,NC,잠실,7090
2023,2023-04-19,수,한화,두산,한밭,4212
2023,2023-04-20,목,키움,삼성,고척,3918
2023,2023-04-20,목,롯데,KIA,사직,6423
2023,2023-04-20,목,KT,SSG,수원,4472
2023,2023-04-20,목,LG,NC,잠실,9090
2023,2023-04-20,목,한화,두산,한밭,4122
2023,2023-04-21,금,KIA,삼성,광주,6870
2023,2023-04-21,금,SSG,키움,문학,12374
2023,2023-04-21,금,두산,KT,잠실,6896
2023,2023-04-21,금,NC,롯데,창원,12613
2023,2023-04-21,금,한화,LG,한밭,6004
2023,2023-04-22,토,KIA,삼성,광주,12990
2023,2023-04-22,토,SSG,키움,문학,16535
2023,2023-04-22,토,두산,KT,잠실,13410
2023,2023-04-22,토,NC,롯데,창원,15130
2023,2023-04-22,토,한화,LG,한밭,11152
2023,2023-04-23,일,KIA,삼성,광주,10026
2023,2023-04-23,일,SSG,키움,문학,15878
2023,2023-04-23,일,두산,KT,잠실,10151
2023,2023-04-23,일,NC,롯데,창원,13286
2023,2023-04-23,일,한화,LG,한밭,9023
2023,2023-04-25,화,키움,KT,고척,2956
2023,2023-04-25,화,KIA,NC,광주,2216
2023,2023-04-25,화,LG,SSG,잠실,7344
2023,2023-04-26,수,키움,KT,고척,2489
2023,2023-04-26,수,KIA,NC,광주,4798
2023,2023-04-26,수,삼성,두산,대구,9213
2023,2023-04-26,수,롯데,한화,사직,7905
2023,2023-04-26,수,LG,SSG,잠실,10419
2023,2023-04-27,목,키움,KT,고척,3024
2023,2023-04-27,목,KIA,NC,광주,6017
2023,2023-04-27,목,삼성,두산,대구,8473
2023,2023-04-27,목,롯데,한화,사직,10393
2023,2023-04-27,목,LG,SSG,잠실,13061
2023,2023-04-28,금,SSG,두산,문학,14909
2023,2023-04-28,금,롯데,키움,사직,14343
2023,2023-04-28,금,KT,삼성,수원,7314
2023,2023-04-28,금,LG,KIA,잠실,22695
2023,2023-04-28,금,한화,NC,한밭,7242
2023,2023-04-29,토,SSG,두산,문학,20180
2023,2023-04-29,토,KT,삼성,수원,12039
2023,2023-04-29,토,LG,KIA,잠실,23750
2023,2023-04-29,토,한화,NC,한밭,7813
2023,2023-04-30,일,SSG,두산,문학,21026
2023,2023-04-30,일,롯데,키움,사직,22990
2023,2023-04-30,일,KT,삼성,수원,14582
2023,2023-04-30,일,LG,KIA,잠실,23750
2023,2023-04-30,일,한화,NC,한밭,10442
2023,2023-05-02,화,KIA,롯데,광주,8892
2023,2023-05-02,화,삼성,키움,대구,10624
2023,2023-05-02,화,SSG,KT,문학,6950
2023,2023-05-02,화,두산,한화,잠실,9834
2023,2023-05-02,화,NC,LG,창원,3939
2023,2023-05-03,수,KIA,롯데,광주,13815
2023,2023-05-03,수,삼성,키움,대구,13394
2023,2023-05-03,수,SSG,KT,문학,7703
2023,2023-05-03,수,두산,한화,잠실,14271
2023,2023-05-03,수,NC,LG,창원,4874
2023,2023-05-04,목,삼성,키움,대구,12076
2023,2023-05-04,목,SSG,KT,문학,7529
2023,2023-05-04,목,두산,한화,잠실,10825
2023,2023-05-05,금,키움,SSG,고척,16000
2023,2023-05-06,토,키움,SSG,고척,11063
2023,2023-05-07,일,키움,SSG,고척,7623
2023,2023-05-07,일,두산,LG,잠실,22073
2023,2023-05-07,일,한화,KT,한밭,8551
2023,2023-05-09,화,KIA,SSG,광주,8916
2023,2023-05-09,화,롯데,두산,사직,11643
2023,2023-05-09,화,KT,NC,수원,2764
2023,2023-05-09,화,LG,키움,잠실,10421
2023,2023-05-09,화,한화,삼성,한밭,5014
2023,2023-05-10,수,KIA,SSG,광주,8481
2023,2023-05-10,수,롯데,두산,사직,11435
2023,2023-05-10,수,KT,NC,수원,3734
2023,2023-05-10,수,LG,키움,잠실,12125
2023,2023-05-10,수,한화,삼성,한밭,5865
2023,2023-05-11,목,KIA,SSG,광주,8898
2023,2023-05-11,목,롯데,두산,사직,13350
2023,2023-05-11,목,KT,NC,수원,3934
2023,2023-05-11,목,LG,키움,잠실,11773
2023,2023-05-11,목,한화,삼성,한밭,6007
2023,2023-05-12,금,키움,NC,고척,3866
2023,2023-05-12,금,삼성,LG,대구,13765
2023,2023-05-12,금,SSG,한화,문학,14395
2023,2023-05-12,금,KT,롯데,수원,10937
2023,2023-05-12,금,두산,KIA,잠실,20563
2023,2023-05-13,토,키움,NC,고척,6573
2023,2023-05-13,토,삼성,LG,대구,21817
2023,2023-05-13,토,SSG,한화,문학,23000
2023,2023-05-13,토,KT,롯데,수원,18700
2023,2023-05-13,토,두산,KIA,잠실,23750
2023,2023-05-14,일,키움,NC,고척,5634
2023,2023-05-14,일,삼성,LG,대구,18569
2023,2023-05-14,일,SSG,한화,문학,20757
2023,2023-05-14,일,KT,롯데,수원,15470
2023,2023-05-14,일,두산,KIA,잠실,23750
2023,2023-05-16,화,키움,두산,고척,5662
2023,2023-05-16,화,삼성,KIA,대구,9112
2023,2023-05-16,화,LG,KT,잠실,8567
2023,2023-05-16,화,NC,SSG,창원,4113
2023,2023-05-16,화,한화,롯데,한밭,6138
2023,2023-05-17,수,키움,두산,고척,5232
2023,2023-05-17,수,삼성,KIA,대구,10979
2023,2023-05-17,수,LG,KT,잠실,9838
2023,2023-05-17,수,NC,SSG,창원,4344
2023,2023-05-17,수,한화,롯데,한밭,6269
2023,2023-05-18,목,키움,두산,고척,5742
2023,2023-05-18,목,LG,KT,잠실,9155
2023,2023-05-18,목,한화,롯데,한밭,6116
2023,2023-05-19,금,KIA,키움,광주,11290
2023,2023-05-19,금,롯데,SSG,사직,19011
2023,2023-05-19,금,KT,두산,수원,6817
2023,2023-05-19,금,LG,한화,잠실,19798
2023,2023-05-19,금,NC,삼성,창원,8493
2023,2023-05-20,토,KIA,키움,광주,19030
2023,2023-05-20,토,롯데,SSG,사직,22990
2023,2023-05-20,토,KT,두산,수원,13253
2023,2023-05-20,토,LG,한화,잠실,23750
2023,2023-05-20,토,NC,삼성,창원,14870
2023,2023-05-21,일,KIA,키움,광주,14617
2023,2023-05-21,일,롯데,SSG,사직,22990
2023,2023-05-21,일,KT,두산,수원,10521
2023,2023-05-21,일,LG,한화,잠실,22054
2023,2023-05-21,일,NC,삼성,창원,10910
2023,2023-05-23,화,SSG,LG,문학,12508
2023,2023-05-23,화,롯데,NC,사직,15047
2023,2023-05-23,화,KT,키움,수원,4203
2023,2023-05-23,화,두산,삼성,잠실,10733
2023,2023-05-23,화,한화,KIA,한밭,6376
2023,2023-05-24,수,SSG,LG,문학,16829
2023,2023-05-24,수,롯데,NC,사직,14244
2023,2023-05-24,수,KT,키움,수원,5173
2023,2023-05-24,수,두산,삼성,잠실,11108
2023,2023-05-24,수,한화,KIA,한밭,7004
2023,2023-05-25,목,SSG,LG,문학,17575
2023,2023-05-25,목,롯데,NC,사직,15221
2023,2023-05-25,목,KT,키움,수원,5235
2023,2023-05-25,목,두산,삼성,잠실,11005
2023,2023-05-25,목,한화,KIA,한밭,8186
2023,2023-05-26,금,키움,롯데,고척,11692
2023,2023-05-26,금,KIA,LG,광주,10954
2023,2023-05-26,금,삼성,KT,대구,12874
2023,2023-05-26,금,두산,SSG,잠실,10428
2023,2023-05-26,금,NC,한화,창원,5952
2023,2023-05-27,토,키움,롯데,고척,16000
2023,2023-05-27,토,KIA,LG,광주,17931
2023,2023-05-27,토,삼성,KT,대구,17305
2023,2023-05-27,토,NC,한화,창원,9558
2023,2023-05-28,일,키움,롯데,고척,16000
2023,2023-05-28,일,KIA,LG,광주,17015
2023,2023-05-28,일,삼성,KT,대구,14523
2023,2023-05-30,화,KIA,KT,광주,5352
2023,2023-05-30,화,SSG,삼성,문학,10232
2023,2023-05-30,화,LG,롯데,잠실,20330
2023,2023-05-30,화,NC,두산,창원,3180
2023,2023-05-30,화,한화,키움,한밭,4486
2023,2023-05-31,수,KIA,KT,광주,7244
2023,2023-05-31,수,SSG,삼성,문학,10745
2023,2023-05-31,수,LG,롯데,잠실,21269
2023,2023-05-31,수,NC,두산,창원,4180
2023,2023-05-31,수,한화,키움,한밭,4384
2023,2023-06-01,목,SSG,삼성,문학,9028
2023,2023-06-01,목,LG,롯데,잠실,22020
2023,2023-06-01,목,한화,키움,한밭,5040
2023,2023-06-02,금,SSG,키움,문학,12533
2023,2023-06-02,금,롯데,KIA,사직,18996
2023,2023-06-02,금,KT,두산,수원,5157
2023,2023-06-02,금,LG,NC,잠실,10238
2023,2023-06-02,금,한화,삼성,한밭,6675
2023,2023-06-03,토,SSG,키움,문학,19071
2023,2023-06-03,토,롯데,KIA,사직,22990
2023,2023-06-03,토,KT,두산,수원,12155
2023,2023-06-03,토,LG,NC,잠실,18890
2023,2023-06-03,토,한화,삼성,한밭,12000
2023,2023-06-04,일,SSG,키움,문학,17007
2023,2023-06-04,일,롯데,KIA,사직,22990
2023,2023-06-04,일,KT,두산,수원,10239
2023,2023-06-04,일,LG,NC,잠실,15096
2023,2023-06-04,일,한화,삼성,한밭,12000
2023,2023-06-06,화,키움,LG,고척,14903
2023,2023-06-06,화,KIA,SSG,광주,15130
2023,2023-06-06,화,삼성,NC,대구,14639
2023,2023-06-06,화,롯데,KT,사직,20441
2023,2023-06-06,화,두산,한화,잠실,21146
2023,2023-06-07,수,키움,LG,고척,5390
2023,2023-06-07,수,KIA,SSG,광주,7569
2023,2023-06-07,수,삼성,NC,대구,7119
2023,2023-06-07,수,롯데,KT,사직,10066
2023,2023-06-07,수,두산,한화,잠실,8497
2023,2023-06-08,목,키움,LG,고척,6076
2023,2023-06-08,목,KIA,SSG,광주,6646
2023,2023-06-08,목,삼성,NC,대구,5989
2023,2023-06-08,목,롯데,KT,사직,10504
2023,2023-06-08,목,두산,한화,잠실,8509
2023,2023-06-09,금,삼성,롯데,대구,15893
2023,2023-06-09,금,KT,키움,수원,5033
2023,2023-06-09,금,두산,KIA,잠실,16250
2023,2023-06-09,금,NC,SSG,창원,5110
2023,2023-06-09,금,한화,LG,한밭,6005
2023,2023-06-10,토,삼성,롯데,대구,24000
2023,2023-06-10,토,KT,키움,수원,9622
2023,2023-06-10,토,두산,KIA,잠실,22233
2023,2023-06-10,토,NC,SSG,창원,11026
2023,2023-06-10,토,한화,LG,한밭,11072
2023,2023-06-11,일,삼성,롯데,대구,18496
2023,2023-06-11,일,KT,키움,수원,6806
2023,2023-06-11,일,두산,KIA,잠실,18623
2023,2023-06-11,일,NC,SSG,창원,7210
2023,2023-06-11,일,한화,LG,한밭,7601
2023,2023-06-13,화,키움,KIA,고척,7834
2023,2023-06-13,화,SSG,KT,문학,6568
2023,2023-06-13,화,롯데,한화,사직,16007
2023,2023-06-13,화,LG,삼성,잠실,11103
2023,2023-06-13,화,NC,두산,창원,3699
2023,2023-06-14,수,키움,KIA,고척,8016
2023,2023-06-14,수,SSG,KT,문학,6579
2023,2023-06-14,수,롯데,한화,사직,10803
2023,2023-06-14,수,LG,삼성,잠실,11725
2023,2023-06-14,수,NC,두산,창원,3154
2023,2023-06-15,목,키움,KIA,고척,8528
2023,2023-06-15,목,SSG,KT,문학,6736
2023,2023-06-15,목,롯데,한화,사직,12594
2023,2023-06-15,목,LG,삼성,잠실,12023
2023,2023-06-15,목,NC,두산,창원,3633
2023,2023-06-16,금,KIA,NC,광주,10170
2023,2023-06-16,금,SSG,롯데,문학,18013
2023,2023-06-16,금,KT,삼성,수원,6998
2023,2023-06-16,금,LG,두산,잠실,18826
2023,2023-06-16,금,한화,키움,한밭,7005
2023,2023-06-17,토,KIA,NC,광주,15992
2023,2023-06-17,토,SSG,롯데,문학,23000
2023,2023-06-17,토,KT,삼성,수원,14935
2023,2023-06-17,토,LG,두산,잠실,22878
2023,2023-06-17,토,한화,키움,한밭,11008
2023,2023-06-18,일,KIA,NC,광주,13967
2023,2023-06-18,일,SSG,롯데,문학,19156
2023,2023-06-18,일,KT,삼성,수원,10137
2023,2023-06-18,일,LG,두산,잠실,19038
2023,2023-06-18,일,한화,키움,한밭,8163
2023,2023-06-20,화,삼성,키움,대구,7667
2023,2023-06-20,화,KT,롯데,수원,5773
2023,2023-06-20,화,두산,SSG,잠실,6186
2023,2023-06-20,화,NC,LG,창원,3433
2023,2023-06-20,화,한화,KIA,한밭,5451
2023,2023-06-21,수,삼성,키움,대구,7453
2023,2023-06-21,수,KT,롯데,수원,6024
2023,2023-06-21,수,두산,SSG,잠실,5473
2023,2023-06-21,수,NC,LG,창원,3571
2023,2023-06-21,수,한화,KIA,한밭,5207
2023,2023-06-22,목,삼성,키움,대구,10176
2023,2023-06-22,목,KT,롯데,수원,7861
2023,2023-06-22,목,두산,SSG,잠실,7291
2023,2023-06-22,목,NC,LG,창원,4997
2023,2023-06-22,목,한화,KIA,한밭,7675
2023,2023-06-23,금,키움,두산,고척,7316
2023,2023-06-23,금,KIA,KT,광주,9018
2023,2023-06-23,금,SSG,삼성,문학,12744
2023,2023-06-23,금,LG,롯데,잠실,21089
2023,2023-06-23,금,NC,한화,창원,6376
2023,2023-06-24,토,키움,두산,고척,11717
2023,2023-06-24,토,KIA,KT,광주,14043
2023,2023-06-24,토,SSG,삼성,문학,20062
2023,2023-06-24,토,LG,롯데,잠실,23750
2023,2023-06-24,토,NC,한화,창원,13791
2023,2023-06-25,일,키움,두산,고척,9549
2023,2023-06-25,일,SSG,삼성,문학,14722
2023,2023-06-25,일,LG,롯데,잠실,20846
2023,2023-06-27,화,KIA,키움,광주,5349
2023,2023-06-27,화,SSG,LG,문학,12244
2023,2023-06-27,화,롯데,삼성,사직,11654
2023,2023-06-27,화,두산,NC,잠실,5302
2023,2023-06-27,화,한화,KT,한밭,4625
2023,2023-06-28,수,KIA,키움,광주,4816
2023,2023-06-28,수,SSG,LG,문학,11045
2023,2023-06-28,수,롯데,삼성,사직,13787
2023,2023-06-28,수,두산,NC,잠실,5400
2023,2023-06-28,수,한화,KT,한밭,5007
2023,2023-06-30,금,키움,SSG,고척,7164
2023,2023-06-30,금,삼성,한화,대구,8114
2023,2023-06-30,금,KT,NC,수원,4596
2023,2023-06-30,금,롯데,두산,울산,6894
2023,2023-06-30,금,LG,KIA,잠실,20568
2023,2023-07-01,토,키움,SSG,고척,10836
2023,2023-07-01,토,삼성,한화,대구,18151
2023,2023-07-01,토,KT,NC,수원,9551
2023,2023-07-01,토,롯데,두산,울산,10013
2023,2023-07-01,토,LG,KIA,잠실,23750
2023,2023-07-02,일,키움,SSG,고척,9512
2023,2023-07-02,일,삼성,한화,대구,12395
2023,2023-07-02,일,KT,NC,수원,5406
2023,2023-07-02,일,롯데,두산,울산,7588
2023,2023-07-02,일,LG,KIA,잠실,20959
2023,2023-07-04,화,키움,NC,고척,4474
2023,2023-07-04,화,삼성,두산,포항,4182
2023,2023-07-05,수,키움,NC,고척,4027
2023,2023-07-05,수,SSG,KIA,문학,13025
2023,2023-07-05,수,LG,KT,잠실,9707
2023,2023-07-05,수,삼성,두산,포항,5902
2023,2023-07-05,수,한화,롯데,한밭,7760
2023,2023-07-06,목,키움,NC,고척,4013
2023,2023-07-06,목,SSG,KIA,문학,17513
2023,2023-07-06,목,LG,KT,잠실,10736
2023,2023-07-06,목,삼성,두산,포항,6923
2023,2023-07-06,목,한화,롯데,한밭,10061
2023,2023-07-07,금,KT,KIA,수원,16315
2023,2023-07-07,금,두산,키움,잠실,14123
2023,2023-07-08,토,롯데,LG,사직,19496
2023,2023-07-08,토,KT,KIA,수원,18700
2023,2023-07-08,토,두산,키움,잠실,19676
2023,2023-07-08,토,NC,삼성,창원,12462
2023,2023-07-08,토,한화,SSG,한밭,12000
2023,2023-07-09,일,롯데,LG,사직,15860
2023,2023-07-09,일,KT,KIA,수원,18700
2023,2023-07-09,일,두산,키움,잠실,11472
2023,2023-07-09,일,NC,삼성,창원,8522
2023,2023-07-09,일,한화,SSG,한밭,10168
2023,2023-07-11,화,키움,KT,고척,4217
2023,2023-07-12,수,키움,KT,고척,3890
2023,2023-07-12,수,KIA,삼성,광주,8470
2023,2023-07-12,수,SSG,두산,문학,19699
2023,2023-07-12,수,LG,한화,잠실,17812
2023,2023-07-12,수,NC,롯데,창원,13074
2023,2023-07-13,목,키움,KT,고척,4520
2023,2023-07-13,목,KIA,삼성,광주,7085
2023,2023-07-13,목,NC,롯데,창원,10316
2023,2023-07-21,금,KIA,두산,광주,9779
2023,2023-07-21,금,삼성,KT,대구,7833
2023,2023-07-21,금,롯데,키움,사직,13431
2023,2023-07-21,금,LG,SSG,잠실,17524
2023,2023-07-21,금,한화,NC,한밭,8475
2023,2023-07-22,토,삼성,KT,대구,10356
2023,2023-07-22,토,롯데,키움,사직,14266
2023,2023-07-22,토,한화,NC,한밭,10021
2023,2023-07-23,일,삼성,KT,대구,8613
2023,2023-07-23,일,롯데,키움,사직,11470
2023,2023-07-25,화,키움,한화,고척,9886
2023,2023-07-25,화,삼성,SSG,대구,5557
2023,2023-07-25,화,KT,LG,수원,7948
2023,2023-07-25,화,두산,롯데,잠실,12700
2023,2023-07-25,화,NC,KIA,창원,5668
2023,2023-07-26,수,키움,한화,고척,11324
2023,2023-07-26,수,삼성,SSG,대구,6955
2023,2023-07-26,수,KT,LG,수원,8134
2023,2023-07-26,수,두산,롯데,잠실,13620
2023,2023-07-26,수,NC,KIA,창원,6325
2023,2023-07-27,목,키움,한화,고척,11650
2023,2023-07-27,목,삼성,SSG,대구,7663
2023,2023-07-27,목,KT,LG,수원,8413
2023,2023-07-27,목,두산,롯데,잠실,12511
2023,2023-07-27,목,NC,KIA,창원,7279
2023,2023-07-28,금,키움,삼성,고척,7755
2023,2023-07-28,금,KIA,롯데,광주,10295
2023,2023-07-28,금,SSG,한화,문학,14386
2023,2023-07-28,금,두산,LG,잠실,16987
2023,2023-07-28,금,NC,KT,창원,4676
2023,2023-07-29,토,키움,삼성,고척,11851
2023,2023-07-29,토,KIA,롯데,광주,14754
2023,2023-07-29,토,SSG,한화,문학,21344
2023,2023-07-29,토,두산,LG,잠실,21126
2023,2023-07-29,토,NC,KT,창원,8309
2023,2023-07-30,일,키움,삼성,고척,11235
2023,2023-07-30,일,KIA,롯데,광주,11796
2023,2023-07-30,일,SSG,한화,문학,18158
2023,2023-07-30,일,두산,LG,잠실,19500
2023,2023-07-30,일,NC,KT,창원,6181
2023,2023-08-01,화,롯데,NC,사직,13326
2023,2023-08-01,화,KT,SSG,수원,7831
2023,2023-08-01,화,LG,키움,잠실,12159
2023,2023-08-01,화,삼성,KIA,포항,6912
2023,2023-08-01,화,한화,두산,한밭,10225
2023,2023-08-02,수,롯데,NC,사직,11444
2023,2023-08-02,수,KT,SSG,수원,7780
2023,2023-08-02,수,LG,키움,잠실,11740
2023,2023-08-02,수,삼성,KIA,포항,6477
2023,2023-08-02,수,한화,두산,한밭,9011
2023,2023-08-03,목,롯데,NC,사직,10162
2023,2023-08-03,목,KT,SSG,수원,7521
2023,2023-08-03,목,LG,키움,잠실,12179
2023,2023-08-03,목,삼성,KIA,포항,6357
2023,2023-08-03,목,한화,두산,한밭,9024
2023,2023-08-04,금,KIA,한화,광주,11495
2023,2023-08-04,금,삼성,LG,대구,10856
2023,2023-08-04,금,롯데,SSG,사직,8545
2023,2023-08-04,금,두산,KT,잠실,6358
2023,2023-08-04,금,NC,키움,창원,5107
2023,2023-08-05,토,KIA,한화,광주,13487
2023,2023-08-05,토,삼성,LG,대구,15879
2023,2023-08-05,토,롯데,SSG,사직,10670
2023,2023-08-05,토,두산,KT,잠실,8847
2023,2023-08-05,토,NC,키움,창원,8244
2023,2023-08-06,일,KIA,한화,광주,10125
2023,2023-08-06,일,삼성,LG,대구,11446
2023,2023-08-06,일,롯데,SSG,사직,8162
2023,2023-08-06,일,두산,KT,잠실,6744
2023,2023-08-06,일,NC,키움,창원,6583
2023,2023-08-08,화,키움,롯데,고척,8376
2023,2023-08-08,화,SSG,NC,문학,8131
2023,2023-08-08,화,KT,한화,수원,9704
2023,2023-08-08,화,두산,삼성,잠실,8519
2023,2023-08-09,수,키움,롯데,고척,7424
2023,2023-08-09,수,KIA,LG,광주,3700
2023,2023-08-09,수,SSG,NC,문학,6473
2023,2023-08-09,수,KT,한화,수원,10099
2023,2023-08-09,수,두산,삼성,잠실,8344
2023,2023-08-10,목,키움,롯데,고척,6240
2023,2023-08-11,금,SSG,삼성,문학,7495
2023,2023-08-11,금,롯데,KIA,사직,10118
2023,2023-08-11,금,KT,NC,수원,5969
2023,2023-08-11,금,LG,키움,잠실,11910
2023,2023-08-11,금,한화,두산,한밭,7333
2023,2023-08-12,토,SSG,삼성,문학,18055
2023,2023-08-12,토,롯데,KIA,사직,16677
2023,2023-08-12,토,KT,NC,수원,10138
2023,2023-08-12,토,LG,키움,잠실,17624
2023,2023-08-12,토,한화,두산,한밭,12000
2023,2023-08-13,일,SSG,삼성,문학,16473
2023,2023-08-13,일,롯데,KIA,사직,14325
2023,2023-08-13,일,KT,NC,수원,9736
2023,2023-08-13,일,LG,키움,잠실,18279
2023,2023-08-13,일,한화,두산,한밭,11007
2023,2023-08-15,화,KIA,키움,광주,11541
2023,2023-08-15,화,삼성,LG,대구,14248
2023,2023-08-15,화,롯데,SSG,사직,11871
2023,2023-08-15,화,두산,KT,잠실,11069
2023,2023-08-15,화,NC,한화,창원,10116
2023,2023-08-16,수,KIA,키움,광주,7050
2023,2023-08-16,수,삼성,LG,대구,7441
2023,2023-08-16,수,롯데,SSG,사직,10542
2023,2023-08-16,수,두산,KT,잠실,5160
2023,2023-08-16,수,NC,한화,창원,5033
2023,2023-08-17,목,KIA,키움,광주,6159
2023,2023-08-17,목,삼성,LG,대구,7415
2023,2023-08-17,목,롯데,SSG,사직,9843
2023,2023-08-17,목,두산,KT,잠실,4943
2023,2023-08-17,목,NC,한화,창원,4875
2023,2023-08-18,금,키움,롯데,고척,8817
2023,2023-08-18,금,삼성,KIA,대구,10630
2023,2023-08-18,금,SSG,LG,문학,14549
2023,2023-08-18,금,한화,KT,한밭,7003
2023,2023-08-19,토,키움,롯데,고척,13423
2023,2023-08-19,토,삼성,KIA,대구,17448
2023,2023-08-19,토,SSG,LG,문학,23000
2023,2023-08-19,토,두산,NC,잠실,12240
2023,2023-08-19,토,한화,KT,한밭,11606
2023,2023-08-20,일,키움,롯데,고척,12545
2023,2023-08-20,일,삼성,KIA,대구,12586
2023,2023-08-20,일,SSG,LG,문학,18441
2023,2023-08-20,일,두산,NC,잠실,8286
2023,2023-08-20,일,한화,KT,한밭,8762
2023,2023-08-22,화,키움,두산,고척,6455
2023,2023-08-22,화,KT,KIA,수원,7916
2023,2023-08-22,화,한화,삼성,한밭,5806
2023,2023-08-23,수,키움,두산,고척,6455
2023,2023-08-24,목,키움,두산,고척,6819
2023,2023-08-24,목,SSG,NC,문학,6683
2023,2023-08-24,목,KT,KIA,수원,9846
2023,2023-08-24,목,LG,롯데,잠실,15547
2023,2023-08-25,금,KIA,한화,광주,8457
2023,2023-08-25,금,삼성,키움,대구,11135
2023,2023-08-25,금,롯데,KT,사직,10709
2023,2023-08-25,금,두산,SSG,잠실,8363
2023,2023-08-25,금,NC,LG,창원,9288
2023,2023-08-26,토,KIA,한화,광주,16812
2023,2023-08-26,토,삼성,키움,대구,17586
2023,2023-08-26,토,롯데,KT,사직,15657
2023,2023-08-26,토,두산,SSG,잠실,15101
2023,2023-08-26,토,NC,LG,창원,13484
2023,2023-08-27,일,KIA,한화,광주,12627
2023,2023-08-27,일,삼성,키움,대구,13461
2023,2023-08-27,일,롯데,KT,사직,10735
2023,2023-08-27,일,두산,SSG,잠실,11300
2023,2023-08-27,일,NC,LG,창원,8771
2023,2023-08-30,수,SSG,키움,문학,7809
2023,2023-08-31,목,KIA,NC,광주,7152
2023,2023-08-31,목,SSG,키움,문학,9780
2023,2023-08-31,목,KT,삼성,수원,8071
2023,2023-08-31,목,LG,두산,잠실,17859
2023,2023-08-31,목,한화,롯데,한밭,7179
2023,2023-09-01,금,키움,KT,고척,3746
2023,2023-09-01,금,삼성,NC,대구,12843
2023,2023-09-01,금,SSG,KIA,문학,17281
2023,2023-09-01,금,LG,한화,잠실,20381
2023,2023-09-02,토,키움,KT,고척,6731
2023,2023-09-02,토,삼성,NC,대구,20468
2023,2023-09-02,토,SSG,KIA,문학,23000
2023,2023-09-02,토,LG,한화,잠실,23574
2023,2023-09-03,일,키움,KT,고척,5778
2023,2023-09-03,일,삼성,NC,대구,14601
2023,2023-09-03,일,SSG,KIA,문학,23000
2023,2023-09-03,일,롯데,두산,사직,11436
2023,2023-09-03,일,LG,한화,잠실,22858
2023,2023-09-04,월,롯데,두산,사직,4621
2023,2023-09-05,화,KT,LG,수원,10153
2023,2023-09-05,화,롯데,삼성,울산,5999
2023,2023-09-05,화,NC,키움,창원,3511
2023,2023-09-05,화,한화,SSG,한밭,5124
2023,2023-09-06,수,KT,LG,수원,10075
2023,2023-09-06,수,롯데,삼성,울산,6380
2023,2023-09-06,수,두산,KIA,잠실,20468
2023,2023-09-06,수,NC,키움,창원,4269
2023,2023-09-06,수,한화,SSG,한밭,7213
2023,2023-09-07,목,KT,LG,수원,10799
2023,2023-09-07,목,롯데,삼성,울산,7156
2023,2023-09-07,목,두산,KIA,잠실,21838
2023,2023-09-07,목,NC,키움,창원,4780
2023,2023-09-07,목,한화,SSG,한밭,7236
2023,2023-09-08,금,키움,한화,고척,7715
2023,2023-09-08,금,KIA,LG,광주,12280
2023,2023-09-08,금,KT,SSG,수원,7200
2023,2023-09-08,금,두산,삼성,잠실,15991
2023,2023-09-08,금,NC,롯데,창원,12684
2023,2023-09-09,토,키움,한화,고척,9962
2023,2023-09-09,토,키움,한화,고척,10028
2023,2023-09-09,토,KIA,LG,광주,11820
2023,2023-09-09,토,KIA,LG,광주,18462
2023,2023-09-09,토,KT,SSG,수원,13739
2023,2023-09-09,토,두산,삼성,잠실,14279
2023,2023-09-09,토,두산,삼성,잠실,21514
2023,2023-09-09,토,NC,롯데,창원,10933
2023,2023-09-09,토,NC,롯데,창원,17861
2023,2023-09-10,일,키움,한화,고척,11313
2023,2023-09-10,일,KIA,LG,광주,13948
2023,2023-09-10,일,KT,SSG,수원,11212
2023,2023-09-10,일,두산,삼성,잠실,17467
2023,2023-09-10,일,NC,롯데,창원,13984
2023,2023-09-12,화,삼성,KIA,대구,9037
2023,2023-09-12,화,SSG,KT,문학,10309
2023,2023-09-12,화,롯데,NC,사직,8202
2023,2023-09-12,화,두산,한화,잠실,10169
2023,2023-09-13,수,KIA,롯데,광주,6323
2023,2023-09-13,수,NC,KT,창원,3919
2023,2023-09-14,목,삼성,KT,대구,6850
2023,2023-09-14,목,두산,SSG,잠실,7257
2023,2023-09-15,금,KIA,두산,광주,7350
2023,2023-09-15,금,롯데,키움,사직,6409
2023,2023-09-15,금,NC,삼성,창원,4129
2023,2023-09-15,금,한화,LG,한밭,5724
2023,2023-09-16,토,LG,SSG,잠실,18576
2023,2023-09-17,일,KIA,두산,광주,12878
2023,2023-09-17,일,삼성,롯데,대구,18746
2023,2023-09-17,일,LG,SSG,잠실,15193
2023,2023-09-17,일,LG,SSG,잠실,14237
2023,2023-09-17,일,한화,KT,한밭,7406
2023,2023-09-17,일,한화,KT,한밭,6228
2023,2023-09-18,월,KIA,두산,광주,3482
2023,2023-09-18,월,한화,KT,한밭,3425
2023,2023-09-19,화,KIA,LG,광주,8871
2023,2023-09-19,화,롯데,키움,사직,5523
2023,2023-09-19,화,KT,삼성,수원,7216
2023,2023-09-19,화,두산,NC,잠실,6726
2023,2023-09-19,화,한화,SSG,한밭,4014
2023,2023-09-21,목,키움,NC,고척,5178
2023,2023-09-21,목,삼성,두산,대구,7596
2023,2023-09-21,목,SSG,LG,문학,12353
2023,2023-09-21,목,KT,롯데,수원,7691
2023,2023-09-21,목,한화,KIA,한밭,7747
2023,2023-09-22,금,KIA,KT,광주,10221
2023,2023-09-22,금,삼성,두산,대구,11568
2023,2023-09-22,금,SSG,롯데,문학,11561
2023,2023-09-22,금,LG,NC,잠실,16269
2023,2023-09-22,금,한화,키움,한밭,7088
2023,2023-09-23,토,KIA,KT,광주,13846
2023,2023-09-23,토,SSG,롯데,문학,19725
2023,2023-09-23,토,LG,한화,잠실,22765
2023,2023-09-23,토,NC,두산,창원,11026
2023,2023-09-24,일,KIA,KT,광주,10108
2023,2023-09-24,일,SSG,롯데,문학,16280
2023,2023-09-24,일,LG,한화,잠실,20369
2023,2023-09-24,일,NC,두산,창원,8247
2023,2023-09-26,화,NC,KIA,창원,6945
2023,2023-09-27,수,SSG,두산,문학,6526
2023,2023-09-27,수,SSG,두산,문학,12132
2023,2023-09-27,수,LG,KT,잠실,5656
2023,2023-09-27,수,LG,KT,잠실,14733
2023,2023-09-27,수,NC,KIA,창원,3775
2023,2023-09-27,수,NC,KIA,창원,8190
2023,2023-09-27,수,한화,삼성,한밭,2807
2023,2023-09-27,수,한화,삼성,한밭,7281
2023,2023-09-28,목,키움,SSG,고척,7082
2023,2023-09-28,목,롯데,한화,사직,12227
2023,2023-09-28,목,LG,삼성,잠실,21057
2023,2023-09-28,목,NC,KIA,창원,11864
2023,2023-09-29,금,키움,KIA,고척,14472
2023,2023-09-29,금,롯데,한화,사직,10279
2023,2023-09-29,금,두산,LG,잠실,20951
2023,2023-09-30,토,삼성,NC,대구,24000
2023,2023-09-30,토,SSG,KIA,문학,22191
2023,2023-09-30,토,두산,LG,잠실,23750
2023,2023-10-01,일,SSG,KIA,문학,22701
2023,2023-10-01,일,롯데,삼성,사직,20159
2023,2023-10-01,일,KT,키움,수원,11337
2023,2023-10-01,일,두산,LG,잠실,23750
2023,2023-10-01,일,한화,NC,한밭,11004
2023,2023-10-02,월,롯데,삼성,사직,15868
2023,2023-10-02,월,롯데,삼성,사직,16293
2023,2023-10-02,월,KT,LG,수원,18700
2023,2023-10-02,월,두산,키움,잠실,18050
2023,2023-10-02,월,한화,NC,한밭,12000
2023,2023-10-03,화,SSG,NC,문학,14507
2023,2023-10-03,화,롯데,삼성,사직,13042
2023,2023-10-03,화,KT,KIA,수원,16841
2023,2023-10-03,화,두산,키움,잠실,14588
2023,2023-10-04,수,삼성,한화,대구,12571
2023,2023-10-04,수,SSG,NC,문학,8006
2023,2023-10-04,수,롯데,LG,사직,6970
2023,2023-10-04,수,KT,KIA,수원,3908
2023,2023-10-04,수,KT,KIA,수원,5907
2023,2023-10-05,목,삼성,한화,대구,14483
2023,2023-10-05,목,SSG,NC,문학,9004
2023,2023-10-05,목,롯데,LG,사직,10040
2023,2023-10-05,목,KT,KIA,수원,7264
2023,2023-10-06,금,SSG,한화,문학,15755
2023,2023-10-06,금,KT,삼성,수원,8132
2023,2023-10-06,금,LG,KIA,잠실,23750
2023,2023-10-07,토,키움,LG,고척,13301
2023,2023-10-07,토,KT,한화,수원,15210
2023,2023-10-07,토,두산,롯데,잠실,19916
2023,2023-10-07,토,NC,SSG,창원,13479
2023,2023-10-08,일,KIA,삼성,광주,16005
2023,2023-10-08,일,KT,한화,수원,15197
2023,2023-10-08,일,두산,롯데,잠실,21392
2023,2023-10-08,일,NC,SSG,창원,10073
2023,2023-10-09,월,KIA,삼성,광주,12758
2023,2023-10-09,월,LG,롯데,잠실,22807
2023,2023-10-09,월,NC,한화,창원,8716
2023,2023-10-10,화,키움,삼성,고척,11757
2023,2023-10-10,화,KIA,SSG,광주,8333
2023,2023-10-10,화,KT,두산,수원,10937
2023,2023-10-10,화,LG,롯데,잠실,18521
2023,2023-10-10,화,NC,한화,창원,7342
2023,2023-10-11,수,KIA,키움,광주,3656
2023,2023-10-11,수,롯데,두산,사직,9940
2023,2023-10-12,목,KIA,롯데,광주,4767
2023,2023-10-12,목,두산,NC,잠실,7113
2023,2023-10-13,금,SSG,키움,문학,16783
2023,2023-10-13,금,두산,KIA,잠실,19188
2023,2023-10-13,금,NC,LG,창원,6257
2023,2023-10-14,토,삼성,SSG,대구,24000
2023,2023-10-14,토,LG,두산,잠실,21771
2023,2023-10-14,토,한화,롯데,한밭,9153
2023,2023-10-15,일,LG,두산,잠실,23750
2023,2023-10-15,일,NC,삼성,창원,17861
2023,2023-10-15,일,한화,롯데,한밭,9840
2023,2023-10-16,월,KIA,NC,광주,5251
2023,2023-10-16,월,두산,SSG,잠실,15850
2023,2023-10-16,월,한화,롯데,한밭,12000
2023,2023-10-17,화,KIA,NC,광주,10175
2023,2023-10-17,화,SSG,두산,문학,21007
2024,2024-03-23,토,KIA,키움,광주,20500
2024,2024-03-23,토,SSG,롯데,문학,23000
2024,2024-03-23,토,KT,삼성,수원,18700
2024,2024-03-23,토,LG,한화,잠실,23750
2024,2024-03-23,토,NC,두산,창원,17891
2024,2024-03-24,일,SSG,롯데,문학,23000
2024,2024-03-24,일,KT,삼성,수원,18700
2024,2024-03-24,일,LG,한화,잠실,23750
2024,2024-03-24,일,NC,두산,창원,14555
2024,2024-03-26,화,KIA,롯데,광주,7328
2024,2024-03-26,화,SSG,한화,문학,10541
2024,2024-03-26,화,KT,두산,수원,4378
2024,2024-03-26,화,LG,삼성,잠실,14229
2024,2024-03-26,화,NC,키움,창원,2839
2024,2024-03-27,수,KIA,롯데,광주,8672
2024,2024-03-27,수,SSG,한화,문학,11005
2024,2024-03-27,수,KT,두산,수원,5271
2024,2024-03-27,수,LG,삼성,잠실,18041
2024,2024-03-27,수,NC,키움,창원,3681
2024,2024-03-28,목,SSG,한화,문학,11755
2024,2024-03-28,목,KT,두산,수원,4304
2024,2024-03-28,목,LG,삼성,잠실,13420
2024,2024-03-29,금,키움,LG,고척,8465
2024,2024-03-29,금,삼성,SSG,대구,21479
2024,2024-03-29,금,롯데,NC,사직,21554
2024,2024-03-29,금,두산,KIA,잠실,23750
2024,2024-03-29,금,한화,KT,한밭,12000
2024,2024-03-30,토,키움,LG,고척,13462
2024,2024-03-30,토,삼성,SSG,대구,24000
2024,2024-03-30,토,롯데,NC,사직,22754
2024,2024-03-30,토,두산,KIA,잠실,23750
2024,2024-03-30,토,한화,KT,한밭,12000
2024,2024-03-31,일,키움,LG,고척,11822
2024,2024-03-31,일,삼성,SSG,대구,22886
2024,2024-03-31,일,롯데,NC,사직,21578
2024,2024-03-31,일,두산,KIA,잠실,23750
2024,2024-03-31,일,한화,KT,한밭,12000
2024,2024-04-02,화,삼성,키움,대구,8541
2024,2024-04-02,화,SSG,두산,문학,12379
2024,2024-04-02,화,KT,KIA,수원,9682
2024,2024-04-02,화,LG,NC,잠실,11845
2024,2024-04-02,화,한화,롯데,한밭,12000
2024,2024-04-03,수,SSG,두산,문학,12128
2024,2024-04-03,수,KT,KIA,수원,8050
2024,2024-04-03,수,LG,NC,잠실,10239
2024,2024-04-04,목,삼성,키움,대구,8193
2024,2024-04-04,목,SSG,두산,문학,14249
2024,2024-04-04,목,KT,KIA,수원,10722
2024,2024-04-04,목,LG,NC,잠실,11406
2024,2024-04-04,목,한화,롯데,한밭,12000
2024,2024-04-05,금,키움,한화,고척,16000
2024,2024-04-05,금,KIA,삼성,광주,14233
2024,2024-04-05,금,롯데,두산,사직,12289
2024,2024-04-05,금,LG,KT,잠실,13818
2024,2024-04-05,금,NC,SSG,창원,5452
2024,2024-04-06,토,키움,한화,고척,16000
2024,2024-04-06,토,KIA,삼성,광주,20500
2024,2024-04-06,토,롯데,두산,사직,19208
2024,2024-04-06,토,LG,KT,잠실,21824
2024,2024-04-06,토,NC,SSG,창원,11064
2024,2024-04-07,일,키움,한화,고척,16000
2024,2024-04-07,일,KIA,삼성,광주,20500
2024,2024-04-07,일,롯데,두산,사직,16755
2024,2024-04-07,일,LG,KT,잠실,19249
2024,2024-04-07,일,NC,SSG,창원,8861
2024,2024-04-09,화,KIA,LG,광주,11817
2024,2024-04-09,화,SSG,키움,문학,9468
2024,2024-04-09,화,롯데,삼성,사직,15076
2024,2024-04-09,화,두산,한화,잠실,23598
2024,2024-04-09,화,NC,KT,창원,4918
2024,2024-04-10,수,KIA,LG,광주,20500
2024,2024-04-10,수,SSG,키움,문학,20511
2024,2024-04-10,수,롯데,삼성,사직,22758
2024,2024-04-10,수,두산,한화,잠실,23750
2024,2024-04-10,수,NC,KT,창원,9895
2024,2024-04-11,목,KIA,LG,광주,11475
2024,2024-04-11,목,SSG,키움,문학,7250
2024,2024-04-11,목,롯데,삼성,사직,11628
2024,2024-04-11,목,두산,한화,잠실,22157
2024,2024-04-11,목,NC,KT,창원,3311
2024,2024-04-12,금,키움,롯데,고척,8838
2024,2024-04-12,금,삼성,NC,대구,13104
2024,2024-04-12,금,KT,SSG,수원,6912
2024,2024-04-12,금,두산,LG,잠실,19916
2024,2024-04-12,금,한화,KIA,한밭,12000
2024,2024-04-13,토,키움,롯데,고척,14197
2024,2024-04-13,토,삼성,NC,대구,24000
2024,2024-04-13,토,KT,SSG,수원,13995
2024,2024-04-13,토,두산,LG,잠실,23750
2024,2024-04-13,토,한화,KIA,한밭,12000
2024,2024-04-14,일,키움,롯데,고척,12333
2024,2024-04-14,일,삼성,NC,대구,20667
2024,2024-04-14,일,KT,SSG,수원,11280
2024,2024-04-14,일,두산,LG,잠실,22586
2024,2024-04-14,일,한화,KIA,한밭,12000
2024,2024-04-16,화,키움,KT,고척,2877
2024,2024-04-16,화,삼성,두산,대구,7793
2024,2024-04-16,화,SSG,KIA,문학,12712
2024,2024-04-16,화,LG,롯데,잠실,16635
2024,2024-04-16,화,NC,한화,창원,4658
2024,2024-04-17,수,키움,KT,고척,3272
2024,2024-04-17,수,삼성,두산,대구,8393
2024,2024-04-17,수,SSG,KIA,문학,16062
2024,2024-04-17,수,LG,롯데,잠실,16509
2024,2024-04-17,수,NC,한화,창원,9921
2024,2024-04-18,목,키움,KT,고척,2901
2024,2024-04-18,목,삼성,두산,대구,8697
2024,2024-04-18,목,SSG,KIA,문학,14263
2024,2024-04-18,목,LG,롯데,잠실,18200
2024,2024-04-19,금,KIA,NC,광주,16889
2024,2024-04-19,금,SSG,LG,문학,14097
2024,2024-04-19,금,롯데,KT,사직,10636
2024,2024-04-19,금,두산,키움,잠실,10649
2024,2024-04-19,금,한화,삼성,한밭,12000
2024,2024-04-20,토,KIA,NC,광주,17462
2024,2024-04-20,토,한화,삼성,한밭,12000
2024,2024-04-21,일,KIA,NC,광주,20500
2024,2024-04-21,일,SSG,LG,문학,19858
2024,2024-04-21,일,SSG,LG,문학,9656
2024,2024-04-21,일,롯데,KT,사직,14423
2024,2024-04-21,일,롯데,KT,사직,7582
2024,2024-04-21,일,두산,키움,잠실,13745
2024,2024-04-21,일,두산,키움,잠실,6197
2024,2024-04-21,일,한화,삼성,한밭,12000
2024,2024-04-23,화,키움,KIA,고척,10205
2024,2024-04-23,화,삼성,LG,대구,7494
2024,2024-04-23,화,KT,한화,수원,10887
2024,2024-04-23,화,두산,NC,잠실,5664
2024,2024-04-24,수,키움,KIA,고척,11048
2024,2024-04-24,수,삼성,LG,대구,10159
2024,2024-04-24,수,롯데,SSG,사직,8499
2024,2024-04-24,수,KT,한화,수원,12538
2024,2024-04-24,수,두산,NC,잠실,6444
2024,2024-04-25,목,키움,KIA,고척,13287
2024,2024-04-25,목,삼성,LG,대구,12012
2024,2024-04-25,목,롯데,SSG,사직,10518
2024,2024-04-25,목,KT,한화,수원,11247
2024,2024-04-25,목,두산,NC,잠실,7385
2024,2024-04-26,금,키움,삼성,고척,9519
2024,2024-04-26,금,SSG,KT,문학,10075
2024,2024-04-26,금,LG,KIA,잠실,23750
2024,2024-04-26,금,NC,롯데,창원,16573
2024,2024-04-26,금,한화,두산,한밭,12000
2024,2024-04-27,토,키움,삼성,고척,15073
2024,2024-04-27,토,SSG,KT,문학,16957
2024,2024-04-27,토,LG,KIA,잠실,23750
2024,2024-04-27,토,NC,롯데,창원,17891
2024,2024-04-27,토,한화,두산,한밭,12000
2024,2024-04-28,일,키움,삼성,고척,13354
2024,2024-04-28,일,SSG,KT,문학,13196
2024,2024-04-28,일,LG,KIA,잠실,23750
2024,2024-04-28,일,NC,롯데,창원,17891
2024,2024-04-28,일,한화,두산,한밭,12000
2024,2024-04-30,화,KIA,KT,광주,17210
2024,2024-04-30,화,롯데,키움,사직,13376
2024,2024-04-30,화,두산,삼성,잠실,20170
2024,2024-04-30,화,NC,LG,창원,7278
2024,2024-04-30,화,한화,SSG,한밭,12000
2024,2024-05-01,수,KIA,KT,광주,17402
2024,2024-05-01,수,롯데,키움,사직,14791
2024,2024-05-01,수,두산,삼성,잠실,23750
2024,2024-05-01,수,NC,LG,창원,10397
2024,2024-05-01,수,한화,SSG,한밭,12000
2024,2024-05-02,목,KIA,KT,광주,16502
2024,2024-05-02,목,롯데,키움,사직,12569
2024,2024-05-02,목,두산,삼성,잠실,20395
2024,2024-05-02,목,NC,LG,창원,6338
2024,2024-05-02,목,한화,SSG,한밭,10890
2024,2024-05-03,금,KIA,한화,광주,20500
2024,2024-05-03,금,삼성,롯데,대구,24000
2024,2024-05-03,금,SSG,NC,문학,13737
2024,2024-05-03,금,KT,키움,수원,8213
2024,2024-05-03,금,LG,두산,잠실,23750
2024,2024-05-04,토,KIA,한화,광주,20500
2024,2024-05-04,토,삼성,롯데,대구,24000
2024,2024-05-04,토,SSG,NC,문학,22079
2024,2024-05-04,토,KT,키움,수원,14620
2024,2024-05-04,토,LG,두산,잠실,23750
2024,2024-05-07,화,키움,두산,고척,7339
2024,2024-05-07,화,LG,SSG,잠실,13387
2024,2024-05-08,수,키움,두산,고척,6405
2024,2024-05-08,수,삼성,KIA,대구,15421
2024,2024-05-08,수,롯데,한화,사직,11407
2024,2024-05-08,수,KT,NC,수원,4480
2024,2024-05-08,수,LG,SSG,잠실,15699
2024,2024-05-09,목,키움,두산,고척,8658
2024,2024-05-09,목,삼성,KIA,대구,16769
2024,2024-05-09,목,롯데,한화,사직,12774
2024,2024-05-09,목,KT,NC,수원,6369
2024,2024-05-09,목,LG,SSG,잠실,16823
2024,2024-05-10,금,KIA,SSG,광주,18895
2024,2024-05-10,금,롯데,LG,사직,15731
2024,2024-05-10,금,두산,KT,잠실,13013
2024,2024-05-10,금,NC,삼성,창원,12438
2024,2024-05-10,금,한화,키움,한밭,12000
2024,2024-05-11,토,롯데,LG,사직,22758
2024,2024-05-11,토,NC,삼성,창원,17891
2024,2024-05-11,토,한화,키움,한밭,12000
2024,2024-05-12,일,KIA,SSG,광주,20500
2024,2024-05-12,일,KIA,SSG,광주,12743
2024,2024-05-12,일,롯데,LG,사직,18914
2024,2024-05-12,일,두산,KT,잠실,16308
2024,2024-05-12,일,두산,KT,잠실,9026
2024,2024-05-12,일,NC,삼성,창원,16181
2024,2024-05-12,일,한화,키움,한밭,12000
2024,2024-05-14,화,KIA,두산,광주,18675
2024,2024-05-14,화,SSG,삼성,문학,16595
2024,2024-05-14,화,KT,롯데,수원,10120
2024,2024-05-14,화,LG,키움,잠실,18479
2024,2024-05-14,화,한화,NC,한밭,12000
2024,2024-05-15,수,KIA,두산,광주,20500
2024,2024-05-15,수,한화,NC,한밭,12000
2024,2024-05-16,목,KIA,두산,광주,15996
2024,2024-05-16,목,SSG,삼성,문학,13791
2024,2024-05-16,목,KT,롯데,수원,8312
2024,2024-05-16,목,LG,키움,잠실,15054
2024,2024-05-16,목,한화,NC,한밭,9522
2024,2024-05-17,금,키움,SSG,고척,9806
2024,2024-05-17,금,삼성,한화,대구,24000
2024,2024-05-17,금,KT,LG,수원,11374
2024,2024-05-17,금,두산,롯데,잠실,23750
2024,2024-05-17,금,NC,KIA,창원,12280
2024,2024-05-18,토,키움,SSG,고척,12133
2024,2024-05-18,토,삼성,한화,대구,24000
2024,2024-05-18,토,KT,LG,수원,18700
2024,2024-05-18,토,두산,롯데,잠실,23750
2024,2024-05-18,토,NC,KIA,창원,17891
2024,2024-05-19,일,키움,SSG,고척,10049
2024,2024-05-19,일,삼성,한화,대구,24000
2024,2024-05-19,일,KT,LG,수원,15912
2024,2024-05-19,일,두산,롯데,잠실,23750
2024,2024-05-19,일,NC,KIA,창원,16253
2024,2024-05-21,화,키움,NC,고척,3940
2024,2024-05-21,화,삼성,KT,대구,13360
2024,2024-05-21,화,롯데,KIA,사직,14006
2024,2024-05-21,화,두산,SSG,잠실,13917
2024,2024-05-21,화,한화,LG,한밭,9335
2024,2024-05-22,수,키움,NC,고척,4337
2024,2024-05-22,수,삼성,KT,대구,13232
2024,2024-05-22,수,롯데,KIA,사직,14062
2024,2024-05-22,수,두산,SSG,잠실,12642
2024,2024-05-22,수,한화,LG,한밭,9044
2024,2024-05-23,목,키움,NC,고척,3897
2024,2024-05-23,목,삼성,KT,대구,13291
2024,2024-05-23,목,롯데,KIA,사직,15844
2024,2024-05-23,목,두산,SSG,잠실,12131
2024,2024-05-23,목,한화,LG,한밭,10008
2024,2024-05-24,금,KIA,두산,광주,20500
2024,2024-05-24,금,SSG,한화,문학,22451
2024,2024-05-24,금,롯데,삼성,사직,20577
2024,2024-05-24,금,KT,키움,수원,6867
2024,2024-05-24,금,LG,NC,잠실,18551
2024,2024-05-25,토,KIA,두산,광주,20500
2024,2024-05-25,토,SSG,한화,문학,23000
2024,2024-05-25,토,롯데,삼성,사직,22758
2024,2024-05-25,토,KT,키움,수원,12425
2024,2024-05-25,토,LG,NC,잠실,22261
2024,2024-05-26,일,KIA,두산,광주,20500
2024,2024-05-26,일,롯데,삼성,사직,22758
2024,2024-05-26,일,LG,NC,잠실,17692
2024,2024-05-28,화,삼성,키움,대구,10884
2024,2024-05-28,화,SSG,LG,문학,14116
2024,2024-05-28,화,두산,KT,잠실,8459
2024,2024-05-28,화,NC,KIA,창원,8024
2024,2024-05-28,화,한화,롯데,한밭,11168
2024,2024-05-29,수,삼성,키움,대구,15080
2024,2024-05-29,수,SSG,LG,문학,14413
2024,2024-05-29,수,두산,KT,잠실,8811
2024,2024-05-29,수,NC,KIA,창원,7994
2024,2024-05-29,수,한화,롯데,한밭,10807
2024,2024-05-30,목,삼성,키움,대구,12748
2024,2024-05-30,목,SSG,LG,문학,15902
2024,2024-05-30,목,두산,KT,잠실,7915
2024,2024-05-30,목,NC,KIA,창원,7349
2024,2024-05-30,목,한화,롯데,한밭,11405
2024,2024-05-31,금,키움,SSG,고척,5680
2024,2024-05-31,금,KIA,KT,광주,20500
2024,2024-05-31,금,삼성,한화,대구,24000
2024,2024-05-31,금,롯데,NC,사직,17760
2024,2024-05-31,금,두산,LG,잠실,23750
2024,2024-06-01,토,키움,SSG,고척,10462
2024,2024-06-01,토,KIA,KT,광주,20500
2024,2024-06-01,토,삼성,한화,대구,24000
2024,2024-06-01,토,롯데,NC,사직,22758
2024,2024-06-01,토,두산,LG,잠실,23750
2024,2024-06-02,일,키움,SSG,고척,8745
2024,2024-06-02,일,KIA,KT,광주,20500
2024,2024-06-02,일,삼성,한화,대구,24000
2024,2024-06-02,일,롯데,NC,사직,21896
2024,2024-06-02,일,두산,LG,잠실,23750
2024,2024-06-04,화,KIA,롯데,광주,16158
2024,2024-06-04,화,SSG,삼성,문학,10135
2024,2024-06-04,화,KT,한화,수원,11426
2024,2024-06-04,화,LG,키움,잠실,14490
2024,2024-06-04,화,NC,두산,창원,5448
2024,2024-06-05,수,KIA,롯데,광주,19045
2024,2024-06-05,수,SSG,삼성,문학,14532
2024,2024-06-05,수,KT,한화,수원,14626
2024,2024-06-05,수,LG,키움,잠실,16681
2024,2024-06-05,수,NC,두산,창원,9892
2024,2024-06-06,목,KIA,롯데,광주,20500
2024,2024-06-06,목,SSG,삼성,문학,23000
2024,2024-06-06,목,KT,한화,수원,18700
2024,2024-06-06,목,LG,키움,잠실,23750
2024,2024-06-06,목,NC,두산,창원,14517
2024,2024-06-07,금,키움,삼성,고척,12636
2024,2024-06-07,금,롯데,SSG,사직,20678
2024,2024-06-07,금,KT,LG,수원,13154
2024,2024-06-07,금,두산,KIA,잠실,23750
2024,2024-06-07,금,한화,NC,한밭,12000
2024,2024-06-08,토,키움,삼성,고척,16000
2024,2024-06-08,토,KT,LG,수원,18700
2024,2024-06-08,토,두산,KIA,잠실,23750
2024,2024-06-08,토,한화,NC,한밭,12000
2024,2024-06-09,일,키움,삼성,고척,13509
2024,2024-06-09,일,롯데,SSG,사직,13700
2024,2024-06-09,일,롯데,SSG,사직,22758
2024,2024-06-09,일,KT,LG,수원,13642
2024,2024-06-09,일,두산,KIA,잠실,23750
2024,2024-06-09,일,한화,NC,한밭,12000
2024,2024-06-11,화,삼성,LG,대구,12436
2024,2024-06-11,화,SSG,KIA,문학,16007
2024,2024-06-11,화,롯데,키움,사직,9948
2024,2024-06-11,화,두산,한화,잠실,18475
2024,2024-06-11,화,NC,KT,창원,4279
2024,2024-06-12,수,삼성,LG,대구,13511
2024,2024-06-12,수,SSG,KIA,문학,16483
2024,2024-06-12,수,롯데,키움,사직,11390
2024,2024-06-12,수,두산,한화,잠실,21630
2024,2024-06-12,수,NC,KT,창원,4123
2024,2024-06-13,목,삼성,LG,대구,14485
2024,2024-06-13,목,SSG,KIA,문학,18290
2024,2024-06-13,목,롯데,키움,사직,11941
2024,2024-06-13,목,두산,한화,잠실,20253
2024,2024-06-13,목,NC,KT,창원,3764
2024,2024-06-14,금,키움,두산,고척,8680
2024,2024-06-14,금,KT,KIA,수원,18420
2024,2024-06-14,금,LG,롯데,잠실,23750
2024,2024-06-14,금,NC,삼성,창원,12394
2024,2024-06-14,금,한화,SSG,한밭,12000
2024,2024-06-15,토,키움,두산,고척,13954
2024,2024-06-15,토,KT,KIA,수원,18700
2024,2024-06-15,토,LG,롯데,잠실,23750
2024,2024-06-15,토,NC,삼성,창원,17891
2024,2024-06-15,토,한화,SSG,한밭,12000
2024,2024-06-16,일,키움,두산,고척,13184
2024,2024-06-16,일,KT,KIA,수원,18700
2024,2024-06-16,일,LG,롯데,잠실,23750
2024,2024-06-16,일,NC,삼성,창원,12860
2024,2024-06-16,일,한화,SSG,한밭,12000
2024,2024-06-18,화,KIA,LG,광주,18131
2024,2024-06-18,화,삼성,SSG,대구,10426
2024,2024-06-18,화,KT,롯데,수원,8491
2024,2024-06-18,화,두산,NC,잠실,9026
2024,2024-06-18,화,한화,키움,청주,9000
2024,2024-06-19,수,KIA,LG,광주,15056
2024,2024-06-19,수,삼성,SSG,대구,11488
2024,2024-06-19,수,KT,롯데,수원,9106
2024,2024-06-19,수,두산,NC,잠실,11984
2024,2024-06-19,수,한화,키움,청주,9000
2024,2024-06-20,목,KIA,LG,광주,14009
2024,2024-06-20,목,삼성,SSG,대구,13024
2024,2024-06-20,목,KT,롯데,수원,10496
2024,2024-06-20,목,두산,NC,잠실,10909
2024,2024-06-20,목,한화,키움,청주,9000
2024,2024-06-21,금,키움,롯데,고척,11974
2024,2024-06-21,금,KIA,한화,광주,20500
2024,2024-06-21,금,삼성,두산,대구,24000
2024,2024-06-21,금,SSG,NC,문학,13560
2024,2024-06-21,금,LG,KT,잠실,15537
2024,2024-06-22,토,키움,롯데,고척,16000
2024,2024-06-22,토,SSG,NC,문학,19789
2024,2024-06-23,일,키움,롯데,고척,16000
2024,2024-06-23,일,KIA,한화,광주,19085
2024,2024-06-23,일,KIA,한화,광주,18860
2024,2024-06-23,일,삼성,두산,대구,20680
2024,2024-06-23,일,삼성,두산,대구,24000
2024,2024-06-23,일,SSG,NC,문학,17200
2024,2024-06-23,일,LG,KT,잠실,11417
2024,2024-06-23,일,LG,KT,잠실,15418
2024,2024-06-25,화,키움,NC,고척,5159
2024,2024-06-25,화,SSG,KT,문학,9629
2024,2024-06-25,화,롯데,KIA,사직,19110
2024,2024-06-25,화,LG,삼성,잠실,21989
2024,2024-06-25,화,한화,두산,한밭,11556
2024,2024-06-26,수,키움,NC,고척,4698
2024,2024-06-26,수,SSG,KT,문학,10229
2024,2024-06-26,수,롯데,KIA,사직,19755
2024,2024-06-26,수,LG,삼성,잠실,23281
2024,2024-06-26,수,한화,두산,한밭,11564
2024,2024-06-27,목,키움,NC,고척,4726
2024,2024-06-27,목,SSG,KT,문학,10684
2024,2024-06-27,목,롯데,KIA,사직,12867
2024,2024-06-27,목,LG,삼성,잠실,22114
2024,2024-06-27,목,한화,두산,한밭,11128
2024,2024-06-28,금,KIA,키움,광주,18601
2024,2024-06-28,금,롯데,한화,사직,22758
2024,2024-06-28,금,KT,삼성,수원,14678
2024,2024-06-28,금,두산,SSG,잠실,17367
2024,2024-06-28,금,NC,LG,창원,13506
2024,2024-06-29,토,두산,SSG,잠실,20020
2024,2024-06-30,일,KT,삼성,수원,8357
2024,2024-06-30,일,KT,삼성,수원,12253
2024,2024-06-30,일,두산,SSG,잠실,13985
2024,2024-06-30,일,NC,LG,창원,6991
2024,2024-07-02,화,키움,LG,고척,10185
2024,2024-07-02,화,삼성,KIA,대구,13230
2024,2024-07-02,화,한화,KT,한밭,6794
2024,2024-07-03,수,키움,LG,고척,11135
2024,2024-07-03,수,삼성,KIA,대구,17472
2024,2024-07-03,수,두산,롯데,잠실,19727
2024,2024-07-03,수,NC,SSG,창원,6384
2024,2024-07-03,수,한화,KT,한밭,9009
2024,2024-07-04,목,키움,LG,고척,12819
2024,2024-07-04,목,삼성,KIA,대구,17093
2024,2024-07-04,목,두산,롯데,잠실,19372
2024,2024-07-04,목,NC,SSG,창원,6587
2024,2024-07-04,목,한화,KT,한밭,8330
2024,2024-07-09,화,키움,한화,고척,14981
2024,2024-07-09,화,SSG,롯데,문학,10051
2024,2024-07-09,화,LG,KIA,잠실,22038
2024,2024-07-10,수,키움,한화,고척,15096
2024,2024-07-10,수,삼성,NC,대구,12507
2024,2024-07-10,수,SSG,롯데,문학,14381
2024,2024-07-10,수,KT,두산,수원,8079
2024,2024-07-10,수,LG,KIA,잠실,23750
2024,2024-07-11,목,키움,한화,고척,15205
2024,2024-07-11,목,삼성,NC,대구,15075
2024,2024-07-11,목,SSG,롯데,문학,15842
2024,2024-07-11,목,KT,두산,수원,10182
2024,2024-07-11,목,LG,KIA,잠실,23750
2024,2024-07-12,금,KIA,SSG,광주,17755
2024,2024-07-12,금,롯데,KT,사직,21545
2024,2024-07-12,금,두산,삼성,잠실,22279
2024,2024-07-12,금,NC,키움,창원,8579
2024,2024-07-12,금,한화,LG,한밭,12000
2024,2024-07-13,토,KIA,SSG,광주,20500
2024,2024-07-13,토,롯데,KT,사직,22758
2024,2024-07-13,토,두산,삼성,잠실,23750
2024,2024-07-13,토,NC,키움,창원,11282
2024,2024-07-13,토,한화,LG,한밭,12000
2024,2024-07-14,일,KIA,SSG,광주,15444
2024,2024-07-14,일,두산,삼성,잠실,23750
2024,2024-07-14,일,한화,LG,한밭,12000
2024,2024-07-16,화,키움,KT,고척,5851
2024,2024-07-16,화,롯데,두산,울산,7833
2024,2024-07-17,수,키움,KT,고척,5085
2024,2024-07-17,수,KIA,삼성,광주,13904
2024,2024-07-17,수,롯데,두산,울산,9354
2024,2024-07-17,수,LG,SSG,잠실,11773
2024,2024-07-17,수,NC,한화,창원,6870
2024,2024-07-18,목,키움,KT,고척,5040
2024,2024-07-18,목,KIA,삼성,광주,11429
2024,2024-07-18,목,롯데,두산,울산,9102
2024,2024-07-18,목,NC,한화,창원,7550
2024,2024-07-19,금,삼성,롯데,대구,24000
2024,2024-07-19,금,SSG,키움,문학,12715
2024,2024-07-19,금,KT,NC,수원,7650
2024,2024-07-19,금,LG,두산,잠실,23750
2024,2024-07-19,금,한화,KIA,한밭,12000
2024,2024-07-20,토,삼성,롯데,대구,24000
2024,2024-07-20,토,한화,KIA,한밭,12000
2024,2024-07-21,일,삼성,롯데,대구,24000
2024,2024-07-21,일,SSG,키움,문학,15369
2024,2024-07-21,일,KT,NC,수원,9188
2024,2024-07-21,일,LG,두산,잠실,23211
2024,2024-07-21,일,한화,KIA,한밭,12000
2024,2024-07-23,화,KIA,NC,광주,13756
2024,2024-07-23,화,롯데,LG,사직,18416
2024,2024-07-23,화,두산,키움,잠실,7292
2024,2024-07-23,화,한화,삼성,한밭,11501
2024,2024-07-24,수,KIA,NC,광주,13308
2024,2024-07-24,수,KT,SSG,수원,6449
2024,2024-07-24,수,두산,키움,잠실,8887
2024,2024-07-24,수,한화,삼성,한밭,11882
2024,2024-07-25,목,KIA,NC,광주,14130
2024,2024-07-25,목,롯데,LG,사직,20322
2024,2024-07-25,목,KT,SSG,수원,7067
2024,2024-07-25,목,두산,키움,잠실,19145
2024,2024-07-26,금,키움,KIA,고척,16000
2024,2024-07-26,금,삼성,KT,대구,21891
2024,2024-07-26,금,SSG,두산,문학,15006
2024,2024-07-26,금,NC,롯데,창원,17891
2024,2024-07-27,토,키움,KIA,고척,16000
2024,2024-07-27,토,삼성,KT,대구,24000
2024,2024-07-27,토,SSG,두산,문학,19448
2024,2024-07-27,토,NC,롯데,창원,17891
2024,2024-07-28,일,키움,KIA,고척,16000
2024,2024-07-28,일,삼성,KT,대구,23104
2024,2024-07-28,일,SSG,두산,문학,17619
2024,2024-07-28,일,LG,한화,잠실,23750
2024,2024-07-28,일,NC,롯데,창원,17891
2024,2024-07-30,화,키움,NC,고척,6925
2024,2024-07-30,화,KIA,두산,광주,20500
2024,2024-07-30,화,SSG,롯데,문학,17550
2024,2024-07-30,화,KT,한화,수원,14210
2024,2024-07-30,화,LG,삼성,잠실,22946
2024,2024-07-31,수,키움,NC,고척,6918
2024,2024-07-31,수,KIA,두산,광주,18693
2024,2024-07-31,수,SSG,롯데,문학,17563
2024,2024-07-31,수,KT,한화,수원,14988
2024,2024-07-31,수,LG,삼성,잠실,23409
2024,2024-08-01,목,키움,NC,고척,7306
2024,2024-08-01,목,KIA,두산,광주,20500
2024,2024-08-01,목,SSG,롯데,문학,18828
2024,2024-08-01,목,KT,한화,수원,15197
2024,2024-08-01,목,LG,삼성,잠실,23315
2024,2024-08-02,금,삼성,SSG,대구,22336
2024,2024-08-02,금,두산,키움,잠실,13209
2024,2024-08-02,금,NC,KT,창원,9845
2024,2024-08-02,금,한화,KIA,한밭,12000
2024,2024-08-03,토,삼성,SSG,대구,24000
2024,2024-08-03,토,롯데,LG,울산,9914
2024,2024-08-03,토,두산,키움,잠실,15527
2024,2024-08-03,토,한화,KIA,한밭,12000
2024,2024-08-04,일,삼성,SSG,대구,20416
2024,2024-08-04,일,NC,KT,창원,9568
2024,2024-08-06,화,키움,SSG,고척,8356
2024,2024-08-06,화,KIA,KT,광주,14457
2024,2024-08-06,화,삼성,한화,대구,16288
2024,2024-08-06,화,롯데,NC,사직,17068
2024,2024-08-06,화,두산,LG,잠실,17065
2024,2024-08-07,수,키움,SSG,고척,7792
2024,2024-08-07,수,KIA,KT,광주,11625
2024,2024-08-07,수,삼성,한화,대구,17114
2024,2024-08-07,수,롯데,NC,사직,18425
2024,2024-08-07,수,두산,LG,잠실,15883
2024,2024-08-08,목,키움,SSG,고척,8000
2024,2024-08-08,목,KIA,KT,광주,11011
2024,2024-08-08,목,삼성,한화,대구,18367
2024,2024-08-08,목,두산,LG,잠실,16321
2024,2024-08-09,금,KIA,삼성,광주,18448
2024,2024-08-09,금,SSG,두산,문학,12451
2024,2024-08-09,금,KT,롯데,수원,11534
2024,2024-08-09,금,LG,NC,잠실,14131
2024,2024-08-09,금,한화,키움,한밭,11302
2024,2024-08-10,토,SSG,두산,문학,19796
2024,2024-08-10,토,KT,롯데,수원,18700
2024,2024-08-10,토,LG,NC,잠실,19151
2024,2024-08-10,토,한화,키움,한밭,12000
2024,2024-08-11,일,KIA,삼성,광주,20500
2024,2024-08-11,일,SSG,두산,문학,16151
2024,2024-08-11,일,KT,롯데,수원,13805
2024,2024-08-11,일,LG,NC,잠실,18902
2024,2024-08-11,일,한화,키움,한밭,12000
2024,2024-08-13,화,키움,KIA,고척,16000
2024,2024-08-13,화,삼성,KT,대구,15109
2024,2024-08-13,화,NC,SSG,창원,5121
2024,2024-08-13,화,한화,LG,한밭,11748
2024,2024-08-14,수,키움,KIA,고척,16000
2024,2024-08-14,수,삼성,KT,대구,20435
2024,2024-08-14,수,두산,롯데,잠실,21337
2024,2024-08-14,수,한화,LG,한밭,11884
2024,2024-08-15,목,키움,KIA,고척,16000
2024,2024-08-15,목,삼성,KT,대구,24000
2024,2024-08-15,목,두산,롯데,잠실,23750
2024,2024-08-15,목,NC,SSG,창원,10389
2024,2024-08-15,목,한화,LG,한밭,12000
2024,2024-08-16,금,SSG,한화,문학,21057
2024,2024-08-16,금,롯데,키움,사직,21181
2024,2024-08-16,금,KT,두산,수원,11443
2024,2024-08-16,금,LG,KIA,잠실,23750
2024,2024-08-16,금,NC,삼성,창원,10580
2024,2024-08-17,토,SSG,한화,문학,23000
2024,2024-08-17,토,롯데,키움,사직,22758
2024,2024-08-17,토,KT,두산,수원,16427
2024,2024-08-17,토,LG,KIA,잠실,23750
2024,2024-08-17,토,NC,삼성,창원,17891
2024,2024-08-18,일,SSG,한화,문학,22545
2024,2024-08-18,일,롯데,키움,사직,20740
2024,2024-08-18,일,KT,두산,수원,12164
2024,2024-08-18,일,LG,KIA,잠실,23750
2024,2024-08-18,일,NC,삼성,창원,12328
2024,2024-08-20,화,KT,키움,수원,5858
2024,2024-08-20,화,LG,SSG,잠실,12736
2024,2024-08-20,화,한화,NC,청주,8429
2024,2024-08-20,화,삼성,두산,포항,10064
2024,2024-08-21,수,KIA,롯데,광주,12625
2024,2024-08-21,수,KT,키움,수원,6288
2024,2024-08-21,수,LG,SSG,잠실,12008
2024,2024-08-21,수,한화,NC,청주,8102
2024,2024-08-21,수,삼성,두산,포항,10268
2024,2024-08-22,목,KIA,롯데,광주,12693
2024,2024-08-22,목,KT,키움,수원,6181
2024,2024-08-22,목,LG,SSG,잠실,11917
2024,2024-08-23,금,키움,LG,고척,13852
2024,2024-08-23,금,삼성,롯데,대구,24000
2024,2024-08-23,금,SSG,KT,문학,10972
2024,2024-08-23,금,두산,한화,잠실,23750
2024,2024-08-23,금,NC,KIA,창원,13524
2024,2024-08-24,토,키움,LG,고척,16000
2024,2024-08-24,토,삼성,롯데,대구,24000
2024,2024-08-24,토,SSG,KT,문학,17053
2024,2024-08-24,토,두산,한화,잠실,23750
2024,2024-08-24,토,NC,KIA,창원,16489
2024,2024-08-25,일,키움,LG,고척,16000
2024,2024-08-25,일,삼성,롯데,대구,24000
2024,2024-08-25,일,SSG,KT,문학,16595
2024,2024-08-25,일,두산,한화,잠실,23750
2024,2024-08-25,일,NC,KIA,창원,11712
2024,2024-08-27,화,키움,삼성,고척,14421
2024,2024-08-27,화,KIA,SSG,광주,13038
2024,2024-08-27,화,롯데,한화,사직,18113
2024,2024-08-27,화,LG,KT,잠실,12678
2024,2024-08-27,화,NC,두산,창원,4814
2024,2024-08-28,수,키움,삼성,고척,13929
2024,2024-08-28,수,KIA,SSG,광주,13155
2024,2024-08-28,수,롯데,한화,사직,22758
2024,2024-08-28,수,LG,KT,잠실,13848
2024,2024-08-28,수,NC,두산,창원,5869
2024,2024-08-29,목,키움,삼성,고척,14903
2024,2024-08-29,목,KIA,SSG,광주,12931
2024,2024-08-29,목,롯데,한화,사직,19434
2024,2024-08-29,목,LG,KT,잠실,13832
2024,2024-08-29,목,NC,두산,창원,5985
2024,2024-08-30,금,키움,롯데,고척,15073
2024,2024-08-30,금,KT,LG,수원,12128
2024,2024-08-31,토,삼성,KIA,대구,24000
2024,2024-08-31,토,SSG,NC,문학,17039
2024,2024-08-31,토,두산,롯데,잠실,23750
2024,2024-08-31,토,한화,KT,한밭,12000
2024,2024-09-01,일,삼성,KIA,대구,24000
2024,2024-09-01,일,SSG,NC,문학,13039
2024,2024-09-01,일,두산,롯데,잠실,23750
2024,2024-09-03,화,KIA,LG,광주,13089
2024,2024-09-03,화,삼성,롯데,대구,24000
2024,2024-09-03,화,NC,키움,창원,3394
2024,2024-09-03,화,한화,두산,한밭,12000
2024,2024-09-04,수,KIA,한화,광주,15328
2024,2024-09-04,수,삼성,두산,대구,24000
2024,2024-09-04,수,롯데,KT,사직,14041
2024,2024-09-04,수,LG,SSG,잠실,13229
2024,2024-09-04,수,NC,키움,창원,4956
2024,2024-09-05,목,KIA,한화,광주,16083
2024,2024-09-05,목,롯데,KT,사직,15864
2024,2024-09-05,목,LG,SSG,잠실,12115
2024,2024-09-05,목,NC,키움,창원,5214
2024,2024-09-06,금,KIA,키움,광주,17103
2024,2024-09-06,금,롯데,삼성,사직,22464
2024,2024-09-06,금,LG,한화,잠실,23750
2024,2024-09-06,금,NC,KT,창원,5868
2024,2024-09-07,토,KIA,키움,광주,20500
2024,2024-09-07,토,삼성,NC,대구,24000
2024,2024-09-07,토,롯데,SSG,사직,22758
2024,2024-09-07,토,KT,두산,수원,18700
2024,2024-09-07,토,LG,한화,잠실,23750
2024,2024-09-08,일,KIA,키움,광주,20500
2024,2024-09-08,일,삼성,NC,대구,24000
2024,2024-09-08,일,롯데,SSG,사직,18116
2024,2024-09-08,일,LG,한화,잠실,23750
2024,2024-09-10,화,키움,두산,고척,13822
2024,2024-09-10,화,SSG,한화,문학,19109
2024,2024-09-10,화,KT,NC,수원,6721
2024,2024-09-10,화,LG,롯데,잠실,23750
2024,2024-09-11,수,SSG,롯데,문학,16051
2024,2024-09-11,수,KT,NC,수원,5815
2024,2024-09-11,수,LG,키움,잠실,13393
2024,2024-09-11,수,한화,삼성,한밭,11670
2024,2024-09-12,목,KIA,롯데,광주,20500
2024,2024-09-12,목,KT,NC,수원,5962
2024,2024-09-12,목,한화,삼성,한밭,11719
2024,2024-09-13,금,롯데,한화,사직,19675
2024,2024-09-14,토,KIA,키움,광주,20500
2024,2024-09-14,토,SSG,삼성,문학,23000
2024,2024-09-14,토,롯데,한화,사직,21514
2024,2024-09-14,토,두산,KT,잠실,23750
2024,2024-09-14,토,NC,LG,창원,15383
2024,2024-09-15,일,KIA,키움,광주,20500
2024,2024-09-15,일,SSG,삼성,문학,23000
2024,2024-09-15,일,롯데,한화,사직,22758
2024,2024-09-15,일,NC,LG,창원,10826
2024,2024-09-16,월,KT,KIA,수원,18700
2024,2024-09-16,월,두산,키움,잠실,18894
2024,2024-09-17,화,키움,KT,고척,11032
2024,2024-09-17,화,SSG,KIA,문학,23000
2024,2024-09-17,화,롯데,LG,사직,18742
2024,2024-09-17,화,두산,삼성,잠실,23750
2024,2024-09-17,화,NC,한화,창원,9403
2024,2024-09-18,수,롯데,LG,사직,21147
2024,2024-09-18,수,KT,삼성,수원,18700
2024,2024-09-18,수,NC,한화,창원,9268
2024,2024-09-19,목,SSG,키움,문학,14848
2024,2024-09-19,목,롯데,LG,사직,16895
2024,2024-09-19,목,KT,삼성,수원,12617
2024,2024-09-19,목,두산,KIA,잠실,23750
2024,2024-09-19,목,NC,한화,창원,6010
2024,2024-09-21,토,KT,SSG,수원,15805
2024,2024-09-21,토,LG,두산,잠실,23236
2024,2024-09-21,토,LG,두산,잠실,23750
2024,2024-09-22,일,삼성,키움,대구,24000
2024,2024-09-22,일,KT,SSG,수원,15049
2024,2024-09-22,일,LG,두산,잠실,23750
2024,2024-09-22,일,한화,롯데,한밭,12000
2024,2024-09-23,월,KIA,삼성,광주,20500
2024,2024-09-23,월,두산,SSG,잠실,22489
2024,2024-09-23,월,한화,롯데,한밭,10407
2024,2024-09-24,화,키움,한화,고척,16000
2024,2024-09-24,화,KIA,삼성,광주,20500
2024,2024-09-24,화,SSG,LG,문학,19911
2024,2024-09-24,화,KT,롯데,수원,13304
2024,2024-09-24,화,두산,NC,잠실,22064
2024,2024-09-25,수,KIA,롯데,광주,20500
2024,2024-09-25,수,삼성,키움,대구,24000
2024,2024-09-25,수,LG,한화,잠실,23750
2024,2024-09-25,수,NC,SSG,창원,6157
2024,2024-09-26,목,롯데,두산,사직,18727
2024,2024-09-26,목,LG,키움,잠실,21593
2024,2024-09-26,목,NC,SSG,창원,6377
2024,2024-09-27,금,롯데,NC,사직,22758
2024,2024-09-27,금,KT,키움,수원,12824
2024,2024-09-27,금,한화,KIA,한밭,12000
2024,2024-09-28,토,삼성,LG,대구,24000
2024,2024-09-28,토,롯데,KIA,사직,22758
2024,2024-09-28,토,KT,키움,수원,18700
2024,2024-09-28,토,NC,두산,창원,17891
2024,2024-09-28,토,한화,SSG,한밭,12000
2024,2024-09-29,일,한화,NC,한밭,12000
2024,2024-09-30,월,KIA,NC,광주,20500
2024,2024-09-30,월,SSG,키움,문학,23000
2024,2024-10-01,화,NC,롯데,창원,17891
2025,2025-03-22,토,KIA,NC,광주,20500
2025,2025-03-22,토,삼성,키움,대구,24000
2025,2025-03-22,토,SSG,두산,문학,23000
2025,2025-03-22,토,KT,한화,수원,18700
2025,2025-03-22,토,LG,롯데,잠실,23750
2025,2025-03-23,일,KIA,NC,광주,20500
2025,2025-03-23,일,삼성,키움,대구,24000
2025,2025-03-23,일,SSG,두산,문학,23000
2025,2025-03-23,일,KT,한화,수원,18700
2025,2025-03-23,일,LG,롯데,잠실,23750
2025,2025-03-25,화,KIA,키움,광주,15053
2025,2025-03-25,화,삼성,NC,대구,21024
2025,2025-03-25,화,SSG,롯데,문학,13860
2025,2025-03-25,화,KT,두산,수원,8141
2025,2025-03-25,화,LG,한화,잠실,23750
2025,2025-03-26,수,KIA,키움,광주,17780
2025,2025-03-26,수,삼성,NC,대구,24000
2025,2025-03-26,수,SSG,롯데,문학,14855
2025,2025-03-26,수,KT,두산,수원,9607
2025,2025-03-26,수,LG,한화,잠실,23750
2025,2025-03-27,목,KIA,키움,광주,12288
2025,2025-03-27,목,삼성,NC,대구,20781
2025,2025-03-27,목,SSG,롯데,문학,14155
2025,2025-03-27,목,KT,두산,수원,9024
2025,2025-03-27,목,LG,한화,잠실,23750
2025,2025-03-28,금,키움,SSG,고척,11002
2025,2025-03-28,금,한화,KIA,대전,17000
2025,2025-03-28,금,롯데,KT,사직,22665
2025,2025-03-28,금,두산,삼성,잠실,23750
2025,2025-03-28,금,NC,LG,창원,15510
2025,2025-03-29,토,키움,SSG,고척,13785
2025,2025-03-29,토,한화,KIA,대전,17000
2025,2025-03-29,토,롯데,KT,사직,22665
2025,2025-03-29,토,두산,삼성,잠실,23750
2025,2025-03-29,토,NC,LG,창원,17943
2025,2025-03-30,일,키움,SSG,고척,13081
2025,2025-03-30,일,한화,KIA,대전,17000
2025,2025-03-30,일,롯데,KT,사직,22665
2025,2025-03-30,일,두산,삼성,잠실,23750
2025,2025-04-02,수,KIA,삼성,광주,12172
2025,2025-04-02,수,한화,롯데,대전,16252
2025,2025-04-02,수,KT,LG,수원,7829
2025,2025-04-02,수,두산,키움,잠실,8336
2025,2025-04-03,목,KIA,삼성,광주,12826
2025,2025-04-03,목,한화,롯데,대전,16559
2025,2025-04-03,목,KT,LG,수원,8627
2025,2025-04-03,목,두산,키움,잠실,9131
2025,2025-04-04,금,키움,NC,고척,5161
2025,2025-04-04,금,삼성,한화,대구,24000
2025,2025-04-04,금,SSG,KT,문학,13323
2025,2025-04-04,금,롯데,두산,사직,17293
2025,2025-04-04,금,LG,KIA,잠실,23750
2025,2025-04-05,토,키움,NC,고척,8895
2025,2025-04-05,토,삼성,한화,대구,24000
2025,2025-04-05,토,롯데,두산,사직,21807
2025,2025-04-06,일,키움,NC,고척,7041
2025,2025-04-06,일,삼성,한화,대구,24000
2025,2025-04-06,일,SSG,KT,문학,18679
2025,2025-04-06,일,롯데,두산,사직,22665
2025,2025-04-06,일,LG,KIA,잠실,23750
2025,2025-04-08,화,키움,LG,고척,10452
2025,2025-04-08,화,삼성,SSG,대구,19327
2025,2025-04-08,화,롯데,KIA,사직,14038
2025,2025-04-08,화,KT,NC,수원,5233
2025,2025-04-08,화,두산,한화,잠실,20986
2025,2025-04-09,수,키움,LG,고척,9967
2025,2025-04-09,수,삼성,SSG,대구,20632
2025,2025-04-09,수,롯데,KIA,사직,13551
2025,2025-04-09,수,KT,NC,수원,3667
2025,2025-04-09,수,두산,한화,잠실,19300
2025,2025-04-10,목,키움,LG,고척,10627
2025,2025-04-10,목,삼성,SSG,대구,21291
2025,2025-04-10,목,롯데,KIA,사직,13726
2025,2025-04-10,목,KT,NC,수원,5086
2025,2025-04-10,목,두산,한화,잠실,21561
2025,2025-04-11,금,KIA,SSG,광주,20500
2025,2025-04-11,금,한화,키움,대전,17000
2025,2025-04-11,금,NC,롯데,사직,13728
2025,2025-04-11,금,KT,삼성,수원,17416
2025,2025-04-11,금,LG,두산,잠실,23750
2025,2025-04-12,토,한화,키움,대전,15457
2025,2025-04-12,토,NC,롯데,사직,15222
2025,2025-04-12,토,LG,두산,잠실,22938
2025,2025-04-13,일,KIA,SSG,광주,20500
2025,2025-04-13,일,한화,키움,대전,17000
2025,2025-04-13,일,NC,롯데,사직,21003
2025,2025-04-13,일,KT,삼성,수원,18700
2025,2025-04-13,일,LG,두산,잠실,23750
2025,2025-04-15,화,KIA,KT,광주,10979
2025,2025-04-15,화,SSG,한화,문학,15618
2025,2025-04-15,화,롯데,키움,사직,9714
2025,2025-04-15,화,LG,삼성,잠실,23750
2025,2025-04-16,수,KIA,KT,광주,12423
2025,2025-04-16,수,SSG,한화,문학,16785
2025,2025-04-16,수,롯데,키움,사직,11679
2025,2025-04-16,수,LG,삼성,잠실,23750
2025,2025-04-17,목,KIA,KT,광주,12104
2025,2025-04-17,목,SSG,한화,문학,18098
2025,2025-04-17,목,롯데,키움,사직,11812
2025,2025-04-17,목,LG,삼성,잠실,23750
2025,2025-04-18,금,키움,KT,고척,4666
2025,2025-04-18,금,삼성,롯데,대구,24000
2025,2025-04-18,금,한화,NC,대전,17000
2025,2025-04-18,금,SSG,LG,문학,18091
2025,2025-04-18,금,두산,KIA,잠실,23750
2025,2025-04-19,토,키움,KT,고척,8281
2025,2025-04-19,토,삼성,롯데,대구,24000
2025,2025-04-19,토,한화,NC,대전,17000
2025,2025-04-19,토,SSG,LG,문학,18727
2025,2025-04-19,토,두산,KIA,잠실,23750
2025,2025-04-20,일,키움,KT,고척,6859
2025,2025-04-20,일,삼성,롯데,대구,24000
2025,2025-04-20,일,한화,NC,대전,17000
2025,2025-04-20,일,SSG,LG,문학,23000
2025,2025-04-20,일,두산,KIA,잠실,23750
2025,2025-04-22,화,키움,두산,고척,6809
2025,2025-04-22,화,KT,SSG,수원,5497
2025,2025-04-22,화,LG,NC,잠실,12941
2025,2025-04-23,수,키움,두산,고척,6801
2025,2025-04-23,수,삼성,KIA,대구,22257
2025,2025-04-23,수,롯데,한화,사직,19376
2025,2025-04-23,수,KT,SSG,수원,7581
2025,2025-04-23,수,LG,NC,잠실,17828
2025,2025-04-24,목,키움,두산,고척,7690
2025,2025-04-24,목,삼성,KIA,대구,24000
2025,2025-04-24,목,롯데,한화,사직,22669
2025,2025-04-24,목,KT,SSG,수원,7815
2025,2025-04-24,목,LG,NC,잠실,19325
2025,2025-04-25,금,KIA,LG,광주,20500
2025,2025-04-25,금,삼성,NC,대구,24000
2025,2025-04-25,금,한화,KT,대전,17000
2025,2025-04-25,금,SSG,키움,문학,12140
2025,2025-04-25,금,두산,롯데,잠실,23750
2025,2025-04-26,토,KIA,LG,광주,20500
2025,2025-04-26,토,삼성,NC,대구,24000
2025,2025-04-26,토,한화,KT,대전,17000
2025,2025-04-26,토,SSG,키움,문학,18641
2025,2025-04-26,토,두산,롯데,잠실,23750
2025,2025-04-27,일,KIA,LG,광주,20500
2025,2025-04-27,일,삼성,NC,대구,24000
2025,2025-04-27,일,한화,KT,대전,17000
2025,2025-04-27,일,SSG,키움,문학,16422
2025,2025-04-27,일,두산,롯데,잠실,23750
2025,2025-04-29,화,키움,롯데,고척,13203
2025,2025-04-29,화,KIA,NC,광주,10575
2025,2025-04-29,화,한화,LG,대전,17000
2025,2025-04-29,화,SSG,삼성,문학,15481
2025,2025-04-29,화,두산,KT,잠실,14138
2025,2025-04-30,수,키움,롯데,고척,14367
2025,2025-04-30,수,KIA,NC,광주,15139
2025,2025-04-30,수,한화,LG,대전,17000
2025,2025-04-30,수,SSG,삼성,문학,18998
2025,2025-04-30,수,두산,KT,잠실,17158
2025,2025-05-01,목,키움,롯데,고척,16000
2025,2025-05-01,목,SSG,삼성,문학,22993
2025,2025-05-01,목,두산,KT,잠실,19883
2025,2025-05-02,금,KIA,한화,광주,20500
2025,2025-05-02,금,삼성,두산,대구,24000
2025,2025-05-02,금,롯데,NC,사직,22669
2025,2025-05-02,금,KT,키움,수원,12275
2025,2025-05-02,금,LG,SSG,잠실,23750
2025,2025-05-03,토,삼성,두산,대구,24000
2025,2025-05-03,토,롯데,NC,사직,22669
2025,2025-05-03,토,KT,키움,수원,15210
2025,2025-05-03,토,LG,SSG,잠실,23750
2025,2025-05-04,일,KIA,한화,광주,20500
2025,2025-05-04,일,삼성,두산,대구,24000
2025,2025-05-04,일,롯데,NC,사직,22669
2025,2025-05-04,일,KT,키움,수원,15160
2025,2025-05-04,일,LG,SSG,잠실,23750
2025,2025-05-05,월,키움,KIA,고척,16000
2025,2025-05-05,월,한화,삼성,대전,17000
2025,2025-05-05,월,롯데,SSG,사직,22669
2025,2025-05-05,월,KT,NC,수원,12015
2025,2025-05-05,월,두산,LG,잠실,23750
2025,2025-05-06,화,키움,KIA,고척,16000
2025,2025-05-06,화,한화,삼성,대전,17000
2025,2025-05-06,화,롯데,SSG,사직,22669
2025,2025-05-06,화,KT,NC,수원,9743
2025,2025-05-06,화,두산,LG,잠실,23750
2025,2025-05-07,수,키움,KIA,고척,16000
2025,2025-05-07,수,한화,삼성,대전,17000
2025,2025-05-07,수,롯데,SSG,사직,22669
2025,2025-05-07,수,KT,NC,수원,3598
2025,2025-05-07,수,두산,LG,잠실,23750
2025,2025-05-09,금,키움,한화,고척,16000
2025,2025-05-10,토,키움,한화,고척,16000
2025,2025-05-10,토,삼성,LG,대구,24000
2025,2025-05-10,토,삼성,LG,대구,24000
2025,2025-05-10,토,SSG,KIA,문학,23000
2025,2025-05-10,토,KT,롯데,수원,18700
2025,2025-05-10,토,두산,NC,잠실,20206
2025,2025-05-11,일,키움,한화,고척,16000
2025,2025-05-11,일,삼성,LG,대구,24000
2025,2025-05-11,일,SSG,KIA,문학,23000
2025,2025-05-11,일,SSG,KIA,문학,23000
2025,2025-05-11,일,KT,롯데,수원,18700
2025,2025-05-11,일,KT,롯데,수원,14470
2025,2025-05-11,일,두산,NC,잠실,19366
2025,2025-05-11,일,두산,NC,잠실,9172
2025,2025-05-13,화,KIA,롯데,광주,16824
2025,2025-05-13,화,한화,두산,대전,17000
2025,2025-05-13,화,SSG,NC,문학,12746
2025,2025-05-13,화,LG,키움,잠실,18080
2025,2025-05-13,화,삼성,KT,포항,10758
2025,2025-05-14,수,KIA,롯데,광주,18641
2025,2025-05-14,수,한화,두산,대전,17000
2025,2025-05-14,수,SSG,NC,문학,11409
2025,2025-05-14,수,LG,키움,잠실,18286
2025,2025-05-14,수,삼성,KT,포항,12120
2025,2025-05-15,목,KIA,롯데,광주,17452
2025,2025-05-15,목,한화,두산,대전,17000
2025,2025-05-15,목,SSG,NC,문학,10081
2025,2025-05-15,목,LG,키움,잠실,18119
2025,2025-05-15,목,삼성,KT,포항,12120
2025,2025-05-17,토,KIA,두산,광주,16854
2025,2025-05-17,토,KIA,두산,광주,20500
2025,2025-05-17,토,한화,SSG,대전,17000
2025,2025-05-17,토,한화,SSG,대전,17000
2025,2025-05-17,토,롯데,삼성,사직,22669
2025,2025-05-17,토,롯데,삼성,사직,22669
2025,2025-05-17,토,NC,키움,울산,2297
2025,2025-05-17,토,NC,키움,울산,5513
2025,2025-05-17,토,LG,KT,잠실,22963
2025,2025-05-17,토,LG,KT,잠실,17811
2025,2025-05-18,일,KIA,두산,광주,20500
2025,2025-05-18,일,한화,SSG,대전,17000
2025,2025-05-18,일,롯데,삼성,사직,22669
2025,2025-05-18,일,NC,키움,울산,6456
2025,2025-05-18,일,LG,KT,잠실,23029
2025,2025-05-20,화,키움,삼성,고척,13106
2025,2025-05-20,화,롯데,LG,사직,22669
2025,2025-05-20,화,KT,KIA,수원,16064
2025,2025-05-20,화,NC,한화,울산,4497
2025,2025-05-20,화,두산,SSG,잠실,17782
2025,2025-05-21,수,키움,삼성,고척,13193
2025,2025-05-21,수,롯데,LG,사직,22669
2025,2025-05-21,수,KT,KIA,수원,16302
2025,2025-05-21,수,NC,한화,울산,4183
2025,2025-05-21,수,두산,SSG,잠실,14052
2025,2025-05-22,목,키움,삼성,고척,12926
2025,2025-05-22,목,롯데,LG,사직,22669
2025,2025-05-22,목,KT,KIA,수원,16705
2025,2025-05-22,목,NC,한화,울산,5005
2025,2025-05-22,목,두산,SSG,잠실,14592
2025,2025-05-23,금,키움,KT,고척,4239
2025,2025-05-23,금,삼성,KIA,대구,24000
2025,2025-05-23,금,한화,롯데,대전,17000
2025,2025-05-23,금,SSG,LG,문학,20150
2025,2025-05-23,금,두산,NC,잠실,17944
2025,2025-05-24,토,키움,KT,고척,7315
2025,2025-05-24,토,삼성,KIA,대구,24000
2025,2025-05-24,토,한화,롯데,대전,17000
2025,2025-05-24,토,SSG,LG,문학,23000
2025,2025-05-24,토,두산,NC,잠실,22279
2025,2025-05-25,일,키움,KT,고척,6809
2025,2025-05-25,일,삼성,KIA,대구,24000
2025,2025-05-25,일,한화,롯데,대전,17000
2025,2025-05-25,일,SSG,LG,문학,23000
2025,2025-05-25,일,두산,NC,잠실,20534
2025,2025-05-27,화,KIA,키움,광주,15351
2025,2025-05-27,화,삼성,롯데,대구,24000
2025,2025-05-27,화,SSG,NC,문학,12124
2025,2025-05-27,화,KT,두산,수원,8355
2025,2025-05-27,화,LG,한화,잠실,23750
2025,2025-05-28,수,KIA,키움,광주,16517
2025,2025-05-28,수,SSG,NC,문학,12747
2025,2025-05-28,수,KT,두산,수원,8822
2025,2025-05-28,수,LG,한화,잠실,23750
2025,2025-05-29,목,KIA,키움,광주,18127
2025,2025-05-29,목,삼성,롯데,대구,24000
2025,2025-05-29,목,SSG,NC,문학,13466
2025,2025-05-29,목,KT,두산,수원,9238
2025,2025-05-29,목,LG,한화,잠실,23750
2025,2025-05-30,금,키움,두산,고척,9182
2025,2025-05-30,금,롯데,SSG,사직,22669
2025,2025-05-30,금,KT,KIA,수원,18700
2025,2025-05-30,금,LG,삼성,잠실,23750
2025,2025-05-30,금,NC,한화,창원,12395
2025,2025-05-31,토,키움,두산,고척,13456
2025,2025-05-31,토,롯데,SSG,사직,22669
2025,2025-05-31,토,KT,KIA,수원,18700
2025,2025-05-31,토,LG,삼성,잠실,23750
2025,2025-05-31,토,NC,한화,창원,16741
2025,2025-06-01,일,키움,두산,고척,12350
2025,2025-06-01,일,롯데,SSG,사직,22669
2025,2025-06-01,일,KT,KIA,수원,18700
2025,2025-06-01,일,LG,삼성,잠실,23750
2025,2025-06-01,일,NC,한화,창원,14906
2025,2025-06-03,화,한화,KT,대전,17000
2025,2025-06-03,화,SSG,삼성,문학,23000
2025,2025-06-03,화,롯데,키움,사직,22669
2025,2025-06-03,화,두산,KIA,잠실,23750
2025,2025-06-03,화,NC,LG,창원,13937
2025,2025-06-04,수,한화,KT,대전,17000
2025,2025-06-04,수,SSG,삼성,문학,15706
2025,2025-06-04,수,롯데,키움,사직,22669
2025,2025-06-04,수,두산,KIA,잠실,23750
2025,2025-06-04,수,NC,LG,창원,5235
2025,2025-06-05,목,한화,KT,대전,17000
2025,2025-06-05,목,SSG,삼성,문학,19273
2025,2025-06-05,목,롯데,키움,사직,22669
2025,2025-06-05,목,두산,KIA,잠실,23750
2025,2025-06-05,목,NC,LG,창원,8957
2025,2025-06-06,금,키움,LG,고척,16000
2025,2025-06-06,금,KIA,한화,광주,20500
2025,2025-06-06,금,삼성,NC,대구,24000
2025,2025-06-06,금,KT,SSG,수원,18700
2025,2025-06-06,금,두산,롯데,잠실,23750
2025,2025-06-07,토,키움,LG,고척,16000
2025,2025-06-07,토,KIA,한화,광주,20500
2025,2025-06-07,토,삼성,NC,대구,24000
2025,2025-06-07,토,KT,SSG,수원,16755
2025,2025-06-07,토,두산,롯데,잠실,23750
2025,2025-06-08,일,키움,LG,고척,16000
2025,2025-06-08,일,KIA,한화,광주,18586
2025,2025-06-08,일,삼성,NC,대구,24000
2025,2025-06-08,일,KT,SSG,수원,13026
2025,2025-06-08,일,두산,롯데,잠실,23750
2025,2025-06-10,화,키움,NC,고척,4004
2025,2025-06-10,화,KIA,삼성,광주,15887
2025,2025-06-10,화,한화,두산,대전,16691
2025,2025-06-10,화,KT,롯데,수원,10809
2025,2025-06-10,화,LG,SSG,잠실,17221
2025,2025-06-11,수,키움,NC,고척,4034
2025,2025-06-11,수,KIA,삼성,광주,17320
2025,2025-06-11,수,한화,두산,대전,17000
2025,2025-06-11,수,KT,롯데,수원,11777
2025,2025-06-11,수,LG,SSG,잠실,18192
2025,2025-06-12,목,키움,NC,고척,4410
2025,2025-06-12,목,KIA,삼성,광주,16761
2025,2025-06-12,목,한화,두산,대전,17000
2025,2025-06-12,목,KT,롯데,수원,12378
2025,2025-06-12,목,LG,SSG,잠실,18321
2025,2025-06-13,금,NC,KIA,창원,8362
2025,2025-06-14,토,삼성,KT,대구,24000
2025,2025-06-14,토,한화,LG,대전,17000
2025,2025-06-14,토,SSG,롯데,문학,23000
2025,2025-06-14,토,두산,키움,잠실,18390
2025,2025-06-14,토,NC,KIA,창원,15000
2025,2025-06-15,일,삼성,KT,대구,24000
2025,2025-06-15,일,한화,LG,대전,17000
2025,2025-06-15,일,SSG,롯데,문학,20960
2025,2025-06-15,일,두산,키움,잠실,11744
2025,2025-06-15,일,NC,KIA,창원,12470
2025,2025-06-17,화,키움,SSG,고척,6205
2025,2025-06-17,화,KIA,KT,광주,10596
2025,2025-06-17,화,삼성,두산,대구,23044
2025,2025-06-17,화,롯데,한화,사직,22669
2025,2025-06-17,화,LG,NC,잠실,15069
2025,2025-06-18,수,키움,SSG,고척,6941
2025,2025-06-18,수,KIA,KT,광주,16311
2025,2025-06-18,수,삼성,두산,대구,23385
2025,2025-06-18,수,롯데,한화,사직,22669
2025,2025-06-18,수,LG,NC,잠실,16103
2025,2025-06-19,목,키움,SSG,고척,7032
2025,2025-06-19,목,KIA,KT,광주,14079
2025,2025-06-19,목,삼성,두산,대구,23355
2025,2025-06-19,목,롯데,한화,사직,22669
2025,2025-06-19,목,LG,NC,잠실,15636
2025,2025-06-20,금,롯데,삼성,사직,21911
2025,2025-06-21,토,SSG,KIA,문학,23000
2025,2025-06-21,토,KT,NC,수원,13680
2025,2025-06-21,토,LG,두산,잠실,23750
2025,2025-06-22,일,한화,키움,대전,17000
2025,2025-06-22,일,SSG,KIA,문학,23000
2025,2025-06-22,일,롯데,삼성,사직,22669
2025,2025-06-22,일,KT,NC,수원,12059
2025,2025-06-22,일,LG,두산,잠실,23750
2025,2025-06-24,화,키움,KIA,고척,16000
2025,2025-06-24,화,KT,LG,수원,9335
2025,2025-06-24,화,두산,SSG,잠실,12141
2025,2025-06-25,수,키움,KIA,고척,16000
2025,2025-06-25,수,삼성,한화,대구,24000
2025,2025-06-25,수,NC,롯데,창원,15587
2025,2025-06-26,목,키움,KIA,고척,16000
2025,2025-06-26,목,삼성,한화,대구,24000
2025,2025-06-26,목,KT,LG,수원,13365
2025,2025-06-26,목,두산,SSG,잠실,13553
2025,2025-06-26,목,NC,롯데,창원,16335
2025,2025-06-27,금,키움,삼성,고척,16000
2025,2025-06-27,금,SSG,한화,문학,23000
2025,2025-06-27,금,롯데,KT,사직,22669
2025,2025-06-27,금,LG,KIA,잠실,23750
2025,2025-06-27,금,NC,두산,창원,8025
2025,2025-06-28,토,키움,삼성,고척,16000
2025,2025-06-28,토,SSG,한화,문학,23183
2025,2025-06-28,토,롯데,KT,사직,22669
2025,2025-06-28,토,LG,KIA,잠실,23750
2025,2025-06-28,토,NC,두산,창원,12961
2025,2025-06-29,일,키움,삼성,고척,16000
2025,2025-06-29,일,SSG,한화,문학,23000
2025,2025-06-29,일,롯데,KT,사직,22669
2025,2025-06-29,일,LG,KIA,잠실,23750
2025,2025-06-29,일,NC,두산,창원,9894
2025,2025-07-01,화,KIA,SSG,광주,11782
2025,2025-07-01,화,한화,NC,대전,17000
2025,2025-07-01,화,롯데,LG,사직,19627
2025,2025-07-01,화,KT,키움,수원,5616
2025,2025-07-01,화,두산,삼성,잠실,18022
2025,2025-07-02,수,KIA,SSG,광주,11827
2025,2025-07-02,수,한화,NC,대전,17000
2025,2025-07-02,수,롯데,LG,사직,20661
2025,2025-07-02,수,KT,키움,수원,6787
2025,2025-07-02,수,두산,삼성,잠실,20448
2025,2025-07-03,목,KIA,SSG,광주,13013
2025,2025-07-03,목,한화,NC,대전,17000
2025,2025-07-03,목,롯데,LG,사직,21914
2025,2025-07-03,목,KT,키움,수원,8540
2025,2025-07-03,목,두산,삼성,잠실,21525
2025,2025-07-04,금,키움,한화,고척,16000
2025,2025-07-04,금,KIA,롯데,광주,20500
2025,2025-07-04,금,삼성,LG,대구,24000
2025,2025-07-04,금,두산,KT,잠실,16101
2025,2025-07-04,금,NC,SSG,창원,11147
2025,2025-07-05,토,키움,한화,고척,16000
2025,2025-07-05,토,KIA,롯데,광주,20500
2025,2025-07-05,토,삼성,LG,대구,24000
2025,2025-07-05,토,두산,KT,잠실,19774
2025,2025-07-05,토,NC,SSG,창원,12028
2025,2025-07-06,일,키움,한화,고척,16000
2025,2025-07-06,일,KIA,롯데,광주,20500
2025,2025-07-06,일,삼성,LG,대구,24000
2025,2025-07-06,일,두산,KT,잠실,23750
2025,2025-07-06,일,NC,SSG,창원,7726
2025,2025-07-08,화,한화,KIA,대전,17000
2025,2025-07-08,화,SSG,KT,문학,10812
2025,2025-07-08,화,롯데,두산,사직,18541
2025,2025-07-08,화,LG,키움,잠실,16098
2025,2025-07-08,화,NC,삼성,창원,8294
2025,2025-07-09,수,한화,KIA,대전,17000
2025,2025-07-09,수,SSG,KT,문학,10259
2025,2025-07-09,수,롯데,두산,사직,19071
2025,2025-07-09,수,LG,키움,잠실,16400
2025,2025-07-09,수,NC,삼성,창원,9220
2025,2025-07-10,목,한화,KIA,대전,17000
2025,2025-07-10,목,SSG,KT,문학,10817
2025,2025-07-10,목,롯데,두산,사직,21199
2025,2025-07-10,목,LG,키움,잠실,16628
2025,2025-07-10,목,NC,삼성,창원,10106
2025,2025-07-18,금,KT,한화,수원,18700
2025,2025-07-18,금,LG,롯데,잠실,23750
2025,2025-07-19,토,SSG,두산,문학,19877
2025,2025-07-19,토,KT,한화,수원,18700
2025,2025-07-19,토,LG,롯데,잠실,23750
2025,2025-07-20,일,KIA,NC,광주,16985
2025,2025-07-20,일,삼성,키움,대구,24000
2025,2025-07-20,일,SSG,두산,문학,18102
2025,2025-07-20,일,KT,한화,수원,18700
2025,2025-07-20,일,LG,롯데,잠실,23750
2025,2025-07-22,화,키움,롯데,고척,15362
2025,2025-07-22,화,KIA,LG,광주,12468
2025,2025-07-22,화,삼성,SSG,대구,22896
2025,2025-07-22,화,두산,한화,잠실,23750
2025,2025-07-22,화,NC,KT,창원,6302
2025,2025-07-23,수,키움,롯데,고척,15325
2025,2025-07-23,수,KIA,LG,광주,12172
2025,2025-07-23,수,삼성,SSG,대구,23304
2025,2025-07-23,수,두산,한화,잠실,23750
2025,2025-07-23,수,NC,KT,창원,6375
2025,2025-07-24,목,키움,롯데,고척,15216
2025,2025-07-24,목,KIA,LG,광주,12364
2025,2025-07-24,목,삼성,SSG,대구,24000
2025,2025-07-24,목,두산,한화,잠실,23750
2025,2025-07-24,목,NC,KT,창원,5157
2025,2025-07-25,금,한화,SSG,대전,17000
2025,2025-07-25,금,롯데,KIA,사직,22669
2025,2025-07-25,금,KT,삼성,수원,18700
2025,2025-07-25,금,두산,LG,잠실,20007
2025,2025-07-25,금,NC,키움,창원,6171
2025,2025-07-26,토,한화,SSG,대전,17000
2025,2025-07-26,토,롯데,KIA,사직,22669
2025,2025-07-26,토,KT,삼성,수원,18700
2025,2025-07-26,토,두산,LG,잠실,23750
2025,2025-07-26,토,NC,키움,창원,10690
2025,2025-07-27,일,한화,SSG,대전,17000
2025,2025-07-27,일,롯데,KIA,사직,22669
2025,2025-07-27,일,KT,삼성,수원,18700
2025,2025-07-27,일,두산,LG,잠실,20780
2025,2025-07-27,일,NC,키움,창원,8115
2025,2025-07-29,화,KIA,두산,광주,14329
2025,2025-07-29,화,한화,삼성,대전,17000
2025,2025-07-29,화,SSG,키움,문학,10177
2025,2025-07-29,화,롯데,NC,사직,22669
2025,2025-07-29,화,LG,KT,잠실,17294
2025,2025-07-30,수,KIA,두산,광주,15391
2025,2025-07-30,수,한화,삼성,대전,17000
2025,2025-07-30,수,SSG,키움,문학,10514
2025,2025-07-30,수,롯데,NC,사직,22669
2025,2025-07-30,수,LG,KT,잠실,17782
2025,2025-07-31,목,KIA,두산,광주,15584
2025,2025-07-31,목,한화,삼성,대전,17000
2025,2025-07-31,목,SSG,키움,문학,10917
2025,2025-07-31,목,롯데,NC,사직,22669
2025,2025-07-31,목,LG,KT,잠실,17630
2025,2025-08-01,금,키움,롯데,고척,16000
2025,2025-08-01,금,KIA,한화,광주,20500
2025,2025-08-01,금,삼성,LG,대구,24000
2025,2025-08-01,금,두산,SSG,잠실,15073
2025,2025-08-01,금,NC,KT,창원,7590
2025,2025-08-02,토,키움,롯데,고척,16000
2025,2025-08-02,토,삼성,LG,대구,24000
2025,2025-08-02,토,두산,SSG,잠실,17278
2025,2025-08-02,토,NC,KT,창원,9940
2025,2025-08-03,일,키움,롯데,고척,16000
2025,2025-08-03,일,삼성,LG,대구,24000
2025,2025-08-03,일,두산,SSG,잠실,14422
2025,2025-08-03,일,NC,KT,창원,7561
2025,2025-08-05,화,한화,KT,대전,16783
2025,2025-08-05,화,SSG,삼성,문학,13850
2025,2025-08-05,화,롯데,KIA,사직,22669
2025,2025-08-05,화,LG,두산,잠실,20239
2025,2025-08-05,화,NC,키움,창원,6661
2025,2025-08-06,수,한화,KT,대전,13919
2025,2025-08-06,수,SSG,삼성,문학,12003
2025,2025-08-06,수,롯데,KIA,사직,20944
2025,2025-08-06,수,LG,두산,잠실,20427
2025,2025-08-06,수,NC,키움,창원,5776
2025,2025-08-07,목,한화,KT,대전,17000
2025,2025-08-07,목,SSG,삼성,문학,15174
2025,2025-08-07,목,롯데,KIA,사직,22104
2025,2025-08-07,목,LG,두산,잠실,21392
2025,2025-08-07,목,NC,키움,창원,5893
2025,2025-08-08,금,키움,두산,고척,12841
2025,2025-08-08,금,롯데,SSG,사직,20091
2025,2025-08-08,금,KT,삼성,수원,18700
2025,2025-08-08,금,LG,한화,잠실,23750
2025,2025-08-08,금,NC,KIA,창원,12141
2025,2025-08-09,토,키움,두산,고척,16000
2025,2025-08-09,토,KT,삼성,수원,18700
2025,2025-08-09,토,LG,한화,잠실,23750
2025,2025-08-10,일,키움,두산,고척,15111
2025,2025-08-10,일,롯데,SSG,사직,22062
2025,2025-08-10,일,KT,삼성,수원,18700
2025,2025-08-10,일,LG,한화,잠실,23750
2025,2025-08-10,일,NC,KIA,창원,10773
2025,2025-08-12,화,삼성,KIA,대구,22522
2025,2025-08-12,화,한화,롯데,대전,17000
2025,2025-08-12,화,SSG,키움,문학,10091
2025,2025-08-12,화,KT,LG,수원,14407
2025,2025-08-12,화,두산,NC,잠실,11590
2025,2025-08-13,수,삼성,KIA,대구,24000
2025,2025-08-13,수,한화,롯데,대전,17000
2025,2025-08-14,목,삼성,KIA,대구,24000
2025,2025-08-14,목,한화,롯데,대전,17000
2025,2025-08-14,목,SSG,키움,문학,9461
2025,2025-08-14,목,두산,NC,잠실,10938
2025,2025-08-15,금,키움,KT,고척,11585
2025,2025-08-15,금,SSG,LG,문학,23000
2025,2025-08-15,금,롯데,삼성,사직,22669
2025,2025-08-15,금,두산,KIA,잠실,23750
2025,2025-08-15,금,NC,한화,창원,17983
2025,2025-08-16,토,키움,KT,고척,10163
2025,2025-08-16,토,SSG,LG,문학,23000
2025,2025-08-16,토,롯데,삼성,사직,22669
2025,2025-08-16,토,두산,KIA,잠실,23750
2025,2025-08-16,토,NC,한화,창원,17983
2025,2025-08-17,일,키움,KT,고척,8838
2025,2025-08-17,일,SSG,LG,문학,23000
2025,2025-08-17,일,롯데,삼성,사직,22669
2025,2025-08-17,일,두산,KIA,잠실,23750
2025,2025-08-17,일,NC,한화,창원,12179
2025,2025-08-19,화,KIA,키움,광주,11023
2025,2025-08-19,화,한화,두산,대전,16580
2025,2025-08-19,화,KT,SSG,수원,8853
2025,2025-08-19,화,LG,롯데,잠실,23750
2025,2025-08-19,화,NC,삼성,창원,8343
2025,2025-08-20,수,KIA,키움,광주,10503
2025,2025-08-20,수,한화,두산,대전,16054
2025,2025-08-20,수,KT,SSG,수원,9062
2025,2025-08-20,수,LG,롯데,잠실,23750
2025,2025-08-20,수,NC,삼성,창원,9430
2025,2025-08-21,목,KIA,키움,광주,10061
2025,2025-08-21,목,한화,두산,대전,16369
2025,2025-08-21,목,KT,SSG,수원,9912
2025,2025-08-21,목,LG,롯데,잠실,23750
2025,2025-08-21,목,NC,삼성,창원,9832
2025,2025-08-22,금,KIA,LG,광주,14633
2025,2025-08-22,금,삼성,키움,대구,24000
2025,2025-08-22,금,한화,SSG,대전,16446
2025,2025-08-22,금,두산,KT,잠실,16397
2025,2025-08-22,금,NC,롯데,창원,17983
2025,2025-08-23,토,KIA,LG,광주,20500
2025,2025-08-23,토,삼성,키움,대구,24000
2025,2025-08-23,토,한화,SSG,대전,17000
2025,2025-08-23,토,두산,KT,잠실,21834
2025,2025-08-23,토,NC,롯데,창원,17983
2025,2025-08-24,일,KIA,LG,광주,15128
2025,2025-08-24,일,삼성,키움,대구,24000
2025,2025-08-24,일,한화,SSG,대전,17000
2025,2025-08-24,일,두산,KT,잠실,17905
2025,2025-08-24,일,NC,롯데,창원,17983
2025,2025-08-26,화,키움,한화,고척,16000
2025,2025-08-26,화,SSG,KIA,문학,17488
2025,2025-08-26,화,롯데,KT,사직,16116
2025,2025-08-26,화,두산,삼성,잠실,20491
2025,2025-08-26,화,NC,LG,창원,6496
2025,2025-08-27,수,키움,한화,고척,16000
2025,2025-08-27,수,SSG,KIA,문학,17688
2025,2025-08-27,수,롯데,KT,사직,16826
2025,2025-08-27,수,두산,삼성,잠실,21198
2025,2025-08-27,수,NC,LG,창원,8337
2025,2025-08-28,목,키움,한화,고척,16000
2025,2025-08-28,목,SSG,KIA,문학,17833
2025,2025-08-28,목,롯데,KT,사직,17273
2025,2025-08-28,목,두산,삼성,잠실,23126
2025,2025-08-28,목,NC,LG,창원,9528
2025,2025-08-29,금,한화,삼성,대전,17000
2025,2025-08-29,금,SSG,NC,문학,11509
2025,2025-08-29,금,롯데,두산,사직,19473
2025,2025-08-29,금,KT,KIA,수원,18700
2025,2025-08-29,금,LG,키움,잠실,22231
2025,2025-08-30,토,한화,삼성,대전,17000
2025,2025-08-30,토,SSG,NC,문학,20449
2025,2025-08-30,토,롯데,두산,사직,22669
2025,2025-08-30,토,KT,KIA,수원,18700
2025,2025-08-30,토,LG,키움,잠실,23750
2025,2025-08-31,일,한화,삼성,대전,17000
2025,2025-08-31,일,SSG,NC,문학,13129
2025,2025-08-31,일,롯데,두산,사직,20350
2025,2025-08-31,일,KT,KIA,수원,18700
2025,2025-08-31,일,LG,키움,잠실,22503
2025,2025-09-02,화,한화,KIA,대전,16730
2025,2025-09-02,화,SSG,키움,문학,11112
2025,2025-09-02,화,KT,NC,수원,6710
2025,2025-09-02,화,LG,롯데,잠실,23750
2025,2025-09-03,수,KIA,SSG,광주,14468
2025,2025-09-03,수,삼성,키움,대구,22446
2025,2025-09-03,수,한화,NC,대전,17000
2025,2025-09-03,수,KT,롯데,수원,14910
2025,2025-09-04,목,KT,LG,수원,12424
2025,2025-09-04,목,NC,두산,창원,5335
2025,2025-09-05,금,삼성,키움,대구,24000
2025,2025-09-05,금,SSG,롯데,문학,21529
2025,2025-09-05,금,NC,두산,창원,6590
2025,2025-09-06,토,삼성,한화,대구,24000
2025,2025-09-06,토,NC,KIA,창원,15040
2025,2025-09-07,일,삼성,한화,대구,24000
2025,2025-09-07,일,LG,SSG,잠실,23750
2025,2025-09-07,일,NC,KIA,창원,11095
2025,2025-09-09,화,키움,LG,고척,14773
2025,2025-09-09,화,롯데,한화,사직,18109
2025,2025-09-09,화,KT,두산,수원,12252
2025,2025-09-10,수,KIA,삼성,광주,9793
2025,2025-09-10,수,롯데,한화,사직,22011
2025,2025-09-10,수,두산,LG,잠실,17856
2025,2025-09-10,수,NC,SSG,창원,4514
2025,2025-09-11,목,키움,NC,고척,7035
2025,2025-09-11,목,KIA,롯데,광주,9614
2025,2025-09-11,목,삼성,SSG,대구,24000
2025,2025-09-11,목,LG,KT,잠실,20722
2025,2025-09-12,금,KIA,두산,광주,9617
2025,2025-09-13,토,삼성,KT,대구,24000
2025,2025-09-13,토,한화,키움,대전,17000
2025,2025-09-13,토,롯데,SSG,사직,22669
2025,2025-09-13,토,LG,KIA,잠실,23750
2025,2025-09-13,토,NC,두산,창원,12658
2025,2025-09-14,일,삼성,KT,대구,24000
2025,2025-09-14,일,한화,키움,대전,17000
2025,2025-09-14,일,LG,KIA,잠실,23750
2025,2025-09-14,일,NC,두산,창원,11711
2025,2025-09-15,월,한화,키움,대전,17000
2025,2025-09-16,화,KIA,한화,광주,9197
2025,2025-09-16,화,삼성,롯데,대구,24000
2025,2025-09-16,화,KT,LG,수원,11481
2025,2025-09-16,화,두산,키움,잠실,12716
2025,2025-09-16,화,NC,SSG,창원,5145
2025,2025-09-17,수,KIA,한화,광주,6782
2025,2025-09-17,수,두산,키움,잠실,10037
2025,2025-09-17,수,NC,SSG,창원,5083
2025,2025-09-18,목,KIA,한화,광주,10841
2025,2025-09-18,목,KT,LG,수원,7016
2025,2025-09-18,목,KT,LG,수원,14875
2025,2025-09-18,목,두산,키움,잠실,13498
2025,2025-09-18,목,NC,삼성,창원,12039
2025,2025-09-19,금,NC,롯데,창원,17983
2025,2025-09-20,토,KIA,NC,광주,17739
2025,2025-09-20,토,SSG,두산,문학,23000
2025,2025-09-20,토,롯데,키움,사직,22669
2025,2025-09-20,토,KT,한화,수원,18700
2025,2025-09-20,토,LG,삼성,잠실,23750
2025,2025-09-21,일,KIA,NC,광주,13805
2025,2025-09-21,일,SSG,두산,문학,23000
2025,2025-09-21,일,KT,삼성,수원,18700
2025,2025-09-22,월,SSG,두산,문학,13067
2025,2025-09-23,화,삼성,두산,대구,23950
2025,2025-09-23,화,SSG,KIA,문학,19974
2025,2025-09-23,화,KT,키움,수원,12632
2025,2025-09-23,화,롯데,NC,울산,9690
2025,2025-09-24,수,키움,KIA,고척,16000
2025,2025-09-24,수,삼성,롯데,대구,23940
2025,2025-09-24,수,NC,LG,창원,10764
2025,2025-09-25,목,삼성,키움,대구,23089
2025,2025-09-25,목,SSG,KT,문학,15279
2025,2025-09-25,목,롯데,LG,울산,9315
2025,2025-09-25,목,두산,한화,잠실,23750
2025,2025-09-26,금,한화,LG,대전,17000
2025,2025-09-26,금,SSG,KT,문학,19087
2025,2025-09-26,금,롯데,삼성,사직,22669
2025,2025-09-26,금,두산,NC,잠실,18418
2025,2025-09-27,토,KIA,NC,광주,14945
2025,2025-09-27,토,한화,LG,대전,17000
2025,2025-09-27,토,두산,SSG,잠실,23750
2025,2025-09-28,일,키움,삼성,고척,16000
2025,2025-09-28,일,두산,롯데,잠실,23750
2025,2025-09-29,월,KIA,NC,광주,3634
2025,2025-09-29,월,한화,LG,대전,17000
2025,2025-09-29,월,SSG,롯데,문학,22184
2025,2025-09-30,화,키움,SSG,고척,16000
2025,2025-09-30,화,삼성,KIA,대구,23933
2025,2025-09-30,화,한화,롯데,대전,17000
2025,2025-09-30,화,LG,두산,잠실,23750
2025,2025-09-30,화,NC,KT,창원,14235
2025,2025-10-01,수,KIA,KT,광주,6777
2025,2025-10-01,수,SSG,한화,문학,23000
2025,2025-10-01,수,LG,NC,잠실,23750
2025,2025-10-02,목,KIA,SSG,광주,8043
2025,2025-10-03,금,KT,한화,수원,18700
2025,2025-10-04,토,KIA,삼성,광주,17513
2025,2025-10-04,토,NC,SSG,창원,17983
2026,2026-03-28,토,삼성,롯데,대구,24000
2026,2026-03-28,토,한화,키움,대전,17000
2026,2026-03-28,토,SSG,KIA,문학,23000
2026,2026-03-28,토,LG,KT,잠실,23750
2026,2026-03-28,토,NC,두산,창원,18128
2026,2026-03-29,일,삼성,롯데,대구,24000
2026,2026-03-29,일,한화,키움,대전,17000
2026,2026-03-29,일,SSG,KIA,문학,23000
2026,2026-03-29,일,LG,KT,잠실,23750
2026,2026-03-29,일,NC,두산,창원,18128
2026,2026-03-31,화,삼성,두산,대구,21489
2026,2026-03-31,화,한화,KT,대전,17000
2026,2026-03-31,화,SSG,키움,문학,11385
2026,2026-03-31,화,LG,KIA,잠실,23750
2026,2026-03-31,화,NC,롯데,창원,12730
2026,2026-04-01,수,삼성,두산,대구,23120
2026,2026-04-01,수,한화,KT,대전,17000
2026,2026-04-01,수,SSG,키움,문학,12921
2026,2026-04-01,수,LG,KIA,잠실,23750
2026,2026-04-01,수,NC,롯데,창원,11875
2026,2026-04-02,목,삼성,두산,대구,23617
2026,2026-04-02,목,한화,KT,대전,17000
2026,2026-04-02,목,SSG,키움,문학,11311
2026,2026-04-02,목,LG,KIA,잠실,23750
2026,2026-04-02,목,NC,롯데,창원,13176
2026,2026-04-03,금,키움,LG,고척,14150
2026,2026-04-03,금,KIA,NC,광주,20500
2026,2026-04-03,금,롯데,SSG,사직,23200
2026,2026-04-03,금,KT,삼성,수원,18700
2026,2026-04-03,금,두산,한화,잠실,23750
2026,2026-04-04,토,키움,LG,고척,16000
2026,2026-04-04,토,KIA,NC,광주,20500
2026,2026-04-04,토,롯데,SSG,사직,23200
2026,2026-04-04,토,KT,삼성,수원,18700
2026,2026-04-04,토,두산,한화,잠실,23750
2026,2026-04-05,일,키움,LG,고척,15331
2026,2026-04-05,일,KIA,NC,광주,20500
2026,2026-04-05,일,롯데,SSG,사직,23200
2026,2026-04-05,일,KT,삼성,수원,18700
2026,2026-04-05,일,두산,한화,잠실,23750
2026,2026-04-07,화,KIA,삼성,광주,12675
2026,2026-04-07,화,SSG,한화,문학,18637
2026,2026-04-07,화,롯데,KT,사직,15611
2026,2026-04-07,화,두산,키움,잠실,14435
2026,2026-04-07,화,NC,LG,창원,6855
2026,2026-04-08,수,KIA,삼성,광주,12672
2026,2026-04-08,수,SSG,한화,문학,19836
2026,2026-04-08,수,롯데,KT,사직,16080
2026,2026-04-08,수,두산,키움,잠실,15461
2026,2026-04-08,수,NC,LG,창원,8180
2026,2026-04-10,금,키움,롯데,고척,16000
2026,2026-04-10,금,삼성,NC,대구,24000
2026,2026-04-10,금,한화,KIA,대전,17000
2026,2026-04-10,금,KT,두산,수원,11337
2026,2026-04-10,금,LG,SSG,잠실,23122
2026,2026-04-11,토,키움,롯데,고척,16000
2026,2026-04-11,토,삼성,NC,대구,24000
2026,2026-04-11,토,한화,KIA,대전,17000
2026,2026-04-11,토,KT,두산,수원,18700
2026,2026-04-11,토,LG,SSG,잠실,23750
2026,2026-04-12,일,키움,롯데,고척,16000
2026,2026-04-12,일,삼성,NC,대구,24000
2026,2026-04-12,일,한화,KIA,대전,17000
2026,2026-04-12,일,KT,두산,수원,16488
2026,2026-04-12,일,LG,SSG,잠실,23750
2026,2026-04-14,화,KIA,키움,광주,9930
2026,2026-04-14,화,한화,삼성,대전,17000
2026,2026-04-14,화,SSG,두산,문학,12752
2026,2026-04-14,화,LG,롯데,잠실,23750
2026,2026-04-14,화,NC,KT,창원,4730
2026,2026-04-15,수,KIA,키움,광주,10981
2026,2026-04-15,수,한화,삼성,대전,17000
2026,2026-04-15,수,SSG,두산,문학,13755
2026,2026-04-15,수,LG,롯데,잠실,23750
2026,2026-04-15,수,NC,KT,창원,5902
2026,2026-04-16,목,KIA,키움,광주,12713
2026,2026-04-16,목,한화,삼성,대전,17000
2026,2026-04-16,목,SSG,두산,문학,13786
2026,2026-04-16,목,LG,롯데,잠실,23750
2026,2026-04-16,목,NC,KT,창원,5921
2026,2026-04-17,금,KT,키움,수원,7479
2026,2026-04-17,금,두산,KIA,잠실,23750
2026,2026-04-18,토,삼성,LG,대구,24000
2026,2026-04-18,토,롯데,한화,사직,23200
2026,2026-04-18,토,KT,키움,수원,13721
2026,2026-04-18,토,두산,KIA,잠실,23750
2026,2026-04-18,토,NC,SSG,창원,14888
2026,2026-04-19,일,삼성,LG,대구,24000
2026,2026-04-19,일,롯데,한화,사직,23200
2026,2026-04-19,일,KT,키움,수원,10403
2026,2026-04-19,일,두산,KIA,잠실,23750
2026,2026-04-19,일,NC,SSG,창원,13677
2026,2026-04-21,화,키움,NC,고척,5531
2026,2026-04-21,화,삼성,SSG,대구,23420
2026,2026-04-21,화,롯데,두산,사직,15942
2026,2026-04-21,화,KT,KIA,수원,13143
2026,2026-04-21,화,LG,한화,잠실,23750
2026,2026-04-22,수,키움,NC,고척,5793
2026,2026-04-22,수,삼성,SSG,대구,23539
2026,2026-04-22,수,롯데,두산,사직,19425
2026,2026-04-22,수,KT,KIA,수원,14428
2026,2026-04-22,수,LG,한화,잠실,23750
2026,2026-04-23,목,키움,NC,고척,6176
2026,2026-04-23,목,삼성,SSG,대구,23524
2026,2026-04-23,목,롯데,두산,사직,17334
2026,2026-04-23,목,KT,KIA,수원,15561
2026,2026-04-23,목,LG,한화,잠실,23750
2026,2026-04-24,금,키움,삼성,고척,16000
2026,2026-04-24,금,KIA,롯데,광주,20500
2026,2026-04-24,금,한화,NC,대전,17000
2026,2026-04-24,금,SSG,KT,문학,15569
2026,2026-04-24,금,두산,LG,잠실,23750
2026,2026-04-25,토,키움,삼성,고척,16000
2026,2026-04-25,토,KIA,롯데,광주,20500
2026,2026-04-25,토,한화,NC,대전,17000
2026,2026-04-25,토,SSG,KT,문학,22655
2026,2026-04-25,토,두산,LG,잠실,23750
2026,2026-04-26,일,키움,삼성,고척,16000
2026,2026-04-26,일,KIA,롯데,광주,20500
2026,2026-04-26,일,한화,NC,대전,17000
2026,2026-04-26,일,SSG,KT,문학,19484
2026,2026-04-26,일,두산,LG,잠실,23750
2026,2026-04-28,화,한화,SSG,대전,16651
2026,2026-04-28,화,롯데,키움,사직,19704
2026,2026-04-28,화,KT,LG,수원,12312
2026,2026-04-28,화,두산,삼성,잠실,23750
2026,2026-04-28,화,NC,KIA,창원,8781
2026,2026-04-29,수,한화,SSG,대전,17000
2026,2026-04-29,수,롯데,키움,사직,19362
2026,2026-04-29,수,KT,LG,수원,13711
2026,2026-04-29,수,두산,삼성,잠실,23750
2026,2026-04-29,수,NC,KIA,창원,11824
2026,2026-04-30,목,한화,SSG,대전,17000
2026,2026-04-30,목,롯데,키움,사직,23200
2026,2026-04-30,목,KT,LG,수원,18700
2026,2026-04-30,목,두산,삼성,잠실,23750
2026,2026-04-30,목,NC,KIA,창원,16616
2026,2026-05-01,금,키움,두산,고척,16000
2026,2026-05-01,금,KIA,KT,광주,20500
2026,2026-05-01,금,삼성,한화,대구,24000
2026,2026-05-01,금,SSG,롯데,문학,23000
2026,2026-05-01,금,LG,NC,잠실,23750
2026,2026-05-02,토,키움,두산,고척,16000
2026,2026-05-02,토,KIA,KT,광주,20500
2026,2026-05-02,토,삼성,한화,대구,24000
2026,2026-05-02,토,SSG,롯데,문학,23000
2026,2026-05-02,토,LG,NC,잠실,23750
2026,2026-05-03,일,키움,두산,고척,16000
2026,2026-05-03,일,KIA,KT,광주,20500
2026,2026-05-03,일,삼성,한화,대구,24000
2026,2026-05-03,일,SSG,롯데,문학,23000
2026,2026-05-03,일,LG,NC,잠실,23633
2026,2026-05-05,화,KIA,한화,광주,20500
2026,2026-05-05,화,삼성,키움,대구,24000
2026,2026-05-05,화,SSG,NC,문학,23000
2026,2026-05-05,화,KT,롯데,수원,18700
2026,2026-05-05,화,LG,두산,잠실,23750
2026,2026-05-06,수,KIA,한화,광주,18441
2026,2026-05-06,수,삼성,키움,대구,24000
2026,2026-05-06,수,SSG,NC,문학,15681
2026,2026-05-06,수,KT,롯데,수원,12531
2026,2026-05-06,수,LG,두산,잠실,23750
2026,2026-05-07,목,KIA,한화,광주,17607
2026,2026-05-07,목,삼성,키움,대구,24000
2026,2026-05-07,목,SSG,NC,문학,14364
2026,2026-05-07,목,LG,두산,잠실,22805
2026,2026-05-08,금,키움,KT,고척,6159
2026,2026-05-08,금,한화,LG,대전,16551
2026,2026-05-08,금,롯데,KIA,사직,23200
2026,2026-05-08,금,두산,SSG,잠실,23750
2026,2026-05-08,금,NC,삼성,창원,15758
2026,2026-05-09,토,키움,KT,고척,11300
2026,2026-05-09,토,한화,LG,대전,17000
2026,2026-05-09,토,롯데,KIA,사직,23200
2026,2026-05-09,토,두산,SSG,잠실,23750
2026,2026-05-09,토,NC,삼성,창원,18128
2026,2026-05-10,일,키움,KT,고척,9153
2026,2026-05-10,일,한화,LG,대전,17000
2026,2026-05-10,일,롯데,KIA,사직,23200
2026,2026-05-10,일,두산,SSG,잠실,23750
2026,2026-05-10,일,NC,삼성,창원,18128
2026,2026-05-12,화,키움,한화,고척,16000
2026,2026-05-12,화,KIA,두산,광주,13698
2026,2026-05-12,화,롯데,NC,사직,16431
2026,2026-05-12,화,KT,SSG,수원,7742
2026,2026-05-12,화,LG,삼성,잠실,23750
2026,2026-05-13,수,키움,한화,고척,16000
2026,2026-05-13,수,KIA,두산,광주,15366
2026,2026-05-13,수,롯데,NC,사직,21019
2026,2026-05-13,수,KT,SSG,수원,8350
2026,2026-05-13,수,LG,삼성,잠실,23750
2026,2026-05-14,목,키움,한화,고척,16000
2026,2026-05-14,목,KIA,두산,광주,15738
2026,2026-05-14,목,롯데,NC,사직,22834
2026,2026-05-14,목,KT,SSG,수원,9128
2026,2026-05-14,목,LG,삼성,잠실,23750
2026,2026-05-15,금,삼성,KIA,대구,24000
2026,2026-05-15,금,SSG,LG,문학,23000
2026,2026-05-15,금,KT,한화,수원,18700
2026,2026-05-15,금,두산,롯데,잠실,23750
2026,2026-05-15,금,NC,키움,창원,9762
2026,2026-05-16,토,삼성,KIA,대구,24000
2026,2026-05-16,토,SSG,LG,문학,23000
2026,2026-05-16,토,KT,한화,수원,18700
2026,2026-05-16,토,두산,롯데,잠실,23750
2026,2026-05-16,토,NC,키움,창원,15091
2026,2026-05-17,일,삼성,KIA,대구,24000
2026,2026-05-17,일,SSG,LG,문학,23000
2026,2026-05-17,일,KT,한화,수원,18700
2026,2026-05-17,일,두산,롯데,잠실,23750
2026,2026-05-17,일,NC,키움,창원,12047
2026,2026-05-19,화,키움,SSG,고척,7674
2026,2026-05-19,화,KIA,LG,광주,14801
2026,2026-05-19,화,한화,롯데,대전,17000
2026,2026-05-19,화,두산,NC,잠실,19186
2026,2026-05-19,화,삼성,KT,포항,12120
2026,2026-05-20,수,키움,SSG,고척,9234
2026,2026-05-21,목,키움,SSG,고척,8043
2026,2026-05-21,목,KIA,LG,광주,15082
2026,2026-05-21,목,한화,롯데,대전,17000
2026,2026-05-21,목,두산,NC,잠실,16593
2026,2026-05-21,목,삼성,KT,포항,12120
2026,2026-05-22,금,KIA,SSG,광주,20500
2026,2026-05-22,금,한화,두산,대전,17000
2026,2026-05-22,금,롯데,삼성,사직,23200
2026,2026-05-22,금,KT,NC,수원,10312
2026,2026-05-22,금,LG,키움,잠실,23750
2026,2026-05-23,토,KIA,SSG,광주,20500
2026,2026-05-23,토,한화,두산,대전,17000
2026,2026-05-23,토,롯데,삼성,사직,23200
2026,2026-05-23,토,KT,NC,수원,17078
2026,2026-05-23,토,LG,키움,잠실,23750
2026,2026-05-24,일,KIA,SSG,광주,20500
2026,2026-05-24,일,한화,두산,대전,17000
2026,2026-05-24,일,롯데,삼성,사직,23200
2026,2026-05-24,일,KT,NC,수원,15202
2026,2026-05-24,일,LG,키움,잠실,23750
2026,2026-05-26,화,키움,KIA,고척,16000
2026,2026-05-26,화,롯데,LG,사직,15588
2026,2026-05-26,화,두산,KT,잠실,19281
2026,2026-05-27,수,키움,KIA,고척,16000
2026,2026-05-27,수,SSG,삼성,문학,18420
2026,2026-05-27,수,롯데,LG,사직,16827
2026,2026-05-27,수,두산,KT,잠실,22016
2026,2026-05-27,수,NC,한화,창원,11013
2026,2026-05-28,목,키움,KIA,고척,16000
2026,2026-05-28,목,SSG,삼성,문학,18084
2026,2026-05-28,목,롯데,LG,사직,20522
2026,2026-05-28,목,두산,KT,잠실,22069
2026,2026-05-28,목,NC,한화,창원,13087
2026,2026-05-29,금,키움,KT,고척,7067
2026,2026-05-29,금,삼성,두산,대구,24000
2026,2026-05-29,금,한화,SSG,대전,17000
2026,2026-05-29,금,LG,KIA,잠실,23750
2026,2026-05-29,금,NC,롯데,창원,18128
2026,2026-05-30,토,키움,KT,고척,11068
2026,2026-05-30,토,삼성,두산,대구,24000
2026,2026-05-30,토,한화,SSG,대전,17000
2026,2026-05-30,토,LG,KIA,잠실,23750
2026,2026-05-30,토,NC,롯데,창원,18128
2026,2026-05-31,일,키움,KT,고척,9994
2026,2026-05-31,일,삼성,두산,대구,24000
2026,2026-05-31,일,한화,SSG,대전,17000
2026,2026-05-31,일,LG,KIA,잠실,23750
2026,2026-05-31,일,NC,롯데,창원,18128
2026,2026-06-02,화,KIA,롯데,광주,20500
2026,2026-06-02,화,삼성,NC,대구,24000
2026,2026-06-02,화,SSG,키움,문학,16117
2026,2026-06-02,화,KT,LG,수원,18700
2026,2026-06-02,화,두산,한화,잠실,23750
2026,2026-06-03,수,KIA,롯데,광주,20500
2026,2026-06-03,수,삼성,NC,대구,24000
2026,2026-06-03,수,SSG,키움,문학,18491
2026,2026-06-03,수,KT,LG,수원,18700
2026,2026-06-03,수,두산,한화,잠실,23750
2026,2026-06-04,목,KIA,롯데,광주,20500
2026,2026-06-04,목,삼성,NC,대구,24000
2026,2026-06-04,목,SSG,키움,문학,12688
2026,2026-06-04,목,KT,LG,수원,12257
2026,2026-06-04,목,두산,한화,잠실,22961
2026,2026-06-05,금,KIA,삼성,광주,20500
2026,2026-06-05,금,SSG,KT,문학,16047
2026,2026-06-05,금,롯데,한화,사직,23200
2026,2026-06-05,금,두산,키움,잠실,15849
2026,2026-06-05,금,NC,LG,창원,15066
2026,2026-06-06,토,KIA,삼성,광주,20500
2026,2026-06-06,토,SSG,KT,문학,18425
2026,2026-06-06,토,롯데,한화,사직,23200
2026,2026-06-06,토,두산,키움,잠실,22287
2026,2026-06-06,토,NC,LG,창원,18128
2026,2026-06-07,일,KIA,삼성,광주,20500
2026,2026-06-07,일,SSG,KT,문학,15598
2026,2026-06-07,일,롯데,한화,사직,23200
2026,2026-06-07,일,두산,키움,잠실,21393
2026,2026-06-07,일,NC,LG,창원,10888
2026,2026-06-09,화,키움,NC,고척,4284
2026,2026-06-09,화,한화,KIA,대전,17000
2026,2026-06-09,화,롯데,두산,사직,13351
2026,2026-06-09,화,KT,삼성,수원,13359
2026,2026-06-09,화,LG,SSG,잠실,20469
2026,2026-06-10,수,키움,NC,고척,5329
2026,2026-06-10,수,한화,KIA,대전,17000
2026,2026-06-10,수,롯데,두산,사직,14200
2026,2026-06-10,수,KT,삼성,수원,13606
2026,2026-06-10,수,LG,SSG,잠실,20204
2026,2026-06-11,목,키움,NC,고척,5553
2026,2026-06-11,목,한화,KIA,대전,17000
2026,2026-06-11,목,롯데,두산,사직,15542
2026,2026-06-11,목,KT,삼성,수원,14126
2026,2026-06-11,목,LG,SSG,잠실,20071
2026,2026-06-12,금,키움,한화,고척,16000
2026,2026-06-12,금,KIA,두산,광주,20500
2026,2026-06-12,금,삼성,SSG,대구,24000
2026,2026-06-12,금,KT,NC,수원,8371
2026,2026-06-12,금,LG,롯데,잠실,23750
2026,2026-06-13,토,키움,한화,고척,16000
2026,2026-06-13,토,KIA,두산,광주,20500
2026,2026-06-13,토,삼성,SSG,대구,24000
2026,2026-06-13,토,KT,NC,수원,13833
2026,2026-06-13,토,LG,롯데,잠실,23750
2026,2026-06-14,일,키움,한화,고척,16000
2026,2026-06-14,일,KIA,두산,광주,20500
2026,2026-06-14,일,삼성,SSG,대구,24000
2026,2026-06-14,일,LG,롯데,잠실,23750
2026,2026-06-16,화,KIA,LG,광주,20500
2026,2026-06-16,화,삼성,키움,대구,22995
2026,2026-06-16,화,SSG,롯데,문학,16851
2026,2026-06-16,화,두산,KT,잠실,13530
2026,2026-06-16,화,NC,한화,창원,8398
2026,2026-06-17,수,KIA,LG,광주,15628
2026,2026-06-17,수,삼성,키움,대구,22915
2026,2026-06-17,수,SSG,롯데,문학,17099
2026,2026-06-17,수,두산,KT,잠실,13960
2026,2026-06-17,수,NC,한화,창원,9773
2026,2026-06-18,목,KIA,LG,광주,17477
2026,2026-06-18,목,삼성,키움,대구,23412
2026,2026-06-18,목,SSG,롯데,문학,17097
2026,2026-06-18,목,두산,KT,잠실,14712
2026,2026-06-18,목,NC,한화,창원,8325
2026,2026-06-19,금,키움,롯데,고척,14578
2026,2026-06-19,금,한화,삼성,대전,17000
2026,2026-06-19,금,KT,KIA,수원,18700
2026,2026-06-19,금,LG,두산,잠실,23061
2026,2026-06-19,금,NC,SSG,창원,7400
2026,2026-06-20,토,키움,롯데,고척,16000
2026,2026-06-20,토,한화,삼성,대전,17000
2026,2026-06-20,토,KT,KIA,수원,18700
2026,2026-06-20,토,LG,두산,잠실,23453
2026,2026-06-20,토,NC,SSG,창원,13204
2026,2026-06-21,일,키움,롯데,고척,16000
2026,2026-06-21,일,한화,삼성,대전,17000
2026,2026-06-21,일,KT,KIA,수원,18700
2026,2026-06-21,일,LG,두산,잠실,23750
2026,2026-06-21,일,NC,SSG,창원,10028
2026,2026-06-23,화,키움,KIA,고척,16000
2026,2026-06-23,화,한화,두산,대전,17000
2026,2026-06-23,화,롯데,NC,사직,14929
2026,2026-06-23,화,KT,SSG,수원,7641
2026,2026-06-23,화,LG,삼성,잠실,23750
2026,2026-06-24,수,키움,KIA,고척,16000
2026,2026-06-24,수,한화,두산,대전,17000
2026,2026-06-24,수,롯데,NC,사직,13803
2026,2026-06-24,수,KT,SSG,수원,8080
2026,2026-06-24,수,LG,삼성,잠실,23750
2026,2026-06-25,목,키움,KIA,고척,16000
2026,2026-06-25,목,한화,두산,대전,16063
2026,2026-06-25,목,롯데,NC,사직,17987
2026,2026-06-25,목,KT,SSG,수원,7760
2026,2026-06-25,목,LG,삼성,잠실,23750
2026,2026-06-26,금,삼성,KT,대구,24000
2026,2026-06-26,금,SSG,한화,문학,21109
2026,2026-06-26,금,롯데,LG,사직,23200
2026,2026-06-26,금,두산,KIA,잠실,23750
2026,2026-06-26,금,NC,키움,창원,8935
2026,2026-06-27,토,삼성,KT,대구,24000
2026,2026-06-27,토,SSG,한화,문학,23000
2026,2026-06-27,토,롯데,LG,사직,23200
2026,2026-06-27,토,두산,KIA,잠실,23750
2026,2026-06-27,토,NC,키움,창원,14042
2026,2026-06-28,일,삼성,KT,대구,24000
2026,2026-06-28,일,SSG,한화,문학,23000
2026,2026-06-28,일,롯데,LG,사직,23200
2026,2026-06-28,일,두산,KIA,잠실,23750
2026,2026-06-28,일,NC,키움,창원,8743
2026,2026-06-30,화,키움,LG,고척,12885
2026,2026-06-30,화,KIA,SSG,광주,14394
2026,2026-06-30,화,두산,롯데,잠실,21411
2026,2026-06-30,화,NC,삼성,창원,11590
2026,2026-07-01,수,키움,LG,고척,12940
2026,2026-07-01,수,KIA,SSG,광주,13136
2026,2026-07-01,수,한화,KT,대전,15243
2026,2026-07-01,수,두산,롯데,잠실,21248
2026,2026-07-01,수,NC,삼성,창원,11602
2026,2026-07-02,목,키움,LG,고척,14268
2026,2026-07-02,목,KIA,SSG,광주,14485
2026,2026-07-02,목,한화,KT,대전,15111
2026,2026-07-02,목,두산,롯데,잠실,21951
2026,2026-07-02,목,NC,삼성,창원,14155
2026,2026-07-03,금,키움,두산,고척,13796
2026,2026-07-03,금,KIA,NC,광주,20500
2026,2026-07-03,금,SSG,삼성,문학,19054
2026,2026-07-03,금,KT,롯데,수원,18700
2026,2026-07-03,금,LG,한화,잠실,23750
2026,2026-07-04,토,키움,두산,고척,16000
2026,2026-07-04,토,KIA,NC,광주,20500
2026,2026-07-04,토,SSG,삼성,문학,23000
2026,2026-07-04,토,KT,롯데,수원,18700
2026,2026-07-04,토,LG,한화,잠실,23750
2026,2026-07-05,일,키움,두산,고척,15502
2026,2026-07-05,일,SSG,삼성,문학,19602
2026,2026-07-05,일,KT,롯데,수원,18700
2026,2026-07-07,화,삼성,LG,대구,24000
2026,2026-07-07,화,한화,NC,대전,14052
2026,2026-07-07,화,롯데,KIA,사직,19758
2026,2026-07-07,화,KT,키움,수원,5847
2026,2026-07-07,화,두산,SSG,잠실,13375
2026,2026-07-08,수,삼성,LG,대구,24000
2026,2026-07-08,수,롯데,KIA,사직,21792
2026,2026-07-08,수,KT,키움,수원,4659
2026,2026-07-08,수,두산,SSG,잠실,12789
2026,2026-07-09,목,삼성,LG,대구,24000
2026,2026-07-09,목,한화,NC,대전,13805
2026,2026-07-09,목,롯데,KIA,사직,23200
2026,2026-07-09,목,두산,SSG,잠실,12961
2026,2026-07-16,목,삼성,롯데,대구,24000
2026,2026-07-16,목,한화,키움,대전,17000
2026,2026-07-16,목,SSG,KIA,문학,23000
2026,2026-07-16,목,LG,KT,잠실,22506
2026,2026-07-16,목,NC,두산,창원,14492
2026,2026-07-17,금,한화,키움,대전,17000
2026,2026-07-17,금,SSG,KIA,문학,23000
2026,2026-07-17,금,LG,KT,잠실,23750
2026,2026-07-17,금,NC,두산,창원,15235
2026,2026-07-18,토,삼성,롯데,대구,24000
2026,2026-07-18,토,한화,키움,대전,15587
2026,2026-07-18,토,SSG,KIA,문학,23000
2026,2026-07-18,토,LG,KT,잠실,21042
2026,2026-07-18,토,NC,두산,창원,15093
2026,2026-07-19,일,삼성,롯데,대구,24000
2026,2026-07-19,일,한화,키움,대전,16566
2026,2026-07-19,일,SSG,KIA,문학,23000
2026,2026-07-19,일,LG,KT,잠실,21515
2026,2026-07-19,일,NC,두산,창원,10406
2026,2026-07-21,화,키움,삼성,고척,15437
2026,2026-07-21,화,KIA,한화,광주,16201
2026,2026-07-21,화,롯데,SSG,사직,15577
2026,2026-07-21,화,KT,두산,수원,10183
2026,2026-07-21,화,LG,NC,잠실,13905
2026,2026-07-22,수,키움,삼성,고척,15536
2026,2026-07-22,수,KIA,한화,광주,15365
2026,2026-07-22,수,롯데,SSG,사직,15965
2026,2026-07-23,목,키움,삼성,고척,15642
2026,2026-07-23,목,KIA,한화,광주,16394
2026,2026-07-23,목,롯데,SSG,사직,16072
2026,2026-07-23,목,LG,NC,잠실,14215
2026,2026-07-24,금,KIA,키움,광주,16065
2026,2026-07-24,금,한화,LG,대전,16082
2026,2026-07-24,금,SSG,NC,문학,11579
2026,2026-07-24,금,롯데,KT,사직,15154
2026,2026-07-24,금,두산,삼성,잠실,23750
2026,2026-07-25,토,KIA,키움,광주,20500
2026,2026-07-25,토,한화,LG,대전,17000
2026,2026-07-25,토,SSG,NC,문학,13283
2026,2026-07-25,토,롯데,KT,사직,22477
2026,2026-07-25,토,두산,삼성,잠실,23750
2026,2026-07-26,일,KIA,키움,광주,18112
2026,2026-07-26,일,한화,LG,대전,17000
2026,2026-07-26,일,SSG,NC,문학,10971
2026,2026-07-26,일,롯데,KT,사직,22336
2026,2026-07-26,일,두산,삼성,잠실,23750
2026,2026-07-28,화,삼성,KIA,대구,24000
2026,2026-07-28,화,한화,롯데,대전,17000
2026,2026-07-28,화,SSG,두산,문학,12705
2026,2026-07-28,화,LG,키움,잠실,18329
2026,2026-07-28,화,NC,KT,창원,7613
2026,2026-07-29,수,삼성,KIA,대구,24000
2026,2026-07-29,수,한화,롯데,대전,17000
2026,2026-07-29,수,SSG,두산,문학,12712
2026,2026-07-29,수,LG,키움,잠실,20067
2026,2026-07-29,수,NC,KT,창원,8411
2026,2026-07-30,목,삼성,KIA,대구,24000
2026,2026-07-30,목,한화,롯데,대전,17000
2026,2026-07-30,목,SSG,두산,문학,13213
2026,2026-07-30,목,LG,키움,잠실,20159
2026,2026-07-30,목,NC,KT,창원,7854
2026,2026-07-31,금,키움,SSG,고척,10866
2026,2026-07-31,금,롯데,삼성,사직,23200
2026,2026-07-31,금,KT,한화,수원,18700
2026,2026-07-31,금,두산,LG,잠실,23220
2026,2026-07-31,금,NC,KIA,창원,16024
2026,2026-08-01,토,키움,SSG,고척,13390
2026,2026-08-01,토,KT,한화,수원,18700
2026,2026-08-01,토,두산,LG,잠실,23750
2026,2026-08-02,일,키움,SSG,고척,12518
2026,2026-08-02,일,롯데,삼성,사직,23200
2026,2026-08-02,일,KT,한화,수원,18700
2026,2026-08-02,일,두산,LG,잠실,23183
2026,2026-08-04,화,삼성,한화,대구,24000
2026,2026-08-04,화,SSG,LG,문학,11552
2026,2026-08-04,화,롯데,키움,사직,16305
2026,2026-08-11,화,키움,LG,고척,13085
2026,2026-08-11,화,KIA,삼성,광주,14496
2026,2026-08-11,화,SSG,롯데,문학,11253
2026,2026-08-11,화,두산,한화,잠실,22152
2026,2026-08-11,화,NC,KT,창원,6148
2026,2026-08-12,수,키움,LG,고척,12924
2026,2026-08-12,수,KIA,삼성,광주,14612
2026,2026-08-12,수,SSG,롯데,문학,12694
2026,2026-08-12,수,두산,한화,잠실,22751
2026,2026-08-12,수,NC,KT,창원,12216
2026,2026-08-13,목,키움,LG,고척,15028
2026,2026-08-13,목,KIA,삼성,광주,15558
2026,2026-08-13,목,SSG,롯데,문학,12912
2026,2026-08-13,목,두산,한화,잠실,23750
2026,2026-08-13,목,NC,KT,창원,5822
2026,2026-08-14,금,KIA,두산,광주,18308
2026,2026-08-14,금,삼성,한화,대구,24000
2026,2026-08-14,금,롯데,NC,사직,18351
2026,2026-08-14,금,KT,키움,수원,11021
2026,2026-08-14,금,LG,SSG,잠실,19463
2026,2026-08-15,토,KIA,두산,광주,20500
2026,2026-08-15,토,삼성,한화,대구,24000
2026,2026-08-15,토,롯데,NC,사직,23200
2026,2026-08-15,토,KT,키움,수원,13203
2026,2026-08-15,토,LG,SSG,잠실,23189
2026,2026-08-16,일,KIA,두산,광주,20500
2026,2026-08-16,일,KT,키움,수원,13158
2026,2026-08-16,일,LG,SSG,잠실,23287
2026,2026-08-18,화,삼성,SSG,대구,23184
2026,2026-08-18,화,한화,KIA,대전,17000
2026,2026-08-18,화,롯데,키움,사직,11371
2026,2026-08-18,화,LG,KT,잠실,15098
2026,2026-08-18,화,NC,두산,창원,5350
2026,2026-08-19,수,삼성,SSG,대구,22784
2026,2026-08-19,수,한화,KIA,대전,17000
2026,2026-08-19,수,롯데,키움,사직,12596
2026,2026-08-19,수,LG,KT,잠실,15052
2026,2026-08-19,수,NC,두산,창원,6196
2026,2026-08-20,목,삼성,SSG,대구,23238
2026,2026-08-20,목,한화,KIA,대전,17000
2026,2026-08-20,목,롯데,키움,사직,15793
2026,2026-08-20,목,LG,KT,잠실,15492
2026,2026-08-20,목,NC,두산,창원,6313
2026,2026-08-21,금,키움,KIA,고척,16000
2026,2026-08-21,금,한화,LG,대전,15009
2026,2026-08-21,금,SSG,KT,문학,12856
2026,2026-08-21,금,두산,롯데,잠실,23750
2026,2026-08-21,금,NC,삼성,창원,14909
2026,2026-08-22,토,키움,KIA,고척,16000
2026,2026-08-22,토,NC,삼성,창원,18128
2026,2026-08-23,일,키움,KIA,고척,16000
2026,2026-08-23,일,한화,LG,대전,17000
2026,2026-08-23,일,SSG,KT,문학,17000
2026,2026-08-23,일,두산,롯데,잠실,23750
2026,2026-08-23,일,NC,삼성,창원,18128
2026,2026-08-25,화,키움,삼성,고척,14399
2026,2026-08-25,화,KIA,롯데,광주,14887
2026,2026-08-25,화,SSG,한화,문학,15094
2026,2026-08-25,화,KT,두산,수원,10173
2026,2026-08-25,화,LG,NC,잠실,14554
2026,2026-08-26,수,키움,삼성,고척,15260
2026,2026-08-26,수,KIA,롯데,광주,14662
2026,2026-08-26,수,SSG,한화,문학,17211
2026,2026-08-26,수,KT,두산,수원,10307
2026,2026-08-26,수,LG,NC,잠실,16376
2026,2026-08-27,목,키움,삼성,고척,14788
2026,2026-08-27,목,SSG,한화,문학,17536
2026,2026-08-27,목,KT,두산,수원,10751
2026,2026-08-27,목,LG,NC,잠실,16644
2026,2026-08-29,토,KIA,SSG,광주,20500
2026,2026-08-29,토,삼성,KT,대구,24000
2026,2026-08-29,토,한화,NC,대전,17000
2026,2026-08-29,토,롯데,LG,사직,22212
2026,2026-08-29,토,두산,키움,잠실,22958
2026,2026-08-30,일,한화,NC,대전,17000
2026,2026-08-30,일,두산,키움,잠실,19268
2026,2026-09-01,화,키움,SSG,고척,5474
2026,2026-09-01,화,삼성,롯데,대구,24000
2026,2026-09-01,화,KT,한화,수원,8583
2026,2026-09-01,화,두산,LG,잠실,18278
2026,2026-09-01,화,NC,KIA,창원,8456
2026,2026-09-02,수,키움,SSG,고척,5846
2026,2026-09-02,수,삼성,롯데,대구,24000
2026,2026-09-02,수,KT,한화,수원,10935
2026,2026-09-02,수,두산,LG,잠실,20274
2026,2026-09-02,수,NC,KIA,창원,10172
2026,2026-09-03,목,키움,SSG,고척,6839
2026,2026-09-03,목,삼성,롯데,대구,24000
2026,2026-09-03,목,KT,한화,수원,11789
2026,2026-09-03,목,두산,LG,잠실,22434
2026,2026-09-04,금,키움,NC,고척,5930
2026,2026-09-04,금,KIA,KT,광주,20500
2026,2026-09-04,금,SSG,두산,문학,14260
2026,2026-09-04,금,롯데,한화,사직,16201
2026,2026-09-04,금,LG,삼성,잠실,23750
2026,2026-09-05,토,키움,NC,고척,9383
2026,2026-09-05,토,KIA,KT,광주,20500
2026,2026-09-05,토,SSG,두산,문학,23000
2026,2026-09-05,토,롯데,한화,사직,23200
2026,2026-09-05,토,LG,삼성,잠실,23750
2026,2026-09-06,일,키움,NC,고척,9499
2026,2026-09-06,일,KIA,KT,광주,20500
2026,2026-09-06,일,SSG,두산,문학,17771
2026,2026-09-06,일,롯데,한화,사직,23200
2026,2026-09-06,일,LG,삼성,잠실,23750
2026,2026-09-08,화,삼성,KIA,대구,24000
2026,2026-09-08,화,한화,두산,대전,12011
2026,2026-09-08,화,KT,SSG,수원,8705
2026,2026-09-08,화,LG,키움,잠실,18277
2026,2026-09-08,화,NC,롯데,창원,14114
2026,2026-09-09,수,KIA,NC,광주,12230
2026,2026-09-09,수,삼성,KT,대구,24000
2026,2026-09-09,수,한화,LG,대전,12024
2026,2026-09-09,수,두산,SSG,잠실,18722
2026,2026-09-10,목,KIA,NC,광주,12754
2026,2026-09-10,목,SSG,한화,문학,17328
2026,2026-09-10,목,롯데,KT,사직,11146
2026,2026-09-10,목,두산,키움,잠실,13713
2026,2026-09-11,금,KIA,SSG,광주,16620
2026,2026-09-11,금,삼성,키움,대구,24000
2026,2026-09-11,금,한화,NC,대전,14278
2026,2026-09-11,금,롯데,KT,사직,11569
2026,2026-09-12,토,키움,롯데,고척,15146
2026,2026-09-12,토,삼성,LG,대구,24000
2026,2026-09-12,토,KT,KIA,수원,18700
2026,2026-09-12,토,두산,NC,잠실,23096
2026,2026-09-13,일,KIA,한화,광주,20500
2026,2026-09-13,일,삼성,LG,대구,24000
2026,2026-09-13,일,KT,롯데,수원,18700
2026,2026-09-13,일,두산,NC,잠실,17597
2026,2026-09-15,화,삼성,롯데,대구,24000
2026,2026-09-15,화,한화,KT,대전,10287
2026,2026-09-15,화,SSG,KIA,문학,23000
2026,2026-09-15,화,NC,LG,창원,10547
2026,2026-09-16,수,한화,KT,대전,10194
2026,2026-09-16,수,롯데,SSG,사직,10851
2026,2026-09-16,수,두산,삼성,잠실,23750
2026,2026-09-16,수,NC,LG,창원,14180
2026,2026-09-17,목,KIA,키움,광주,15470
2026,2026-09-17,목,NC,SSG,창원,10869
2026,2026-09-18,금,한화,삼성,대전,17000
2026,2026-09-18,금,롯데,NC,사직,12724
2026,2026-09-18,금,KT,LG,수원,18700
2026,2026-09-18,금,두산,키움,잠실,18704
2026,2026-09-19,토,롯데,삼성,사직,23200
2026,2026-09-19,토,KT,두산,수원,18700
2026,2026-09-19,토,LG,한화,잠실,23750
2026,2026-09-19,토,NC,KIA,창원,18128
2026,2026-09-20,일,SSG,키움,문학,18915
2026,2026-09-20,일,롯데,삼성,사직,23200
2026,2026-09-20,일,KT,두산,수원,16606
2026,2026-09-20,일,LG,한화,잠실,23750
2026,2026-09-20,일,NC,KIA,창원,16120
2026,2026-09-22,화,키움,두산,고척,9426
2026,2026-09-22,화,삼성,NC,대구,24000
2026,2026-09-22,화,한화,롯데,대전,12538
2026,2026-09-22,화,SSG,KT,문학,13548
2026,2026-09-23,수,한화,롯데,대전,14001
2026,2026-09-23,수,KT,NC,수원,12067
2026,2026-09-23,수,두산,KIA,잠실,23750
2026,2026-09-24,목,SSG,삼성,문학,23000
2026,2026-09-24,목,KT,NC,수원,14726
2026,2026-09-24,목,LG,롯데,잠실,23750
