season,date,start,home,away,stadium,home_score,away_score,note
2021,2021-04-03,14:00,키움,삼성,고척,6,1,-
2021,2021-04-03,14:00,SSG,롯데,문학,,,우천취소
2021,2021-04-03,14:00,KT,한화,수원,,,우천취소
2021,2021-04-03,14:00,두산,KIA,잠실,,,우천취소
2021,2021-04-03,14:00,NC,LG,창원,,,우천취소
2021,2021-04-04,14:00,키움,삼성,고척,7,4,-
2021,2021-04-04,14:00,SSG,롯데,문학,5,3,-
2021,2021-04-04,14:00,KT,한화,수원,3,2,-
2021,2021-04-04,14:00,두산,KIA,잠실,4,1,-
2021,2021-04-04,14:00,NC,LG,창원,1,2,-
2021,2021-04-06,18:30,키움,KIA,고척,4,5,-
2021,2021-04-06,18:30,SSG,한화,문학,2,1,-
2021,2021-04-06,18:30,KT,LG,수원,2,3,-
2021,2021-04-06,18:30,두산,삼성,잠실,6,3,-
2021,2021-04-06,18:30,NC,롯데,창원,5,10,-
2021,2021-04-07,18:30,키움,KIA,고척,7,8,-
2021,2021-04-07,18:30,SSG,한화,문학,0,17,-
2021,2021-04-07,18:30,KT,LG,수원,7,3,-
2021,2021-04-07,18:30,두산,삼성,잠실,1,0,-
2021,2021-04-07,18:30,NC,롯데,창원,10,6,-
2021,2021-04-08,18:30,키움,KIA,고척,3,5,-
2021,2021-04-08,18:30,SSG,한화,문학,6,4,-
2021,2021-04-08,18:30,KT,LG,수원,3,7,-
2021,2021-04-08,18:30,두산,삼성,잠실,1,6,-
2021,2021-04-08,18:30,NC,롯데,창원,4,8,-
2021,2021-04-09,18:30,KIA,NC,광주,6,10,-
2021,2021-04-09,18:30,삼성,KT,대구,7,5,-
2021,2021-04-09,18:30,롯데,키움,사직,2,7,-
2021,2021-04-09,18:30,LG,SSG,잠실,9,5,-
2021,2021-04-09,18:30,한화,두산,한밭,7,0,-
2021,2021-04-10,17:00,KIA,NC,광주,2,9,-
2021,2021-04-10,14:00,삼성,KT,대구,7,6,-
2021,2021-04-10,17:00,롯데,키움,사직,13,0,-
2021,2021-04-10,14:00,LG,SSG,잠실,3,4,-
2021,2021-04-10,17:00,한화,두산,한밭,1,18,-
2021,2021-04-11,14:00,KIA,NC,광주,3,7,-
2021,2021-04-11,14:00,삼성,KT,대구,4,2,-
2021,2021-04-11,14:00,롯데,키움,사직,2,3,-
2021,2021-04-11,14:00,LG,SSG,잠실,1,0,-
2021,2021-04-11,14:00,한화,두산,한밭,3,2,-
2021,2021-04-13,18:30,키움,LG,고척,8,2,-
2021,2021-04-13,18:30,KIA,롯데,광주,0,8,-
2021,2021-04-13,18:30,삼성,한화,대구,4,3,-
2021,2021-04-13,18:30,SSG,NC,문학,2,4,-
2021,2021-04-13,18:30,두산,KT,잠실,7,8,-
2021,2021-04-14,18:30,키움,LG,고척,2,13,-
2021,2021-04-14,18:30,KIA,롯데,광주,3,2,-
2021,2021-04-14,18:30,삼성,한화,대구,2,6,-
2021,2021-04-14,18:30,SSG,NC,문학,0,3,-
2021,2021-04-14,18:30,두산,KT,잠실,3,1,-
2021,2021-04-15,18:30,키움,LG,고척,4,6,-
2021,2021-04-15,18:30,KIA,롯데,광주,10,5,-
2021,2021-04-15,18:30,삼성,한화,대구,4,0,-
2021,2021-04-15,18:30,SSG,NC,문학,9,3,-
2021,2021-04-15,18:30,두산,KT,잠실,3,8,-
2021,2021-04-16,18:30,SSG,KIA,문학,6,11,-
2021,2021-04-16,18:30,롯데,삼성,사직,9,3,-
2021,2021-04-16,18:30,KT,키움,수원,8,4,-
2021,2021-04-16,18:30,LG,두산,잠실,1,0,-
2021,2021-04-16,19:00,NC,한화,창원,9,1,-
2021,2021-04-17,14:00,SSG,KIA,문학,4,3,-
2021,2021-04-17,17:00,롯데,삼성,사직,0,12,-
2021,2021-04-17,17:00,KT,키움,수원,8,5,-
2021,2021-04-17,17:00,LG,두산,잠실,1,3,-
2021,2021-04-17,17:00,NC,한화,창원,14,4,-
2021,2021-04-18,14:00,SSG,KIA,문학,4,2,-
2021,2021-04-18,14:00,롯데,삼성,사직,0,7,-
2021,2021-04-18,14:00,KT,키움,수원,10,2,-
2021,2021-04-18,14:00,LG,두산,잠실,1,9,-
2021,2021-04-18,14:00,NC,한화,창원,3,11,-
2021,2021-04-20,18:30,삼성,SSG,대구,7,10,-
2021,2021-04-20,18:30,롯데,두산,사직,10,5,-
2021,2021-04-20,18:30,LG,KIA,잠실,3,6,-
2021,2021-04-20,18:30,NC,KT,창원,2,5,-
2021,2021-04-20,18:30,한화,키움,한밭,7,3,-
2021,2021-04-21,18:30,삼성,SSG,대구,14,4,-
2021,2021-04-21,18:30,롯데,두산,사직,10,9,-
2021,2021-04-21,18:30,LG,KIA,잠실,7,3,-
2021,2021-04-21,18:30,NC,KT,창원,4,3,-
2021,2021-04-21,18:30,한화,키움,한밭,4,3,-
2021,2021-04-22,18:30,삼성,SSG,대구,6,11,-
2021,2021-04-22,18:30,롯데,두산,사직,1,13,-
2021,2021-04-22,18:30,LG,KIA,잠실,2,3,-
2021,2021-04-22,18:30,NC,KT,창원,5,11,-
2021,2021-04-22,18:30,한화,키움,한밭,3,8,-
2021,2021-04-23,18:30,키움,SSG,고척,5,9,-
2021,2021-04-23,18:30,KIA,삼성,광주,4,1,-
2021,2021-04-23,18:30,KT,롯데,수원,5,10,-
2021,2021-04-23,18:30,두산,NC,잠실,5,1,-
2021,2021-04-23,18:30,한화,LG,한밭,1,2,-
2021,2021-04-24,14:00,키움,SSG,고척,4,5,-
2021,2021-04-24,17:00,KIA,삼성,광주,4,8,-
2021,2021-04-24,17:00,KT,롯데,수원,2,4,-
2021,2021-04-24,17:00,두산,NC,잠실,9,6,-
2021,2021-04-24,14:00,한화,LG,한밭,19,5,-
2021,2021-04-25,14:00,키움,SSG,고척,4,3,-
2021,2021-04-25,14:00,KIA,삼성,광주,2,3,-
2021,2021-04-25,14:00,KT,롯데,수원,6,5,-
2021,2021-04-25,14:00,두산,NC,잠실,0,10,-
2021,2021-04-25,14:00,한화,LG,한밭,0,8,-
2021,2021-04-27,18:30,키움,두산,고척,5,4,-
2021,2021-04-27,18:30,KIA,한화,광주,4,3,-
2021,2021-04-27,18:30,삼성,NC,대구,9,0,-
2021,2021-04-27,18:30,SSG,KT,문학,5,14,-
2021,2021-04-27,18:30,LG,롯데,잠실,4,0,-
2021,2021-04-28,18:30,키움,두산,고척,5,4,-
2021,2021-04-28,18:30,KIA,한화,광주,4,0,-
2021,2021-04-28,18:30,삼성,NC,대구,4,3,-
2021,2021-04-28,18:30,SSG,KT,문학,4,2,-
2021,2021-04-28,18:30,LG,롯데,잠실,0,3,-
2021,2021-04-29,18:30,키움,두산,고척,4,15,-
2021,2021-04-29,18:30,KIA,한화,광주,3,2,-
2021,2021-04-29,18:30,삼성,NC,대구,0,9,-
2021,2021-04-29,18:30,SSG,KT,문학,1,6,-
2021,2021-04-29,18:30,LG,롯데,잠실,3,2,-
2021,2021-04-30,18:30,삼성,LG,대구,4,0,-
2021,2021-04-30,18:30,롯데,한화,사직,7,11,-
2021,2021-04-30,18:30,KT,KIA,수원,15,3,-
2021,2021-04-30,18:30,두산,SSG,잠실,9,4,-
2021,2021-04-30,19:00,NC,키움,창원,3,4,-
2021,2021-05-01,17:00,삼성,LG,대구,8,2,-
2021,2021-05-01,17:00,롯데,한화,사직,3,11,-
2021,2021-05-01,17:00,KT,KIA,수원,3,0,-
2021,2021-05-01,17:00,두산,SSG,잠실,2,5,-
2021,2021-05-01,17:00,NC,키움,창원,9,13,-
2021,2021-05-02,14:00,삼성,LG,대구,6,4,-
2021,2021-05-02,14:00,롯데,한화,사직,4,5,-
2021,2021-05-02,14:00,KT,KIA,수원,9,2,-
2021,2021-05-02,14:00,두산,SSG,잠실,8,5,-
2021,2021-05-02,14:00,NC,키움,창원,5,0,-
2021,2021-05-04,18:30,키움,KT,고척,,,기타
2021,2021-05-04,18:30,롯데,KIA,사직,,,기타
2021,2021-05-04,18:30,두산,LG,잠실,,,기타
2021,2021-05-04,18:30,NC,SSG,창원,,,기타
2021,2021-05-04,18:30,한화,삼성,한밭,,,기타
2021,2021-05-05,14:00,키움,KT,고척,14,0,-
2021,2021-05-05,14:00,롯데,KIA,사직,5,8,-
2021,2021-05-05,14:00,두산,LG,잠실,4,7,-
2021,2021-05-05,14:00,NC,SSG,창원,12,13,-
2021,2021-05-05,14:00,한화,삼성,한밭,1,4,-
2021,2021-05-06,18:30,키움,KT,고척,6,4,-
2021,2021-05-06,18:30,롯데,KIA,사직,17,9,-
2021,2021-05-06,18:30,두산,LG,잠실,2,7,-
2021,2021-05-06,18:30,NC,SSG,창원,7,1,-
2021,2021-05-06,18:30,한화,삼성,한밭,6,5,-
2021,2021-05-07,18:30,KIA,두산,광주,,,미세먼지취소
2021,2021-05-07,18:30,삼성,롯데,대구,4,1,-
2021,2021-05-07,18:30,SSG,키움,문학,,,미세먼지취소
2021,2021-05-07,18:30,KT,NC,수원,,,미세먼지취소
2021,2021-05-07,18:30,LG,한화,잠실,,,미세먼지취소
2021,2021-05-08,14:00,KIA,두산,광주,,,미세먼지취소
2021,2021-05-08,17:00,KIA,두산,광주,5,11,-
2021,2021-05-08,17:00,삼성,롯데,대구,8,9,-
2021,2021-05-08,14:00,SSG,키움,문학,,,미세먼지취소
2021,2021-05-08,17:00,SSG,키움,문학,2,9,-
2021,2021-05-08,14:00,KT,NC,수원,,,미세먼지취소
2021,2021-05-08,17:00,KT,NC,수원,4,5,-
2021,2021-05-08,14:00,LG,한화,잠실,,,미세먼지취소
2021,2021-05-08,17:00,LG,한화,잠실,11,2,-
2021,2021-05-09,14:00,KIA,두산,광주,3,5,-
2021,2021-05-09,17:00,KIA,두산,광주,0,9,-
2021,2021-05-09,14:00,삼성,롯데,대구,8,6,-
2021,2021-05-09,14:00,SSG,키움,문학,4,1,-
2021,2021-05-09,17:00,SSG,키움,문학,4,3,-
2021,2021-05-09,14:00,KT,NC,수원,11,16,-
2021,2021-05-09,17:00,KT,NC,수원,9,5,-
2021,2021-05-09,14:00,LG,한화,잠실,11,1,-
2021,2021-05-09,17:00,LG,한화,잠실,4,5,-
2021,2021-05-11,18:30,KIA,LG,광주,7,1,-
2021,2021-05-11,18:30,롯데,SSG,사직,6,7,-
2021,2021-05-11,18:30,KT,삼성,수원,9,6,-
2021,2021-05-11,18:30,두산,키움,잠실,3,2,-
2021,2021-05-11,18:30,한화,NC,한밭,2,7,-
2021,2021-05-12,18:30,KIA,LG,광주,5,3,-
2021,2021-05-12,18:30,롯데,SSG,사직,2,9,-
2021,2021-05-12,18:30,KT,삼성,수원,5,7,-
2021,2021-05-12,18:30,두산,키움,잠실,0,3,-
2021,2021-05-12,18:30,한화,NC,한밭,3,6,-
2021,2021-05-13,18:30,KIA,LG,광주,3,8,-
2021,2021-05-13,18:30,롯데,SSG,사직,5,4,-
2021,2021-05-13,18:30,KT,삼성,수원,0,4,-
2021,2021-05-13,18:30,두산,키움,잠실,13,14,-
2021,2021-05-13,18:30,한화,NC,한밭,2,4,-
2021,2021-05-14,18:30,키움,한화,고척,1,6,-
2021,2021-05-14,18:30,SSG,두산,문학,3,6,-
2021,2021-05-14,18:30,롯데,KT,사직,1,9,-
2021,2021-05-14,18:30,LG,삼성,잠실,4,3,-
2021,2021-05-14,19:00,NC,KIA,창원,5,2,-
2021,2021-05-15,14:00,키움,한화,고척,15,1,-
2021,2021-05-15,17:00,SSG,두산,문학,,,우천취소
2021,2021-05-15,17:00,롯데,KT,사직,4,5,-
2021,2021-05-15,17:00,LG,삼성,잠실,14,4,-
2021,2021-05-15,14:00,NC,KIA,창원,7,3,-
2021,2021-05-16,14:00,키움,한화,고척,5,1,-
2021,2021-05-16,14:00,SSG,두산,문학,,,우천취소
2021,2021-05-16,17:00,SSG,두산,문학,,,우천취소
2021,2021-05-16,14:00,롯데,KT,사직,,,우천취소
2021,2021-05-16,14:00,LG,삼성,잠실,,,우천취소
2021,2021-05-16,14:00,NC,KIA,창원,,,우천취소
2021,2021-05-17,18:30,SSG,두산,문학,3,8,-
2021,2021-05-17,18:30,롯데,KT,사직,,,우천취소
2021,2021-05-17,18:30,LG,삼성,잠실,1,3,-
2021,2021-05-17,18:30,NC,KIA,창원,,,우천취소
2021,2021-05-18,18:30,KIA,SSG,광주,5,7,-
2021,2021-05-18,18:30,삼성,키움,대구,3,15,-
2021,2021-05-18,18:30,KT,두산,수원,1,0,-
2021,2021-05-18,18:30,LG,NC,잠실,1,0,-
2021,2021-05-18,18:30,한화,롯데,한밭,3,4,-
2021,2021-05-19,14:00,KIA,SSG,광주,5,11,-
2021,2021-05-19,14:00,삼성,키움,대구,2,9,-
2021,2021-05-19,14:00,KT,두산,수원,6,5,-
2021,2021-05-19,14:00,LG,NC,잠실,6,5,-
2021,2021-05-19,14:00,한화,롯데,한밭,12,2,-
2021,2021-05-20,18:30,KIA,SSG,광주,,,우천취소
2021,2021-05-20,18:30,삼성,키움,대구,,,우천취소
2021,2021-05-20,18:30,KT,두산,수원,,,우천취소
2021,2021-05-20,18:30,LG,NC,잠실,1,11,-
2021,2021-05-20,18:30,한화,롯데,한밭,,,우천취소
2021,2021-05-21,18:30,키움,NC,고척,2,0,-
2021,2021-05-21,18:30,삼성,KIA,대구,5,3,-
2021,2021-05-21,18:30,SSG,LG,문학,6,5,-
2021,2021-05-21,18:30,두산,롯데,잠실,1,9,-
2021,2021-05-21,18:30,한화,KT,한밭,4,0,-
2021,2021-05-22,17:00,키움,NC,고척,13,6,-
2021,2021-05-22,17:00,삼성,KIA,대구,4,9,-
2021,2021-05-22,17:00,SSG,LG,문학,8,3,-
2021,2021-05-22,17:00,두산,롯데,잠실,4,3,-
2021,2021-05-22,17:00,한화,KT,한밭,5,0,-
2021,2021-05-23,14:00,키움,NC,고척,7,4,-
2021,2021-05-23,14:00,삼성,KIA,대구,7,5,-
2021,2021-05-23,14:00,SSG,LG,문학,8,0,-
2021,2021-05-23,14:00,두산,롯데,잠실,4,0,-
2021,2021-05-23,14:00,한화,KT,한밭,1,8,-
2021,2021-05-25,18:30,KIA,키움,광주,,,기타
2021,2021-05-25,18:30,롯데,LG,사직,,,기타
2021,2021-05-25,18:30,KT,SSG,수원,,,기타
2021,2021-05-25,18:30,두산,한화,잠실,,,기타
2021,2021-05-25,18:30,NC,삼성,창원,,,기타
2021,2021-05-26,18:30,KIA,키움,광주,3,2,-
2021,2021-05-26,18:30,롯데,LG,사직,3,5,-
2021,2021-05-26,18:30,KT,SSG,수원,5,9,-
2021,2021-05-26,18:30,두산,한화,잠실,9,3,-
2021,2021-05-26,18:30,NC,삼성,창원,1,7,-
2021,2021-05-27,18:30,KIA,키움,광주,5,4,-
2021,2021-05-27,18:30,롯데,LG,사직,1,8,-
2021,2021-05-27,18:30,KT,SSG,수원,6,5,-
2021,2021-05-27,18:30,두산,한화,잠실,0,3,-
2021,2021-05-27,18:30,NC,삼성,창원,6,3,-
2021,2021-05-28,18:30,KIA,KT,광주,7,6,-
2021,2021-05-28,18:30,삼성,두산,대구,4,9,-
2021,2021-05-28,18:30,롯데,NC,사직,,,그라운드사정
2021,2021-05-28,18:30,LG,키움,잠실,3,1,-
2021,2021-05-28,18:30,한화,SSG,한밭,3,12,-
2021,2021-05-29,17:00,KIA,KT,광주,5,7,-
2021,2021-05-29,17:00,삼성,두산,대구,16,4,-
2021,2021-05-29,14:00,롯데,NC,사직,10,10,-
2021,2021-05-29,17:00,롯데,NC,사직,2,6,-
2021,2021-05-29,17:00,LG,키움,잠실,2,7,-
2021,2021-05-29,17:00,한화,SSG,한밭,2,6,-
2021,2021-05-30,14:00,KIA,KT,광주,3,4,-
2021,2021-05-30,14:00,삼성,두산,대구,2,4,-
2021,2021-05-30,14:00,롯데,NC,사직,4,5,-
2021,2021-05-30,14:00,LG,키움,잠실,8,2,-
2021,2021-05-30,14:00,한화,SSG,한밭,1,5,-
2021,2021-06-01,18:30,키움,롯데,고척,0,3,-
2021,2021-06-01,18:30,SSG,삼성,문학,1,0,-
2021,2021-06-01,18:30,LG,KT,잠실,1,8,-
2021,2021-06-01,18:30,NC,두산,창원,3,4,-
2021,2021-06-01,18:30,한화,KIA,한밭,9,1,-
2021,2021-06-02,18:30,키움,롯데,고척,2,4,-
2021,2021-06-02,18:30,SSG,삼성,문학,7,8,-
2021,2021-06-02,18:30,LG,KT,잠실,6,5,-
2021,2021-06-02,18:30,NC,두산,창원,9,5,-
2021,2021-06-02,18:30,한화,KIA,한밭,3,5,-
2021,2021-06-03,18:30,키움,롯데,고척,9,4,-
2021,2021-06-03,18:30,SSG,삼성,문학,,,우천취소
2021,2021-06-03,18:30,LG,KT,잠실,,,우천취소
2021,2021-06-03,18:30,NC,두산,창원,,,우천취소
2021,2021-06-03,18:30,한화,KIA,한밭,,,우천취소
2021,2021-06-04,18:30,키움,삼성,고척,3,6,-
2021,2021-06-04,18:30,KIA,LG,광주,4,3,-
2021,2021-06-04,18:30,KT,롯데,수원,0,15,-
2021,2021-06-04,18:30,두산,SSG,잠실,3,2,-
2021,2021-06-04,19:00,NC,한화,창원,6,3,-
2021,2021-06-05,17:00,키움,삼성,고척,6,2,-
2021,2021-06-05,17:00,KIA,LG,광주,2,8,-
2021,2021-06-05,17:00,KT,롯데,수원,8,1,-
2021,2021-06-05,17:00,두산,SSG,잠실,8,5,-
2021,2021-06-05,17:00,NC,한화,창원,6,1,-
2021,2021-06-06,17:00,키움,삼성,고척,1,3,-
2021,2021-06-06,17:00,KIA,LG,광주,0,10,-
2021,2021-06-06,17:00,KT,롯데,수원,7,8,-
2021,2021-06-06,17:00,두산,SSG,잠실,1,4,-
2021,2021-06-06,17:00,NC,한화,창원,10,13,-
2021,2021-06-08,18:30,삼성,KIA,대구,7,0,-
2021,2021-06-08,18:30,SSG,KT,문학,2,4,-
2021,2021-06-08,18:30,롯데,두산,사직,18,9,-
2021,2021-06-08,18:30,LG,NC,잠실,2,1,-
2021,2021-06-08,18:30,한화,키움,한밭,4,2,-
2021,2021-06-09,18:30,삼성,KIA,대구,5,7,-
2021,2021-06-09,18:30,SSG,KT,문학,3,7,-
2021,2021-06-09,18:30,롯데,두산,사직,8,14,-
2021,2021-06-09,18:30,LG,NC,잠실,6,3,-
2021,2021-06-09,18:30,한화,키움,한밭,2,6,-
2021,2021-06-10,18:30,삼성,KIA,대구,4,2,-
2021,2021-06-10,18:30,SSG,KT,문학,,,우천취소
2021,2021-06-10,18:30,롯데,두산,사직,5,4,-
2021,2021-06-10,18:30,LG,NC,잠실,0,6,-
2021,2021-06-10,18:30,한화,키움,한밭,1,0,-
2021,2021-06-11,18:30,삼성,NC,대구,4,5,-
2021,2021-06-11,18:30,SSG,키움,문학,8,6,-
2021,2021-06-11,18:30,롯데,KIA,사직,,,우천취소
2021,2021-06-11,18:30,KT,한화,수원,6,5,-
2021,2021-06-11,18:30,LG,두산,잠실,3,1,-
2021,2021-06-12,17:00,삼성,NC,대구,4,1,-
2021,2021-06-12,17:00,SSG,키움,문학,5,4,-
2021,2021-06-12,14:00,롯데,KIA,사직,,,우천취소
2021,2021-06-12,17:00,롯데,KIA,사직,,,우천취소
2021,2021-06-12,17:00,KT,한화,수원,7,2,-
2021,2021-06-12,17:00,LG,두산,잠실,3,8,-
2021,2021-06-13,17:00,삼성,NC,대구,5,3,-
2021,2021-06-13,17:00,SSG,키움,문학,3,7,-
2021,2021-06-13,14:00,롯데,KIA,사직,8,6,-
2021,2021-06-13,17:00,롯데,KIA,사직,3,6,-
2021,2021-06-13,17:00,KT,한화,수원,6,3,-
2021,2021-06-13,17:00,LG,두산,잠실,2,0,-
2021,2021-06-15,18:30,키움,LG,고척,2,4,-
2021,2021-06-15,18:30,KIA,SSG,광주,,,우천취소
2021,2021-06-15,18:30,두산,삼성,잠실,6,8,-
2021,2021-06-15,18:30,NC,KT,창원,,,우천취소
2021,2021-06-15,18:30,한화,롯데,한밭,3,2,-
2021,2021-06-16,18:30,키움,LG,고척,6,3,-
2021,2021-06-16,15:00,KIA,SSG,광주,1,10,-
2021,2021-06-16,18:30,KIA,SSG,광주,2,0,-
2021,2021-06-16,18:30,두산,삼성,잠실,3,5,-
2021,2021-06-16,18:30,NC,KT,창원,3,7,-
2021,2021-06-16,15:00,한화,롯데,한밭,9,4,-
2021,2021-06-16,18:30,한화,롯데,한밭,4,3,-
2021,2021-06-17,18:30,키움,LG,고척,5,6,-
2021,2021-06-17,18:30,KIA,SSG,광주,3,6,-
2021,2021-06-17,18:30,두산,삼성,잠실,6,2,-
2021,2021-06-17,18:30,NC,KT,창원,9,1,-
2021,2021-06-17,18:30,한화,롯데,한밭,2,9,-
2021,2021-06-18,18:30,롯데,삼성,사직,7,4,-
2021,2021-06-18,18:30,KT,두산,수원,3,11,-
2021,2021-06-18,18:30,LG,KIA,잠실,5,0,-
2021,2021-06-18,19:00,NC,키움,창원,5,0,-
2021,2021-06-18,18:30,한화,SSG,한밭,4,3,-
2021,2021-06-19,17:00,롯데,삼성,사직,1,9,-
2021,2021-06-19,14:00,KT,두산,수원,3,9,-
2021,2021-06-19,17:00,KT,두산,수원,4,3,-
2021,2021-06-19,17:00,LG,KIA,잠실,7,2,-
2021,2021-06-19,17:00,NC,키움,창원,7,12,-
2021,2021-06-19,17:00,한화,SSG,한밭,5,7,-
2021,2021-06-20,17:00,롯데,삼성,사직,8,7,-
2021,2021-06-20,17:00,KT,두산,수원,4,1,-
2021,2021-06-20,17:00,LG,KIA,잠실,6,0,-
2021,2021-06-20,17:00,NC,키움,창원,4,8,-
2021,2021-06-20,17:00,한화,SSG,한밭,3,4,-
2021,2021-06-22,18:30,삼성,한화,대구,9,0,-
2021,2021-06-22,18:30,SSG,LG,문학,1,14,-
2021,2021-06-22,18:30,롯데,NC,사직,2,5,-
2021,2021-06-22,18:30,KT,KIA,수원,6,3,-
2021,2021-06-22,18:30,두산,키움,잠실,10,3,-
2021,2021-06-23,18:30,삼성,한화,대구,3,0,-
2021,2021-06-23,18:30,SSG,LG,문학,7,4,-
2021,2021-06-23,18:30,롯데,NC,사직,13,7,-
2021,2021-06-23,18:30,KT,KIA,수원,1,2,-
2021,2021-06-23,18:30,두산,키움,잠실,3,4,-
2021,2021-06-24,18:30,삼성,한화,대구,3,2,-
2021,2021-06-24,18:30,SSG,LG,문학,8,5,-
2021,2021-06-24,18:30,롯데,NC,사직,4,6,-
2021,2021-06-24,18:30,KT,KIA,수원,6,3,-
2021,2021-06-24,18:30,두산,키움,잠실,1,2,-
2021,2021-06-25,18:30,키움,KIA,고척,14,5,-
2021,2021-06-25,18:30,삼성,LG,대구,,,우천취소
2021,2021-06-25,18:30,두산,롯데,잠실,1,9,-
2021,2021-06-25,19:00,NC,SSG,창원,11,10,-
2021,2021-06-25,18:30,한화,KT,한밭,0,2,-
2021,2021-06-26,17:00,키움,KIA,고척,6,1,-
2021,2021-06-26,14:00,삼성,LG,대구,5,10,-
2021,2021-06-26,17:00,삼성,LG,대구,10,7,-
2021,2021-06-26,17:00,두산,롯데,잠실,3,4,-
2021,2021-06-26,17:00,NC,SSG,창원,10,10,-
2021,2021-06-26,17:00,한화,KT,한밭,2,11,-
2021,2021-06-27,17:00,키움,KIA,고척,5,4,-
2021,2021-06-27,17:00,삼성,LG,대구,5,9,-
2021,2021-06-27,17:00,두산,롯데,잠실,6,7,-
2021,2021-06-27,17:00,NC,SSG,창원,4,3,-
2021,2021-06-27,17:00,한화,KT,한밭,1,11,-
2021,2021-06-29,18:30,키움,롯데,고척,5,13,-
2021,2021-06-29,18:30,KIA,NC,광주,3,7,-
2021,2021-06-29,18:30,SSG,삼성,문학,10,3,-
2021,2021-06-29,18:30,LG,KT,잠실,,,기타
2021,2021-06-29,18:30,한화,두산,한밭,,,기타
2021,2021-06-30,18:30,키움,롯데,고척,6,5,-
2021,2021-06-30,18:30,KIA,NC,광주,,,우천취소
2021,2021-06-30,15:00,SSG,삼성,문학,3,3,-
2021,2021-06-30,18:30,SSG,삼성,문학,8,4,-
2021,2021-06-30,15:00,LG,KT,잠실,,,우천취소
2021,2021-06-30,18:30,LG,KT,잠실,3,4,-
2021,2021-06-30,18:30,한화,두산,한밭,6,8,-
2021,2021-07-01,18:30,키움,롯데,고척,13,1,-
2021,2021-07-01,18:30,KIA,NC,광주,6,3,-
2021,2021-07-01,18:30,SSG,삼성,문학,7,8,-
2021,2021-07-01,18:30,LG,KT,잠실,1,6,-
2021,2021-07-01,18:30,한화,두산,한밭,3,10,-
2021,2021-07-02,18:30,KIA,두산,광주,8,3,-
2021,2021-07-02,18:30,SSG,롯데,문학,5,6,-
2021,2021-07-02,18:30,KT,키움,수원,4,1,-
2021,2021-07-02,18:30,LG,한화,잠실,3,5,-
2021,2021-07-02,19:00,NC,삼성,창원,2,5,-
2021,2021-07-03,18:00,KIA,두산,광주,,,그라운드사정
2021,2021-07-03,18:00,SSG,롯데,문학,,,우천취소
2021,2021-07-03,18:00,KT,키움,수원,,,우천취소
2021,2021-07-03,18:00,LG,한화,잠실,,,우천취소
2021,2021-07-03,18:00,NC,삼성,창원,,,우천취소
2021,2021-07-04,17:00,KIA,두산,광주,7,3,-
2021,2021-07-04,17:00,SSG,롯데,문학,4,6,-
2021,2021-07-04,17:00,KT,키움,수원,12,3,-
2021,2021-07-04,17:00,LG,한화,잠실,5,0,-
2021,2021-07-04,17:00,NC,삼성,창원,0,5,-
2021,2021-07-05,18:30,KIA,두산,광주,,,우천취소
2021,2021-07-05,18:30,SSG,롯데,문학,10,4,-
2021,2021-07-05,18:30,KT,키움,수원,5,15,-
2021,2021-07-05,18:30,LG,한화,잠실,7,6,-
2021,2021-07-05,18:30,NC,삼성,창원,,,우천취소
2021,2021-07-06,18:30,키움,SSG,고척,4,0,-
2021,2021-07-06,18:30,삼성,KT,대구,,,우천취소
2021,2021-07-06,18:30,롯데,LG,사직,,,우천취소
2021,2021-07-06,18:30,두산,NC,잠실,3,7,-
2021,2021-07-06,18:30,한화,KIA,한밭,,,우천취소
2021,2021-07-07,18:30,키움,SSG,고척,8,2,-
2021,2021-07-07,18:30,삼성,KT,대구,,,우천취소
2021,2021-07-07,18:30,롯데,LG,사직,,,우천취소
2021,2021-07-07,18:30,두산,NC,잠실,4,2,-
2021,2021-07-07,18:30,한화,KIA,한밭,1,4,-
2021,2021-07-08,18:30,키움,SSG,고척,3,9,-
2021,2021-07-08,18:30,삼성,KT,대구,2,3,-
2021,2021-07-08,18:30,롯데,LG,사직,,,우천취소
2021,2021-07-08,18:30,두산,NC,잠실,,,기타
2021,2021-07-08,18:30,한화,KIA,한밭,,,기타
2021,2021-07-09,18:30,키움,NC,고척,,,기타
2021,2021-07-09,18:30,KIA,KT,광주,10,4,-
2021,2021-07-09,18:30,삼성,롯데,대구,5,9,-
2021,2021-07-09,18:30,SSG,한화,문학,3,9,-
2021,2021-07-09,18:30,두산,LG,잠실,,,기타
2021,2021-07-10,18:00,키움,NC,고척,,,기타
2021,2021-07-10,18:00,KIA,KT,광주,,,기타
2021,2021-07-10,18:00,삼성,롯데,대구,3,2,-
2021,2021-07-10,18:00,SSG,한화,문학,1,3,-
2021,2021-07-10,18:00,두산,LG,잠실,,,기타
2021,2021-07-11,17:00,키움,NC,고척,,,기타
2021,2021-07-11,17:00,KIA,KT,광주,2,0,-
2021,2021-07-11,17:00,삼성,롯데,대구,11,0,-
2021,2021-07-11,17:00,SSG,한화,문학,8,2,-
2021,2021-07-11,17:00,두산,LG,잠실,,,기타
2021,2021-07-13,18:30,KIA,삼성,광주,,,기타
2021,2021-07-13,18:30,SSG,두산,문학,,,기타
2021,2021-07-13,18:30,롯데,한화,사직,,,기타
2021,2021-07-13,18:30,KT,NC,수원,,,기타
2021,2021-07-13,18:30,LG,키움,잠실,,,기타
2021,2021-07-14,18:30,KIA,삼성,광주,,,기타
2021,2021-07-14,18:30,SSG,두산,문학,,,기타
2021,2021-07-14,18:30,롯데,한화,사직,,,기타
2021,2021-07-14,18:30,KT,NC,수원,,,기타
2021,2021-07-14,18:30,LG,키움,잠실,,,기타
2021,2021-07-15,18:30,KIA,삼성,광주,,,기타
2021,2021-07-15,18:30,SSG,두산,문학,,,기타
2021,2021-07-15,18:30,롯데,한화,사직,,,기타
2021,2021-07-15,18:30,KT,NC,수원,,,기타
2021,2021-07-15,18:30,LG,키움,잠실,,,기타
2021,2021-07-16,18:30,삼성,키움,대구,,,기타
2021,2021-07-16,18:30,롯데,SSG,사직,,,기타
2021,2021-07-16,18:30,두산,KT,잠실,,,기타
2021,2021-07-16,19:00,NC,KIA,창원,,,기타
2021,2021-07-16,18:30,한화,LG,한밭,,,기타
2021,2021-07-17,18:00,삼성,키움,대구,,,기타
2021,2021-07-17,18:00,롯데,SSG,사직,,,기타
2021,2021-07-17,18:00,두산,KT,잠실,,,기타
2021,2021-07-17,18:00,NC,KIA,창원,,,기타
2021,2021-07-17,18:00,한화,LG,한밭,,,기타
2021,2021-07-18,17:00,삼성,키움,대구,,,기타
2021,2021-07-18,17:00,롯데,SSG,사직,,,기타
2021,2021-07-18,17:00,두산,KT,잠실,,,기타
2021,2021-07-18,17:00,NC,KIA,창원,,,기타
2021,2021-07-18,17:00,한화,LG,한밭,,,기타
2021,2021-08-10,18:30,키움,KT,고척,3,1,-
2021,2021-08-10,18:30,KIA,한화,광주,4,1,-
2021,2021-08-10,18:30,삼성,두산,대구,,,우천취소
2021,2021-08-10,18:30,LG,SSG,잠실,4,0,-
2021,2021-08-10,18:30,NC,롯데,창원,2,5,-
2021,2021-08-11,18:30,키움,KT,고척,4,1,-
2021,2021-08-11,18:30,KIA,한화,광주,7,7,-
2021,2021-08-11,18:30,삼성,두산,대구,6,8,-
2021,2021-08-11,18:30,LG,SSG,잠실,12,5,-
2021,2021-08-11,18:30,NC,롯데,창원,4,5,-
2021,2021-08-12,18:30,키움,KT,고척,6,4,-
2021,2021-08-12,18:30,KIA,한화,광주,,,우천취소
2021,2021-08-12,18:30,삼성,두산,대구,9,2,-
2021,2021-08-12,18:30,LG,SSG,잠실,,,우천취소
2021,2021-08-12,18:30,NC,롯데,창원,5,4,-
2021,2021-08-13,18:30,키움,두산,고척,9,16,-
2021,2021-08-13,18:30,SSG,KIA,문학,1,8,-
2021,2021-08-13,18:30,KT,삼성,수원,7,6,-
2021,2021-08-13,18:30,LG,롯데,잠실,0,2,-
2021,2021-08-13,18:30,한화,NC,한밭,1,5,-
2021,2021-08-14,18:00,키움,두산,고척,5,1,-
2021,2021-08-14,18:00,SSG,KIA,문학,2,2,-
2021,2021-08-14,18:00,KT,삼성,수원,8,4,-
2021,2021-08-14,18:00,LG,롯데,잠실,3,4,-
2021,2021-08-14,18:00,한화,NC,한밭,9,9,-
2021,2021-08-15,17:00,키움,두산,고척,8,1,-
2021,2021-08-15,17:00,SSG,KIA,문학,10,5,-
2021,2021-08-15,17:00,KT,삼성,수원,6,4,-
2021,2021-08-15,17:00,LG,롯데,잠실,7,1,-
2021,2021-08-15,17:00,한화,NC,한밭,3,3,-
2021,2021-08-17,18:30,SSG,NC,문학,,,우천취소
2021,2021-08-17,18:30,롯데,키움,사직,1,0,-
2021,2021-08-17,18:30,KT,LG,수원,5,5,-
2021,2021-08-17,18:30,두산,KIA,잠실,,,우천취소
2021,2021-08-17,18:30,한화,삼성,한밭,4,2,-
2021,2021-08-18,18:30,SSG,NC,문학,6,1,-
2021,2021-08-18,18:30,롯데,키움,사직,3,0,-
2021,2021-08-18,18:30,KT,LG,수원,8,1,-
2021,2021-08-18,18:30,두산,KIA,잠실,3,7,-
2021,2021-08-18,18:30,한화,삼성,한밭,2,6,-
2021,2021-08-19,18:30,SSG,NC,문학,5,8,-
2021,2021-08-19,18:30,롯데,키움,사직,,,우천취소
2021,2021-08-19,18:30,KT,LG,수원,0,1,-
2021,2021-08-19,18:30,두산,KIA,잠실,5,5,-
2021,2021-08-19,18:30,한화,삼성,한밭,3,11,-
2021,2021-08-20,18:30,KIA,키움,광주,3,2,-
2021,2021-08-20,18:30,삼성,SSG,대구,3,2,-
2021,2021-08-20,18:30,롯데,KT,사직,4,5,-
2021,2021-08-20,18:30,두산,한화,잠실,9,1,-
2021,2021-08-20,19:00,NC,LG,창원,8,3,-
2021,2021-08-21,18:00,KIA,키움,광주,,,우천취소
2021,2021-08-21,18:00,삼성,SSG,대구,,,우천취소
2021,2021-08-21,18:00,롯데,KT,사직,,,우천취소
2021,2021-08-21,18:00,두산,한화,잠실,1,3,-
2021,2021-08-21,18:00,NC,LG,창원,,,우천취소
2021,2021-08-22,17:00,KIA,키움,광주,1,6,-
2021,2021-08-22,17:00,삼성,SSG,대구,4,4,-
2021,2021-08-22,17:00,롯데,KT,사직,1,3,-
2021,2021-08-22,17:00,두산,한화,잠실,3,11,-
2021,2021-08-22,17:00,NC,LG,창원,4,3,-
2021,2021-08-23,18:30,KIA,키움,광주,,,우천취소
2021,2021-08-23,18:30,삼성,SSG,대구,,,우천취소
2021,2021-08-23,18:30,롯데,KT,사직,6,2,-
2021,2021-08-23,18:30,두산,한화,잠실,,,우천취소
2021,2021-08-23,18:30,NC,LG,창원,,,그라운드사정
2021,2021-08-24,18:30,KIA,키움,광주,2,8,-
2021,2021-08-24,18:30,삼성,SSG,대구,9,8,-
2021,2021-08-24,18:30,롯데,KT,사직,,,우천취소
2021,2021-08-24,18:30,두산,한화,잠실,11,8,-
2021,2021-08-24,18:30,NC,LG,창원,,,우천취소
2021,2021-08-25,18:30,키움,한화,고척,2,7,-
2021,2021-08-25,18:30,KIA,롯데,광주,11,6,-
2021,2021-08-25,18:30,KT,SSG,수원,7,1,-
2021,2021-08-25,18:30,LG,삼성,잠실,3,3,-
2021,2021-08-25,18:30,NC,두산,창원,,,우천취소
2021,2021-08-26,18:30,키움,한화,고척,4,4,-
2021,2021-08-26,18:30,KIA,롯데,광주,3,3,-
2021,2021-08-26,18:30,KT,SSG,수원,10,5,-
2021,2021-08-26,18:30,LG,삼성,잠실,4,3,-
2021,2021-08-26,15:00,NC,두산,창원,0,7,-
2021,2021-08-26,18:30,NC,두산,창원,3,5,-
2021,2021-08-27,18:30,키움,한화,고척,4,3,-
2021,2021-08-27,18:30,KIA,롯데,광주,,,우천취소
2021,2021-08-27,18:30,KT,SSG,수원,6,4,-
2021,2021-08-27,18:30,LG,삼성,잠실,3,1,-
2021,2021-08-27,19:00,NC,두산,창원,4,2,-
2021,2021-08-28,18:00,SSG,KIA,문학,12,4,-
2021,2021-08-28,18:00,롯데,두산,사직,10,10,-
2021,2021-08-28,18:00,KT,삼성,수원,5,6,-
2021,2021-08-28,18:00,LG,키움,잠실,3,2,-
2021,2021-08-28,18:00,한화,NC,한밭,9,1,-
2021,2021-08-29,17:00,SSG,KIA,문학,9,0,-
2021,2021-08-29,17:00,롯데,두산,사직,4,2,-
2021,2021-08-29,17:00,KT,삼성,수원,8,3,-
2021,2021-08-29,17:00,LG,키움,잠실,11,2,-
2021,2021-08-29,17:00,한화,NC,한밭,3,2,-
2021,2021-08-31,18:30,삼성,키움,대구,3,2,-
2021,2021-08-31,18:30,SSG,NC,문학,,,우천취소
2021,2021-08-31,18:30,롯데,LG,사직,4,9,-
2021,2021-08-31,18:30,두산,KIA,잠실,,,우천취소
2021,2021-08-31,18:30,한화,KT,한밭,5,2,-
2021,2021-09-01,15:00,삼성,키움,대구,7,1,-
2021,2021-09-01,18:30,삼성,키움,대구,,,우천취소
2021,2021-09-01,15:00,SSG,NC,문학,2,9,-
2021,2021-09-01,18:30,SSG,NC,문학,9,4,-
2021,2021-09-01,18:30,롯데,LG,사직,,,우천취소
2021,2021-09-01,15:00,두산,KIA,잠실,5,0,-
2021,2021-09-01,18:30,두산,KIA,잠실,2,3,-
2021,2021-09-01,18:30,한화,KT,한밭,3,8,-
2021,2021-09-02,18:30,키움,KT,고척,1,0,-
2021,2021-09-02,18:30,KIA,삼성,광주,1,5,-
2021,2021-09-02,18:30,SSG,두산,문학,10,1,-
2021,2021-09-02,18:30,롯데,한화,사직,,,우천취소
2021,2021-09-02,18:30,LG,NC,잠실,5,0,-
2021,2021-09-03,18:30,키움,KT,고척,1,11,-
2021,2021-09-03,18:30,KIA,삼성,광주,3,9,-
2021,2021-09-03,18:30,SSG,두산,문학,3,1,-
2021,2021-09-03,15:00,롯데,한화,사직,6,3,-
2021,2021-09-03,18:30,롯데,한화,사직,2,0,-
2021,2021-09-03,18:30,LG,NC,잠실,2,5,-
2021,2021-09-04,17:00,키움,SSG,고척,9,2,-
2021,2021-09-04,17:00,삼성,두산,대구,11,4,-
2021,2021-09-04,17:00,LG,KT,잠실,1,11,-
2021,2021-09-04,17:00,NC,롯데,창원,2,8,-
2021,2021-09-04,17:00,한화,KIA,한밭,6,2,-
2021,2021-09-05,14:00,키움,SSG,고척,10,8,-
2021,2021-09-05,14:00,삼성,두산,대구,5,6,-
2021,2021-09-05,14:00,LG,KT,잠실,0,11,-
2021,2021-09-05,14:00,NC,롯데,창원,9,3,-
2021,2021-09-05,14:00,한화,KIA,한밭,5,5,-
2021,2021-09-07,18:30,삼성,롯데,대구,2,4,-
2021,2021-09-07,18:30,SSG,LG,문학,,,우천취소
2021,2021-09-07,18:30,KT,KIA,수원,,,우천취소
2021,2021-09-07,18:30,두산,키움,잠실,,,우천취소
2021,2021-09-07,18:30,NC,한화,창원,16,4,-
2021,2021-09-08,18:30,삼성,롯데,대구,4,5,-
2021,2021-09-08,18:30,SSG,LG,문학,5,3,-
2021,2021-09-08,18:30,KT,KIA,수원,5,5,-
2021,2021-09-08,18:30,두산,키움,잠실,7,1,-
2021,2021-09-08,18:30,NC,한화,창원,1,3,-
2021,2021-09-09,18:30,키움,KIA,고척,5,3,-
2021,2021-09-09,18:30,삼성,KT,대구,8,7,-
2021,2021-09-09,18:30,롯데,SSG,사직,2,9,-
2021,2021-09-09,18:30,LG,한화,잠실,8,1,-
2021,2021-09-09,18:30,NC,두산,창원,2,6,-
2021,2021-09-10,18:30,키움,KIA,고척,4,3,-
2021,2021-09-10,18:30,삼성,KT,대구,2,2,-
2021,2021-09-10,18:30,롯데,SSG,사직,4,3,-
2021,2021-09-10,18:30,LG,한화,잠실,2,0,-
2021,2021-09-10,19:00,NC,두산,창원,1,8,-
2021,2021-09-11,17:00,KIA,NC,광주,5,3,-
2021,2021-09-11,17:00,롯데,키움,사직,7,13,-
2021,2021-09-11,17:00,KT,SSG,수원,2,2,-
2021,2021-09-11,17:00,두산,LG,잠실,5,5,-
2021,2021-09-11,17:00,한화,삼성,한밭,4,5,-
2021,2021-09-12,14:00,KIA,NC,광주,2,8,-
2021,2021-09-12,17:00,KIA,NC,광주,0,3,-
2021,2021-09-12,14:00,롯데,키움,사직,3,8,-
2021,2021-09-12,17:00,롯데,키움,사직,3,2,-
2021,2021-09-12,14:00,KT,SSG,수원,10,0,-
2021,2021-09-12,17:00,KT,SSG,수원,3,2,-
2021,2021-09-12,14:00,두산,LG,잠실,8,5,-
2021,2021-09-12,17:00,두산,LG,잠실,8,5,-
2021,2021-09-12,14:00,한화,삼성,한밭,3,3,-
2021,2021-09-12,17:00,한화,삼성,한밭,6,6,-
2021,2021-09-14,18:30,KIA,롯데,광주,7,8,-
2021,2021-09-14,18:30,삼성,LG,대구,3,3,-
2021,2021-09-14,18:30,SSG,한화,문학,5,11,-
2021,2021-09-14,18:30,두산,KT,잠실,3,4,-
2021,2021-09-14,18:30,NC,키움,창원,10,8,-
2021,2021-09-15,15:00,KIA,롯데,광주,3,6,-
2021,2021-09-15,18:30,KIA,롯데,광주,5,3,-
2021,2021-09-15,18:30,삼성,LG,대구,2,5,-
2021,2021-09-15,18:30,SSG,한화,문학,9,6,-
2021,2021-09-15,18:30,두산,KT,잠실,6,2,-
2021,2021-09-15,18:30,NC,키움,창원,13,2,-
2021,2021-09-16,18:30,키움,한화,고척,8,8,-
2021,2021-09-16,18:30,삼성,KIA,대구,5,6,-
2021,2021-09-16,18:30,KT,롯데,수원,7,4,-
2021,2021-09-16,18:30,두산,SSG,잠실,3,3,-
2021,2021-09-16,18:30,NC,LG,창원,2,0,-
2021,2021-09-17,18:30,키움,한화,고척,5,15,-
2021,2021-09-17,18:30,삼성,KIA,대구,6,3,-
2021,2021-09-17,18:30,KT,롯데,수원,0,2,-
2021,2021-09-17,18:30,두산,SSG,잠실,7,2,-
2021,2021-09-17,15:00,NC,LG,창원,,,우천취소
2021,2021-09-17,18:30,NC,LG,창원,6,4,-
2021,2021-09-18,17:00,키움,두산,고척,3,3,-
2021,2021-09-18,17:00,SSG,삼성,문학,4,9,-
2021,2021-09-18,17:00,LG,KIA,잠실,6,9,-
2021,2021-09-18,17:00,NC,KT,창원,1,8,-
2021,2021-09-18,17:00,한화,롯데,한밭,13,2,-
2021,2021-09-19,14:00,키움,두산,고척,0,6,-
2021,2021-09-19,14:00,SSG,삼성,문학,4,4,-
2021,2021-09-19,14:00,LG,KIA,잠실,4,3,-
2021,2021-09-19,14:00,NC,KT,창원,2,8,-
2021,2021-09-19,14:00,한화,롯데,한밭,1,3,-
2021,2021-09-21,14:00,KIA,KT,광주,5,11,-
2021,2021-09-21,14:00,SSG,키움,문학,13,10,-
2021,2021-09-21,14:00,롯데,삼성,사직,9,11,-
2021,2021-09-21,14:00,두산,NC,잠실,12,2,-
2021,2021-09-21,14:00,한화,LG,한밭,15,6,-
2021,2021-09-22,14:00,KIA,KT,광주,7,2,-
2021,2021-09-22,14:00,SSG,키움,문학,7,7,-
2021,2021-09-22,14:00,롯데,삼성,사직,17,8,-
2021,2021-09-22,14:00,두산,NC,잠실,8,0,-
2021,2021-09-22,14:00,한화,LG,한밭,3,12,-
2021,2021-09-23,18:30,키움,NC,고척,4,1,-
2021,2021-09-23,18:30,KIA,두산,광주,1,3,-
2021,2021-09-23,18:30,SSG,롯데,문학,9,8,-
2021,2021-09-23,18:30,KT,한화,수원,3,1,-
2021,2021-09-23,18:30,LG,삼성,잠실,4,7,-
2021,2021-09-24,18:30,키움,NC,고척,3,2,-
2021,2021-09-24,18:30,KIA,두산,광주,2,8,-
2021,2021-09-24,15:00,SSG,롯데,문학,9,4,-
2021,2021-09-24,18:30,SSG,롯데,문학,6,6,-
2021,2021-09-24,18:30,KT,한화,수원,1,4,-
2021,2021-09-24,18:30,LG,삼성,잠실,11,3,-
2021,2021-09-25,17:00,키움,롯데,고척,6,12,-
2021,2021-09-25,17:00,KIA,SSG,광주,7,1,-
2021,2021-09-25,17:00,삼성,NC,대구,1,0,-
2021,2021-09-25,17:00,KT,LG,수원,0,0,-
2021,2021-09-25,17:00,두산,한화,잠실,1,5,-
2021,2021-09-26,14:00,키움,롯데,고척,11,2,-
2021,2021-09-26,14:00,KIA,SSG,광주,6,5,-
2021,2021-09-26,14:00,삼성,NC,대구,1,0,-
2021,2021-09-26,14:00,KT,LG,수원,0,4,-
2021,2021-09-26,14:00,두산,한화,잠실,5,3,-
2021,2021-09-28,18:30,삼성,SSG,대구,2,7,-
2021,2021-09-28,18:30,KT,두산,수원,5,1,-
2021,2021-09-28,18:30,LG,롯데,잠실,5,2,-
2021,2021-09-28,18:30,NC,KIA,창원,10,9,-
2021,2021-09-28,18:30,한화,키움,한밭,1,1,-
2021,2021-09-29,18:30,삼성,SSG,대구,,,우천취소
2021,2021-09-29,18:30,KT,두산,수원,3,8,-
2021,2021-09-29,18:30,LG,롯데,잠실,,,우천취소
2021,2021-09-29,15:00,NC,KIA,창원,4,1,-
2021,2021-09-29,18:30,NC,KIA,창원,,,우천취소
2021,2021-09-29,18:30,한화,키움,한밭,,,우천취소
2021,2021-09-30,18:30,KIA,키움,광주,0,2,-
2021,2021-09-30,18:30,삼성,한화,대구,6,2,-
2021,2021-09-30,18:30,롯데,KT,사직,8,4,-
2021,2021-09-30,18:30,LG,두산,잠실,12,4,-
2021,2021-09-30,18:30,NC,SSG,창원,6,2,-
2021,2021-10-01,18:30,KIA,키움,광주,6,0,-
2021,2021-10-01,18:30,삼성,한화,대구,2,8,-
2021,2021-10-01,15:00,롯데,KT,사직,4,3,-
2021,2021-10-01,18:30,롯데,KT,사직,3,2,-
2021,2021-10-01,18:30,LG,두산,잠실,0,2,-
2021,2021-10-01,19:00,NC,SSG,창원,3,3,-
2021,2021-10-02,17:00,키움,LG,고척,3,10,-
2021,2021-10-02,17:00,KIA,한화,광주,4,4,-
2021,2021-10-02,17:00,SSG,KT,문학,2,2,-
2021,2021-10-02,17:00,롯데,NC,사직,4,4,-
2021,2021-10-02,17:00,두산,삼성,잠실,6,0,-
2021,2021-10-03,14:00,키움,LG,고척,3,3,-
2021,2021-10-03,14:00,KIA,한화,광주,9,6,-
2021,2021-10-03,14:00,SSG,KT,문학,6,8,-
2021,2021-10-03,14:00,롯데,NC,사직,11,7,-
2021,2021-10-03,14:00,두산,삼성,잠실,9,13,-
2021,2021-10-05,18:30,키움,삼성,고척,8,2,-
2021,2021-10-05,18:30,롯데,KIA,사직,13,3,-
2021,2021-10-05,18:30,KT,NC,수원,4,4,-
2021,2021-10-05,18:30,LG,SSG,잠실,0,8,-
2021,2021-10-05,18:30,한화,두산,한밭,4,3,-
2021,2021-10-06,18:30,키움,삼성,고척,3,9,-
2021,2021-10-06,18:30,롯데,KIA,사직,2,4,-
2021,2021-10-06,18:30,KT,NC,수원,2,4,-
2021,2021-10-06,15:00,LG,SSG,잠실,4,1,-
2021,2021-10-06,18:30,LG,SSG,잠실,3,11,-
2021,2021-10-06,18:30,한화,두산,한밭,3,4,-
2021,2021-10-07,18:30,KIA,LG,광주,1,8,-
2021,2021-10-07,18:30,KT,키움,수원,9,2,-
2021,2021-10-07,18:30,두산,롯데,잠실,2,7,-
2021,2021-10-07,18:30,NC,삼성,창원,4,5,-
2021,2021-10-07,18:30,한화,SSG,한밭,4,3,-
2021,2021-10-08,18:30,KIA,LG,광주,2,2,-
2021,2021-10-08,18:30,KT,키움,수원,,,우천취소
2021,2021-10-08,18:30,두산,롯데,잠실,14,5,-
2021,2021-10-08,19:00,NC,삼성,창원,6,0,-
2021,2021-10-08,18:30,한화,SSG,한밭,3,7,-
2021,2021-10-09,17:00,SSG,롯데,문학,2,0,-
2021,2021-10-09,17:00,LG,KT,잠실,6,1,-
2021,2021-10-09,17:00,한화,KIA,한밭,4,6,-
2021,2021-10-10,14:00,LG,KT,잠실,,,우천취소
2021,2021-10-10,14:00,NC,두산,창원,5,1,-
2021,2021-10-10,14:00,한화,KIA,한밭,1,3,-
2021,2021-10-10,17:00,한화,KIA,한밭,0,5,-
2021,2021-10-11,14:00,LG,KT,잠실,2,4,-
2021,2021-10-12,18:30,키움,NC,고척,13,2,-
2021,2021-10-12,18:30,KIA,삼성,광주,1,2,-
2021,2021-10-12,18:30,SSG,LG,문학,4,4,-
2021,2021-10-12,18:30,두산,KT,잠실,4,1,-
2021,2021-10-13,18:30,키움,NC,고척,8,2,-
2021,2021-10-13,18:30,KIA,삼성,광주,3,5,-
2021,2021-10-13,18:30,롯데,LG,사직,4,4,-
2021,2021-10-13,18:30,두산,KT,잠실,5,3,-
2021,2021-10-14,18:30,키움,NC,고척,4,8,-
2021,2021-10-14,18:30,KIA,삼성,광주,5,2,-
2021,2021-10-14,18:30,롯데,LG,사직,3,13,-
2021,2021-10-14,18:30,두산,KT,잠실,2,6,-
2021,2021-10-15,18:30,삼성,키움,대구,0,2,-
2021,2021-10-15,18:30,롯데,LG,사직,4,2,-
2021,2021-10-15,18:30,KT,KIA,수원,7,7,-
2021,2021-10-15,18:30,두산,NC,잠실,0,5,-
2021,2021-10-16,14:00,삼성,키움,대구,7,5,-
2021,2021-10-16,17:00,삼성,키움,대구,5,4,-
2021,2021-10-16,17:00,롯데,SSG,사직,4,8,-
2021,2021-10-16,17:00,KT,한화,수원,11,2,-
2021,2021-10-16,17:00,두산,KIA,잠실,4,6,-
2021,2021-10-16,17:00,NC,LG,창원,2,1,-
2021,2021-10-17,14:00,삼성,키움,대구,6,3,-
2021,2021-10-17,14:00,롯데,SSG,사직,4,14,-
2021,2021-10-17,17:00,롯데,SSG,사직,3,0,-
2021,2021-10-17,14:00,KT,한화,수원,1,2,-
2021,2021-10-17,14:00,두산,KIA,잠실,3,3,-
2021,2021-10-17,17:00,두산,KIA,잠실,5,2,-
2021,2021-10-17,14:00,NC,LG,창원,1,11,-
2021,2021-10-17,17:00,NC,LG,창원,0,1,-
2021,2021-10-19,18:30,KIA,SSG,광주,5,4,-
2021,2021-10-19,18:30,삼성,두산,대구,0,5,-
2021,2021-10-19,18:30,LG,키움,잠실,4,5,-
2021,2021-10-19,18:30,NC,KT,창원,4,2,-
2021,2021-10-20,18:30,KIA,KT,광주,3,0,-
2021,2021-10-20,18:30,SSG,NC,문학,7,7,-
2021,2021-10-20,18:30,LG,키움,잠실,5,6,-
2021,2021-10-21,18:30,KIA,한화,광주,2,13,-
2021,2021-10-21,18:30,SSG,두산,문학,7,1,-
2021,2021-10-21,18:30,LG,키움,잠실,5,5,-
2021,2021-10-22,18:30,삼성,KT,대구,4,2,-
2021,2021-10-22,18:30,SSG,두산,문학,12,6,-
2021,2021-10-22,18:30,롯데,한화,사직,1,0,-
2021,2021-10-22,19:00,NC,KIA,창원,3,5,-
2021,2021-10-23,17:00,삼성,KT,대구,4,0,-
2021,2021-10-23,17:00,롯데,한화,사직,15,15,-
2021,2021-10-23,17:00,두산,LG,잠실,3,3,-
2021,2021-10-23,14:00,NC,KIA,창원,4,7,-
2021,2021-10-23,17:00,NC,KIA,창원,5,2,-
2021,2021-10-24,14:00,삼성,SSG,대구,3,3,-
2021,2021-10-24,14:00,롯데,한화,사직,3,2,-
2021,2021-10-24,14:00,KT,키움,수원,7,1,-
2021,2021-10-24,14:00,두산,LG,잠실,5,4,-
2021,2021-10-24,17:00,두산,LG,잠실,3,3,-
2021,2021-10-24,14:00,NC,KIA,창원,4,1,-
2021,2021-10-25,18:30,LG,롯데,잠실,4,4,-
2021,2021-10-25,18:30,한화,키움,한밭,4,9,-
2021,2021-10-26,18:30,두산,키움,잠실,7,2,-
2021,2021-10-26,18:30,NC,SSG,창원,5,7,-
2021,2021-10-26,18:30,한화,LG,한밭,0,4,-
2021,2021-10-27,18:30,키움,삼성,고척,8,3,-
2021,2021-10-27,18:30,SSG,두산,문학,5,8,-
2021,2021-10-27,18:30,롯데,KIA,사직,2,3,-
2021,2021-10-27,18:30,KT,NC,수원,6,9,-
2021,2021-10-27,18:30,한화,LG,한밭,1,9,-
2021,2021-10-28,18:30,SSG,두산,문학,4,3,-
2021,2021-10-28,18:30,롯데,KIA,사직,3,5,-
2021,2021-10-28,15:00,KT,NC,수원,1,1,-
2021,2021-10-28,18:30,KT,NC,수원,5,2,-
2021,2021-10-28,18:30,한화,LG,한밭,1,1,-
2021,2021-10-29,18:30,키움,KT,고척,4,2,-
2021,2021-10-29,18:30,KIA,두산,광주,5,11,-
2021,2021-10-29,18:30,롯데,LG,사직,1,4,-
2021,2021-10-29,19:00,NC,삼성,창원,3,1,-
2021,2021-10-30,17:00,KIA,키움,광주,1,6,-
2021,2021-10-30,17:00,SSG,KT,문학,3,8,-
2021,2021-10-30,17:00,롯데,LG,사직,4,2,-
2021,2021-10-30,17:00,NC,삼성,창원,5,11,-
2021,2021-10-30,17:00,한화,두산,한밭,3,5,-
2022,2022-04-02,14:00,키움,롯데,고척,2,7,-
2022,2022-04-02,14:00,KIA,LG,광주,0,9,-
2022,2022-04-02,14:00,KT,삼성,수원,4,1,-
2022,2022-04-02,14:00,두산,한화,잠실,6,4,-
2022,2022-04-02,14:00,NC,SSG,창원,0,4,-
2022,2022-04-03,14:00,키움,롯데,고척,4,3,-
2022,2022-04-03,14:00,KIA,LG,광주,2,3,-
2022,2022-04-03,14:00,KT,삼성,수원,5,6,-
2022,2022-04-03,14:00,두산,한화,잠실,1,0,-
2022,2022-04-03,14:00,NC,SSG,창원,1,4,-
2022,2022-04-05,18:30,키움,LG,고척,4,8,-
2022,2022-04-05,18:30,KIA,한화,광주,4,3,-
2022,2022-04-05,18:30,KT,SSG,수원,5,8,-
2022,2022-04-05,18:30,두산,삼성,잠실,5,6,-
2022,2022-04-05,18:30,NC,롯데,창원,1,5,-
2022,2022-04-06,18:30,키움,LG,고척,1,2,-
2022,2022-04-06,18:30,KIA,한화,광주,7,4,-
2022,2022-04-06,18:30,KT,SSG,수원,0,3,-
2022,2022-04-06,18:30,두산,삼성,잠실,1,7,-
2022,2022-04-06,18:30,NC,롯데,창원,5,0,-
2022,2022-04-07,18:30,키움,LG,고척,0,6,-
2022,2022-04-07,18:30,KIA,한화,광주,6,2,-
2022,2022-04-07,18:30,KT,SSG,수원,3,4,-
2022,2022-04-07,18:30,두산,삼성,잠실,6,5,-
2022,2022-04-07,18:30,NC,롯데,창원,1,2,-
2022,2022-04-08,18:30,삼성,키움,대구,0,1,-
2022,2022-04-08,18:30,SSG,KIA,문학,3,0,-
2022,2022-04-08,18:30,롯데,두산,사직,1,6,-
2022,2022-04-08,18:30,LG,NC,잠실,1,4,-
2022,2022-04-08,18:30,한화,KT,한밭,2,4,-
2022,2022-04-09,17:00,삼성,키움,대구,0,3,-
2022,2022-04-09,17:00,SSG,KIA,문학,9,5,-
2022,2022-04-09,17:00,롯데,두산,사직,5,4,-
2022,2022-04-09,17:00,LG,NC,잠실,7,6,-
2022,2022-04-09,17:00,한화,KT,한밭,7,1,-
2022,2022-04-10,14:00,삼성,키움,대구,5,6,-
2022,2022-04-10,14:00,SSG,KIA,문학,11,2,-
2022,2022-04-10,14:00,롯데,두산,사직,3,4,-
2022,2022-04-10,14:00,LG,NC,잠실,5,3,-
2022,2022-04-10,14:00,한화,KT,한밭,6,4,-
2022,2022-04-12,18:30,키움,NC,고척,10,0,-
2022,2022-04-12,18:30,KIA,롯데,광주,6,5,-
2022,2022-04-12,18:30,삼성,한화,대구,2,0,-
2022,2022-04-12,18:30,KT,두산,수원,1,3,-
2022,2022-04-12,18:30,LG,SSG,잠실,1,4,-
2022,2022-04-13,18:30,키움,NC,고척,5,4,-
2022,2022-04-13,18:30,KIA,롯데,광주,,,우천취소
2022,2022-04-13,18:30,삼성,한화,대구,12,1,-
2022,2022-04-13,18:30,KT,두산,수원,,,우천취소
2022,2022-04-13,18:30,LG,SSG,잠실,2,4,-
2022,2022-04-14,18:30,키움,NC,고척,1,0,-
2022,2022-04-14,18:30,KIA,롯데,광주,2,3,-
2022,2022-04-14,18:30,삼성,한화,대구,8,3,-
2022,2022-04-14,18:30,KT,두산,수원,4,5,-
2022,2022-04-14,18:30,LG,SSG,잠실,5,1,-
2022,2022-04-15,18:30,SSG,삼성,문학,5,0,-
2022,2022-04-15,18:30,롯데,KT,사직,9,7,-
2022,2022-04-15,18:30,두산,키움,잠실,2,4,-
2022,2022-04-15,18:30,NC,KIA,창원,5,0,-
2022,2022-04-15,18:30,한화,LG,한밭,7,3,-
2022,2022-04-16,14:00,SSG,삼성,문학,6,2,-
2022,2022-04-16,17:00,롯데,KT,사직,0,8,-
2022,2022-04-16,17:00,두산,키움,잠실,4,1,-
2022,2022-04-16,17:00,NC,KIA,창원,0,14,-
2022,2022-04-16,17:00,한화,LG,한밭,2,6,-
2022,2022-04-17,14:00,SSG,삼성,문학,7,5,-
2022,2022-04-17,14:00,롯데,KT,사직,3,0,-
2022,2022-04-17,14:00,두산,키움,잠실,2,6,-
2022,2022-04-17,14:00,NC,KIA,창원,3,4,-
2022,2022-04-17,14:00,한화,LG,한밭,7,8,-
2022,2022-04-19,18:30,KIA,두산,광주,6,3,-
2022,2022-04-19,18:30,SSG,키움,문학,5,8,-
2022,2022-04-19,18:30,롯데,한화,사직,2,6,-
2022,2022-04-19,18:30,LG,KT,잠실,0,5,-
2022,2022-04-19,18:30,NC,삼성,창원,11,8,-
2022,2022-04-20,18:30,KIA,두산,광주,3,4,-
2022,2022-04-20,18:30,SSG,키움,문학,6,1,-
2022,2022-04-20,18:30,롯데,한화,사직,7,0,-
2022,2022-04-20,18:30,LG,KT,잠실,3,5,-
2022,2022-04-20,18:30,NC,삼성,창원,3,0,-
2022,2022-04-21,18:30,KIA,두산,광주,1,2,-
2022,2022-04-21,18:30,SSG,키움,문학,4,2,-
2022,2022-04-21,18:30,롯데,한화,사직,6,7,-
2022,2022-04-21,18:30,LG,KT,잠실,2,6,-
2022,2022-04-21,18:30,NC,삼성,창원,3,10,-
2022,2022-04-22,18:30,키움,KIA,고척,4,5,-
2022,2022-04-22,18:30,삼성,롯데,대구,2,8,-
2022,2022-04-22,18:30,KT,NC,수원,4,3,-
2022,2022-04-22,18:30,두산,LG,잠실,1,5,-
2022,2022-04-22,18:30,한화,SSG,한밭,2,0,-
2022,2022-04-23,14:00,키움,KIA,고척,3,1,-
2022,2022-04-23,17:00,삼성,롯데,대구,2,4,-
2022,2022-04-23,17:00,KT,NC,수원,4,3,-
2022,2022-04-23,17:00,두산,LG,잠실,4,2,-
2022,2022-04-23,17:00,한화,SSG,한밭,9,2,-
2022,2022-04-24,14:00,키움,KIA,고척,2,14,-
2022,2022-04-24,14:00,삼성,롯데,대구,4,7,-
2022,2022-04-24,14:00,KT,NC,수원,1,2,-
2022,2022-04-24,14:00,두산,LG,잠실,0,5,-
2022,2022-04-24,14:00,한화,SSG,한밭,1,3,-
2022,2022-04-26,18:30,삼성,LG,대구,7,4,-
2022,2022-04-26,18:30,롯데,SSG,사직,1,8,-
2022,2022-04-26,18:30,KT,KIA,수원,5,10,-
2022,2022-04-26,18:30,두산,NC,잠실,8,4,-
2022,2022-04-26,18:30,한화,키움,한밭,5,2,-
2022,2022-04-27,18:30,삼성,LG,대구,0,7,-
2022,2022-04-27,18:30,롯데,SSG,사직,1,1,-
2022,2022-04-27,18:30,KT,KIA,수원,3,1,-
2022,2022-04-27,18:30,두산,NC,잠실,6,5,-
2022,2022-04-27,18:30,한화,키움,한밭,0,7,-
2022,2022-04-28,18:30,삼성,LG,대구,4,6,-
2022,2022-04-28,18:30,롯데,SSG,사직,4,1,-
2022,2022-04-28,18:30,KT,KIA,수원,5,3,-
2022,2022-04-28,18:30,두산,NC,잠실,5,9,-
2022,2022-04-28,18:30,한화,키움,한밭,1,3,-
2022,2022-04-29,18:30,키움,KT,고척,4,6,-
2022,2022-04-29,18:30,KIA,삼성,광주,3,4,-
2022,2022-04-29,18:30,SSG,두산,문학,8,7,-
2022,2022-04-29,18:30,LG,롯데,잠실,4,9,-
2022,2022-04-29,18:30,NC,한화,창원,9,4,-
2022,2022-04-30,17:00,키움,KT,고척,4,1,-
2022,2022-04-30,14:00,KIA,삼성,광주,4,5,-
2022,2022-04-30,17:00,SSG,두산,문학,2,1,-
2022,2022-04-30,17:00,LG,롯데,잠실,1,3,-
2022,2022-04-30,17:00,NC,한화,창원,0,2,-
2022,2022-05-01,14:00,키움,KT,고척,9,3,-
2022,2022-05-01,14:00,KIA,삼성,광주,3,6,-
2022,2022-05-01,14:00,SSG,두산,문학,0,9,-
2022,2022-05-01,14:00,LG,롯데,잠실,0,4,-
2022,2022-05-01,14:00,NC,한화,창원,1,2,-
2022,2022-05-03,18:30,KIA,키움,광주,1,7,-
2022,2022-05-03,18:30,삼성,NC,대구,6,10,-
2022,2022-05-03,18:30,SSG,한화,문학,4,2,-
2022,2022-05-03,18:30,KT,롯데,수원,10,5,-
2022,2022-05-03,18:30,LG,두산,잠실,4,3,-
2022,2022-05-04,18:30,KIA,키움,광주,4,3,-
2022,2022-05-04,18:30,삼성,NC,대구,11,5,-
2022,2022-05-04,18:30,SSG,한화,문학,5,8,-
2022,2022-05-04,18:30,KT,롯데,수원,0,5,-
2022,2022-05-04,18:30,LG,두산,잠실,2,5,-
2022,2022-05-05,14:00,KIA,키움,광주,10,1,-
2022,2022-05-05,14:00,삼성,NC,대구,5,2,-
2022,2022-05-05,14:00,SSG,한화,문학,14,4,-
2022,2022-05-05,14:00,KT,롯데,수원,8,2,-
2022,2022-05-05,14:00,LG,두산,잠실,4,9,-
2022,2022-05-06,18:30,키움,SSG,고척,9,2,-
2022,2022-05-06,18:30,롯데,삼성,사직,0,5,-
2022,2022-05-06,18:30,두산,KT,잠실,0,6,-
2022,2022-05-06,18:30,NC,LG,창원,8,15,-
2022,2022-05-06,18:30,한화,KIA,한밭,2,13,-
2022,2022-05-07,17:00,키움,SSG,고척,0,3,-
2022,2022-05-07,17:00,롯데,삼성,사직,1,4,-
2022,2022-05-07,17:00,두산,KT,잠실,11,8,-
2022,2022-05-07,17:00,NC,LG,창원,3,6,-
2022,2022-05-07,17:00,한화,KIA,한밭,4,5,-
2022,2022-05-08,14:00,키움,SSG,고척,2,6,-
2022,2022-05-08,14:00,롯데,삼성,사직,2,4,-
2022,2022-05-08,14:00,두산,KT,잠실,0,5,-
2022,2022-05-08,14:00,NC,LG,창원,2,3,-
2022,2022-05-08,14:00,한화,KIA,한밭,6,7,-
2022,2022-05-10,18:30,키움,두산,고척,0,9,-
2022,2022-05-10,18:30,KIA,KT,광주,1,0,-
2022,2022-05-10,18:30,삼성,SSG,대구,1,3,-
2022,2022-05-10,18:30,롯데,NC,사직,7,0,-
2022,2022-05-10,18:30,LG,한화,잠실,9,1,-
2022,2022-05-11,18:30,키움,두산,고척,1,5,-
2022,2022-05-11,18:30,KIA,KT,광주,5,10,-
2022,2022-05-11,18:30,삼성,SSG,대구,6,5,-
2022,2022-05-11,18:30,롯데,NC,사직,6,5,-
2022,2022-05-11,18:30,LG,한화,잠실,5,2,-
2022,2022-05-12,18:30,키움,두산,고척,2,3,-
2022,2022-05-12,18:30,KIA,KT,광주,5,4,-
2022,2022-05-12,18:30,삼성,SSG,대구,4,2,-
2022,2022-05-12,18:30,롯데,NC,사직,2,4,-
2022,2022-05-12,18:30,LG,한화,잠실,11,7,-
2022,2022-05-13,18:30,삼성,두산,대구,,,우천취소
2022,2022-05-13,18:30,SSG,NC,문학,2,6,-
2022,2022-05-13,18:30,KT,키움,수원,5,7,-
2022,2022-05-13,18:30,LG,KIA,잠실,1,10,-
2022,2022-05-13,18:30,한화,롯데,한밭,1,8,-
2022,2022-05-14,17:00,삼성,두산,대구,4,0,-
2022,2022-05-14,17:00,SSG,NC,문학,2,1,-
2022,2022-05-14,17:00,KT,키움,수원,0,3,-
2022,2022-05-14,17:00,LG,KIA,잠실,5,3,-
2022,2022-05-14,17:00,한화,롯데,한밭,5,8,-
2022,2022-05-15,14:00,삼성,두산,대구,4,3,-
2022,2022-05-15,14:00,SSG,NC,문학,7,8,-
2022,2022-05-15,14:00,KT,키움,수원,1,5,-
2022,2022-05-15,14:00,LG,KIA,잠실,6,3,-
2022,2022-05-15,14:00,한화,롯데,한밭,8,4,-
2022,2022-05-17,18:30,롯데,KIA,사직,3,4,-
2022,2022-05-17,18:30,KT,LG,수원,3,2,-
2022,2022-05-17,18:30,두산,SSG,잠실,9,9,-
2022,2022-05-17,18:30,NC,키움,창원,4,11,-
2022,2022-05-17,18:30,한화,삼성,한밭,4,3,-
2022,2022-05-18,18:30,롯데,KIA,사직,7,15,-
2022,2022-05-18,18:30,KT,LG,수원,1,9,-
2022,2022-05-18,18:30,두산,SSG,잠실,2,5,-
2022,2022-05-18,18:30,NC,키움,창원,15,3,-
2022,2022-05-18,18:30,한화,삼성,한밭,3,5,-
2022,2022-05-19,18:30,롯데,KIA,사직,2,4,-
2022,2022-05-19,18:30,KT,LG,수원,3,7,-
2022,2022-05-19,18:30,두산,SSG,잠실,3,9,-
2022,2022-05-19,18:30,NC,키움,창원,1,3,-
2022,2022-05-19,18:30,한화,삼성,한밭,1,2,-
2022,2022-05-20,18:30,키움,한화,고척,4,3,-
2022,2022-05-20,18:30,KIA,NC,광주,5,3,-
2022,2022-05-20,18:30,삼성,KT,대구,1,5,-
2022,2022-05-20,18:30,SSG,LG,문학,5,4,-
2022,2022-05-20,18:30,두산,롯데,잠실,0,4,-
2022,2022-05-21,17:00,키움,한화,고척,11,2,-
2022,2022-05-21,17:00,KIA,NC,광주,4,7,-
2022,2022-05-21,17:00,삼성,KT,대구,2,5,-
2022,2022-05-21,17:00,SSG,LG,문학,3,4,-
2022,2022-05-21,14:00,두산,롯데,잠실,12,4,-
2022,2022-05-22,14:00,키움,한화,고척,5,6,-
2022,2022-05-22,14:00,KIA,NC,광주,8,6,-
2022,2022-05-22,14:00,삼성,KT,대구,4,3,-
2022,2022-05-22,14:00,SSG,LG,문학,3,1,-
2022,2022-05-22,14:00,두산,롯데,잠실,4,5,-
2022,2022-05-24,18:30,삼성,KIA,대구,3,4,-
2022,2022-05-24,18:30,SSG,롯데,문학,3,2,-
2022,2022-05-24,18:30,LG,키움,잠실,4,6,-
2022,2022-05-24,18:30,NC,KT,창원,3,2,-
2022,2022-05-24,18:30,한화,두산,한밭,6,3,-
2022,2022-05-25,18:30,삼성,KIA,대구,5,11,-
2022,2022-05-25,18:30,SSG,롯데,문학,9,1,-
2022,2022-05-25,18:30,LG,키움,잠실,5,10,-
2022,2022-05-25,18:30,NC,KT,창원,2,3,-
2022,2022-05-25,18:30,한화,두산,한밭,14,1,-
2022,2022-05-26,18:30,삼성,KIA,대구,7,9,-
2022,2022-05-26,18:30,SSG,롯데,문학,6,5,-
2022,2022-05-26,18:30,LG,키움,잠실,5,12,-
2022,2022-05-26,18:30,NC,KT,창원,1,2,-
2022,2022-05-26,18:30,한화,두산,한밭,3,24,-
2022,2022-05-27,18:30,KIA,SSG,광주,1,8,-
2022,2022-05-27,18:30,롯데,키움,사직,0,8,-
2022,2022-05-27,18:30,KT,한화,수원,0,4,-
2022,2022-05-27,18:30,LG,삼성,잠실,5,0,-
2022,2022-05-27,18:30,NC,두산,창원,1,6,-
2022,2022-05-28,14:00,KIA,SSG,광주,9,3,-
2022,2022-05-28,14:00,롯데,키움,사직,3,6,-
2022,2022-05-28,17:00,KT,한화,수원,8,9,-
2022,2022-05-28,17:00,LG,삼성,잠실,9,4,-
2022,2022-05-28,17:00,NC,두산,창원,5,0,-
2022,2022-05-29,14:00,KIA,SSG,광주,7,9,-
2022,2022-05-29,14:00,롯데,키움,사직,0,4,-
2022,2022-05-29,14:00,KT,한화,수원,4,12,-
2022,2022-05-29,14:00,LG,삼성,잠실,4,8,-
2022,2022-05-29,14:00,NC,두산,창원,0,1,-
2022,2022-05-31,18:30,키움,삼성,고척,3,2,-
2022,2022-05-31,18:30,SSG,KT,문학,1,2,-
2022,2022-05-31,18:30,롯데,LG,사직,7,5,-
2022,2022-05-31,18:30,두산,KIA,잠실,10,13,-
2022,2022-05-31,18:30,한화,NC,한밭,5,10,-
2022,2022-06-01,17:00,키움,삼성,고척,2,4,-
2022,2022-06-01,17:00,SSG,KT,문학,2,1,-
2022,2022-06-01,17:00,롯데,LG,사직,5,14,-
2022,2022-06-01,17:00,두산,KIA,잠실,3,7,-
2022,2022-06-01,17:00,한화,NC,한밭,3,0,-
2022,2022-06-02,18:30,키움,삼성,고척,6,5,-
2022,2022-06-02,18:30,SSG,KT,문학,1,14,-
2022,2022-06-02,18:30,롯데,LG,사직,2,2,-
2022,2022-06-02,18:30,두산,KIA,잠실,3,4,-
2022,2022-06-02,18:30,한화,NC,한밭,3,4,-
2022,2022-06-03,18:30,삼성,두산,대구,8,5,-
2022,2022-06-03,18:30,KT,KIA,수원,5,2,-
2022,2022-06-03,18:30,LG,SSG,잠실,7,1,-
2022,2022-06-03,18:30,NC,롯데,창원,5,1,-
2022,2022-06-03,18:30,한화,키움,한밭,14,2,-
2022,2022-06-04,17:00,삼성,두산,대구,8,16,-
2022,2022-06-04,17:00,KT,KIA,수원,4,3,-
2022,2022-06-04,17:00,LG,SSG,잠실,6,2,-
2022,2022-06-04,17:00,NC,롯데,창원,2,3,-
2022,2022-06-04,17:00,한화,키움,한밭,3,4,-
2022,2022-06-05,17:00,삼성,두산,대구,,,우천취소
2022,2022-06-05,17:00,KT,KIA,수원,2,2,-
2022,2022-06-05,17:00,LG,SSG,잠실,0,2,-
2022,2022-06-05,17:00,NC,롯데,창원,,,우천취소
2022,2022-06-05,17:00,한화,키움,한밭,,,우천취소
2022,2022-06-07,18:30,키움,KT,고척,3,0,-
2022,2022-06-07,18:30,KIA,LG,광주,,,우천취소
2022,2022-06-07,18:30,롯데,삼성,사직,4,7,-
2022,2022-06-07,18:30,두산,한화,잠실,3,1,-
2022,2022-06-07,18:30,NC,SSG,창원,6,2,-
2022,2022-06-08,18:30,키움,KT,고척,5,5,-
2022,2022-06-08,18:30,KIA,LG,광주,7,11,-
2022,2022-06-08,18:30,롯데,삼성,사직,2,4,-
2022,2022-06-08,18:30,두산,한화,잠실,1,5,-
2022,2022-06-08,18:30,NC,SSG,창원,2,2,-
2022,2022-06-09,18:30,키움,KT,고척,1,7,-
2022,2022-06-09,18:30,KIA,LG,광주,5,1,-
2022,2022-06-09,18:30,롯데,삼성,사직,7,6,-
2022,2022-06-09,18:30,두산,한화,잠실,16,7,-
2022,2022-06-09,18:30,NC,SSG,창원,5,4,-
2022,2022-06-10,18:30,KIA,키움,광주,6,10,-
2022,2022-06-10,18:30,삼성,NC,대구,1,9,-
2022,2022-06-10,18:30,SSG,한화,문학,9,2,-
2022,2022-06-10,18:30,롯데,KT,사직,4,9,-
2022,2022-06-10,18:30,LG,두산,잠실,10,7,-
2022,2022-06-11,17:00,KIA,키움,광주,5,2,-
2022,2022-06-11,17:00,삼성,NC,대구,1,4,-
2022,2022-06-11,17:00,SSG,한화,문학,4,2,-
2022,2022-06-11,17:00,롯데,KT,사직,0,4,-
2022,2022-06-11,17:00,LG,두산,잠실,4,5,-
2022,2022-06-12,17:00,KIA,키움,광주,8,10,-
2022,2022-06-12,17:00,삼성,NC,대구,4,2,-
2022,2022-06-12,17:00,SSG,한화,문학,13,11,-
2022,2022-06-12,17:00,롯데,KT,사직,13,0,-
2022,2022-06-12,17:00,LG,두산,잠실,9,6,-
2022,2022-06-14,18:30,키움,두산,고척,2,0,-
2022,2022-06-14,18:30,KT,SSG,수원,5,4,-
2022,2022-06-14,18:30,LG,삼성,잠실,7,0,-
2022,2022-06-14,18:30,NC,KIA,창원,,,우천취소
2022,2022-06-14,18:30,한화,롯데,한밭,,,우천취소
2022,2022-06-15,18:30,키움,두산,고척,3,4,-
2022,2022-06-15,18:30,KT,SSG,수원,6,3,-
2022,2022-06-15,18:30,LG,삼성,잠실,3,6,-
2022,2022-06-15,18:30,NC,KIA,창원,7,2,-
2022,2022-06-15,18:30,한화,롯데,한밭,5,11,-
2022,2022-06-16,18:30,키움,두산,고척,6,2,-
2022,2022-06-16,18:30,KT,SSG,수원,0,6,-
2022,2022-06-16,18:30,LG,삼성,잠실,2,1,-
2022,2022-06-16,18:30,NC,KIA,창원,2,4,-
2022,2022-06-16,18:30,한화,롯데,한밭,0,3,-
2022,2022-06-17,18:30,키움,LG,고척,2,4,-
2022,2022-06-17,18:30,KIA,삼성,광주,5,3,-
2022,2022-06-17,18:30,롯데,SSG,사직,2,6,-
2022,2022-06-17,18:30,두산,KT,잠실,2,4,-
2022,2022-06-17,18:30,NC,한화,창원,1,1,-
2022,2022-06-18,14:00,키움,LG,고척,2,0,-
2022,2022-06-18,17:00,KIA,삼성,광주,2,6,-
2022,2022-06-18,17:00,롯데,SSG,사직,5,10,-
2022,2022-06-18,17:00,두산,KT,잠실,5,0,-
2022,2022-06-18,17:00,NC,한화,창원,3,2,-
2022,2022-06-19,14:00,키움,LG,고척,2,4,-
2022,2022-06-19,17:00,KIA,삼성,광주,3,7,-
2022,2022-06-19,17:00,롯데,SSG,사직,7,4,-
2022,2022-06-19,17:00,두산,KT,잠실,1,7,-
2022,2022-06-19,17:00,NC,한화,창원,6,3,-
2022,2022-06-21,18:30,KIA,롯데,광주,6,5,-
2022,2022-06-21,18:30,삼성,키움,대구,3,4,-
2022,2022-06-21,18:30,SSG,두산,문학,2,16,-
2022,2022-06-21,18:30,KT,NC,수원,8,1,-
2022,2022-06-21,18:30,LG,한화,잠실,10,4,-
2022,2022-06-22,18:30,KIA,롯데,광주,5,7,-
2022,2022-06-22,18:30,삼성,키움,대구,0,6,-
2022,2022-06-22,18:30,SSG,두산,문학,6,5,-
2022,2022-06-22,18:30,KT,NC,수원,0,11,-
2022,2022-06-22,18:30,LG,한화,잠실,6,5,-
2022,2022-06-23,18:30,KIA,롯데,광주,7,4,-
2022,2022-06-23,18:30,삼성,키움,대구,1,6,-
2022,2022-06-23,18:30,SSG,두산,문학,,,우천취소
2022,2022-06-23,18:30,KT,NC,수원,,,우천취소
2022,2022-06-23,18:30,LG,한화,잠실,,,우천취소
2022,2022-06-24,18:30,SSG,NC,문학,14,2,-
2022,2022-06-24,18:30,롯데,키움,사직,5,1,-
2022,2022-06-24,18:30,KT,LG,수원,9,6,-
2022,2022-06-24,18:30,두산,KIA,잠실,3,4,-
2022,2022-06-24,18:30,한화,삼성,한밭,3,0,-
2022,2022-06-25,17:00,SSG,NC,문학,8,1,-
2022,2022-06-25,17:00,롯데,키움,사직,5,13,-
2022,2022-06-25,17:00,KT,LG,수원,2,7,-
2022,2022-06-25,17:00,두산,KIA,잠실,6,8,-
2022,2022-06-25,17:00,한화,삼성,한밭,2,5,-
2022,2022-06-26,17:00,SSG,NC,문학,7,3,-
2022,2022-06-26,17:00,롯데,키움,사직,4,9,-
2022,2022-06-26,17:00,KT,LG,수원,1,3,-
2022,2022-06-26,17:00,두산,KIA,잠실,8,4,-
2022,2022-06-26,17:00,한화,삼성,한밭,2,6,-
2022,2022-06-28,18:30,키움,KIA,고척,5,2,-
2022,2022-06-28,18:30,삼성,KT,대구,4,14,-
2022,2022-06-28,18:30,롯데,두산,사직,3,3,-
2022,2022-06-28,18:30,LG,NC,잠실,5,0,-
2022,2022-06-28,18:30,한화,SSG,한밭,6,3,-
2022,2022-06-29,18:30,키움,KIA,고척,1,0,-
2022,2022-06-29,18:30,삼성,KT,대구,8,2,-
2022,2022-06-29,18:30,롯데,두산,사직,,,우천취소
2022,2022-06-29,18:30,LG,NC,잠실,,,우천취소
2022,2022-06-29,18:30,한화,SSG,한밭,3,8,-
2022,2022-06-30,18:30,키움,KIA,고척,5,4,-
2022,2022-06-30,18:30,삼성,KT,대구,2,13,-
2022,2022-06-30,18:30,롯데,두산,사직,5,1,-
2022,2022-06-30,18:30,LG,NC,잠실,,,우천취소
2022,2022-06-30,18:30,한화,SSG,한밭,,,그라운드사정
2022,2022-07-01,18:30,키움,한화,고척,7,5,-
2022,2022-07-01,18:30,SSG,KIA,문학,7,6,-
2022,2022-07-01,18:30,KT,두산,수원,11,7,-
2022,2022-07-01,18:30,LG,롯데,잠실,2,1,-
2022,2022-07-01,18:30,NC,삼성,창원,,,그라운드사정
2022,2022-07-02,14:00,키움,한화,고척,3,0,-
2022,2022-07-02,18:00,SSG,KIA,문학,2,1,-
2022,2022-07-02,18:00,KT,두산,수원,8,3,-
2022,2022-07-02,18:00,LG,롯데,잠실,1,8,-
2022,2022-07-02,18:00,NC,삼성,창원,17,1,-
2022,2022-07-03,14:00,키움,한화,고척,2,1,-
2022,2022-07-03,17:00,SSG,KIA,문학,3,2,-
2022,2022-07-03,17:00,KT,두산,수원,6,0,-
2022,2022-07-03,17:00,LG,롯데,잠실,4,1,-
2022,2022-07-03,17:00,NC,삼성,창원,11,6,-
2022,2022-07-05,18:30,KIA,KT,광주,,,우천취소
2022,2022-07-05,18:30,삼성,LG,대구,1,4,-
2022,2022-07-05,18:30,SSG,롯데,문학,4,3,-
2022,2022-07-05,18:30,두산,키움,잠실,3,4,-
2022,2022-07-05,18:30,한화,NC,한밭,0,1,-
2022,2022-07-06,18:30,KIA,KT,광주,1,8,-
2022,2022-07-06,18:30,삼성,LG,대구,9,10,-
2022,2022-07-06,18:30,SSG,롯데,문학,5,12,-
2022,2022-07-06,18:30,두산,키움,잠실,5,2,-
2022,2022-07-06,18:30,한화,NC,한밭,3,4,-
2022,2022-07-07,18:30,KIA,KT,광주,,,우천취소
2022,2022-07-07,18:30,삼성,LG,대구,9,11,-
2022,2022-07-07,18:30,SSG,롯데,문학,8,1,-
2022,2022-07-07,18:30,두산,키움,잠실,4,2,-
2022,2022-07-07,18:30,한화,NC,한밭,12,11,-
2022,2022-07-08,18:30,키움,NC,고척,3,2,-
2022,2022-07-08,18:30,KIA,한화,광주,5,3,-
2022,2022-07-08,18:30,삼성,SSG,대구,8,9,-
2022,2022-07-08,18:30,KT,롯데,수원,6,3,-
2022,2022-07-08,18:30,두산,LG,잠실,4,11,-
2022,2022-07-09,14:00,키움,NC,고척,10,1,-
2022,2022-07-09,18:00,KIA,한화,광주,6,5,-
2022,2022-07-09,18:00,삼성,SSG,대구,10,13,-
2022,2022-07-09,18:00,KT,롯데,수원,3,1,-
2022,2022-07-09,18:00,두산,LG,잠실,6,8,-
2022,2022-07-10,14:00,키움,NC,고척,2,0,-
2022,2022-07-10,17:00,KIA,한화,광주,6,3,-
2022,2022-07-10,17:00,삼성,SSG,대구,2,7,-
2022,2022-07-10,17:00,KT,롯데,수원,1,9,-
2022,2022-07-10,17:00,두산,LG,잠실,0,9,-
2022,2022-07-12,18:30,SSG,키움,문학,7,3,-
2022,2022-07-12,18:30,롯데,한화,사직,3,2,-
2022,2022-07-12,18:30,KT,삼성,수원,4,3,-
2022,2022-07-12,18:30,LG,KIA,잠실,1,7,-
2022,2022-07-12,18:30,NC,두산,창원,7,11,-
2022,2022-07-13,18:30,SSG,키움,문학,,,우천취소
2022,2022-07-13,18:30,롯데,한화,사직,2,0,-
2022,2022-07-13,18:30,KT,삼성,수원,,,우천취소
2022,2022-07-13,18:30,LG,KIA,잠실,,,우천취소
2022,2022-07-13,18:30,NC,두산,창원,4,1,-
2022,2022-07-14,18:30,SSG,키움,문학,4,1,-
2022,2022-07-14,18:30,롯데,한화,사직,10,7,-
2022,2022-07-14,18:30,KT,삼성,수원,1,0,-
2022,2022-07-14,18:30,LG,KIA,잠실,6,2,-
2022,2022-07-14,18:30,NC,두산,창원,3,11,-
2022,2022-07-22,18:30,키움,삼성,고척,3,2,-
2022,2022-07-22,18:30,롯데,KIA,사직,2,5,-
2022,2022-07-22,18:30,두산,SSG,잠실,0,1,-
2022,2022-07-22,18:30,NC,LG,창원,5,4,-
2022,2022-07-22,18:30,한화,KT,한밭,8,0,-
2022,2022-07-23,14:00,키움,삼성,고척,6,0,-
2022,2022-07-23,18:00,롯데,KIA,사직,3,9,-
2022,2022-07-23,18:00,두산,SSG,잠실,,,우천취소
2022,2022-07-23,18:00,NC,LG,창원,5,11,-
2022,2022-07-23,18:00,한화,KT,한밭,3,5,-
2022,2022-07-24,14:00,키움,삼성,고척,0,8,-
2022,2022-07-24,17:00,롯데,KIA,사직,0,23,-
2022,2022-07-24,17:00,두산,SSG,잠실,4,5,-
2022,2022-07-24,17:00,NC,LG,창원,6,1,-
2022,2022-07-24,17:00,한화,KT,한밭,1,3,-
2022,2022-07-26,18:30,KIA,NC,광주,1,9,-
2022,2022-07-26,18:30,SSG,LG,문학,0,9,-
2022,2022-07-26,18:30,KT,키움,수원,7,8,-
2022,2022-07-26,18:30,두산,롯데,잠실,6,1,-
2022,2022-07-26,18:30,삼성,한화,포항,2,4,-
2022,2022-07-27,18:30,KIA,NC,광주,9,5,-
2022,2022-07-27,18:30,SSG,LG,문학,6,3,-
2022,2022-07-27,18:30,KT,키움,수원,5,4,-
2022,2022-07-27,18:30,두산,롯데,잠실,6,5,-
2022,2022-07-27,18:30,삼성,한화,포항,11,10,-
2022,2022-07-28,18:30,KIA,NC,광주,2,6,-
2022,2022-07-28,18:30,SSG,LG,문학,5,4,-
2022,2022-07-28,18:30,KT,키움,수원,8,2,-
2022,2022-07-28,18:30,두산,롯데,잠실,8,5,-
2022,2022-07-28,18:30,삼성,한화,포항,3,3,-
2022,2022-07-29,18:30,KIA,SSG,광주,11,2,-
2022,2022-07-29,18:30,삼성,롯데,대구,8,7,-
2022,2022-07-29,18:30,LG,KT,잠실,4,5,-
2022,2022-07-29,18:30,NC,키움,창원,5,3,-
2022,2022-07-29,18:30,한화,두산,한밭,3,7,-
2022,2022-07-30,18:00,KIA,SSG,광주,5,7,-
2022,2022-07-30,18:00,삼성,롯데,대구,8,9,-
2022,2022-07-30,18:00,LG,KT,잠실,8,7,-
2022,2022-07-30,18:00,NC,키움,창원,3,3,-
2022,2022-07-30,18:00,한화,두산,한밭,11,1,-
2022,2022-07-31,17:00,KIA,SSG,광주,2,3,-
2022,2022-07-31,17:00,삼성,롯데,대구,5,5,-
2022,2022-07-31,17:00,LG,KT,잠실,,,우천취소
2022,2022-07-31,17:00,NC,키움,창원,,,우천취소
2022,2022-07-31,17:00,한화,두산,한밭,,,우천취소
2022,2022-08-02,18:30,키움,SSG,고척,5,7,-
2022,2022-08-02,18:30,롯데,LG,사직,4,3,-
2022,2022-08-02,18:30,두산,삼성,잠실,,,우천취소
2022,2022-08-02,18:30,NC,KT,창원,,,우천취소
2022,2022-08-02,18:30,한화,KIA,한밭,5,4,-
2022,2022-08-03,18:30,키움,SSG,고척,3,2,-
2022,2022-08-03,18:30,롯데,LG,사직,1,4,-
2022,2022-08-03,18:30,두산,삼성,잠실,3,1,-
2022,2022-08-03,18:30,NC,KT,창원,2,15,-
2022,2022-08-03,18:30,한화,KIA,한밭,3,6,-
2022,2022-08-04,18:30,키움,SSG,고척,5,6,-
2022,2022-08-04,18:30,롯데,LG,사직,2,12,-
2022,2022-08-04,18:30,두산,삼성,잠실,2,9,-
2022,2022-08-04,18:30,NC,KT,창원,4,3,-
2022,2022-08-04,18:30,한화,KIA,한밭,4,1,-
2022,2022-08-05,18:30,KIA,두산,광주,3,5,-
2022,2022-08-05,18:30,SSG,삼성,문학,1,3,-
2022,2022-08-05,18:30,롯데,NC,사직,7,2,-
2022,2022-08-05,18:30,KT,한화,수원,5,1,-
2022,2022-08-05,18:30,LG,키움,잠실,7,8,-
2022,2022-08-06,18:00,KIA,두산,광주,4,7,-
2022,2022-08-06,18:00,SSG,삼성,문학,7,6,-
2022,2022-08-06,18:00,롯데,NC,사직,1,10,-
2022,2022-08-06,18:00,KT,한화,수원,4,2,-
2022,2022-08-06,18:00,LG,키움,잠실,12,3,-
2022,2022-08-07,17:00,KIA,두산,광주,5,4,-
2022,2022-08-07,17:00,SSG,삼성,문학,7,6,-
2022,2022-08-07,17:00,롯데,NC,사직,0,14,-
2022,2022-08-07,17:00,KT,한화,수원,5,6,-
2022,2022-08-07,17:00,LG,키움,잠실,5,0,-
2022,2022-08-10,18:30,키움,롯데,고척,3,4,-
2022,2022-08-10,18:30,삼성,KIA,대구,3,2,-
2022,2022-08-10,18:30,SSG,KT,문학,4,2,-
2022,2022-08-10,18:30,두산,NC,잠실,0,11,-
2022,2022-08-10,18:30,한화,LG,한밭,,,우천취소
2022,2022-08-11,18:30,키움,롯데,고척,0,3,-
2022,2022-08-11,18:30,삼성,KIA,대구,,,우천취소
2022,2022-08-11,18:30,SSG,KT,문학,4,2,-
2022,2022-08-11,18:30,두산,NC,잠실,2,3,-
2022,2022-08-11,18:30,한화,LG,한밭,,,우천취소
2022,2022-08-12,18:30,키움,롯데,고척,1,4,-
2022,2022-08-12,18:30,삼성,KIA,대구,7,6,-
2022,2022-08-12,18:30,SSG,KT,문학,5,9,-
2022,2022-08-12,18:30,두산,NC,잠실,7,1,-
2022,2022-08-12,18:30,한화,LG,한밭,5,6,-
2022,2022-08-13,18:00,KIA,롯데,광주,9,0,-
2022,2022-08-13,18:00,KT,삼성,수원,8,1,-
2022,2022-08-13,18:00,두산,SSG,잠실,2,8,-
2022,2022-08-13,18:00,NC,LG,창원,,,우천취소
2022,2022-08-13,18:00,한화,키움,한밭,6,8,-
2022,2022-08-14,17:00,KIA,롯데,광주,1,5,-
2022,2022-08-14,17:00,KT,삼성,수원,3,2,-
2022,2022-08-14,17:00,두산,SSG,잠실,4,5,-
2022,2022-08-14,17:00,NC,LG,창원,6,2,-
2022,2022-08-14,17:00,한화,키움,한밭,8,12,-
2022,2022-08-16,18:30,KIA,SSG,광주,,,우천취소
2022,2022-08-16,18:30,롯데,두산,사직,,,우천취소
2022,2022-08-16,18:30,KT,키움,수원,5,4,-
2022,2022-08-16,18:30,LG,삼성,잠실,6,3,-
2022,2022-08-16,18:30,NC,한화,창원,,,우천취소
2022,2022-08-17,18:30,KIA,SSG,광주,4,3,-
2022,2022-08-17,18:30,롯데,두산,사직,8,6,-
2022,2022-08-17,18:30,KT,키움,수원,3,2,-
2022,2022-08-17,18:30,LG,삼성,잠실,11,7,-
2022,2022-08-17,18:30,NC,한화,창원,6,4,-
2022,2022-08-18,18:30,KIA,NC,광주,8,14,-
2022,2022-08-18,18:30,SSG,LG,문학,4,8,-
2022,2022-08-18,18:30,롯데,KT,사직,1,0,-
2022,2022-08-18,18:30,두산,키움,잠실,10,2,-
2022,2022-08-18,18:30,한화,삼성,한밭,4,7,-
2022,2022-08-19,18:30,KIA,NC,광주,12,9,-
2022,2022-08-19,18:30,SSG,LG,문학,,,그라운드사정
2022,2022-08-19,18:30,롯데,KT,사직,3,4,-
2022,2022-08-19,18:30,두산,키움,잠실,,,우천취소
2022,2022-08-19,18:30,한화,삼성,한밭,5,9,-
2022,2022-08-20,14:00,키움,SSG,고척,7,14,-
2022,2022-08-20,18:00,삼성,NC,대구,,,그라운드사정
2022,2022-08-20,18:00,롯데,한화,사직,3,5,-
2022,2022-08-20,18:00,KT,KIA,수원,2,5,-
2022,2022-08-20,18:00,LG,두산,잠실,6,1,-
2022,2022-08-21,14:00,키움,SSG,고척,1,6,-
2022,2022-08-21,17:00,삼성,NC,대구,2,6,-
2022,2022-08-21,17:00,롯데,한화,사직,8,1,-
2022,2022-08-21,17:00,KT,KIA,수원,11,3,-
2022,2022-08-21,17:00,LG,두산,잠실,2,4,-
2022,2022-08-23,18:30,키움,KIA,고척,3,12,-
2022,2022-08-23,18:30,SSG,삼성,문학,7,3,-
2022,2022-08-23,18:30,두산,KT,잠실,1,2,-
2022,2022-08-23,18:30,NC,롯데,창원,3,9,-
2022,2022-08-23,18:30,한화,LG,한밭,6,4,-
2022,2022-08-24,18:30,키움,KIA,고척,11,10,-
2022,2022-08-24,18:30,SSG,삼성,문학,4,2,-
2022,2022-08-24,18:30,두산,KT,잠실,1,5,-
2022,2022-08-24,18:30,NC,롯데,창원,1,2,-
2022,2022-08-24,18:30,한화,LG,한밭,2,9,-
2022,2022-08-25,18:30,롯데,삼성,사직,5,9,-
2022,2022-08-25,18:30,KT,SSG,수원,5,4,-
2022,2022-08-25,18:30,LG,KIA,잠실,0,1,-
2022,2022-08-25,18:30,NC,키움,창원,9,10,-
2022,2022-08-25,18:30,한화,두산,한밭,4,0,-
2022,2022-08-26,18:30,롯데,삼성,사직,8,3,-
2022,2022-08-26,18:30,KT,SSG,수원,12,3,-
2022,2022-08-26,18:30,LG,KIA,잠실,3,1,-
2022,2022-08-26,18:30,NC,키움,창원,3,6,-
2022,2022-08-26,18:30,한화,두산,한밭,2,1,-
2022,2022-08-27,18:00,KIA,두산,광주,1,2,-
2022,2022-08-27,18:00,삼성,한화,대구,7,4,-
2022,2022-08-27,18:00,SSG,롯데,문학,10,0,-
2022,2022-08-27,18:00,LG,키움,잠실,1,0,-
2022,2022-08-27,18:00,NC,KT,창원,9,2,-
2022,2022-08-28,17:00,KIA,두산,광주,11,6,-
2022,2022-08-28,17:00,삼성,한화,대구,5,4,-
2022,2022-08-28,17:00,SSG,롯데,문학,2,4,-
2022,2022-08-28,17:00,LG,키움,잠실,7,0,-
2022,2022-08-28,17:00,NC,KT,창원,5,0,-
2022,2022-08-30,18:30,키움,롯데,고척,6,5,-
2022,2022-08-30,18:30,삼성,SSG,대구,,,우천취소
2022,2022-08-30,18:30,KT,두산,수원,,,우천취소
2022,2022-08-30,18:30,LG,NC,잠실,,,우천취소
2022,2022-08-30,18:30,한화,KIA,한밭,,,우천취소
2022,2022-08-31,18:30,키움,롯데,고척,5,4,-
2022,2022-08-31,18:30,삼성,SSG,대구,2,1,-
2022,2022-08-31,18:30,KT,두산,수원,5,2,-
2022,2022-08-31,18:30,LG,NC,잠실,5,3,-
2022,2022-08-31,18:30,한화,KIA,한밭,3,4,-
2022,2022-09-01,18:30,키움,한화,고척,7,1,-
2022,2022-09-01,18:30,KIA,삼성,광주,1,4,-
2022,2022-09-01,18:30,SSG,NC,문학,2,3,-
2022,2022-09-01,18:30,KT,LG,수원,1,3,-
2022,2022-09-01,18:30,두산,롯데,잠실,2,1,-
2022,2022-09-02,18:30,키움,한화,고척,4,0,-
2022,2022-09-02,18:30,KIA,삼성,광주,8,3,-
2022,2022-09-02,18:30,SSG,NC,문학,5,3,-
2022,2022-09-02,18:30,KT,LG,수원,1,2,-
2022,2022-09-02,18:30,두산,롯데,잠실,4,16,-
2022,2022-09-03,17:00,KIA,KT,광주,1,5,-
2022,2022-09-03,17:00,SSG,키움,문학,1,2,-
2022,2022-09-03,17:00,롯데,LG,사직,,,우천취소
2022,2022-09-03,17:00,두산,삼성,잠실,1,4,-
2022,2022-09-03,17:00,한화,NC,한밭,7,3,-
2022,2022-09-04,14:00,KIA,KT,광주,2,6,-
2022,2022-09-04,14:00,SSG,키움,문학,,,우천취소
2022,2022-09-04,14:00,롯데,LG,사직,1,14,-
2022,2022-09-04,14:00,두산,삼성,잠실,,,우천취소
2022,2022-09-04,14:00,한화,NC,한밭,10,1,-
2022,2022-09-06,18:30,삼성,키움,대구,11,4,-
2022,2022-09-06,18:30,KT,한화,수원,8,5,-
2022,2022-09-06,18:30,롯데,KIA,울산,6,3,-
2022,2022-09-06,18:30,LG,SSG,잠실,6,8,-
2022,2022-09-06,18:30,NC,두산,창원,4,3,-
2022,2022-09-07,18:30,삼성,키움,대구,2,1,-
2022,2022-09-07,18:30,KT,한화,수원,4,2,-
2022,2022-09-07,18:30,롯데,KIA,울산,6,12,-
2022,2022-09-07,18:30,LG,SSG,잠실,2,2,-
2022,2022-09-07,18:30,NC,두산,창원,16,5,-
2022,2022-09-08,18:30,키움,LG,고척,3,2,-
2022,2022-09-08,18:30,삼성,롯데,대구,1,2,-
2022,2022-09-08,18:30,SSG,KIA,문학,4,9,-
2022,2022-09-08,18:30,KT,NC,수원,3,8,-
2022,2022-09-08,18:30,두산,한화,잠실,4,5,-
2022,2022-09-09,14:00,키움,LG,고척,3,6,-
2022,2022-09-09,14:00,삼성,롯데,대구,4,0,-
2022,2022-09-09,14:00,SSG,KIA,문학,9,16,-
2022,2022-09-09,14:00,KT,NC,수원,1,17,-
2022,2022-09-09,14:00,두산,한화,잠실,11,0,-
2022,2022-09-10,17:00,키움,KT,고척,1,2,-
2022,2022-09-10,17:00,삼성,LG,대구,1,10,-
2022,2022-09-10,17:00,롯데,NC,사직,3,6,-
2022,2022-09-10,14:00,두산,KIA,잠실,0,3,-
2022,2022-09-10,17:00,한화,SSG,한밭,5,0,-
2022,2022-09-11,14:00,키움,KT,고척,5,0,-
2022,2022-09-11,14:00,삼성,LG,대구,3,1,-
2022,2022-09-11,14:00,롯데,NC,사직,6,11,-
2022,2022-09-11,14:00,두산,KIA,잠실,6,3,-
2022,2022-09-11,14:00,한화,SSG,한밭,1,12,-
2022,2022-09-13,18:30,KIA,키움,광주,1,4,-
2022,2022-09-13,18:30,롯데,SSG,사직,9,8,-
2022,2022-09-13,18:30,두산,LG,잠실,0,5,-
2022,2022-09-13,18:30,NC,삼성,창원,1,3,-
2022,2022-09-13,18:30,한화,KT,한밭,2,5,-
2022,2022-09-14,18:30,KIA,키움,광주,0,2,-
2022,2022-09-14,18:30,롯데,SSG,사직,1,3,-
2022,2022-09-14,18:30,두산,LG,잠실,5,0,-
2022,2022-09-14,18:30,NC,삼성,창원,7,2,-
2022,2022-09-14,18:30,한화,KT,한밭,4,1,-
2022,2022-09-15,18:30,KIA,한화,광주,1,2,-
2022,2022-09-15,18:30,삼성,두산,대구,13,3,-
2022,2022-09-15,18:30,롯데,키움,사직,4,2,-
2022,2022-09-15,18:30,LG,KT,잠실,2,0,-
2022,2022-09-15,18:30,NC,SSG,창원,6,0,-
2022,2022-09-16,18:30,KIA,한화,광주,6,7,-
2022,2022-09-16,18:30,삼성,두산,대구,11,13,-
2022,2022-09-16,18:30,롯데,키움,사직,10,12,-
2022,2022-09-16,18:30,LG,KT,잠실,,,우천취소
2022,2022-09-16,18:30,NC,SSG,창원,0,10,-
2022,2022-09-17,17:00,키움,NC,고척,10,3,-
2022,2022-09-17,17:00,삼성,KIA,대구,10,1,-
2022,2022-09-17,17:00,SSG,두산,문학,1,4,-
2022,2022-09-17,17:00,KT,롯데,수원,0,2,-
2022,2022-09-17,17:00,LG,한화,잠실,4,1,-
2022,2022-09-18,14:00,키움,NC,고척,1,5,-
2022,2022-09-18,14:00,삼성,KIA,대구,9,6,-
2022,2022-09-18,14:00,SSG,두산,문학,14,13,-
2022,2022-09-18,14:00,KT,롯데,수원,6,3,-
2022,2022-09-18,14:00,LG,한화,잠실,1,5,-
2022,2022-09-20,18:30,키움,삼성,고척,2,10,-
2022,2022-09-20,18:30,KIA,LG,광주,1,11,-
2022,2022-09-20,18:30,SSG,KT,문학,4,2,-
2022,2022-09-20,18:30,두산,NC,잠실,8,2,-
2022,2022-09-20,18:30,한화,롯데,한밭,6,8,-
2022,2022-09-21,18:30,키움,삼성,고척,5,4,-
2022,2022-09-21,18:30,KIA,LG,광주,2,11,-
2022,2022-09-21,18:30,SSG,KT,문학,3,4,-
2022,2022-09-21,18:30,두산,NC,잠실,1,5,-
2022,2022-09-21,18:30,한화,롯데,한밭,0,9,-
2022,2022-09-22,18:30,키움,두산,고척,2,5,-
2022,2022-09-22,18:30,삼성,KT,대구,7,9,-
2022,2022-09-22,18:30,SSG,한화,문학,10,1,-
2022,2022-09-22,18:30,LG,롯데,잠실,1,7,-
2022,2022-09-22,18:30,NC,KIA,창원,1,3,-
2022,2022-09-23,18:30,키움,두산,고척,5,1,-
2022,2022-09-23,18:30,삼성,KT,대구,5,3,-
2022,2022-09-23,18:30,SSG,한화,문학,5,4,-
2022,2022-09-23,18:30,LG,롯데,잠실,1,0,-
2022,2022-09-23,18:30,NC,KIA,창원,5,2,-
2022,2022-09-24,17:00,키움,롯데,고척,9,5,-
2022,2022-09-24,17:00,SSG,두산,문학,14,5,-
2022,2022-09-24,17:00,LG,한화,잠실,0,2,-
2022,2022-09-24,17:00,NC,KIA,창원,0,3,-
2022,2022-09-25,14:00,삼성,KIA,대구,3,4,-
2022,2022-09-25,14:00,SSG,LG,문학,2,6,-
2022,2022-09-25,14:00,두산,한화,잠실,5,3,-
2022,2022-09-25,14:00,NC,KT,창원,1,9,-
2022,2022-09-27,18:30,KT,두산,수원,5,4,-
2022,2022-09-27,18:30,NC,키움,창원,6,5,-
2022,2022-09-27,18:30,한화,LG,한밭,0,1,-
2022,2022-09-28,18:30,KT,두산,수원,8,0,-
2022,2022-09-28,18:30,NC,삼성,창원,4,3,-
2022,2022-09-28,18:30,한화,LG,한밭,1,4,-
2022,2022-09-29,18:30,KIA,롯데,광주,5,4,-
2022,2022-09-29,18:30,삼성,NC,대구,3,0,-
2022,2022-09-29,18:30,SSG,키움,문학,9,14,-
2022,2022-09-29,18:30,LG,KT,잠실,3,5,-
2022,2022-09-29,18:30,한화,두산,한밭,5,6,-
2022,2022-09-30,18:30,삼성,두산,대구,11,3,-
2022,2022-09-30,18:30,SSG,키움,문학,7,3,-
2022,2022-09-30,18:30,LG,NC,잠실,2,1,-
2022,2022-09-30,18:30,한화,롯데,한밭,5,6,-
2022,2022-10-01,17:00,KIA,SSG,광주,2,3,-
2022,2022-10-01,17:00,삼성,두산,대구,4,3,-
2022,2022-10-01,17:00,LG,NC,잠실,1,2,-
2022,2022-10-02,14:00,롯데,두산,사직,3,1,-
2022,2022-10-02,14:00,LG,NC,잠실,0,2,-
2022,2022-10-02,14:00,한화,KIA,한밭,1,10,-
2022,2022-10-03,14:00,롯데,두산,사직,3,9,-
2022,2022-10-03,14:00,KT,NC,수원,,,우천취소
2022,2022-10-03,14:00,LG,KIA,잠실,,,우천취소
2022,2022-10-03,14:00,한화,SSG,한밭,7,4,-
2022,2022-10-04,18:30,KT,삼성,수원,7,3,-
2022,2022-10-04,18:30,LG,KIA,잠실,3,8,-
2022,2022-10-05,18:30,KIA,LG,광주,2,10,-
2022,2022-10-05,18:30,KT,삼성,수원,4,7,-
2022,2022-10-05,18:30,두산,SSG,잠실,5,2,-
2022,2022-10-05,18:30,NC,롯데,창원,7,3,-
2022,2022-10-06,18:30,KIA,LG,광주,4,3,-
2022,2022-10-06,18:30,두산,삼성,잠실,5,4,-
2022,2022-10-06,18:30,NC,SSG,창원,6,1,-
2022,2022-10-06,18:30,한화,키움,한밭,3,2,-
2022,2022-10-07,18:30,KIA,KT,광주,11,1,-
2022,2022-10-07,18:30,두산,삼성,잠실,2,8,-
2022,2022-10-07,18:30,NC,LG,창원,2,7,-
2022,2022-10-08,17:00,KIA,KT,광주,2,7,-
2022,2022-10-08,17:00,삼성,SSG,대구,6,1,-
2022,2022-10-08,17:00,롯데,LG,사직,3,2,-
2022,2022-10-08,17:00,두산,키움,잠실,1,5,-
2022,2022-10-08,17:00,NC,한화,창원,6,5,-
2022,2022-10-09,14:00,LG,KT,잠실,,,우천취소
2022,2022-10-10,14:00,KT,NC,수원,5,2,-
2022,2022-10-11,18:30,LG,KT,잠실,6,5,-
2023,2023-04-01,14:00,키움,한화,고척,3,2,-
2023,2023-04-01,14:00,삼성,NC,대구,0,8,-
2023,2023-04-01,14:00,SSG,KIA,문학,4,1,-
2023,2023-04-01,14:00,KT,LG,수원,11,6,-
2023,2023-04-01,14:00,두산,롯데,잠실,12,10,-
2023,2023-04-02,14:00,키움,한화,고척,7,6,-
2023,2023-04-02,14:00,삼성,NC,대구,8,6,-
2023,2023-04-02,14:00,SSG,KIA,문학,5,9,-
2023,2023-04-02,14:00,KT,LG,수원,9,10,-
2023,2023-04-02,14:00,두산,롯데,잠실,0,2,-
2023,2023-04-04,18:30,키움,LG,고척,1,7,-
2023,2023-04-04,18:30,삼성,한화,대구,7,6,-
2023,2023-04-04,18:30,SSG,롯데,문학,3,1,-
2023,2023-04-04,18:30,KT,KIA,수원,,,우천취소
2023,2023-04-04,18:30,두산,NC,잠실,1,0,-
2023,2023-04-05,18:30,키움,LG,고척,2,1,-
2023,2023-04-05,18:30,삼성,한화,대구,,,우천취소
2023,2023-04-05,18:30,SSG,롯데,문학,,,그라운드사정
2023,2023-04-05,18:30,KT,KIA,수원,,,우천취소
2023,2023-04-05,18:30,두산,NC,잠실,3,9,-
2023,2023-04-06,18:30,키움,LG,고척,0,5,-
2023,2023-04-06,18:30,삼성,한화,대구,1,8,-
2023,2023-04-06,18:30,SSG,롯데,문학,,,우천취소
2023,2023-04-06,18:30,KT,KIA,수원,,,우천취소
2023,2023-04-06,18:30,두산,NC,잠실,6,2,-
2023,2023-04-07,18:30,KIA,두산,광주,1,4,-
2023,2023-04-07,18:30,롯데,KT,사직,1,7,-
2023,2023-04-07,18:30,LG,삼성,잠실,7,2,-
2023,2023-04-07,18:30,NC,키움,창원,2,0,-
2023,2023-04-07,18:30,한화,SSG,한밭,3,7,-
2023,2023-04-08,17:00,KIA,두산,광주,7,6,-
2023,2023-04-08,17:00,롯데,KT,사직,3,7,-
2023,2023-04-08,17:00,LG,삼성,잠실,2,1,-
2023,2023-04-08,17:00,NC,키움,창원,11,5,-
2023,2023-04-08,17:00,한화,SSG,한밭,5,7,-
2023,2023-04-09,14:00,KIA,두산,광주,2,3,-
2023,2023-04-09,14:00,롯데,KT,사직,5,3,-
2023,2023-04-09,14:00,LG,삼성,잠실,3,2,-
2023,2023-04-09,14:00,NC,키움,창원,6,1,-
2023,2023-04-09,14:00,한화,SSG,한밭,0,3,-
2023,2023-04-11,18:30,KIA,한화,광주,4,5,-
2023,2023-04-11,18:30,삼성,SSG,대구,4,5,-
2023,2023-04-11,18:30,롯데,LG,사직,6,5,-
2023,2023-04-11,18:30,두산,키움,잠실,6,4,-
2023,2023-04-11,18:30,NC,KT,창원,1,0,-
2023,2023-04-12,18:30,KIA,한화,광주,2,0,-
2023,2023-04-12,18:30,삼성,SSG,대구,0,3,-
2023,2023-04-12,18:30,롯데,LG,사직,8,12,-
2023,2023-04-12,18:30,두산,키움,잠실,,,미세먼지취소
2023,2023-04-12,18:30,NC,KT,창원,5,1,-
2023,2023-04-13,18:30,KIA,한화,광주,1,5,-
2023,2023-04-13,18:30,삼성,SSG,대구,11,9,-
2023,2023-04-13,18:30,롯데,LG,사직,8,7,-
2023,2023-04-13,18:30,두산,키움,잠실,2,9,-
2023,2023-04-13,18:30,NC,KT,창원,3,10,-
2023,2023-04-14,18:30,키움,KIA,고척,9,2,-
2023,2023-04-14,18:30,삼성,롯데,대구,9,7,-
2023,2023-04-14,18:30,SSG,NC,문학,2,1,-
2023,2023-04-14,18:30,KT,한화,수원,7,7,-
2023,2023-04-14,18:30,LG,두산,잠실,13,4,-
2023,2023-04-15,17:00,키움,KIA,고척,6,1,-
2023,2023-04-15,17:00,삼성,롯데,대구,5,9,-
2023,2023-04-15,17:00,SSG,NC,문학,0,1,-
2023,2023-04-15,17:00,KT,한화,수원,2,7,-
2023,2023-04-15,17:00,LG,두산,잠실,3,1,-
2023,2023-04-16,14:00,키움,KIA,고척,2,0,-
2023,2023-04-16,14:00,삼성,롯데,대구,9,1,-
2023,2023-04-16,14:00,SSG,NC,문학,5,10,-
2023,2023-04-16,14:00,KT,한화,수원,14,2,-
2023,2023-04-16,14:00,LG,두산,잠실,5,10,-
2023,2023-04-18,18:30,키움,삼성,고척,4,6,-
2023,2023-04-18,18:30,롯데,KIA,사직,7,5,-
2023,2023-04-18,18:30,KT,SSG,수원,4,2,-
2023,2023-04-18,18:30,LG,NC,잠실,4,6,-
2023,2023-04-18,18:30,한화,두산,한밭,0,2,-
2023,2023-04-19,18:30,키움,삼성,고척,5,9,-
2023,2023-04-19,18:30,롯데,KIA,사직,0,6,-
2023,2023-04-19,18:30,KT,SSG,수원,5,2,-
2023,2023-04-19,18:30,LG,NC,잠실,7,5,-
2023,2023-04-19,18:30,한화,두산,한밭,7,6,-
2023,2023-04-20,18:30,키움,삼성,고척,6,1,-
2023,2023-04-20,18:30,롯데,KIA,사직,5,3,-
2023,2023-04-20,18:30,KT,SSG,수원,5,8,-
2023,2023-04-20,18:30,LG,NC,잠실,9,4,-
2023,2023-04-20,18:30,한화,두산,한밭,1,5,-
2023,2023-04-21,18:30,KIA,삼성,광주,5,4,-
2023,2023-04-21,18:30,SSG,키움,문학,3,1,-
2023,2023-04-21,18:30,두산,KT,잠실,10,6,-
2023,2023-04-21,18:30,NC,롯데,창원,2,3,-
2023,2023-04-21,18:30,한화,LG,한밭,2,4,-
2023,2023-04-22,17:00,KIA,삼성,광주,6,2,-
2023,2023-04-22,17:00,SSG,키움,문학,3,2,-
2023,2023-04-22,17:00,두산,KT,잠실,5,1,-
2023,2023-04-22,17:00,NC,롯데,창원,6,10,-
2023,2023-04-22,17:00,한화,LG,한밭,0,3,-
2023,2023-04-23,14:00,KIA,삼성,광주,5,3,-
2023,2023-04-23,14:00,SSG,키움,문학,9,7,-
2023,2023-04-23,14:00,두산,KT,잠실,1,1,-
2023,2023-04-23,14:00,NC,롯데,창원,3,5,-
2023,2023-04-23,14:00,한화,LG,한밭,7,6,-
2023,2023-04-25,18:30,키움,KT,고척,1,0,-
2023,2023-04-25,18:30,KIA,NC,광주,0,6,-
2023,2023-04-25,18:30,삼성,두산,대구,,,우천취소
2023,2023-04-25,18:30,롯데,한화,사직,,,우천취소
2023,2023-04-25,18:30,LG,SSG,잠실,5,4,-
2023,2023-04-26,18:30,키움,KT,고척,13,2,-
2023,2023-04-26,18:30,KIA,NC,광주,6,0,-
2023,2023-04-26,18:30,삼성,두산,대구,1,0,-
2023,2023-04-26,18:30,롯데,한화,사직,8,1,-
2023,2023-04-26,18:30,LG,SSG,잠실,3,5,-
2023,2023-04-27,18:30,키움,KT,고척,3,1,-
2023,2023-04-27,18:30,KIA,NC,광주,5,0,-
2023,2023-04-27,18:30,삼성,두산,대구,7,6,-
2023,2023-04-27,18:30,롯데,한화,사직,3,0,-
2023,2023-04-27,18:30,LG,SSG,잠실,6,3,-
2023,2023-04-28,18:30,SSG,두산,문학,4,1,-
2023,2023-04-28,18:30,롯데,키움,사직,5,2,-
2023,2023-04-28,18:30,KT,삼성,수원,9,10,-
2023,2023-04-28,18:30,LG,KIA,잠실,3,4,-
2023,2023-04-28,18:30,한화,NC,한밭,4,6,-
2023,2023-04-29,17:00,SSG,두산,문학,10,4,-
2023,2023-04-29,17:00,롯데,키움,사직,,,우천취소
2023,2023-04-29,17:00,KT,삼성,수원,2,3,-
2023,2023-04-29,17:00,LG,KIA,잠실,3,6,-
2023,2023-04-29,17:00,한화,NC,한밭,2,3,-
2023,2023-04-30,14:00,SSG,두산,문학,0,2,-
2023,2023-04-30,14:00,롯데,키움,사직,5,3,-
2023,2023-04-30,14:00,KT,삼성,수원,0,1,-
2023,2023-04-30,14:00,LG,KIA,잠실,8,12,-
2023,2023-04-30,14:00,한화,NC,한밭,1,4,-
2023,2023-05-02,18:30,KIA,롯데,광주,4,7,-
2023,2023-05-02,18:30,삼성,키움,대구,0,4,-
2023,2023-05-02,18:30,SSG,KT,문학,4,11,-
2023,2023-05-02,18:30,두산,한화,잠실,3,0,-
2023,2023-05-02,18:30,NC,LG,창원,3,5,-
2023,2023-05-03,18:30,KIA,롯데,광주,10,2,-
2023,2023-05-03,18:30,삼성,키움,대구,1,4,-
2023,2023-05-03,18:30,SSG,KT,문학,5,3,-
2023,2023-05-03,18:30,두산,한화,잠실,3,8,-
2023,2023-05-03,18:30,NC,LG,창원,1,2,-
2023,2023-05-04,18:30,KIA,롯데,광주,,,그라운드사정
2023,2023-05-04,18:30,삼성,키움,대구,14,1,-
2023,2023-05-04,18:30,SSG,KT,문학,10,2,-
2023,2023-05-04,18:30,두산,한화,잠실,3,10,-
2023,2023-05-04,18:30,NC,LG,창원,,,우천취소
2023,2023-05-05,14:00,키움,SSG,고척,1,3,-
2023,2023-05-05,14:00,롯데,삼성,사직,,,우천취소
2023,2023-05-05,14:00,두산,LG,잠실,,,그라운드사정
2023,2023-05-05,14:00,NC,KIA,창원,,,우천취소
2023,2023-05-05,14:00,한화,KT,한밭,,,우천취소
2023,2023-05-06,17:00,키움,SSG,고척,1,2,-
2023,2023-05-06,17:00,롯데,삼성,사직,,,우천취소
2023,2023-05-06,14:00,두산,LG,잠실,,,우천취소
2023,2023-05-06,17:00,NC,KIA,창원,,,우천취소
2023,2023-05-06,17:00,한화,KT,한밭,,,우천취소
2023,2023-05-07,14:00,키움,SSG,고척,6,7,-
2023,2023-05-07,14:00,롯데,삼성,사직,,,우천취소
2023,2023-05-07,14:00,두산,LG,잠실,1,11,-
2023,2023-05-07,14:00,NC,KIA,창원,,,우천취소
2023,2023-05-07,14:00,한화,KT,한밭,6,2,-
2023,2023-05-09,18:30,KIA,SSG,광주,3,0,-
2023,2023-05-09,18:30,롯데,두산,사직,2,5,-
2023,2023-05-09,18:30,KT,NC,수원,4,16,-
2023,2023-05-09,18:30,LG,키움,잠실,5,4,-
2023,2023-05-09,18:30,한화,삼성,한밭,1,9,-
2023,2023-05-10,18:30,KIA,SSG,광주,3,5,-
2023,2023-05-10,18:30,롯데,두산,사직,3,0,-
2023,2023-05-10,18:30,KT,NC,수원,7,8,-
2023,2023-05-10,18:30,LG,키움,잠실,1,11,-
2023,2023-05-10,18:30,한화,삼성,한밭,5,1,-
2023,2023-05-11,18:30,KIA,SSG,광주,3,5,-
2023,2023-05-11,18:30,롯데,두산,사직,7,6,-
2023,2023-05-11,18:30,KT,NC,수원,1,4,-
2023,2023-05-11,18:30,LG,키움,잠실,1,0,-
2023,2023-05-11,18:30,한화,삼성,한밭,4,0,-
2023,2023-05-12,18:30,키움,NC,고척,7,4,-
2023,2023-05-12,18:30,삼성,LG,대구,4,0,-
2023,2023-05-12,18:30,SSG,한화,문학,2,5,-
2023,2023-05-12,18:30,KT,롯데,수원,2,1,-
2023,2023-05-12,18:30,두산,KIA,잠실,6,1,-
2023,2023-05-13,17:00,키움,NC,고척,9,2,-
2023,2023-05-13,17:00,삼성,LG,대구,4,7,-
2023,2023-05-13,17:00,SSG,한화,문학,8,5,-
2023,2023-05-13,17:00,KT,롯데,수원,0,5,-
2023,2023-05-13,17:00,두산,KIA,잠실,5,1,-
2023,2023-05-14,14:00,키움,NC,고척,4,6,-
2023,2023-05-14,14:00,삼성,LG,대구,5,8,-
2023,2023-05-14,14:00,SSG,한화,문학,3,3,-
2023,2023-05-14,14:00,KT,롯데,수원,3,8,-
2023,2023-05-14,14:00,두산,KIA,잠실,8,4,-
2023,2023-05-16,18:30,키움,두산,고척,1,4,-
2023,2023-05-16,18:30,삼성,KIA,대구,2,8,-
2023,2023-05-16,18:30,LG,KT,잠실,7,12,-
2023,2023-05-16,18:30,NC,SSG,창원,5,3,-
2023,2023-05-16,18:30,한화,롯데,한밭,1,3,-
2023,2023-05-17,18:30,키움,두산,고척,6,9,-
2023,2023-05-17,18:30,삼성,KIA,대구,6,7,-
2023,2023-05-17,18:30,LG,KT,잠실,7,3,-
2023,2023-05-17,18:30,NC,SSG,창원,0,4,-
2023,2023-05-17,18:30,한화,롯데,한밭,2,1,-
2023,2023-05-18,18:30,키움,두산,고척,7,3,-
2023,2023-05-18,18:30,삼성,KIA,대구,,,우천취소
2023,2023-05-18,18:30,LG,KT,잠실,9,5,-
2023,2023-05-18,18:30,NC,SSG,창원,,,우천취소
2023,2023-05-18,18:30,한화,롯데,한밭,3,7,-
2023,2023-05-19,18:30,KIA,키움,광주,10,1,-
2023,2023-05-19,18:30,롯데,SSG,사직,7,5,-
2023,2023-05-19,18:30,KT,두산,수원,6,1,-
2023,2023-05-19,18:30,LG,한화,잠실,3,1,-
2023,2023-05-19,18:30,NC,삼성,창원,4,5,-
2023,2023-05-20,17:00,KIA,키움,광주,3,2,-
2023,2023-05-20,17:00,롯데,SSG,사직,0,5,-
2023,2023-05-20,17:00,KT,두산,수원,0,6,-
2023,2023-05-20,17:00,LG,한화,잠실,1,1,-
2023,2023-05-20,17:00,NC,삼성,창원,14,3,-
2023,2023-05-21,14:00,KIA,키움,광주,0,1,-
2023,2023-05-21,14:00,롯데,SSG,사직,3,6,-
2023,2023-05-21,14:00,KT,두산,수원,7,3,-
2023,2023-05-21,14:00,LG,한화,잠실,4,1,-
2023,2023-05-21,14:00,NC,삼성,창원,1,2,-
2023,2023-05-23,18:30,SSG,LG,문학,1,9,-
2023,2023-05-23,18:30,롯데,NC,사직,2,0,-
2023,2023-05-23,18:30,KT,키움,수원,1,3,-
2023,2023-05-23,18:30,두산,삼성,잠실,7,5,-
2023,2023-05-23,18:30,한화,KIA,한밭,9,5,-
2023,2023-05-24,18:30,SSG,LG,문학,5,3,-
2023,2023-05-24,18:30,롯데,NC,사직,1,3,-
2023,2023-05-24,18:30,KT,키움,수원,4,1,-
2023,2023-05-24,18:30,두산,삼성,잠실,1,6,-
2023,2023-05-24,18:30,한화,KIA,한밭,2,4,-
2023,2023-05-25,18:30,SSG,LG,문학,3,8,-
2023,2023-05-25,18:30,롯데,NC,사직,11,1,-
2023,2023-05-25,18:30,KT,키움,수원,3,0,-
2023,2023-05-25,18:30,두산,삼성,잠실,4,3,-
2023,2023-05-25,18:30,한화,KIA,한밭,4,3,-
2023,2023-05-26,18:30,키움,롯데,고척,0,2,-
2023,2023-05-26,18:30,KIA,LG,광주,3,5,-
2023,2023-05-26,18:30,삼성,KT,대구,1,4,-
2023,2023-05-26,18:30,두산,SSG,잠실,3,14,-
2023,2023-05-26,18:30,NC,한화,창원,11,0,-
2023,2023-05-27,14:00,키움,롯데,고척,5,6,-
2023,2023-05-27,14:00,KIA,LG,광주,6,3,-
2023,2023-05-27,14:00,삼성,KT,대구,2,5,-
2023,2023-05-27,14:00,두산,SSG,잠실,,,우천취소
2023,2023-05-27,14:00,NC,한화,창원,0,5,-
2023,2023-05-28,14:00,키움,롯데,고척,7,5,-
2023,2023-05-28,14:00,KIA,LG,광주,1,7,-
2023,2023-05-28,14:00,삼성,KT,대구,6,4,-
2023,2023-05-28,14:00,두산,SSG,잠실,,,우천취소
2023,2023-05-28,14:00,NC,한화,창원,,,우천취소
2023,2023-05-30,18:30,KIA,KT,광주,6,1,-
2023,2023-05-30,18:30,SSG,삼성,문학,3,2,-
2023,2023-05-30,18:30,LG,롯데,잠실,3,1,-
2023,2023-05-30,18:30,NC,두산,창원,5,0,-
2023,2023-05-30,18:30,한화,키움,한밭,7,1,-
2023,2023-05-31,18:30,KIA,KT,광주,7,1,-
2023,2023-05-31,18:30,SSG,삼성,문학,2,3,-
2023,2023-05-31,18:30,LG,롯데,잠실,1,7,-
2023,2023-05-31,18:30,NC,두산,창원,2,3,-
2023,2023-05-31,18:30,한화,키움,한밭,3,15,-
2023,2023-06-01,18:30,KIA,KT,광주,,,그라운드사정
2023,2023-06-01,18:30,SSG,삼성,문학,14,2,-
2023,2023-06-01,18:30,LG,롯데,잠실,6,1,-
2023,2023-06-01,18:30,NC,두산,창원,,,우천취소
2023,2023-06-01,18:30,한화,키움,한밭,7,3,-
2023,2023-06-02,18:30,SSG,키움,문학,3,2,-
2023,2023-06-02,18:30,롯데,KIA,사직,14,2,-
2023,2023-06-02,18:30,KT,두산,수원,1,10,-
2023,2023-06-02,18:30,LG,NC,잠실,2,9,-
2023,2023-06-02,18:30,한화,삼성,한밭,7,8,-
2023,2023-06-03,17:00,SSG,키움,문학,2,1,-
2023,2023-06-03,17:00,롯데,KIA,사직,6,5,-
2023,2023-06-03,17:00,KT,두산,수원,13,3,-
2023,2023-06-03,17:00,LG,NC,잠실,3,7,-
2023,2023-06-03,17:00,한화,삼성,한밭,2,7,-
2023,2023-06-04,17:00,SSG,키움,문학,3,4,-
2023,2023-06-04,14:00,롯데,KIA,사직,0,6,-
2023,2023-06-04,17:00,KT,두산,수원,5,2,-
2023,2023-06-04,17:00,LG,NC,잠실,1,3,-
2023,2023-06-04,17:00,한화,삼성,한밭,10,5,-
2023,2023-06-06,14:00,키움,LG,고척,1,9,-
2023,2023-06-06,14:00,KIA,SSG,광주,1,2,-
2023,2023-06-06,17:00,삼성,NC,대구,9,6,-
2023,2023-06-06,17:00,롯데,KT,사직,1,4,-
2023,2023-06-06,14:00,두산,한화,잠실,4,1,-
2023,2023-06-07,18:30,키움,LG,고척,5,5,-
2023,2023-06-07,18:30,KIA,SSG,광주,8,9,-
2023,2023-06-07,18:30,삼성,NC,대구,0,4,-
2023,2023-06-07,18:30,롯데,KT,사직,2,3,-
2023,2023-06-07,18:30,두산,한화,잠실,6,3,-
2023,2023-06-08,18:30,키움,LG,고척,13,0,-
2023,2023-06-08,18:30,KIA,SSG,광주,4,5,-
2023,2023-06-08,18:30,삼성,NC,대구,1,7,-
2023,2023-06-08,18:30,롯데,KT,사직,6,7,-
2023,2023-06-08,18:30,두산,한화,잠실,2,1,-
2023,2023-06-09,18:30,삼성,롯데,대구,1,5,-
2023,2023-06-09,18:30,KT,키움,수원,3,2,-
2023,2023-06-09,18:30,두산,KIA,잠실,3,7,-
2023,2023-06-09,18:30,NC,SSG,창원,5,2,-
2023,2023-06-09,18:30,한화,LG,한밭,6,5,-
2023,2023-06-10,17:00,삼성,롯데,대구,9,7,-
2023,2023-06-10,17:00,KT,키움,수원,2,5,-
2023,2023-06-10,17:00,두산,KIA,잠실,3,6,-
2023,2023-06-10,17:00,NC,SSG,창원,7,0,-
2023,2023-06-10,17:00,한화,LG,한밭,7,0,-
2023,2023-06-11,17:00,삼성,롯데,대구,6,4,-
2023,2023-06-11,17:00,KT,키움,수원,5,14,-
2023,2023-06-11,17:00,두산,KIA,잠실,3,2,-
2023,2023-06-11,17:00,NC,SSG,창원,8,4,-
2023,2023-06-11,17:00,한화,LG,한밭,7,13,-
2023,2023-06-13,18:30,키움,KIA,고척,1,0,-
2023,2023-06-13,18:30,SSG,KT,문학,8,1,-
2023,2023-06-13,18:30,롯데,한화,사직,7,5,-
2023,2023-06-13,18:30,LG,삼성,잠실,2,1,-
2023,2023-06-13,18:30,NC,두산,창원,4,11,-
2023,2023-06-14,18:30,키움,KIA,고척,2,1,-
2023,2023-06-14,18:30,SSG,KT,문학,4,14,-
2023,2023-06-14,18:30,롯데,한화,사직,4,8,-
2023,2023-06-14,18:30,LG,삼성,잠실,3,2,-
2023,2023-06-14,18:30,NC,두산,창원,5,4,-
2023,2023-06-15,18:30,키움,KIA,고척,4,8,-
2023,2023-06-15,18:30,SSG,KT,문학,3,7,-
2023,2023-06-15,18:30,롯데,한화,사직,4,5,-
2023,2023-06-15,18:30,LG,삼성,잠실,9,3,-
2023,2023-06-15,18:30,NC,두산,창원,10,3,-
2023,2023-06-16,18:30,KIA,NC,광주,13,11,-
2023,2023-06-16,18:30,SSG,롯데,문학,12,1,-
2023,2023-06-16,18:30,KT,삼성,수원,7,6,-
2023,2023-06-16,18:30,LG,두산,잠실,7,4,-
2023,2023-06-16,18:30,한화,키움,한밭,2,2,-
2023,2023-06-17,17:00,KIA,NC,광주,7,10,-
2023,2023-06-17,17:00,SSG,롯데,문학,8,5,-
2023,2023-06-17,17:00,KT,삼성,수원,6,5,-
2023,2023-06-17,17:00,LG,두산,잠실,4,7,-
2023,2023-06-17,17:00,한화,키움,한밭,6,9,-
2023,2023-06-18,17:00,KIA,NC,광주,7,7,-
2023,2023-06-18,17:00,SSG,롯데,문학,2,7,-
2023,2023-06-18,17:00,KT,삼성,수원,5,7,-
2023,2023-06-18,17:00,LG,두산,잠실,15,3,-
2023,2023-06-18,17:00,한화,키움,한밭,5,6,-
2023,2023-06-20,18:30,삼성,키움,대구,2,7,-
2023,2023-06-20,18:30,KT,롯데,수원,5,2,-
2023,2023-06-20,18:30,두산,SSG,잠실,1,6,-
2023,2023-06-20,18:30,NC,LG,창원,8,4,-
2023,2023-06-20,18:30,한화,KIA,한밭,4,6,-
2023,2023-06-21,18:30,삼성,키움,대구,0,2,-
2023,2023-06-21,18:30,KT,롯데,수원,8,2,-
2023,2023-06-21,18:30,두산,SSG,잠실,1,3,-
2023,2023-06-21,18:30,NC,LG,창원,3,9,-
2023,2023-06-21,18:30,한화,KIA,한밭,7,4,-
2023,2023-06-22,18:30,삼성,키움,대구,1,2,-
2023,2023-06-22,18:30,KT,롯데,수원,4,2,-
2023,2023-06-22,18:30,두산,SSG,잠실,3,5,-
2023,2023-06-22,18:30,NC,LG,창원,3,4,-
2023,2023-06-22,18:30,한화,KIA,한밭,1,0,-
2023,2023-06-23,18:30,키움,두산,고척,1,2,-
2023,2023-06-23,18:30,KIA,KT,광주,3,10,-
2023,2023-06-23,18:30,SSG,삼성,문학,6,0,-
2023,2023-06-23,18:30,LG,롯데,잠실,1,2,-
2023,2023-06-23,18:30,NC,한화,창원,2,6,-
2023,2023-06-24,17:00,키움,두산,고척,4,2,-
2023,2023-06-24,17:00,KIA,KT,광주,4,1,-
2023,2023-06-24,17:00,SSG,삼성,문학,13,10,-
2023,2023-06-24,17:00,LG,롯데,잠실,9,1,-
2023,2023-06-24,17:00,NC,한화,창원,1,7,-
2023,2023-06-25,14:00,키움,두산,고척,2,17,-
2023,2023-06-25,17:00,KIA,KT,광주,,,우천취소
2023,2023-06-25,17:00,SSG,삼성,문학,2,5,-
2023,2023-06-25,17:00,LG,롯데,잠실,7,3,-
2023,2023-06-25,17:00,NC,한화,창원,,,우천취소
2023,2023-06-27,18:30,KIA,키움,광주,1,8,-
2023,2023-06-27,18:30,SSG,LG,문학,0,14,-
2023,2023-06-27,18:30,롯데,삼성,사직,5,3,-
2023,2023-06-27,18:30,두산,NC,잠실,3,2,-
2023,2023-06-27,18:30,한화,KT,한밭,4,1,-
2023,2023-06-28,18:30,KIA,키움,광주,5,7,-
2023,2023-06-28,18:30,SSG,LG,문학,6,8,-
2023,2023-06-28,18:30,롯데,삼성,사직,9,6,-
2023,2023-06-28,18:30,두산,NC,잠실,1,4,-
2023,2023-06-28,18:30,한화,KT,한밭,6,4,-
2023,2023-06-29,18:30,KIA,키움,광주,,,우천취소
2023,2023-06-29,18:30,SSG,LG,문학,,,그라운드사정
2023,2023-06-29,18:30,롯데,삼성,사직,,,우천취소
2023,2023-06-29,18:30,두산,NC,잠실,,,우천취소
2023,2023-06-29,18:30,한화,KT,한밭,,,그라운드사정
2023,2023-06-30,18:30,키움,SSG,고척,3,7,-
2023,2023-06-30,18:30,삼성,한화,대구,1,6,-
2023,2023-06-30,18:30,KT,NC,수원,3,2,-
2023,2023-06-30,18:30,롯데,두산,울산,1,0,-
2023,2023-06-30,18:30,LG,KIA,잠실,5,4,-
2023,2023-07-01,18:00,키움,SSG,고척,6,3,-
2023,2023-07-01,18:00,삼성,한화,대구,4,10,-
2023,2023-07-01,18:00,KT,NC,수원,7,6,-
2023,2023-07-01,18:00,롯데,두산,울산,1,2,-
2023,2023-07-01,18:00,LG,KIA,잠실,3,5,-
2023,2023-07-02,14:00,키움,SSG,고척,5,9,-
2023,2023-07-02,17:00,삼성,한화,대구,2,1,-
2023,2023-07-02,17:00,KT,NC,수원,5,0,-
2023,2023-07-02,17:00,롯데,두산,울산,2,4,-
2023,2023-07-02,17:00,LG,KIA,잠실,3,1,-
2023,2023-07-04,18:30,키움,NC,고척,8,4,-
2023,2023-07-04,18:30,SSG,KIA,문학,,,우천취소
2023,2023-07-04,18:30,LG,KT,잠실,,,우천취소
2023,2023-07-04,18:30,삼성,두산,포항,3,5,-
2023,2023-07-04,18:30,한화,롯데,한밭,,,우천취소
2023,2023-07-05,18:30,키움,NC,고척,2,0,-
2023,2023-07-05,18:30,SSG,KIA,문학,3,17,-
2023,2023-07-05,18:30,LG,KT,잠실,4,8,-
2023,2023-07-05,18:30,삼성,두산,포항,4,7,-
2023,2023-07-05,18:30,한화,롯데,한밭,5,3,-
2023,2023-07-06,18:30,키움,NC,고척,4,5,-
2023,2023-07-06,18:30,SSG,KIA,문학,6,7,-
2023,2023-07-06,18:30,LG,KT,잠실,8,7,-
2023,2023-07-06,18:30,삼성,두산,포항,1,5,-
2023,2023-07-06,18:30,한화,롯데,한밭,3,4,-
2023,2023-07-07,18:30,롯데,LG,사직,,,우천취소
2023,2023-07-07,18:30,KT,KIA,수원,2,6,-
2023,2023-07-07,18:30,두산,키움,잠실,10,0,-
2023,2023-07-07,18:30,NC,삼성,창원,,,우천취소
2023,2023-07-07,18:30,한화,SSG,한밭,,,우천취소
2023,2023-07-08,18:00,롯데,LG,사직,3,12,-
2023,2023-07-08,18:00,KT,KIA,수원,0,7,-
2023,2023-07-08,18:00,두산,키움,잠실,5,2,-
2023,2023-07-08,18:00,NC,삼성,창원,0,8,-
2023,2023-07-08,18:00,한화,SSG,한밭,7,9,-
2023,2023-07-09,17:00,롯데,LG,사직,7,4,-
2023,2023-07-09,17:00,KT,KIA,수원,1,5,-
2023,2023-07-09,17:00,두산,키움,잠실,9,2,-
2023,2023-07-09,17:00,NC,삼성,창원,0,7,-
2023,2023-07-09,17:00,한화,SSG,한밭,7,0,-
2023,2023-07-11,18:30,키움,KT,고척,2,4,-
2023,2023-07-11,18:30,KIA,삼성,광주,,,우천취소
2023,2023-07-11,18:30,SSG,두산,문학,,,우천취소
2023,2023-07-11,18:30,LG,한화,잠실,,,우천취소
2023,2023-07-11,18:30,NC,롯데,창원,,,그라운드사정
2023,2023-07-12,18:30,키움,KT,고척,3,4,-
2023,2023-07-12,18:30,KIA,삼성,광주,3,2,-
2023,2023-07-12,18:30,SSG,두산,문학,1,4,-
2023,2023-07-12,18:30,LG,한화,잠실,1,2,-
2023,2023-07-12,18:30,NC,롯데,창원,11,2,-
2023,2023-07-13,18:30,키움,KT,고척,0,9,-
2023,2023-07-13,18:30,KIA,삼성,광주,1,4,-
2023,2023-07-13,18:30,SSG,두산,문학,,,우천취소
2023,2023-07-13,18:30,LG,한화,잠실,,,우천취소
2023,2023-07-13,18:30,NC,롯데,창원,13,3,-
2023,2023-07-21,18:30,KIA,두산,광주,2,5,-
2023,2023-07-21,18:30,삼성,KT,대구,2,7,-
2023,2023-07-21,18:30,롯데,키움,사직,2,0,-
2023,2023-07-21,18:30,LG,SSG,잠실,4,6,-
2023,2023-07-21,18:30,한화,NC,한밭,3,9,-
2023,2023-07-22,18:00,KIA,두산,광주,,,우천취소
2023,2023-07-22,18:00,삼성,KT,대구,5,2,-
2023,2023-07-22,18:00,롯데,키움,사직,3,5,-
2023,2023-07-22,18:00,LG,SSG,잠실,,,우천취소
2023,2023-07-22,18:00,한화,NC,한밭,5,7,-
2023,2023-07-23,17:00,KIA,두산,광주,,,우천취소
2023,2023-07-23,17:00,삼성,KT,대구,7,8,-
2023,2023-07-23,17:00,롯데,키움,사직,6,7,-
2023,2023-07-23,17:00,LG,SSG,잠실,,,우천취소
2023,2023-07-23,17:00,한화,NC,한밭,,,우천취소
2023,2023-07-25,18:30,키움,한화,고척,6,16,-
2023,2023-07-25,18:30,삼성,SSG,대구,5,1,-
2023,2023-07-25,18:30,KT,LG,수원,4,1,-
2023,2023-07-25,18:30,두산,롯데,잠실,8,5,-
2023,2023-07-25,18:30,NC,KIA,창원,5,3,-
2023,2023-07-26,18:30,키움,한화,고척,4,5,-
2023,2023-07-26,18:30,삼성,SSG,대구,7,8,-
2023,2023-07-26,18:30,KT,LG,수원,4,3,-
2023,2023-07-26,18:30,두산,롯데,잠실,2,7,-
2023,2023-07-26,18:30,NC,KIA,창원,3,13,-
2023,2023-07-27,18:30,키움,한화,고척,2,0,-
2023,2023-07-27,18:30,삼성,SSG,대구,6,5,-
2023,2023-07-27,18:30,KT,LG,수원,6,9,-
2023,2023-07-27,18:30,두산,롯데,잠실,1,9,-
2023,2023-07-27,18:30,NC,KIA,창원,4,0,-
2023,2023-07-28,18:30,키움,삼성,고척,5,5,-
2023,2023-07-28,18:30,KIA,롯데,광주,6,5,-
2023,2023-07-28,18:30,SSG,한화,문학,3,4,-
2023,2023-07-28,18:30,두산,LG,잠실,2,9,-
2023,2023-07-28,18:30,NC,KT,창원,2,10,-
2023,2023-07-29,18:00,키움,삼성,고척,2,7,-
2023,2023-07-29,18:00,KIA,롯데,광주,4,1,-
2023,2023-07-29,18:00,SSG,한화,문학,6,3,-
2023,2023-07-29,18:00,두산,LG,잠실,6,7,-
2023,2023-07-29,18:00,NC,KT,창원,2,8,-
2023,2023-07-30,14:00,키움,삼성,고척,6,10,-
2023,2023-07-30,17:00,KIA,롯데,광주,6,3,-
2023,2023-07-30,17:00,SSG,한화,문학,6,1,-
2023,2023-07-30,17:00,두산,LG,잠실,0,10,-
2023,2023-07-30,17:00,NC,KT,창원,2,5,-
2023,2023-08-01,18:30,롯데,NC,사직,3,6,-
2023,2023-08-01,18:30,KT,SSG,수원,8,0,-
2023,2023-08-01,18:30,LG,키움,잠실,4,2,-
2023,2023-08-01,18:30,삼성,KIA,포항,8,11,-
2023,2023-08-01,18:30,한화,두산,한밭,3,8,-
2023,2023-08-02,18:30,롯데,NC,사직,6,3,-
2023,2023-08-02,18:30,KT,SSG,수원,1,0,-
2023,2023-08-02,18:30,LG,키움,잠실,6,3,-
2023,2023-08-02,18:30,삼성,KIA,포항,7,6,-
2023,2023-08-02,18:30,한화,두산,한밭,1,4,-
2023,2023-08-03,18:30,롯데,NC,사직,1,8,-
2023,2023-08-03,18:30,KT,SSG,수원,3,1,-
2023,2023-08-03,18:30,LG,키움,잠실,5,4,-
2023,2023-08-03,18:30,삼성,KIA,포항,8,12,-
2023,2023-08-03,18:30,한화,두산,한밭,5,2,-
2023,2023-08-04,18:30,KIA,한화,광주,9,3,-
2023,2023-08-04,18:30,삼성,LG,대구,5,4,-
2023,2023-08-04,18:30,롯데,SSG,사직,1,4,-
2023,2023-08-04,18:30,두산,KT,잠실,3,4,-
2023,2023-08-04,18:30,NC,키움,창원,4,2,-
2023,2023-08-05,18:00,KIA,한화,광주,9,3,-
2023,2023-08-05,18:00,삼성,LG,대구,6,3,-
2023,2023-08-05,18:00,롯데,SSG,사직,6,9,-
2023,2023-08-05,18:00,두산,KT,잠실,7,4,-
2023,2023-08-05,18:00,NC,키움,창원,4,3,-
2023,2023-08-06,17:00,KIA,한화,광주,4,4,-
2023,2023-08-06,17:00,삼성,LG,대구,4,7,-
2023,2023-08-06,17:00,롯데,SSG,사직,1,0,-
2023,2023-08-06,17:00,두산,KT,잠실,1,3,-
2023,2023-08-06,17:00,NC,키움,창원,12,7,-
2023,2023-08-08,18:30,키움,롯데,고척,1,3,-
2023,2023-08-08,18:30,KIA,LG,광주,,,우천취소
2023,2023-08-08,18:30,SSG,NC,문학,0,2,-
2023,2023-08-08,18:30,KT,한화,수원,7,2,-
2023,2023-08-08,18:30,두산,삼성,잠실,5,3,-
2023,2023-08-09,18:30,키움,롯데,고척,10,8,-
2023,2023-08-09,18:30,KIA,LG,광주,2,6,-
2023,2023-08-09,18:30,SSG,NC,문학,2,1,-
2023,2023-08-09,18:30,KT,한화,수원,12,6,-
2023,2023-08-09,18:30,두산,삼성,잠실,4,6,-
2023,2023-08-10,18:30,키움,롯데,고척,8,12,-
2023,2023-08-10,18:30,KIA,LG,광주,,,그라운드사정
2023,2023-08-10,18:30,SSG,NC,문학,,,우천취소
2023,2023-08-10,18:30,KT,한화,수원,,,우천취소
2023,2023-08-10,18:30,두산,삼성,잠실,,,우천취소
2023,2023-08-11,18:30,SSG,삼성,문학,4,5,-
2023,2023-08-11,18:30,롯데,KIA,사직,7,1,-
2023,2023-08-11,18:30,KT,NC,수원,3,7,-
2023,2023-08-11,18:30,LG,키움,잠실,5,3,-
2023,2023-08-11,18:30,한화,두산,한밭,4,11,-
2023,2023-08-12,18:00,SSG,삼성,문학,3,2,-
2023,2023-08-12,18:00,롯데,KIA,사직,5,13,-
2023,2023-08-12,18:00,KT,NC,수원,4,3,-
2023,2023-08-12,18:00,LG,키움,잠실,8,4,-
2023,2023-08-12,18:00,한화,두산,한밭,6,1,-
2023,2023-08-13,17:00,SSG,삼성,문학,4,0,-
2023,2023-08-13,17:00,롯데,KIA,사직,6,1,-
2023,2023-08-13,17:00,KT,NC,수원,4,0,-
2023,2023-08-13,17:00,LG,키움,잠실,17,8,-
2023,2023-08-13,17:00,한화,두산,한밭,8,3,-
2023,2023-08-15,17:00,KIA,키움,광주,6,9,-
2023,2023-08-15,17:00,삼성,LG,대구,6,5,-
2023,2023-08-15,17:00,롯데,SSG,사직,10,6,-
2023,2023-08-15,17:00,두산,KT,잠실,0,1,-
2023,2023-08-15,17:00,NC,한화,창원,3,3,-
2023,2023-08-16,18:30,KIA,키움,광주,11,3,-
2023,2023-08-16,18:30,삼성,LG,대구,3,6,-
2023,2023-08-16,18:30,롯데,SSG,사직,7,4,-
2023,2023-08-16,18:30,두산,KT,잠실,2,5,-
2023,2023-08-16,18:30,NC,한화,창원,3,4,-
2023,2023-08-17,18:30,KIA,키움,광주,8,4,-
2023,2023-08-17,18:30,삼성,LG,대구,4,2,-
2023,2023-08-17,18:30,롯데,SSG,사직,15,4,-
2023,2023-08-17,18:30,두산,KT,잠실,8,9,-
2023,2023-08-17,18:30,NC,한화,창원,10,9,-
2023,2023-08-18,18:30,키움,롯데,고척,5,4,-
2023,2023-08-18,18:30,삼성,KIA,대구,12,2,-
2023,2023-08-18,18:30,SSG,LG,문학,4,8,-
2023,2023-08-18,18:30,두산,NC,잠실,,,우천취소
2023,2023-08-18,18:30,한화,KT,한밭,11,6,-
2023,2023-08-19,14:00,키움,롯데,고척,5,2,-
2023,2023-08-19,18:00,삼성,KIA,대구,5,6,-
2023,2023-08-19,18:00,SSG,LG,문학,2,11,-
2023,2023-08-19,18:00,두산,NC,잠실,4,1,-
2023,2023-08-19,18:00,한화,KT,한밭,4,5,-
2023,2023-08-20,14:00,키움,롯데,고척,7,6,-
2023,2023-08-20,17:00,삼성,KIA,대구,6,4,-
2023,2023-08-20,17:00,SSG,LG,문학,2,1,-
2023,2023-08-20,17:00,두산,NC,잠실,5,12,-
2023,2023-08-20,17:00,한화,KT,한밭,0,3,-
2023,2023-08-22,18:30,키움,두산,고척,1,6,-
2023,2023-08-22,18:30,SSG,NC,문학,,,그라운드사정
2023,2023-08-22,18:30,KT,KIA,수원,8,4,-
2023,2023-08-22,18:30,LG,롯데,잠실,,,우천취소
2023,2023-08-22,18:30,한화,삼성,한밭,3,5,-
2023,2023-08-23,18:30,키움,두산,고척,4,11,-
2023,2023-08-23,18:30,SSG,NC,문학,,,그라운드사정
2023,2023-08-23,18:30,KT,KIA,수원,,,우천취소
2023,2023-08-23,18:30,LG,롯데,잠실,,,우천취소
2023,2023-08-23,18:30,한화,삼성,한밭,,,우천취소
2023,2023-08-24,18:30,키움,두산,고척,6,8,-
2023,2023-08-24,18:30,SSG,NC,문학,7,4,-
2023,2023-08-24,18:30,KT,KIA,수원,3,7,-
2023,2023-08-24,18:30,LG,롯데,잠실,3,1,-
2023,2023-08-24,18:30,한화,삼성,한밭,,,우천취소
2023,2023-08-25,18:30,KIA,한화,광주,4,1,-
2023,2023-08-25,18:30,삼성,키움,대구,4,7,-
2023,2023-08-25,18:30,롯데,KT,사직,1,3,-
2023,2023-08-25,18:30,두산,SSG,잠실,10,1,-
2023,2023-08-25,18:30,NC,LG,창원,14,1,-
2023,2023-08-26,18:00,KIA,한화,광주,12,4,-
2023,2023-08-26,18:00,삼성,키움,대구,6,5,-
2023,2023-08-26,18:00,롯데,KT,사직,6,8,-
2023,2023-08-26,18:00,두산,SSG,잠실,5,7,-
2023,2023-08-26,18:00,NC,LG,창원,7,5,-
2023,2023-08-27,17:00,KIA,한화,광주,5,2,-
2023,2023-08-27,17:00,삼성,키움,대구,8,6,-
2023,2023-08-27,17:00,롯데,KT,사직,1,2,-
2023,2023-08-27,17:00,두산,SSG,잠실,5,8,-
2023,2023-08-27,17:00,NC,LG,창원,5,3,-
2023,2023-08-29,18:30,KIA,NC,광주,,,우천취소
2023,2023-08-29,18:30,SSG,키움,문학,,,우천취소
2023,2023-08-29,18:30,KT,삼성,수원,,,우천취소
2023,2023-08-29,18:30,LG,두산,잠실,,,우천취소
2023,2023-08-29,18:30,한화,롯데,한밭,,,우천취소
2023,2023-08-30,18:30,KIA,NC,광주,,,우천취소
2023,2023-08-30,18:30,SSG,키움,문학,11,7,-
2023,2023-08-30,18:30,KT,삼성,수원,,,우천취소
2023,2023-08-30,18:30,LG,두산,잠실,,,우천취소
2023,2023-08-30,18:30,한화,롯데,한밭,,,우천취소
2023,2023-08-31,18:30,KIA,NC,광주,13,3,-
2023,2023-08-31,18:30,SSG,키움,문학,3,8,-
2023,2023-08-31,18:30,KT,삼성,수원,6,4,-
2023,2023-08-31,18:30,LG,두산,잠실,3,2,-
2023,2023-08-31,18:30,한화,롯데,한밭,2,5,-
2023,2023-09-01,18:30,키움,KT,고척,6,2,-
2023,2023-09-01,18:30,삼성,NC,대구,0,10,-
2023,2023-09-01,18:30,SSG,KIA,문학,2,10,-
2023,2023-09-01,18:30,롯데,두산,사직,,,우천취소
2023,2023-09-01,18:30,LG,한화,잠실,10,0,-
2023,2023-09-02,17:00,키움,KT,고척,3,0,-
2023,2023-09-02,17:00,삼성,NC,대구,1,5,-
2023,2023-09-02,17:00,SSG,KIA,문학,4,12,-
2023,2023-09-02,17:00,롯데,두산,사직,,,우천취소
2023,2023-09-02,14:00,LG,한화,잠실,3,5,-
2023,2023-09-03,14:00,키움,KT,고척,7,0,-
2023,2023-09-03,14:00,삼성,NC,대구,6,1,-
2023,2023-09-03,14:00,SSG,KIA,문학,6,8,-
2023,2023-09-03,14:00,롯데,두산,사직,0,2,-
2023,2023-09-03,14:00,LG,한화,잠실,3,5,-
2023,2023-09-04,18:30,롯데,두산,사직,4,3,-
2023,2023-09-05,18:30,KT,LG,수원,4,5,-
2023,2023-09-05,18:30,롯데,삼성,울산,10,3,-
2023,2023-09-05,18:30,두산,KIA,잠실,,,우천취소
2023,2023-09-05,18:30,NC,키움,창원,2,1,-
2023,2023-09-05,18:30,한화,SSG,한밭,6,11,-
2023,2023-09-06,18:30,KT,LG,수원,4,3,-
2023,2023-09-06,18:30,롯데,삼성,울산,2,7,-
2023,2023-09-06,18:30,두산,KIA,잠실,1,7,-
2023,2023-09-06,18:30,NC,키움,창원,8,2,-
2023,2023-09-06,18:30,한화,SSG,한밭,6,5,-
2023,2023-09-07,18:30,KT,LG,수원,4,11,-
2023,2023-09-07,18:30,롯데,삼성,울산,2,1,-
2023,2023-09-07,18:30,두산,KIA,잠실,3,0,-
2023,2023-09-07,18:30,NC,키움,창원,6,1,-
2023,2023-09-07,18:30,한화,SSG,한밭,4,3,-
2023,2023-09-08,18:30,키움,한화,고척,5,6,-
2023,2023-09-08,18:30,KIA,LG,광주,2,12,-
2023,2023-09-08,18:30,KT,SSG,수원,16,7,-
2023,2023-09-08,18:30,두산,삼성,잠실,8,7,-
2023,2023-09-08,18:30,NC,롯데,창원,4,3,-
2023,2023-09-09,14:00,키움,한화,고척,2,11,-
2023,2023-09-09,17:00,키움,한화,고척,1,3,-
2023,2023-09-09,14:00,KIA,LG,광주,7,6,-
2023,2023-09-09,17:00,KIA,LG,광주,12,7,-
2023,2023-09-09,17:00,KT,SSG,수원,8,8,-
2023,2023-09-09,14:00,두산,삼성,잠실,1,5,-
2023,2023-09-09,17:00,두산,삼성,잠실,4,0,-
2023,2023-09-09,14:00,NC,롯데,창원,2,5,-
2023,2023-09-09,17:00,NC,롯데,창원,6,5,-
2023,2023-09-10,14:00,키움,한화,고척,8,9,-
2023,2023-09-10,14:00,KIA,LG,광주,8,7,-
2023,2023-09-10,14:00,KT,SSG,수원,5,6,-
2023,2023-09-10,14:00,두산,삼성,잠실,8,2,-
2023,2023-09-10,14:00,NC,롯데,창원,3,1,-
2023,2023-09-12,18:30,삼성,KIA,대구,10,9,-
2023,2023-09-12,18:30,SSG,KT,문학,0,3,-
2023,2023-09-12,18:30,롯데,NC,사직,3,4,-
2023,2023-09-12,18:30,두산,한화,잠실,8,3,-
2023,2023-09-13,18:30,KIA,롯데,광주,1,3,-
2023,2023-09-13,18:30,두산,SSG,잠실,,,우천취소
2023,2023-09-13,18:30,NC,KT,창원,2,6,-
2023,2023-09-14,18:30,KIA,롯데,광주,,,우천취소
2023,2023-09-14,18:30,삼성,KT,대구,10,4,-
2023,2023-09-14,18:30,두산,SSG,잠실,3,2,-
2023,2023-09-14,18:30,NC,LG,창원,,,우천취소
2023,2023-09-15,18:30,KIA,두산,광주,6,8,-
2023,2023-09-15,18:30,롯데,키움,사직,5,4,-
2023,2023-09-15,18:30,NC,삼성,창원,8,1,-
2023,2023-09-15,18:30,한화,LG,한밭,3,4,-
2023,2023-09-16,17:00,KIA,두산,광주,,,우천취소
2023,2023-09-16,17:00,롯데,키움,사직,,,우천취소
2023,2023-09-16,17:00,LG,SSG,잠실,10,4,-
2023,2023-09-16,17:00,NC,삼성,창원,,,우천취소
2023,2023-09-16,17:00,한화,KT,한밭,,,우천취소
2023,2023-09-17,14:00,KIA,두산,광주,3,8,-
2023,2023-09-17,14:00,삼성,롯데,대구,4,7,-
2023,2023-09-17,14:00,LG,SSG,잠실,8,3,-
2023,2023-09-17,17:00,LG,SSG,잠실,9,5,-
2023,2023-09-17,14:00,한화,KT,한밭,0,7,-
2023,2023-09-17,17:00,한화,KT,한밭,1,3,-
2023,2023-09-18,18:30,KIA,두산,광주,4,8,-
2023,2023-09-18,18:30,한화,KT,한밭,6,2,-
2023,2023-09-19,18:30,KIA,LG,광주,3,4,-
2023,2023-09-19,18:30,롯데,키움,사직,3,6,-
2023,2023-09-19,18:30,KT,삼성,수원,7,1,-
2023,2023-09-19,18:30,두산,NC,잠실,1,2,-
2023,2023-09-19,18:30,한화,SSG,한밭,3,5,-
2023,2023-09-20,18:30,KIA,키움,광주,,,우천취소
2023,2023-09-20,18:30,삼성,SSG,대구,,,우천취소
2023,2023-09-20,18:30,KT,LG,수원,,,우천취소
2023,2023-09-20,18:30,두산,NC,잠실,,,우천취소
2023,2023-09-20,18:30,한화,롯데,한밭,,,우천취소
2023,2023-09-21,18:30,키움,NC,고척,5,1,-
2023,2023-09-21,18:30,삼성,두산,대구,1,5,-
2023,2023-09-21,18:30,SSG,LG,문학,1,2,-
2023,2023-09-21,18:30,KT,롯데,수원,5,0,-
2023,2023-09-21,18:30,한화,KIA,한밭,14,8,-
2023,2023-09-22,18:30,KIA,KT,광주,2,1,-
2023,2023-09-22,18:30,삼성,두산,대구,1,3,-
2023,2023-09-22,18:30,SSG,롯데,문학,2,5,-
2023,2023-09-22,18:30,LG,NC,잠실,4,5,-
2023,2023-09-22,18:30,한화,키움,한밭,6,11,-
2023,2023-09-23,17:00,KIA,KT,광주,1,4,-
2023,2023-09-23,17:00,SSG,롯데,문학,4,2,-
2023,2023-09-23,17:00,LG,한화,잠실,3,1,-
2023,2023-09-23,17:00,NC,두산,창원,1,3,-
2023,2023-09-24,14:00,KIA,KT,광주,2,3,-
2023,2023-09-24,14:00,SSG,롯데,문학,1,8,-
2023,2023-09-24,14:00,LG,한화,잠실,5,1,-
2023,2023-09-24,14:00,NC,두산,창원,6,5,-
2023,2023-09-26,18:30,SSG,두산,문학,,,우천취소
2023,2023-09-26,18:30,LG,KT,잠실,,,우천취소
2023,2023-09-26,18:30,NC,KIA,창원,4,6,-
2023,2023-09-26,18:30,한화,삼성,한밭,,,우천취소
2023,2023-09-27,15:00,SSG,두산,문학,7,7,-
2023,2023-09-27,18:30,SSG,두산,문학,6,3,-
2023,2023-09-27,15:00,LG,KT,잠실,4,0,-
2023,2023-09-27,18:30,LG,KT,잠실,3,0,-
2023,2023-09-27,15:00,NC,KIA,창원,7,0,-
2023,2023-09-27,18:30,NC,KIA,창원,1,6,-
2023,2023-09-27,15:00,한화,삼성,한밭,3,11,-
2023,2023-09-27,18:30,한화,삼성,한밭,4,0,-
2023,2023-09-28,17:00,키움,SSG,고척,4,2,-
2023,2023-09-28,17:00,롯데,한화,사직,3,0,-
2023,2023-09-28,17:00,LG,삼성,잠실,1,11,-
2023,2023-09-28,17:00,NC,KIA,창원,18,3,-
2023,2023-09-29,14:00,키움,KIA,고척,5,13,-
2023,2023-09-29,14:00,롯데,한화,사직,9,1,-
2023,2023-09-29,14:00,두산,LG,잠실,4,3,-
2023,2023-09-30,14:00,삼성,NC,대구,3,1,-
2023,2023-09-30,14:00,SSG,KIA,문학,4,3,-
2023,2023-09-30,14:00,두산,LG,잠실,3,1,-
2023,2023-10-01,14:00,SSG,KIA,문학,6,5,-
2023,2023-10-01,14:00,롯데,삼성,사직,8,5,-
2023,2023-10-01,14:00,KT,키움,수원,6,3,-
2023,2023-10-01,14:00,두산,LG,잠실,4,7,-
2023,2023-10-01,14:00,한화,NC,한밭,4,3,-
2023,2023-10-02,14:00,롯데,삼성,사직,8,9,-
2023,2023-10-02,17:00,롯데,삼성,사직,6,8,-
2023,2023-10-02,14:00,KT,LG,수원,4,5,-
2023,2023-10-02,14:00,두산,키움,잠실,7,2,-
2023,2023-10-02,14:00,한화,NC,한밭,10,0,-
2023,2023-10-03,14:00,SSG,NC,문학,9,7,-
2023,2023-10-03,14:00,롯데,삼성,사직,10,4,-
2023,2023-10-03,14:00,KT,KIA,수원,1,3,-
2023,2023-10-03,14:00,두산,키움,잠실,5,6,-
2023,2023-10-04,18:30,삼성,한화,대구,7,11,-
2023,2023-10-04,18:30,SSG,NC,문학,10,5,-
2023,2023-10-04,18:30,롯데,LG,사직,6,7,-
2023,2023-10-04,15:00,KT,KIA,수원,2,10,-
2023,2023-10-04,18:30,KT,KIA,수원,3,2,-
2023,2023-10-05,18:30,삼성,한화,대구,3,1,-
2023,2023-10-05,18:30,SSG,NC,문학,4,3,-
2023,2023-10-05,18:30,롯데,LG,사직,3,5,-
2023,2023-10-05,18:30,KT,KIA,수원,5,3,-
2023,2023-10-06,18:30,SSG,한화,문학,7,2,-
2023,2023-10-06,18:30,KT,삼성,수원,2,6,-
2023,2023-10-06,18:30,LG,KIA,잠실,2,3,-
2023,2023-10-07,17:00,키움,LG,고척,7,1,-
2023,2023-10-07,17:00,KT,한화,수원,17,0,-
2023,2023-10-07,17:00,두산,롯데,잠실,3,6,-
2023,2023-10-07,17:00,NC,SSG,창원,3,2,-
2023,2023-10-08,14:00,KIA,삼성,광주,2,1,-
2023,2023-10-08,14:00,KT,한화,수원,9,2,-
2023,2023-10-08,14:00,두산,롯데,잠실,2,1,-
2023,2023-10-08,14:00,NC,SSG,창원,8,10,-
2023,2023-10-09,14:00,KIA,삼성,광주,3,1,-
2023,2023-10-09,14:00,LG,롯데,잠실,1,8,-
2023,2023-10-09,14:00,NC,한화,창원,11,6,-
2023,2023-10-10,18:30,키움,삼성,고척,5,3,-
2023,2023-10-10,18:30,KIA,SSG,광주,5,6,-
2023,2023-10-10,18:30,KT,두산,수원,5,4,-
2023,2023-10-10,18:30,LG,롯데,잠실,7,0,-
2023,2023-10-10,18:30,NC,한화,창원,2,0,-
2023,2023-10-11,18:30,KIA,키움,광주,11,0,-
2023,2023-10-11,18:30,롯데,두산,사직,14,3,-
2023,2023-10-12,18:30,KIA,롯데,광주,6,5,-
2023,2023-10-12,18:30,두산,NC,잠실,11,1,-
2023,2023-10-13,18:30,SSG,키움,문학,3,2,-
2023,2023-10-13,18:30,두산,KIA,잠실,3,1,-
2023,2023-10-13,18:30,NC,LG,창원,8,4,-
2023,2023-10-14,17:00,삼성,SSG,대구,5,3,-
2023,2023-10-14,17:00,LG,두산,잠실,2,3,-
2023,2023-10-14,17:00,한화,롯데,한밭,8,0,-
2023,2023-10-15,14:00,LG,두산,잠실,5,2,-
2023,2023-10-15,14:00,NC,삼성,창원,5,3,-
2023,2023-10-15,14:00,한화,롯데,한밭,7,4,-
2023,2023-10-16,18:30,KIA,NC,광주,4,2,-
2023,2023-10-16,18:30,두산,SSG,잠실,2,3,-
2023,2023-10-16,18:30,한화,롯데,한밭,2,7,-
2023,2023-10-17,18:30,KIA,NC,광주,7,1,-
2023,2023-10-17,18:30,SSG,두산,문학,5,0,-
2024,2024-03-23,14:00,KIA,키움,광주,7,5,-
2024,2024-03-23,14:00,SSG,롯데,문학,5,3,-
2024,2024-03-23,14:00,KT,삼성,수원,2,6,-
2024,2024-03-23,14:00,LG,한화,잠실,8,2,-
2024,2024-03-23,14:00,NC,두산,창원,4,3,-
2024,2024-03-24,14:00,KIA,키움,광주,,,우천취소
2024,2024-03-24,14:00,SSG,롯데,문학,7,6,-
2024,2024-03-24,14:00,KT,삼성,수원,8,11,-
2024,2024-03-24,14:00,LG,한화,잠실,4,8,-
2024,2024-03-24,14:00,NC,두산,창원,3,6,-
2024,2024-03-26,18:30,KIA,롯데,광주,2,1,-
2024,2024-03-26,18:30,SSG,한화,문학,0,6,-
2024,2024-03-26,18:30,KT,두산,수원,5,8,-
2024,2024-03-26,18:30,LG,삼성,잠실,4,3,-
2024,2024-03-26,18:30,NC,키움,창원,10,5,-
2024,2024-03-27,18:30,KIA,롯데,광주,8,2,-
2024,2024-03-27,18:30,SSG,한화,문학,1,3,-
2024,2024-03-27,18:30,KT,두산,수원,8,11,-
2024,2024-03-27,18:30,LG,삼성,잠실,2,2,-
2024,2024-03-27,18:30,NC,키움,창원,6,2,-
2024,2024-03-28,18:30,KIA,롯데,광주,,,우천취소
2024,2024-03-28,18:30,SSG,한화,문학,6,10,-
2024,2024-03-28,18:30,KT,두산,수원,8,7,-
2024,2024-03-28,18:30,LG,삼성,잠실,18,1,-
2024,2024-03-28,18:30,NC,키움,창원,,,우천취소
2024,2024-03-29,18:30,키움,LG,고척,0,3,-
2024,2024-03-29,18:30,삼성,SSG,대구,4,6,-
2024,2024-03-29,18:30,롯데,NC,사직,3,1,-
2024,2024-03-29,18:30,두산,KIA,잠실,2,4,-
2024,2024-03-29,18:30,한화,KT,한밭,3,2,-
2024,2024-03-30,17:00,키움,LG,고척,8,3,-
2024,2024-03-30,17:00,삼성,SSG,대구,6,9,-
2024,2024-03-30,17:00,롯데,NC,사직,0,8,-
2024,2024-03-30,17:00,두산,KIA,잠실,8,0,-
2024,2024-03-30,14:00,한화,KT,한밭,8,5,-
2024,2024-03-31,14:00,키움,LG,고척,8,4,-
2024,2024-03-31,14:00,삼성,SSG,대구,3,4,-
2024,2024-03-31,14:00,롯데,NC,사직,7,8,-
2024,2024-03-31,14:00,두산,KIA,잠실,3,9,-
2024,2024-03-31,14:00,한화,KT,한밭,14,3,-
2024,2024-04-02,18:30,삼성,키움,대구,3,8,-
2024,2024-04-02,18:30,SSG,두산,문학,13,6,-
2024,2024-04-02,18:30,KT,KIA,수원,10,6,-
2024,2024-04-02,18:30,LG,NC,잠실,5,7,-
2024,2024-04-02,18:30,한화,롯데,한밭,0,1,-
2024,2024-04-03,18:30,삼성,키움,대구,,,우천취소
2024,2024-04-03,18:30,SSG,두산,문학,5,3,-
2024,2024-04-03,18:30,KT,KIA,수원,1,5,-
2024,2024-04-03,18:30,LG,NC,잠실,5,0,-
2024,2024-04-03,18:30,한화,롯데,한밭,,,우천취소
2024,2024-04-04,18:30,삼성,키움,대구,1,10,-
2024,2024-04-04,18:30,SSG,두산,문학,3,2,-
2024,2024-04-04,18:30,KT,KIA,수원,3,6,-
2024,2024-04-04,18:30,LG,NC,잠실,8,7,-
2024,2024-04-04,18:30,한화,롯데,한밭,6,5,-
2024,2024-04-05,18:30,키움,한화,고척,11,7,-
2024,2024-04-05,18:30,KIA,삼성,광주,5,2,-
2024,2024-04-05,18:30,롯데,두산,사직,3,4,-
2024,2024-04-05,18:30,LG,KT,잠실,7,8,-
2024,2024-04-05,18:30,NC,SSG,창원,5,0,-
2024,2024-04-06,17:00,키움,한화,고척,7,6,-
2024,2024-04-06,17:00,KIA,삼성,광주,4,7,-
2024,2024-04-06,17:00,롯데,두산,사직,8,1,-
2024,2024-04-06,17:00,LG,KT,잠실,8,4,-
2024,2024-04-06,17:00,NC,SSG,창원,16,3,-
2024,2024-04-07,14:00,키움,한화,고척,4,3,-
2024,2024-04-07,14:00,KIA,삼성,광주,3,7,-
2024,2024-04-07,14:00,롯데,두산,사직,7,6,-
2024,2024-04-07,14:00,LG,KT,잠실,16,7,-
2024,2024-04-07,14:00,NC,SSG,창원,10,1,-
2024,2024-04-09,18:30,KIA,LG,광주,7,2,-
2024,2024-04-09,18:30,SSG,키움,문학,8,5,-
2024,2024-04-09,18:30,롯데,삼성,사직,1,8,-
2024,2024-04-09,18:30,두산,한화,잠실,5,3,-
2024,2024-04-09,18:30,NC,KT,창원,1,6,-
2024,2024-04-10,14:00,KIA,LG,광주,5,4,-
2024,2024-04-10,14:00,SSG,키움,문학,8,4,-
2024,2024-04-10,14:00,롯데,삼성,사직,7,10,-
2024,2024-04-10,14:00,두산,한화,잠실,7,4,-
2024,2024-04-10,14:00,NC,KT,창원,3,2,-
2024,2024-04-11,18:30,KIA,LG,광주,8,4,-
2024,2024-04-11,18:30,SSG,키움,문학,2,5,-
2024,2024-04-11,18:30,롯데,삼성,사직,0,4,-
2024,2024-04-11,18:30,두산,한화,잠실,0,3,-
2024,2024-04-11,18:30,NC,KT,창원,8,7,-
2024,2024-04-12,18:30,키움,롯데,고척,9,4,-
2024,2024-04-12,18:30,삼성,NC,대구,3,8,-
2024,2024-04-12,18:30,KT,SSG,수원,8,3,-
2024,2024-04-12,18:30,두산,LG,잠실,1,2,-
2024,2024-04-12,18:30,한화,KIA,한밭,4,8,-
2024,2024-04-13,17:00,키움,롯데,고척,8,1,-
2024,2024-04-13,17:00,삼성,NC,대구,3,4,-
2024,2024-04-13,17:00,KT,SSG,수원,8,11,-
2024,2024-04-13,17:00,두산,LG,잠실,5,2,-
2024,2024-04-13,14:00,한화,KIA,한밭,9,11,-
2024,2024-04-14,14:00,키움,롯데,고척,7,5,-
2024,2024-04-14,14:00,삼성,NC,대구,12,5,-
2024,2024-04-14,14:00,KT,SSG,수원,1,8,-
2024,2024-04-14,14:00,두산,LG,잠실,9,5,-
2024,2024-04-14,14:00,한화,KIA,한밭,2,5,-
2024,2024-04-16,18:30,키움,KT,고척,6,3,-
2024,2024-04-16,18:30,삼성,두산,대구,7,5,-
2024,2024-04-16,18:30,SSG,KIA,문학,6,4,-
2024,2024-04-16,18:30,LG,롯데,잠실,7,2,-
2024,2024-04-16,18:30,NC,한화,창원,4,7,-
2024,2024-04-17,18:30,키움,KT,고척,4,6,-
2024,2024-04-17,18:30,삼성,두산,대구,9,2,-
2024,2024-04-17,18:30,SSG,KIA,문학,3,11,-
2024,2024-04-17,18:30,LG,롯데,잠실,6,5,-
2024,2024-04-17,18:30,NC,한화,창원,4,3,-
2024,2024-04-18,18:30,키움,KT,고척,0,3,-
2024,2024-04-18,18:30,삼성,두산,대구,5,2,-
2024,2024-04-18,18:30,SSG,KIA,문학,7,5,-
2024,2024-04-18,18:30,LG,롯데,잠실,2,9,-
2024,2024-04-18,18:30,NC,한화,창원,,,미세먼지취소
2024,2024-04-19,18:30,KIA,NC,광주,4,3,-
2024,2024-04-19,18:30,SSG,LG,문학,1,4,-
2024,2024-04-19,18:30,롯데,KT,사직,4,3,-
2024,2024-04-19,18:30,두산,키움,잠실,19,8,-
2024,2024-04-19,18:30,한화,삼성,한밭,6,1,-
2024,2024-04-20,17:00,KIA,NC,광주,9,2,-
2024,2024-04-20,17:00,SSG,LG,문학,,,우천취소
2024,2024-04-20,17:00,롯데,KT,사직,,,우천취소
2024,2024-04-20,17:00,두산,키움,잠실,,,우천취소
2024,2024-04-20,17:00,한화,삼성,한밭,0,1,-
2024,2024-04-21,14:00,KIA,NC,광주,4,15,-
2024,2024-04-21,14:00,SSG,LG,문학,8,10,-
2024,2024-04-21,17:00,SSG,LG,문학,5,5,-
2024,2024-04-21,14:00,롯데,KT,사직,9,9,-
2024,2024-04-21,17:00,롯데,KT,사직,7,5,-
2024,2024-04-21,14:00,두산,키움,잠실,4,8,-
2024,2024-04-21,17:00,두산,키움,잠실,2,1,-
2024,2024-04-21,14:00,한화,삼성,한밭,3,5,-
2024,2024-04-23,18:30,키움,KIA,고척,2,5,-
2024,2024-04-23,18:30,삼성,LG,대구,7,3,-
2024,2024-04-23,18:30,롯데,SSG,사직,,,우천취소
2024,2024-04-23,18:30,KT,한화,수원,9,6,-
2024,2024-04-23,18:30,두산,NC,잠실,4,3,-
2024,2024-04-24,18:30,키움,KIA,고척,4,6,-
2024,2024-04-24,18:30,삼성,LG,대구,6,0,-
2024,2024-04-24,18:30,롯데,SSG,사직,7,12,-
2024,2024-04-24,18:30,KT,한화,수원,7,1,-
2024,2024-04-24,18:30,두산,NC,잠실,1,3,-
2024,2024-04-25,18:30,키움,KIA,고척,2,13,-
2024,2024-04-25,18:30,삼성,LG,대구,2,8,-
2024,2024-04-25,18:30,롯데,SSG,사직,6,3,-
2024,2024-04-25,18:30,KT,한화,수원,9,0,-
2024,2024-04-25,18:30,두산,NC,잠실,7,3,-
2024,2024-04-26,18:30,키움,삼성,고척,0,3,-
2024,2024-04-26,18:30,SSG,KT,문학,5,2,-
2024,2024-04-26,18:30,LG,KIA,잠실,7,6,-
2024,2024-04-26,18:30,NC,롯데,창원,4,0,-
2024,2024-04-26,18:30,한화,두산,한밭,5,10,-
2024,2024-04-27,17:00,키움,삼성,고척,0,11,-
2024,2024-04-27,17:00,SSG,KT,문학,2,5,-
2024,2024-04-27,14:00,LG,KIA,잠실,6,3,-
2024,2024-04-27,17:00,NC,롯데,창원,2,0,-
2024,2024-04-27,17:00,한화,두산,한밭,10,5,-
2024,2024-04-28,14:00,키움,삼성,고척,6,11,-
2024,2024-04-28,14:00,SSG,KT,문학,11,6,-
2024,2024-04-28,14:00,LG,KIA,잠실,7,10,-
2024,2024-04-28,14:00,NC,롯데,창원,5,3,-
2024,2024-04-28,14:00,한화,두산,한밭,8,17,-
2024,2024-04-30,18:30,KIA,KT,광주,4,11,-
2024,2024-04-30,18:30,롯데,키움,사직,7,9,-
2024,2024-04-30,18:30,두산,삼성,잠실,4,0,-
2024,2024-04-30,18:30,NC,LG,창원,8,0,-
2024,2024-04-30,18:30,한화,SSG,한밭,8,2,-
2024,2024-05-01,18:30,KIA,KT,광주,9,1,-
2024,2024-05-01,18:30,롯데,키움,사직,3,6,-
2024,2024-05-01,18:30,두산,삼성,잠실,2,9,-
2024,2024-05-01,18:30,NC,LG,창원,1,10,-
2024,2024-05-01,18:30,한화,SSG,한밭,7,8,-
2024,2024-05-02,18:30,KIA,KT,광주,5,12,-
2024,2024-05-02,18:30,롯데,키움,사직,6,5,-
2024,2024-05-02,18:30,두산,삼성,잠실,2,4,-
2024,2024-05-02,18:30,NC,LG,창원,4,5,-
2024,2024-05-02,18:30,한화,SSG,한밭,3,4,-
2024,2024-05-03,18:30,KIA,한화,광주,2,4,-
2024,2024-05-03,18:30,삼성,롯데,대구,7,8,-
2024,2024-05-03,18:30,SSG,NC,문학,5,19,-
2024,2024-05-03,18:30,KT,키움,수원,2,1,-
2024,2024-05-03,18:30,LG,두산,잠실,4,6,-
2024,2024-05-04,17:00,KIA,한화,광주,10,2,-
2024,2024-05-04,17:00,삼성,롯데,대구,2,9,-
2024,2024-05-04,17:00,SSG,NC,문학,6,8,-
2024,2024-05-04,17:00,KT,키움,수원,6,2,-
2024,2024-05-04,14:00,LG,두산,잠실,2,3,-
2024,2024-05-05,14:00,KIA,한화,광주,,,우천취소
2024,2024-05-05,14:00,삼성,롯데,대구,,,우천취소
2024,2024-05-05,14:00,SSG,NC,문학,,,우천취소
2024,2024-05-05,14:00,KT,키움,수원,,,우천취소
2024,2024-05-05,14:00,LG,두산,잠실,,,우천취소
2024,2024-05-07,18:30,키움,두산,고척,4,13,-
2024,2024-05-07,18:30,삼성,KIA,대구,,,우천취소
2024,2024-05-07,18:30,롯데,한화,사직,,,우천취소
2024,2024-05-07,18:30,KT,NC,수원,,,그라운드사정
2024,2024-05-07,18:30,LG,SSG,잠실,2,4,-
2024,2024-05-08,18:30,키움,두산,고척,1,6,-
2024,2024-05-08,18:30,삼성,KIA,대구,2,4,-
2024,2024-05-08,18:30,롯데,한화,사직,6,1,-
2024,2024-05-08,18:30,KT,NC,수원,7,6,-
2024,2024-05-08,18:30,LG,SSG,잠실,8,5,-
2024,2024-05-09,18:30,키움,두산,고척,2,5,-
2024,2024-05-09,18:30,삼성,KIA,대구,5,2,-
2024,2024-05-09,18:30,롯데,한화,사직,18,5,-
2024,2024-05-09,18:30,KT,NC,수원,6,2,-
2024,2024-05-09,18:30,LG,SSG,잠실,3,1,-
2024,2024-05-10,18:30,KIA,SSG,광주,2,4,-
2024,2024-05-10,18:30,롯데,LG,사직,1,9,-
2024,2024-05-10,18:30,두산,KT,잠실,7,3,-
2024,2024-05-10,18:30,NC,삼성,창원,10,3,-
2024,2024-05-10,18:30,한화,키움,한밭,5,4,-
2024,2024-05-11,17:00,KIA,SSG,광주,,,우천취소
2024,2024-05-11,17:00,롯데,LG,사직,1,2,-
2024,2024-05-11,17:00,두산,KT,잠실,,,우천취소
2024,2024-05-11,17:00,NC,삼성,창원,2,3,-
2024,2024-05-11,14:00,한화,키움,한밭,1,7,-
2024,2024-05-12,14:00,KIA,SSG,광주,3,2,-
2024,2024-05-12,17:00,KIA,SSG,광주,6,10,-
2024,2024-05-12,14:00,롯데,LG,사직,4,6,-
2024,2024-05-12,14:00,두산,KT,잠실,12,4,-
2024,2024-05-12,17:00,두산,KT,잠실,8,4,-
2024,2024-05-12,14:00,NC,삼성,창원,2,7,-
2024,2024-05-12,14:00,한화,키움,한밭,8,3,-
2024,2024-05-14,18:30,KIA,두산,광주,5,8,-
2024,2024-05-14,18:30,SSG,삼성,문학,9,2,-
2024,2024-05-14,18:30,KT,롯데,수원,7,4,-
2024,2024-05-14,18:30,LG,키움,잠실,0,5,-
2024,2024-05-14,18:30,한화,NC,한밭,5,5,-
2024,2024-05-15,14:00,KIA,두산,광주,8,4,-
2024,2024-05-15,14:00,SSG,삼성,문학,,,우천취소
2024,2024-05-15,14:00,KT,롯데,수원,,,우천취소
2024,2024-05-15,14:00,LG,키움,잠실,,,우천취소
2024,2024-05-15,14:00,한화,NC,한밭,1,16,-
2024,2024-05-16,18:30,KIA,두산,광주,7,7,-
2024,2024-05-16,18:30,SSG,삼성,문학,4,12,-
2024,2024-05-16,18:30,KT,롯데,수원,0,2,-
2024,2024-05-16,18:30,LG,키움,잠실,5,6,-
2024,2024-05-16,18:30,한화,NC,한밭,3,4,-
2024,2024-05-17,18:30,키움,SSG,고척,4,5,-
2024,2024-05-17,18:30,삼성,한화,대구,7,5,-
2024,2024-05-17,18:30,KT,LG,수원,5,13,-
2024,2024-05-17,18:30,두산,롯데,잠실,1,5,-
2024,2024-05-17,18:30,NC,KIA,창원,4,7,-
2024,2024-05-18,17:00,키움,SSG,고척,0,3,-
2024,2024-05-18,17:00,삼성,한화,대구,9,8,-
2024,2024-05-18,17:00,KT,LG,수원,6,7,-
2024,2024-05-18,17:00,두산,롯데,잠실,8,3,-
2024,2024-05-18,17:00,NC,KIA,창원,2,7,-
2024,2024-05-19,14:00,키움,SSG,고척,10,3,-
2024,2024-05-19,14:00,삼성,한화,대구,2,12,-
2024,2024-05-19,14:00,KT,LG,수원,10,4,-
2024,2024-05-19,14:00,두산,롯데,잠실,3,3,-
2024,2024-05-19,14:00,NC,KIA,창원,1,2,-
2024,2024-05-21,18:30,키움,NC,고척,3,5,-
2024,2024-05-21,18:30,삼성,KT,대구,5,8,-
2024,2024-05-21,18:30,롯데,KIA,사직,6,1,-
2024,2024-05-21,18:30,두산,SSG,잠실,8,6,-
2024,2024-05-21,18:30,한화,LG,한밭,8,4,-
2024,2024-05-22,18:30,키움,NC,고척,3,4,-
2024,2024-05-22,18:30,삼성,KT,대구,3,1,-
2024,2024-05-22,18:30,롯데,KIA,사직,4,2,-
2024,2024-05-22,18:30,두산,SSG,잠실,3,1,-
2024,2024-05-22,18:30,한화,LG,한밭,7,5,-
2024,2024-05-23,18:30,키움,NC,고척,6,4,-
2024,2024-05-23,18:30,삼성,KT,대구,2,9,-
2024,2024-05-23,18:30,롯데,KIA,사직,10,6,-
2024,2024-05-23,18:30,두산,SSG,잠실,10,3,-
2024,2024-05-23,18:30,한화,LG,한밭,4,8,-
2024,2024-05-24,18:30,KIA,두산,광주,5,7,-
2024,2024-05-24,18:30,SSG,한화,문학,5,7,-
2024,2024-05-24,18:30,롯데,삼성,사직,5,11,-
2024,2024-05-24,18:30,KT,키움,수원,5,4,-
2024,2024-05-24,18:30,LG,NC,잠실,11,4,-
2024,2024-05-25,14:00,KIA,두산,광주,6,2,-
2024,2024-05-25,17:00,SSG,한화,문학,2,4,-
2024,2024-05-25,17:00,롯데,삼성,사직,7,6,-
2024,2024-05-25,17:00,KT,키움,수원,5,2,-
2024,2024-05-25,14:00,LG,NC,잠실,10,6,-
2024,2024-05-26,14:00,KIA,두산,광주,5,2,-
2024,2024-05-26,14:00,SSG,한화,문학,,,그라운드사정
2024,2024-05-26,14:00,롯데,삼성,사직,9,1,-
2024,2024-05-26,14:00,KT,키움,수원,,,우천취소
2024,2024-05-26,14:00,LG,NC,잠실,6,3,-
2024,2024-05-28,18:30,삼성,키움,대구,3,4,-
2024,2024-05-28,18:30,SSG,LG,문학,5,7,-
2024,2024-05-28,18:30,두산,KT,잠실,3,12,-
2024,2024-05-28,18:30,NC,KIA,창원,8,11,-
2024,2024-05-28,18:30,한화,롯데,한밭,12,3,-
2024,2024-05-29,18:30,삼성,키움,대구,5,11,-
2024,2024-05-29,18:30,SSG,LG,문학,4,13,-
2024,2024-05-29,18:30,두산,KT,잠실,12,6,-
2024,2024-05-29,18:30,NC,KIA,창원,3,6,-
2024,2024-05-29,18:30,한화,롯데,한밭,3,0,-
2024,2024-05-30,18:30,삼성,키움,대구,4,2,-
2024,2024-05-30,18:30,SSG,LG,문학,8,2,-
2024,2024-05-30,18:30,두산,KT,잠실,6,1,-
2024,2024-05-30,18:30,NC,KIA,창원,2,11,-
2024,2024-05-30,18:30,한화,롯데,한밭,15,0,-
2024,2024-05-31,18:30,키움,SSG,고척,2,4,-
2024,2024-05-31,18:30,KIA,KT,광주,5,8,-
2024,2024-05-31,18:30,삼성,한화,대구,8,6,-
2024,2024-05-31,18:30,롯데,NC,사직,13,5,-
2024,2024-05-31,18:30,두산,LG,잠실,3,6,-
2024,2024-06-01,17:00,키움,SSG,고척,0,9,-
2024,2024-06-01,17:00,KIA,KT,광주,4,2,-
2024,2024-06-01,17:00,삼성,한화,대구,6,4,-
2024,2024-06-01,17:00,롯데,NC,사직,2,4,-
2024,2024-06-01,17:00,두산,LG,잠실,5,8,-
2024,2024-06-02,14:00,키움,SSG,고척,2,6,-
2024,2024-06-02,17:00,KIA,KT,광주,3,11,-
2024,2024-06-02,17:00,삼성,한화,대구,1,0,-
2024,2024-06-02,17:00,롯데,NC,사직,13,4,-
2024,2024-06-02,14:00,두산,LG,잠실,1,9,-
2024,2024-06-04,18:30,KIA,롯데,광주,0,6,-
2024,2024-06-04,18:30,SSG,삼성,문학,1,3,-
2024,2024-06-04,18:30,KT,한화,수원,2,8,-
2024,2024-06-04,18:30,LG,키움,잠실,3,11,-
2024,2024-06-04,18:30,NC,두산,창원,1,4,-
2024,2024-06-05,18:30,KIA,롯데,광주,3,9,-
2024,2024-06-05,18:30,SSG,삼성,문학,7,3,-
2024,2024-06-05,18:30,KT,한화,수원,2,12,-
2024,2024-06-05,18:30,LG,키움,잠실,4,2,-
2024,2024-06-05,18:30,NC,두산,창원,3,4,-
2024,2024-06-06,14:00,KIA,롯데,광주,5,4,-
2024,2024-06-06,14:00,SSG,삼성,문학,4,0,-
2024,2024-06-06,17:00,KT,한화,수원,0,6,-
2024,2024-06-06,17:00,LG,키움,잠실,8,4,-
2024,2024-06-06,17:00,NC,두산,창원,4,8,-
2024,2024-06-07,18:30,키움,삼성,고척,7,5,-
2024,2024-06-07,18:30,롯데,SSG,사직,11,7,-
2024,2024-06-07,18:30,KT,LG,수원,7,8,-
2024,2024-06-07,18:30,두산,KIA,잠실,6,5,-
2024,2024-06-07,18:30,한화,NC,한밭,2,6,-
2024,2024-06-08,17:00,키움,삼성,고척,10,3,-
2024,2024-06-08,17:00,롯데,SSG,사직,,,우천취소
2024,2024-06-08,17:00,KT,LG,수원,2,8,-
2024,2024-06-08,17:00,두산,KIA,잠실,9,8,-
2024,2024-06-08,17:00,한화,NC,한밭,2,4,-
2024,2024-06-09,14:00,키움,삼성,고척,1,7,-
2024,2024-06-09,14:00,롯데,SSG,사직,1,5,-
2024,2024-06-09,17:00,롯데,SSG,사직,5,3,-
2024,2024-06-09,17:00,KT,LG,수원,11,2,-
2024,2024-06-09,17:00,두산,KIA,잠실,2,8,-
2024,2024-06-09,17:00,한화,NC,한밭,3,3,-
2024,2024-06-11,18:30,삼성,LG,대구,6,4,-
2024,2024-06-11,18:30,SSG,KIA,문학,7,6,-
2024,2024-06-11,18:30,롯데,키움,사직,2,5,-
2024,2024-06-11,18:30,두산,한화,잠실,1,6,-
2024,2024-06-11,18:30,NC,KT,창원,8,6,-
2024,2024-06-12,18:30,삼성,LG,대구,5,4,-
2024,2024-06-12,18:30,SSG,KIA,문학,7,13,-
2024,2024-06-12,18:30,롯데,키움,사직,9,2,-
2024,2024-06-12,18:30,두산,한화,잠실,3,4,-
2024,2024-06-12,18:30,NC,KT,창원,8,11,-
2024,2024-06-13,18:30,삼성,LG,대구,6,3,-
2024,2024-06-13,18:30,SSG,KIA,문학,7,1,-
2024,2024-06-13,18:30,롯데,키움,사직,18,10,-
2024,2024-06-13,18:30,두산,한화,잠실,9,6,-
2024,2024-06-13,18:30,NC,KT,창원,5,3,-
2024,2024-06-14,18:30,키움,두산,고척,4,6,-
2024,2024-06-14,18:30,KT,KIA,수원,1,11,-
2024,2024-06-14,18:30,LG,롯데,잠실,5,3,-
2024,2024-06-14,18:30,NC,삼성,창원,4,7,-
2024,2024-06-14,18:30,한화,SSG,한밭,4,11,-
2024,2024-06-15,17:00,키움,두산,고척,1,4,-
2024,2024-06-15,17:00,KT,KIA,수원,1,2,-
2024,2024-06-15,17:00,LG,롯데,잠실,8,9,-
2024,2024-06-15,17:00,NC,삼성,창원,6,4,-
2024,2024-06-15,17:00,한화,SSG,한밭,1,9,-
2024,2024-06-16,14:00,키움,두산,고척,8,2,-
2024,2024-06-16,17:00,KT,KIA,수원,1,3,-
2024,2024-06-16,17:00,LG,롯데,잠실,9,8,-
2024,2024-06-16,17:00,NC,삼성,창원,5,4,-
2024,2024-06-16,17:00,한화,SSG,한밭,4,1,-
2024,2024-06-18,18:30,KIA,LG,광주,11,4,-
2024,2024-06-18,18:30,삼성,SSG,대구,3,8,-
2024,2024-06-18,18:30,KT,롯데,수원,6,4,-
2024,2024-06-18,18:30,두산,NC,잠실,6,2,-
2024,2024-06-18,18:30,한화,키움,청주,3,0,-
2024,2024-06-19,18:30,KIA,LG,광주,5,7,-
2024,2024-06-19,18:30,삼성,SSG,대구,13,2,-
2024,2024-06-19,18:30,KT,롯데,수원,5,13,-
2024,2024-06-19,18:30,두산,NC,잠실,5,7,-
2024,2024-06-19,18:30,한화,키움,청주,14,11,-
2024,2024-06-20,18:30,KIA,LG,광주,6,5,-
2024,2024-06-20,18:30,삼성,SSG,대구,4,0,-
2024,2024-06-20,18:30,KT,롯데,수원,7,6,-
2024,2024-06-20,18:30,두산,NC,잠실,2,0,-
2024,2024-06-20,18:30,한화,키움,청주,0,7,-
2024,2024-06-21,18:30,키움,롯데,고척,5,2,-
2024,2024-06-21,18:30,KIA,한화,광주,8,3,-
2024,2024-06-21,18:30,삼성,두산,대구,7,4,-
2024,2024-06-21,18:30,SSG,NC,문학,2,3,-
2024,2024-06-21,18:30,LG,KT,잠실,2,3,-
2024,2024-06-22,17:00,키움,롯데,고척,1,6,-
2024,2024-06-22,17:00,KIA,한화,광주,,,우천취소
2024,2024-06-22,17:00,삼성,두산,대구,,,우천취소
2024,2024-06-22,17:00,SSG,NC,문학,12,4,-
2024,2024-06-22,17:00,LG,KT,잠실,,,우천취소
2024,2024-06-23,14:00,키움,롯데,고척,2,10,-
2024,2024-06-23,14:00,KIA,한화,광주,8,9,-
2024,2024-06-23,17:00,KIA,한화,광주,4,1,-
2024,2024-06-23,14:00,삼성,두산,대구,7,4,-
2024,2024-06-23,17:00,삼성,두산,대구,10,4,-
2024,2024-06-23,17:00,SSG,NC,문학,6,18,-
2024,2024-06-23,14:00,LG,KT,잠실,7,2,-
2024,2024-06-23,17:00,LG,KT,잠실,3,4,-
2024,2024-06-25,18:30,키움,NC,고척,6,5,-
2024,2024-06-25,18:30,SSG,KT,문학,1,6,-
2024,2024-06-25,18:30,롯데,KIA,사직,15,15,-
2024,2024-06-25,18:30,LG,삼성,잠실,4,0,-
2024,2024-06-25,18:30,한화,두산,한밭,5,4,-
2024,2024-06-26,18:30,키움,NC,고척,10,7,-
2024,2024-06-26,18:30,SSG,KT,문학,10,5,-
2024,2024-06-26,18:30,롯데,KIA,사직,6,4,-
2024,2024-06-26,18:30,LG,삼성,잠실,2,1,-
2024,2024-06-26,18:30,한화,두산,한밭,8,15,-
2024,2024-06-27,18:30,키움,NC,고척,9,7,-
2024,2024-06-27,18:30,SSG,KT,문학,8,16,-
2024,2024-06-27,18:30,롯데,KIA,사직,11,2,-
2024,2024-06-27,18:30,LG,삼성,잠실,1,2,-
2024,2024-06-27,18:30,한화,두산,한밭,8,3,-
2024,2024-06-28,18:30,KIA,키움,광주,6,17,-
2024,2024-06-28,18:30,롯데,한화,사직,6,4,-
2024,2024-06-28,18:30,KT,삼성,수원,5,4,-
2024,2024-06-28,18:30,두산,SSG,잠실,10,0,-
2024,2024-06-28,18:30,NC,LG,창원,8,2,-
2024,2024-06-29,17:00,KIA,키움,광주,,,우천취소
2024,2024-06-29,17:00,롯데,한화,사직,,,우천취소
2024,2024-06-29,17:00,KT,삼성,수원,,,우천취소
2024,2024-06-29,17:00,두산,SSG,잠실,0,6,-
2024,2024-06-29,17:00,NC,LG,창원,,,우천취소
2024,2024-06-30,14:00,KIA,키움,광주,,,우천취소
2024,2024-06-30,17:00,KIA,키움,광주,,,그라운드사정
2024,2024-06-30,14:00,롯데,한화,사직,,,우천취소
2024,2024-06-30,17:00,롯데,한화,사직,,,그라운드사정
2024,2024-06-30,14:00,KT,삼성,수원,2,2,-
2024,2024-06-30,17:00,KT,삼성,수원,2,1,-
2024,2024-06-30,17:00,두산,SSG,잠실,1,3,-
2024,2024-06-30,14:00,NC,LG,창원,,,우천취소
2024,2024-06-30,17:00,NC,LG,창원,6,9,-
2024,2024-07-02,18:30,키움,LG,고척,4,2,-
2024,2024-07-02,18:30,삼성,KIA,대구,5,9,-
2024,2024-07-02,18:30,두산,롯데,잠실,,,우천취소
2024,2024-07-02,18:30,NC,SSG,창원,,,우천취소
2024,2024-07-02,18:30,한화,KT,한밭,5,6,-
2024,2024-07-03,18:30,키움,LG,고척,4,1,-
2024,2024-07-03,18:30,삼성,KIA,대구,4,6,-
2024,2024-07-03,18:30,두산,롯데,잠실,13,8,-
2024,2024-07-03,18:30,NC,SSG,창원,4,1,-
2024,2024-07-03,18:30,한화,KT,한밭,2,3,-
2024,2024-07-04,18:30,키움,LG,고척,2,3,-
2024,2024-07-04,18:30,삼성,KIA,대구,3,8,-
2024,2024-07-04,18:30,두산,롯데,잠실,6,3,-
2024,2024-07-04,18:30,NC,SSG,창원,2,0,-
2024,2024-07-04,18:30,한화,KT,한밭,13,5,-
2024,2024-07-09,18:30,키움,한화,고척,5,3,-
2024,2024-07-09,18:30,삼성,NC,대구,,,우천취소
2024,2024-07-09,18:30,SSG,롯데,문학,7,4,-
2024,2024-07-09,18:30,KT,두산,수원,,,우천취소
2024,2024-07-09,18:30,LG,KIA,잠실,4,11,-
2024,2024-07-10,18:30,키움,한화,고척,0,7,-
2024,2024-07-10,18:30,삼성,NC,대구,15,6,-
2024,2024-07-10,18:30,SSG,롯데,문학,1,6,-
2024,2024-07-10,18:30,KT,두산,수원,7,6,-
2024,2024-07-10,18:30,LG,KIA,잠실,2,5,-
2024,2024-07-11,18:30,키움,한화,고척,5,4,-
2024,2024-07-11,18:30,삼성,NC,대구,6,4,-
2024,2024-07-11,18:30,SSG,롯데,문학,5,4,-
2024,2024-07-11,18:30,KT,두산,수원,1,12,-
2024,2024-07-11,18:30,LG,KIA,잠실,2,4,-
2024,2024-07-12,18:30,KIA,SSG,광주,6,14,-
2024,2024-07-12,18:30,롯데,KT,사직,4,5,-
2024,2024-07-12,18:30,두산,삼성,잠실,5,9,-
2024,2024-07-12,18:30,NC,키움,창원,9,2,-
2024,2024-07-12,18:30,한화,LG,한밭,6,0,-
2024,2024-07-13,18:00,KIA,SSG,광주,9,15,-
2024,2024-07-13,18:00,롯데,KT,사직,3,6,-
2024,2024-07-13,18:00,두산,삼성,잠실,8,4,-
2024,2024-07-13,18:00,NC,키움,창원,11,5,-
2024,2024-07-13,18:00,한화,LG,한밭,3,7,-
2024,2024-07-14,17:00,KIA,SSG,광주,13,4,-
2024,2024-07-14,17:00,롯데,KT,사직,,,우천취소
2024,2024-07-14,17:00,두산,삼성,잠실,2,6,-
2024,2024-07-14,17:00,NC,키움,창원,,,우천취소
2024,2024-07-14,17:00,한화,LG,한밭,4,8,-
2024,2024-07-16,18:30,키움,KT,고척,3,4,-
2024,2024-07-16,18:30,KIA,삼성,광주,,,그라운드사정
2024,2024-07-16,18:30,롯데,두산,울산,4,0,-
2024,2024-07-16,18:30,LG,SSG,잠실,,,우천취소
2024,2024-07-16,18:30,NC,한화,창원,,,우천취소
2024,2024-07-17,18:30,키움,KT,고척,2,9,-
2024,2024-07-17,18:30,KIA,삼성,광주,10,5,-
2024,2024-07-17,18:30,롯데,두산,울산,6,2,-
2024,2024-07-17,18:30,LG,SSG,잠실,12,9,-
2024,2024-07-17,18:30,NC,한화,창원,5,1,-
2024,2024-07-18,18:30,키움,KT,고척,8,12,-
2024,2024-07-18,18:30,KIA,삼성,광주,10,4,-
2024,2024-07-18,18:30,롯데,두산,울산,2,3,-
2024,2024-07-18,18:30,LG,SSG,잠실,,,우천취소
2024,2024-07-18,18:30,NC,한화,창원,4,3,-
2024,2024-07-19,18:30,삼성,롯데,대구,6,10,-
2024,2024-07-19,18:30,SSG,키움,문학,9,3,-
2024,2024-07-19,18:30,KT,NC,수원,6,0,-
2024,2024-07-19,18:30,LG,두산,잠실,16,7,-
2024,2024-07-19,18:30,한화,KIA,한밭,3,7,-
2024,2024-07-20,18:00,삼성,롯데,대구,21,4,-
2024,2024-07-20,18:00,SSG,키움,문학,,,우천취소
2024,2024-07-20,18:00,KT,NC,수원,,,우천취소
2024,2024-07-20,18:00,LG,두산,잠실,,,우천취소
2024,2024-07-20,18:00,한화,KIA,한밭,4,8,-
2024,2024-07-21,17:00,삼성,롯데,대구,6,5,-
2024,2024-07-21,17:00,SSG,키움,문학,2,7,-
2024,2024-07-21,17:00,KT,NC,수원,2,8,-
2024,2024-07-21,17:00,LG,두산,잠실,6,3,-
2024,2024-07-21,17:00,한화,KIA,한밭,7,8,-
2024,2024-07-23,18:30,KIA,NC,광주,8,1,-
2024,2024-07-23,18:30,롯데,LG,사직,1,2,-
2024,2024-07-23,18:30,KT,SSG,수원,,,우천취소
2024,2024-07-23,18:30,두산,키움,잠실,6,3,-
2024,2024-07-23,18:30,한화,삼성,한밭,6,5,-
2024,2024-07-24,18:30,KIA,NC,광주,7,0,-
2024,2024-07-24,18:30,롯데,LG,사직,,,그라운드사정
2024,2024-07-24,18:30,KT,SSG,수원,5,3,-
2024,2024-07-24,18:30,두산,키움,잠실,7,4,-
2024,2024-07-24,18:30,한화,삼성,한밭,3,2,-
2024,2024-07-25,18:30,KIA,NC,광주,4,7,-
2024,2024-07-25,18:30,롯데,LG,사직,6,9,-
2024,2024-07-25,18:30,KT,SSG,수원,4,2,-
2024,2024-07-25,18:30,두산,키움,잠실,1,6,-
2024,2024-07-25,18:30,한화,삼성,한밭,,,우천취소
2024,2024-07-26,18:30,키움,KIA,고척,5,4,-
2024,2024-07-26,18:30,삼성,KT,대구,1,4,-
2024,2024-07-26,18:30,SSG,두산,문학,6,1,-
2024,2024-07-26,18:30,LG,한화,잠실,,,우천취소
2024,2024-07-26,18:30,NC,롯데,창원,9,2,-
2024,2024-07-27,18:00,키움,KIA,고척,6,5,-
2024,2024-07-27,18:00,삼성,KT,대구,3,2,-
2024,2024-07-27,18:00,SSG,두산,문학,4,3,-
2024,2024-07-27,18:00,LG,한화,잠실,,,우천취소
2024,2024-07-27,18:00,NC,롯데,창원,2,9,-
2024,2024-07-28,14:00,키움,KIA,고척,3,4,-
2024,2024-07-28,17:00,삼성,KT,대구,3,4,-
2024,2024-07-28,17:00,SSG,두산,문학,3,0,-
2024,2024-07-28,17:00,LG,한화,잠실,6,9,-
2024,2024-07-28,17:00,NC,롯데,창원,6,10,-
2024,2024-07-30,18:30,키움,NC,고척,6,2,-
2024,2024-07-30,18:30,KIA,두산,광주,7,12,-
2024,2024-07-30,18:30,SSG,롯데,문학,11,5,-
2024,2024-07-30,18:30,KT,한화,수원,4,6,-
2024,2024-07-30,18:30,LG,삼성,잠실,1,7,-
2024,2024-07-31,18:30,키움,NC,고척,0,9,-
2024,2024-07-31,18:30,KIA,두산,광주,6,30,-
2024,2024-07-31,18:30,SSG,롯데,문학,12,11,-
2024,2024-07-31,18:30,KT,한화,수원,7,18,-
2024,2024-07-31,18:30,LG,삼성,잠실,11,5,-
2024,2024-08-01,18:30,키움,NC,고척,14,9,-
2024,2024-08-01,18:30,KIA,두산,광주,0,1,-
2024,2024-08-01,18:30,SSG,롯데,문학,2,4,-
2024,2024-08-01,18:30,KT,한화,수원,8,14,-
2024,2024-08-01,18:30,LG,삼성,잠실,0,7,-
2024,2024-08-02,18:30,삼성,SSG,대구,4,3,-
2024,2024-08-02,18:30,롯데,LG,울산,,,폭염취소
2024,2024-08-02,18:30,두산,키움,잠실,4,6,-
2024,2024-08-02,18:30,NC,KT,창원,7,9,-
2024,2024-08-02,18:30,한화,KIA,한밭,10,3,-
2024,2024-08-03,18:00,삼성,SSG,대구,12,4,-
2024,2024-08-03,18:00,롯데,LG,울산,8,3,-
2024,2024-08-03,18:00,두산,키움,잠실,5,15,-
2024,2024-08-03,18:00,NC,KT,창원,,,우천취소
2024,2024-08-03,18:00,한화,KIA,한밭,3,7,-
2024,2024-08-04,17:00,삼성,SSG,대구,8,3,-
2024,2024-08-04,17:00,롯데,LG,울산,,,폭염취소
2024,2024-08-04,17:00,두산,키움,잠실,,,폭염취소
2024,2024-08-04,17:00,NC,KT,창원,15,5,-
2024,2024-08-04,17:00,한화,KIA,한밭,,,우천취소
2024,2024-08-06,18:30,키움,SSG,고척,2,6,-
2024,2024-08-06,18:30,KIA,KT,광주,2,0,-
2024,2024-08-06,18:30,삼성,한화,대구,5,8,-
2024,2024-08-06,18:30,롯데,NC,사직,6,5,-
2024,2024-08-06,18:30,두산,LG,잠실,7,6,-
2024,2024-08-07,18:30,키움,SSG,고척,2,6,-
2024,2024-08-07,18:30,KIA,KT,광주,2,13,-
2024,2024-08-07,18:30,삼성,한화,대구,10,6,-
2024,2024-08-07,18:30,롯데,NC,사직,14,7,-
2024,2024-08-07,18:30,두산,LG,잠실,8,4,-
2024,2024-08-08,18:30,키움,SSG,고척,3,0,-
2024,2024-08-08,18:30,KIA,KT,광주,0,1,-
2024,2024-08-08,18:30,삼성,한화,대구,4,6,-
2024,2024-08-08,18:30,롯데,NC,사직,,,우천취소
2024,2024-08-08,18:30,두산,LG,잠실,3,10,-
2024,2024-08-09,18:30,KIA,삼성,광주,9,8,-
2024,2024-08-09,18:30,SSG,두산,문학,11,13,-
2024,2024-08-09,18:30,KT,롯데,수원,10,6,-
2024,2024-08-09,18:30,LG,NC,잠실,10,9,-
2024,2024-08-09,18:30,한화,키움,한밭,7,5,-
2024,2024-08-10,18:00,KIA,삼성,광주,,,우천취소
2024,2024-08-10,18:00,SSG,두산,문학,6,10,-
2024,2024-08-10,18:00,KT,롯데,수원,0,2,-
2024,2024-08-10,18:00,LG,NC,잠실,9,3,-
2024,2024-08-10,18:00,한화,키움,한밭,1,3,-
2024,2024-08-11,18:00,KIA,삼성,광주,4,5,-
2024,2024-08-11,18:00,SSG,두산,문학,11,9,-
2024,2024-08-11,18:00,KT,롯데,수원,7,9,-
2024,2024-08-11,18:00,LG,NC,잠실,4,3,-
2024,2024-08-11,18:00,한화,키움,한밭,3,7,-
2024,2024-08-13,18:30,키움,KIA,고척,0,2,-
2024,2024-08-13,18:30,삼성,KT,대구,7,2,-
2024,2024-08-13,18:30,두산,롯데,잠실,,,우천취소
2024,2024-08-13,18:30,NC,SSG,창원,0,2,-
2024,2024-08-13,18:30,한화,LG,한밭,2,3,-
2024,2024-08-14,18:30,키움,KIA,고척,2,1,-
2024,2024-08-14,18:30,삼성,KT,대구,3,1,-
2024,2024-08-14,18:30,두산,롯데,잠실,2,12,-
2024,2024-08-14,18:30,NC,SSG,창원,,,우천취소
2024,2024-08-14,18:30,한화,LG,한밭,9,5,-
2024,2024-08-15,17:00,키움,KIA,고척,1,12,-
2024,2024-08-15,18:00,삼성,KT,대구,3,5,-
2024,2024-08-15,18:00,두산,롯데,잠실,4,3,-
2024,2024-08-15,18:00,NC,SSG,창원,5,10,-
2024,2024-08-15,18:00,한화,LG,한밭,3,17,-
2024,2024-08-16,18:30,SSG,한화,문학,1,2,-
2024,2024-08-16,18:30,롯데,키움,사직,4,0,-
2024,2024-08-16,18:30,KT,두산,수원,0,5,-
2024,2024-08-16,18:30,LG,KIA,잠실,2,3,-
2024,2024-08-16,18:30,NC,삼성,창원,3,7,-
2024,2024-08-17,18:00,SSG,한화,문학,5,8,-
2024,2024-08-17,18:00,롯데,키움,사직,7,8,-
2024,2024-08-17,18:00,KT,두산,수원,2,3,-
2024,2024-08-17,18:00,LG,KIA,잠실,4,14,-
2024,2024-08-17,18:00,NC,삼성,창원,4,5,-
2024,2024-08-18,18:00,SSG,한화,문학,1,7,-
2024,2024-08-18,18:00,롯데,키움,사직,5,4,-
2024,2024-08-18,18:00,KT,두산,수원,5,4,-
2024,2024-08-18,18:00,LG,KIA,잠실,0,4,-
2024,2024-08-18,18:00,NC,삼성,창원,3,5,-
2024,2024-08-20,18:30,KIA,롯데,광주,,,우천취소
2024,2024-08-20,18:30,KT,키움,수원,2,3,-
2024,2024-08-20,18:30,LG,SSG,잠실,4,3,-
2024,2024-08-20,18:30,한화,NC,청주,3,2,-
2024,2024-08-20,18:30,삼성,두산,포항,3,0,-
2024,2024-08-21,18:30,KIA,롯데,광주,6,5,-
2024,2024-08-21,18:30,KT,키움,수원,5,0,-
2024,2024-08-21,18:30,LG,SSG,잠실,1,5,-
2024,2024-08-21,18:30,한화,NC,청주,2,8,-
2024,2024-08-21,18:30,삼성,두산,포항,2,5,-
2024,2024-08-22,18:30,KIA,롯데,광주,6,4,-
2024,2024-08-22,18:30,KT,키움,수원,3,2,-
2024,2024-08-22,18:30,LG,SSG,잠실,13,3,-
2024,2024-08-22,18:30,한화,NC,청주,,,우천취소
2024,2024-08-22,18:30,삼성,두산,포항,,,폭염취소
2024,2024-08-23,18:30,키움,LG,고척,9,3,-
2024,2024-08-23,18:30,삼성,롯데,대구,5,3,-
2024,2024-08-23,18:30,SSG,KT,문학,6,11,-
2024,2024-08-23,18:30,두산,한화,잠실,4,7,-
2024,2024-08-23,18:30,NC,KIA,창원,17,4,-
2024,2024-08-24,18:00,키움,LG,고척,0,7,-
2024,2024-08-24,18:00,삼성,롯데,대구,3,11,-
2024,2024-08-24,18:00,SSG,KT,문학,3,9,-
2024,2024-08-24,18:00,두산,한화,잠실,6,7,-
2024,2024-08-24,18:00,NC,KIA,창원,0,2,-
2024,2024-08-25,14:00,키움,LG,고척,6,4,-
2024,2024-08-25,18:00,삼성,롯데,대구,10,5,-
2024,2024-08-25,18:00,SSG,KT,문학,4,3,-
2024,2024-08-25,18:00,두산,한화,잠실,1,3,-
2024,2024-08-25,18:00,NC,KIA,창원,8,2,-
2024,2024-08-27,18:30,키움,삼성,고척,0,1,-
2024,2024-08-27,18:30,KIA,SSG,광주,10,4,-
2024,2024-08-27,18:30,롯데,한화,사직,3,1,-
2024,2024-08-27,18:30,LG,KT,잠실,6,1,-
2024,2024-08-27,18:30,NC,두산,창원,7,13,-
2024,2024-08-28,18:30,키움,삼성,고척,5,9,-
2024,2024-08-28,18:30,KIA,SSG,광주,7,6,-
2024,2024-08-28,18:30,롯데,한화,사직,0,7,-
2024,2024-08-28,18:30,LG,KT,잠실,4,8,-
2024,2024-08-28,18:30,NC,두산,창원,1,8,-
2024,2024-08-29,18:30,키움,삼성,고척,0,1,-
2024,2024-08-29,18:30,KIA,SSG,광주,4,10,-
2024,2024-08-29,18:30,롯데,한화,사직,14,11,-
2024,2024-08-29,18:30,LG,KT,잠실,7,8,-
2024,2024-08-29,18:30,NC,두산,창원,10,2,-
2024,2024-08-30,18:30,키움,롯데,고척,2,8,-
2024,2024-08-30,18:30,KT,LG,수원,7,11,-
2024,2024-08-31,18:00,삼성,KIA,대구,13,15,-
2024,2024-08-31,18:00,SSG,NC,문학,2,7,-
2024,2024-08-31,18:00,두산,롯데,잠실,4,7,-
2024,2024-08-31,18:00,한화,KT,한밭,2,6,-
2024,2024-09-01,14:00,삼성,KIA,대구,5,6,-
2024,2024-09-01,14:00,SSG,NC,문학,2,8,-
2024,2024-09-01,14:00,두산,롯데,잠실,3,4,-
2024,2024-09-03,18:30,KIA,LG,광주,7,5,-
2024,2024-09-03,18:30,삼성,롯데,대구,5,1,-
2024,2024-09-03,18:30,NC,키움,창원,11,5,-
2024,2024-09-03,18:30,한화,두산,한밭,7,1,-
2024,2024-09-04,18:30,KIA,한화,광주,4,5,-
2024,2024-09-04,18:30,삼성,두산,대구,7,3,-
2024,2024-09-04,18:30,롯데,KT,사직,7,5,-
2024,2024-09-04,18:30,LG,SSG,잠실,5,0,-
2024,2024-09-04,18:30,NC,키움,창원,13,6,-
2024,2024-09-05,18:30,KIA,한화,광주,4,3,-
2024,2024-09-05,18:30,롯데,KT,사직,2,12,-
2024,2024-09-05,18:30,LG,SSG,잠실,2,4,-
2024,2024-09-05,18:30,NC,키움,창원,7,12,-
2024,2024-09-06,18:30,KIA,키움,광주,14,0,-
2024,2024-09-06,18:30,롯데,삼성,사직,2,7,-
2024,2024-09-06,18:30,LG,한화,잠실,1,3,-
2024,2024-09-06,18:30,NC,KT,창원,3,9,-
2024,2024-09-07,17:00,KIA,키움,광주,6,2,-
2024,2024-09-07,17:00,삼성,NC,대구,1,9,-
2024,2024-09-07,17:00,롯데,SSG,사직,1,1,-
2024,2024-09-07,17:00,KT,두산,수원,2,12,-
2024,2024-09-07,14:00,LG,한화,잠실,9,3,-
2024,2024-09-08,14:00,KIA,키움,광주,5,2,-
2024,2024-09-08,14:00,삼성,NC,대구,10,2,-
2024,2024-09-08,14:00,롯데,SSG,사직,6,11,-
2024,2024-09-08,14:00,LG,한화,잠실,14,3,-
2024,2024-09-10,18:30,키움,두산,고척,7,1,-
2024,2024-09-10,18:30,SSG,한화,문학,5,0,-
2024,2024-09-10,18:30,KT,NC,수원,11,8,-
2024,2024-09-10,18:30,LG,롯데,잠실,1,2,-
2024,2024-09-11,18:30,SSG,롯데,문학,2,10,-
2024,2024-09-11,18:30,KT,NC,수원,2,1,-
2024,2024-09-11,18:30,LG,키움,잠실,5,9,-
2024,2024-09-11,18:30,한화,삼성,한밭,1,10,-
2024,2024-09-12,18:30,KIA,롯데,광주,10,0,-
2024,2024-09-12,18:30,KT,NC,수원,10,4,-
2024,2024-09-12,18:30,LG,키움,잠실,,,우천취소
2024,2024-09-12,18:30,한화,삼성,한밭,1,7,-
2024,2024-09-13,18:30,SSG,LG,문학,,,우천취소
2024,2024-09-13,18:30,롯데,한화,사직,4,8,-
2024,2024-09-13,18:30,두산,NC,잠실,,,우천취소
2024,2024-09-14,17:00,KIA,키움,광주,3,2,-
2024,2024-09-14,14:00,SSG,삼성,문학,11,9,-
2024,2024-09-14,14:00,롯데,한화,사직,12,9,-
2024,2024-09-14,17:00,두산,KT,잠실,2,1,-
2024,2024-09-14,17:00,NC,LG,창원,7,10,-
2024,2024-09-15,14:00,KIA,키움,광주,5,10,-
2024,2024-09-15,14:00,SSG,삼성,문학,14,9,-
2024,2024-09-15,14:00,롯데,한화,사직,16,9,-
2024,2024-09-15,14:00,NC,LG,창원,4,1,-
2024,2024-09-16,14:00,KT,KIA,수원,5,11,-
2024,2024-09-16,14:00,두산,키움,잠실,5,4,-
2024,2024-09-17,14:00,키움,KT,고척,2,4,-
2024,2024-09-17,14:00,SSG,KIA,문학,2,0,-
2024,2024-09-17,14:00,롯데,LG,사직,7,3,-
2024,2024-09-17,14:00,두산,삼성,잠실,8,4,-
2024,2024-09-17,14:00,NC,한화,창원,1,4,-
2024,2024-09-18,17:00,롯데,LG,사직,3,5,-
2024,2024-09-18,17:00,KT,삼성,수원,6,8,-
2024,2024-09-18,17:00,NC,한화,창원,5,2,-
2024,2024-09-19,18:30,SSG,키움,문학,8,6,-
2024,2024-09-19,18:30,롯데,LG,사직,4,7,-
2024,2024-09-19,18:30,KT,삼성,수원,12,5,-
2024,2024-09-19,18:30,두산,KIA,잠실,9,4,-
2024,2024-09-19,18:30,NC,한화,창원,6,7,-
2024,2024-09-20,18:30,SSG,키움,문학,,,우천취소
2024,2024-09-20,18:30,LG,두산,잠실,,,우천취소
2024,2024-09-20,18:30,NC,롯데,창원,,,우천취소
2024,2024-09-21,17:00,KIA,NC,광주,,,우천취소
2024,2024-09-21,17:00,삼성,키움,대구,,,우천취소
2024,2024-09-21,17:00,KT,SSG,수원,1,4,-
2024,2024-09-21,14:00,LG,두산,잠실,7,14,-
2024,2024-09-21,17:00,LG,두산,잠실,2,0,-
2024,2024-09-21,17:00,한화,롯데,한밭,,,우천취소
2024,2024-09-22,14:00,KIA,NC,광주,,,우천취소
2024,2024-09-22,14:00,삼성,키움,대구,9,8,-
2024,2024-09-22,14:00,KT,SSG,수원,2,6,-
2024,2024-09-22,14:00,LG,두산,잠실,9,5,-
2024,2024-09-22,14:00,한화,롯데,한밭,8,4,-
2024,2024-09-23,18:30,KIA,삼성,광주,5,3,-
2024,2024-09-23,18:30,두산,SSG,잠실,8,4,-
2024,2024-09-23,18:30,한화,롯데,한밭,2,3,-
2024,2024-09-24,18:30,키움,한화,고척,5,4,-
2024,2024-09-24,18:30,KIA,삼성,광주,7,1,-
2024,2024-09-24,18:30,SSG,LG,문학,5,14,-
2024,2024-09-24,18:30,KT,롯데,수원,5,1,-
2024,2024-09-24,18:30,두산,NC,잠실,10,5,-
2024,2024-09-25,18:30,KIA,롯데,광주,2,5,-
2024,2024-09-25,18:30,삼성,키움,대구,6,3,-
2024,2024-09-25,18:30,LG,한화,잠실,2,4,-
2024,2024-09-25,18:30,NC,SSG,창원,2,8,-
2024,2024-09-26,18:30,롯데,두산,사직,3,4,-
2024,2024-09-26,18:30,LG,키움,잠실,6,3,-
2024,2024-09-26,18:30,NC,SSG,창원,1,10,-
2024,2024-09-27,18:30,롯데,NC,사직,13,6,-
2024,2024-09-27,18:30,KT,키움,수원,8,7,-
2024,2024-09-27,18:30,한화,KIA,한밭,8,0,-
2024,2024-09-28,17:00,삼성,LG,대구,4,11,-
2024,2024-09-28,17:00,롯데,KIA,사직,8,12,-
2024,2024-09-28,17:00,KT,키움,수원,10,7,-
2024,2024-09-28,17:00,NC,두산,창원,3,4,-
2024,2024-09-28,17:00,한화,SSG,한밭,2,6,-
2024,2024-09-29,17:00,한화,NC,한밭,2,7,-
2024,2024-09-30,18:30,KIA,NC,광주,10,5,-
2024,2024-09-30,18:30,SSG,키움,문학,7,2,-
2024,2024-10-01,17:00,NC,롯데,창원,1,5,-
2025,2025-03-22,14:00,KIA,NC,광주,9,2,-
2025,2025-03-22,14:00,삼성,키움,대구,13,5,-
2025,2025-03-22,14:00,SSG,두산,문학,6,5,-
2025,2025-03-22,14:00,KT,한화,수원,3,4,-
2025,2025-03-22,14:00,LG,롯데,잠실,12,2,-
2025,2025-03-23,14:00,KIA,NC,광주,4,5,-
2025,2025-03-23,14:00,삼성,키움,대구,11,7,-
2025,2025-03-23,14:00,SSG,두산,문학,5,2,-
2025,2025-03-23,14:00,KT,한화,수원,5,4,-
2025,2025-03-23,14:00,LG,롯데,잠실,10,2,-
2025,2025-03-25,18:30,KIA,키움,광주,11,6,-
2025,2025-03-25,18:30,삼성,NC,대구,14,5,-
2025,2025-03-25,18:30,SSG,롯데,문학,2,3,-
2025,2025-03-25,18:30,KT,두산,수원,8,3,-
2025,2025-03-25,18:30,LG,한화,잠실,5,0,-
2025,2025-03-26,18:30,KIA,키움,광주,10,17,-
2025,2025-03-26,18:30,삼성,NC,대구,6,8,-
2025,2025-03-26,18:30,SSG,롯데,문학,3,1,-
2025,2025-03-26,18:30,KT,두산,수원,2,3,-
2025,2025-03-26,18:30,LG,한화,잠실,4,0,-
2025,2025-03-27,18:30,KIA,키움,광주,3,5,-
2025,2025-03-27,18:30,삼성,NC,대구,5,11,-
2025,2025-03-27,18:30,SSG,롯데,문학,5,2,-
2025,2025-03-27,18:30,KT,두산,수원,4,3,-
2025,2025-03-27,18:30,LG,한화,잠실,2,1,-
2025,2025-03-28,18:30,키움,SSG,고척,9,3,-
2025,2025-03-28,18:30,한화,KIA,대전,7,2,-
2025,2025-03-28,18:30,롯데,KT,사직,0,2,-
2025,2025-03-28,18:30,두산,삼성,잠실,2,0,-
2025,2025-03-28,18:30,NC,LG,창원,4,8,-
2025,2025-03-29,14:00,키움,SSG,고척,3,1,-
2025,2025-03-29,14:00,한화,KIA,대전,5,4,-
2025,2025-03-29,17:00,롯데,KT,사직,3,1,-
2025,2025-03-29,17:00,두산,삼성,잠실,2,13,-
2025,2025-03-29,17:00,NC,LG,창원,4,14,-
2025,2025-03-30,14:00,키움,SSG,고척,2,8,-
2025,2025-03-30,14:00,한화,KIA,대전,3,5,-
2025,2025-03-30,14:00,롯데,KT,사직,4,4,-
2025,2025-03-30,14:00,두산,삼성,잠실,2,3,-
2025,2025-03-30,14:00,NC,LG,창원,,,기타
2025,2025-04-01,18:30,KIA,삼성,광주,,,기타
2025,2025-04-01,18:30,한화,롯데,대전,,,기타
2025,2025-04-01,18:30,KT,LG,수원,,,기타
2025,2025-04-01,18:30,두산,키움,잠실,,,기타
2025,2025-04-01,18:30,NC,SSG,창원,,,기타
2025,2025-04-02,18:30,KIA,삼성,광주,2,4,-
2025,2025-04-02,18:30,한화,롯데,대전,2,6,-
2025,2025-04-02,18:30,KT,LG,수원,9,5,-
2025,2025-04-02,18:30,두산,키움,잠실,5,3,-
2025,2025-04-02,18:30,NC,SSG,창원,,,기타
2025,2025-04-03,18:30,KIA,삼성,광주,3,1,-
2025,2025-04-03,18:30,한화,롯데,대전,2,4,-
2025,2025-04-03,18:30,KT,LG,수원,1,5,-
2025,2025-04-03,18:30,두산,키움,잠실,6,1,-
2025,2025-04-03,18:30,NC,SSG,창원,,,기타
2025,2025-04-04,18:30,키움,NC,고척,5,1,-
2025,2025-04-04,18:30,삼성,한화,대구,5,0,-
2025,2025-04-04,18:30,SSG,KT,문학,3,2,-
2025,2025-04-04,18:30,롯데,두산,사직,3,15,-
2025,2025-04-04,18:30,LG,KIA,잠실,8,2,-
2025,2025-04-05,17:00,키움,NC,고척,5,7,-
2025,2025-04-05,14:00,삼성,한화,대구,6,7,-
2025,2025-04-05,17:00,SSG,KT,문학,,,우천취소
2025,2025-04-05,17:00,롯데,두산,사직,6,1,-
2025,2025-04-05,14:00,LG,KIA,잠실,,,우천취소
2025,2025-04-06,14:00,키움,NC,고척,2,8,-
2025,2025-04-06,14:00,삼성,한화,대구,10,0,-
2025,2025-04-06,14:00,SSG,KT,문학,1,0,-
2025,2025-04-06,14:00,롯데,두산,사직,12,15,-
2025,2025-04-06,14:00,LG,KIA,잠실,5,1,-
2025,2025-04-08,18:30,키움,LG,고척,1,13,-
2025,2025-04-08,18:30,삼성,SSG,대구,7,3,-
2025,2025-04-08,18:30,롯데,KIA,사직,4,5,-
2025,2025-04-08,18:30,KT,NC,수원,3,2,-
2025,2025-04-08,18:30,두산,한화,잠실,6,5,-
2025,2025-04-09,18:30,키움,LG,고척,4,0,-
2025,2025-04-09,18:30,삼성,SSG,대구,1,3,-
2025,2025-04-09,18:30,롯데,KIA,사직,1,3,-
2025,2025-04-09,18:30,KT,NC,수원,4,1,-
2025,2025-04-09,18:30,두산,한화,잠실,4,5,-
2025,2025-04-10,18:30,키움,LG,고척,3,7,-
2025,2025-04-10,18:30,삼성,SSG,대구,3,2,-
2025,2025-04-10,18:30,롯데,KIA,사직,8,3,-
2025,2025-04-10,18:30,KT,NC,수원,0,7,-
2025,2025-04-10,18:30,두산,한화,잠실,2,7,-
2025,2025-04-11,18:30,KIA,SSG,광주,3,9,-
2025,2025-04-11,18:30,한화,키움,대전,12,2,-
2025,2025-04-11,18:30,NC,롯데,사직,5,7,-
2025,2025-04-11,18:30,KT,삼성,수원,5,3,-
2025,2025-04-11,18:30,LG,두산,잠실,5,2,-
2025,2025-04-12,17:00,KIA,SSG,광주,,,우천취소
2025,2025-04-12,17:00,한화,키움,대전,2,6,-
2025,2025-04-12,17:00,NC,롯데,사직,0,2,-
2025,2025-04-12,14:00,KT,삼성,수원,,,우천취소
2025,2025-04-12,14:00,LG,두산,잠실,4,0,-
2025,2025-04-13,14:00,KIA,SSG,광주,11,5,-
2025,2025-04-13,14:00,한화,키움,대전,7,1,-
2025,2025-04-13,14:00,NC,롯데,사직,9,6,-
2025,2025-04-13,14:00,KT,삼성,수원,6,5,-
2025,2025-04-13,14:00,LG,두산,잠실,2,9,-
2025,2025-04-15,18:30,KIA,KT,광주,1,0,-
2025,2025-04-15,18:30,SSG,한화,문학,0,2,-
2025,2025-04-15,18:30,롯데,키움,사직,8,6,-
2025,2025-04-15,18:30,LG,삼성,잠실,3,0,-
2025,2025-04-15,18:30,NC,두산,창원,,,기타
2025,2025-04-16,18:30,KIA,KT,광주,0,3,-
2025,2025-04-16,18:30,SSG,한화,문학,4,10,-
2025,2025-04-16,18:30,롯데,키움,사직,6,4,-
2025,2025-04-16,18:30,LG,삼성,잠실,12,2,-
2025,2025-04-16,18:30,NC,두산,창원,,,기타
2025,2025-04-17,18:30,KIA,KT,광주,5,4,-
2025,2025-04-17,18:30,SSG,한화,문학,2,4,-
2025,2025-04-17,18:30,롯데,키움,사직,7,1,-
2025,2025-04-17,18:30,LG,삼성,잠실,3,6,-
2025,2025-04-17,18:30,NC,두산,창원,,,기타
2025,2025-04-18,18:30,키움,KT,고척,4,3,-
2025,2025-04-18,18:30,삼성,롯데,대구,1,8,-
2025,2025-04-18,18:30,한화,NC,대전,12,4,-
2025,2025-04-18,18:30,SSG,LG,문학,1,5,-
2025,2025-04-18,18:30,두산,KIA,잠실,7,1,-
2025,2025-04-19,17:00,키움,KT,고척,1,11,-
2025,2025-04-19,17:00,삼성,롯데,대구,10,3,-
2025,2025-04-19,17:00,한화,NC,대전,7,2,-
2025,2025-04-19,14:00,SSG,LG,문학,4,11,-
2025,2025-04-19,14:00,두산,KIA,잠실,4,8,-
2025,2025-04-20,14:00,키움,KT,고척,0,5,-
2025,2025-04-20,14:00,삼성,롯데,대구,3,4,-
2025,2025-04-20,14:00,한화,NC,대전,7,1,-
2025,2025-04-20,14:00,SSG,LG,문학,9,3,-
2025,2025-04-20,14:00,두산,KIA,잠실,2,6,-
2025,2025-04-22,18:30,키움,두산,고척,5,4,-
2025,2025-04-22,18:30,삼성,KIA,대구,,,우천취소
2025,2025-04-22,18:30,롯데,한화,사직,,,우천취소
2025,2025-04-22,18:30,KT,SSG,수원,9,3,-
2025,2025-04-22,18:30,LG,NC,잠실,5,6,-
2025,2025-04-23,18:30,키움,두산,고척,2,8,-
2025,2025-04-23,18:30,삼성,KIA,대구,7,2,-
2025,2025-04-23,18:30,롯데,한화,사직,4,6,-
2025,2025-04-23,18:30,KT,SSG,수원,5,11,-
2025,2025-04-23,18:30,LG,NC,잠실,3,0,-
2025,2025-04-24,18:30,키움,두산,고척,3,9,-
2025,2025-04-24,18:30,삼성,KIA,대구,17,5,-
2025,2025-04-24,18:30,롯데,한화,사직,5,3,-
2025,2025-04-24,18:30,KT,SSG,수원,5,6,-
2025,2025-04-24,18:30,LG,NC,잠실,1,3,-
2025,2025-04-25,18:30,KIA,LG,광주,5,6,-
2025,2025-04-25,18:30,삼성,NC,대구,10,6,-
2025,2025-04-25,18:30,한화,KT,대전,1,2,-
2025,2025-04-25,18:30,SSG,키움,문학,4,3,-
2025,2025-04-25,18:30,두산,롯데,잠실,2,8,-
2025,2025-04-26,14:00,KIA,LG,광주,8,4,-
2025,2025-04-26,17:00,삼성,NC,대구,9,1,-
2025,2025-04-26,17:00,한화,KT,대전,2,1,-
2025,2025-04-26,17:00,SSG,키움,문학,1,2,-
2025,2025-04-26,14:00,두산,롯데,잠실,4,7,-
2025,2025-04-27,14:00,KIA,LG,광주,3,2,-
2025,2025-04-27,14:00,삼성,NC,대구,8,4,-
2025,2025-04-27,14:00,한화,KT,대전,4,3,-
2025,2025-04-27,14:00,SSG,키움,문학,3,7,-
2025,2025-04-27,14:00,두산,롯데,잠실,13,4,-
2025,2025-04-29,18:30,키움,롯데,고척,3,9,-
2025,2025-04-29,18:30,KIA,NC,광주,13,3,-
2025,2025-04-29,18:30,한화,LG,대전,3,2,-
2025,2025-04-29,18:30,SSG,삼성,문학,1,3,-
2025,2025-04-29,18:30,두산,KT,잠실,2,3,-
2025,2025-04-30,18:30,키움,롯데,고척,9,10,-
2025,2025-04-30,18:30,KIA,NC,광주,0,7,-
2025,2025-04-30,18:30,한화,LG,대전,5,2,-
2025,2025-04-30,18:30,SSG,삼성,문학,6,6,-
2025,2025-04-30,18:30,두산,KT,잠실,3,8,-
2025,2025-05-01,18:30,키움,롯데,고척,0,5,-
2025,2025-05-01,18:30,KIA,NC,광주,,,우천취소
2025,2025-05-01,18:30,한화,LG,대전,,,우천취소
2025,2025-05-01,18:30,SSG,삼성,문학,4,1,-
2025,2025-05-01,18:30,두산,KT,잠실,3,3,-
2025,2025-05-02,18:30,KIA,한화,광주,2,3,-
2025,2025-05-02,18:30,삼성,두산,대구,6,2,-
2025,2025-05-02,18:30,롯데,NC,사직,4,3,-
2025,2025-05-02,18:30,KT,키움,수원,3,5,-
2025,2025-05-02,18:30,LG,SSG,잠실,1,2,-
2025,2025-05-03,14:00,KIA,한화,광주,,,우천취소
2025,2025-05-03,17:00,삼성,두산,대구,1,6,-
2025,2025-05-03,17:00,롯데,NC,사직,4,13,-
2025,2025-05-03,17:00,KT,키움,수원,9,0,-
2025,2025-05-03,17:00,LG,SSG,잠실,4,1,-
2025,2025-05-04,14:00,KIA,한화,광주,1,3,-
2025,2025-05-04,14:00,삼성,두산,대구,6,11,-
2025,2025-05-04,14:00,롯데,NC,사직,6,9,-
2025,2025-05-04,14:00,KT,키움,수원,5,4,-
2025,2025-05-04,14:00,LG,SSG,잠실,12,4,-
2025,2025-05-05,14:00,키움,KIA,고척,1,13,-
2025,2025-05-05,14:00,한화,삼성,대전,3,1,-
2025,2025-05-05,14:00,롯데,SSG,사직,1,7,-
2025,2025-05-05,14:00,KT,NC,수원,2,6,-
2025,2025-05-05,14:00,두산,LG,잠실,5,2,-
2025,2025-05-06,14:00,키움,KIA,고척,3,5,-
2025,2025-05-06,14:00,한화,삼성,대전,3,1,-
2025,2025-05-06,14:00,롯데,SSG,사직,6,0,-
2025,2025-05-06,14:00,KT,NC,수원,3,6,-
2025,2025-05-06,14:00,두산,LG,잠실,1,5,-
2025,2025-05-07,18:30,키움,KIA,고척,11,10,-
2025,2025-05-07,18:30,한화,삼성,대전,10,6,-
2025,2025-05-07,18:30,롯데,SSG,사직,6,2,-
2025,2025-05-07,18:30,KT,NC,수원,2,12,-
2025,2025-05-07,18:30,두산,LG,잠실,5,2,-
2025,2025-05-09,18:30,키움,한화,고척,5,7,-
2025,2025-05-09,18:30,삼성,LG,대구,,,우천취소
2025,2025-05-09,18:30,SSG,KIA,문학,,,우천취소
2025,2025-05-09,18:30,KT,롯데,수원,,,우천취소
2025,2025-05-09,18:30,두산,NC,잠실,,,우천취소
2025,2025-05-10,14:00,키움,한화,고척,1,9,-
2025,2025-05-10,14:00,삼성,LG,대구,4,5,-
2025,2025-05-10,17:00,삼성,LG,대구,1,4,-
2025,2025-05-10,14:00,SSG,KIA,문학,,,우천취소
2025,2025-05-10,17:00,SSG,KIA,문학,4,5,-
2025,2025-05-10,14:00,KT,롯데,수원,,,우천취소
2025,2025-05-10,17:00,KT,롯데,수원,5,8,-
2025,2025-05-10,14:00,두산,NC,잠실,,,우천취소
2025,2025-05-10,17:00,두산,NC,잠실,6,6,-
2025,2025-05-11,14:00,키움,한화,고척,0,8,-
2025,2025-05-11,14:00,삼성,LG,대구,4,7,-
2025,2025-05-11,14:00,SSG,KIA,문학,8,4,-
2025,2025-05-11,17:00,SSG,KIA,문학,5,1,-
2025,2025-05-11,14:00,KT,롯데,수원,1,6,-
2025,2025-05-11,17:00,KT,롯데,수원,1,1,-
2025,2025-05-11,14:00,두산,NC,잠실,5,11,-
2025,2025-05-11,17:00,두산,NC,잠실,2,5,-
2025,2025-05-13,18:30,KIA,롯데,광주,4,1,-
2025,2025-05-13,18:30,한화,두산,대전,3,4,-
2025,2025-05-13,18:30,SSG,NC,문학,6,3,-
2025,2025-05-13,18:30,LG,키움,잠실,9,6,-
2025,2025-05-13,18:30,삼성,KT,포항,5,3,-
2025,2025-05-14,18:30,KIA,롯데,광주,0,4,-
2025,2025-05-14,18:30,한화,두산,대전,1,7,-
2025,2025-05-14,18:30,SSG,NC,문학,3,6,-
2025,2025-05-14,18:30,LG,키움,잠실,12,0,-
2025,2025-05-14,18:30,삼성,KT,포항,2,3,-
2025,2025-05-15,18:30,KIA,롯데,광주,7,6,-
2025,2025-05-15,18:30,한화,두산,대전,2,8,-
2025,2025-05-15,18:30,SSG,NC,문학,4,0,-
2025,2025-05-15,18:30,LG,키움,잠실,6,2,-
2025,2025-05-15,18:30,삼성,KT,포항,13,0,-
2025,2025-05-16,18:30,KIA,두산,광주,,,우천취소
2025,2025-05-16,18:30,한화,SSG,대전,,,우천취소
2025,2025-05-16,18:30,롯데,삼성,사직,,,우천취소
2025,2025-05-16,18:30,NC,키움,울산,,,우천취소
2025,2025-05-16,18:30,LG,KT,잠실,,,우천취소
2025,2025-05-17,14:00,KIA,두산,광주,5,2,-
2025,2025-05-17,17:00,KIA,두산,광주,4,1,-
2025,2025-05-17,14:00,한화,SSG,대전,1,0,-
2025,2025-05-17,17:00,한화,SSG,대전,2,5,-
2025,2025-05-17,14:00,롯데,삼성,사직,7,5,-
2025,2025-05-17,17:00,롯데,삼성,사직,8,7,-
2025,2025-05-17,14:00,NC,키움,울산,3,2,-
2025,2025-05-17,17:00,NC,키움,울산,2,3,-
2025,2025-05-17,14:00,LG,KT,잠실,4,12,-
2025,2025-05-17,17:00,LG,KT,잠실,6,7,-
2025,2025-05-18,14:00,KIA,두산,광주,5,4,-
2025,2025-05-18,14:00,한화,SSG,대전,3,7,-
2025,2025-05-18,14:00,롯데,삼성,사직,6,3,-
2025,2025-05-18,14:00,NC,키움,울산,5,0,-
2025,2025-05-18,14:00,LG,KT,잠실,5,1,-
2025,2025-05-20,18:30,키움,삼성,고척,3,6,-
2025,2025-05-20,18:30,롯데,LG,사직,9,17,-
2025,2025-05-20,18:30,KT,KIA,수원,5,3,-
2025,2025-05-20,18:30,NC,한화,울산,1,4,-
2025,2025-05-20,18:30,두산,SSG,잠실,3,5,-
2025,2025-05-21,18:30,키움,삼성,고척,1,6,-
2025,2025-05-21,18:30,롯데,LG,사직,7,7,-
2025,2025-05-21,18:30,KT,KIA,수원,3,1,-
2025,2025-05-21,18:30,NC,한화,울산,5,2,-
2025,2025-05-21,18:30,두산,SSG,잠실,1,9,-
2025,2025-05-22,18:30,키움,삼성,고척,0,2,-
2025,2025-05-22,18:30,롯데,LG,사직,11,4,-
2025,2025-05-22,18:30,KT,KIA,수원,3,8,-
2025,2025-05-22,18:30,NC,한화,울산,4,3,-
2025,2025-05-22,18:30,두산,SSG,잠실,6,5,-
2025,2025-05-23,18:30,키움,KT,고척,5,7,-
2025,2025-05-23,18:30,삼성,KIA,대구,6,7,-
2025,2025-05-23,18:30,한화,롯데,대전,4,2,-
2025,2025-05-23,18:30,SSG,LG,문학,2,3,-
2025,2025-05-23,18:30,두산,NC,잠실,1,1,-
2025,2025-05-24,14:00,키움,KT,고척,4,10,-
2025,2025-05-24,17:00,삼성,KIA,대구,8,4,-
2025,2025-05-24,14:00,한화,롯데,대전,6,8,-
2025,2025-05-24,17:00,SSG,LG,문학,5,4,-
2025,2025-05-24,17:00,두산,NC,잠실,1,5,-
2025,2025-05-25,14:00,키움,KT,고척,0,2,-
2025,2025-05-25,14:00,삼성,KIA,대구,3,2,-
2025,2025-05-25,14:00,한화,롯데,대전,8,7,-
2025,2025-05-25,14:00,SSG,LG,문학,3,9,-
2025,2025-05-25,14:00,두산,NC,잠실,5,3,-
2025,2025-05-27,18:30,KIA,키움,광주,7,5,-
2025,2025-05-27,18:30,삼성,롯데,대구,7,3,-
2025,2025-05-27,18:30,SSG,NC,문학,1,1,-
2025,2025-05-27,18:30,KT,두산,수원,2,1,-
2025,2025-05-27,18:30,LG,한화,잠실,2,1,-
2025,2025-05-28,18:30,KIA,키움,광주,13,7,-
2025,2025-05-28,18:30,삼성,롯데,대구,,,우천취소
2025,2025-05-28,18:30,SSG,NC,문학,13,5,-
2025,2025-05-28,18:30,KT,두산,수원,3,12,-
2025,2025-05-28,18:30,LG,한화,잠실,5,6,-
2025,2025-05-29,18:30,KIA,키움,광주,3,3,-
2025,2025-05-29,18:30,삼성,롯데,대구,9,3,-
2025,2025-05-29,18:30,SSG,NC,문학,6,5,-
2025,2025-05-29,18:30,KT,두산,수원,12,2,-
2025,2025-05-29,18:30,LG,한화,잠실,3,1,-
2025,2025-05-30,18:30,키움,두산,고척,4,9,-
2025,2025-05-30,18:30,롯데,SSG,사직,6,5,-
2025,2025-05-30,18:30,KT,KIA,수원,3,1,-
2025,2025-05-30,18:30,LG,삼성,잠실,3,4,-
2025,2025-05-30,18:30,NC,한화,창원,1,7,-
2025,2025-05-31,17:00,키움,두산,고척,1,0,-
2025,2025-05-31,17:00,롯데,SSG,사직,1,4,-
2025,2025-05-31,14:00,KT,KIA,수원,5,1,-
2025,2025-05-31,17:00,LG,삼성,잠실,2,4,-
2025,2025-05-31,14:00,NC,한화,창원,6,9,-
2025,2025-06-01,14:00,키움,두산,고척,1,0,-
2025,2025-06-01,17:00,롯데,SSG,사직,3,4,-
2025,2025-06-01,17:00,KT,KIA,수원,3,5,-
2025,2025-06-01,17:00,LG,삼성,잠실,4,6,-
2025,2025-06-01,17:00,NC,한화,창원,16,5,-
2025,2025-06-03,14:00,한화,KT,대전,10,1,-
2025,2025-06-03,17:00,SSG,삼성,문학,6,4,-
2025,2025-06-03,17:00,롯데,키움,사직,8,0,-
2025,2025-06-03,17:00,두산,KIA,잠실,3,11,-
2025,2025-06-03,14:00,NC,LG,창원,0,15,-
2025,2025-06-04,18:30,한화,KT,대전,4,3,-
2025,2025-06-04,18:30,SSG,삼성,문학,4,1,-
2025,2025-06-04,18:30,롯데,키움,사직,6,9,-
2025,2025-06-04,18:30,두산,KIA,잠실,3,8,-
2025,2025-06-04,18:30,NC,LG,창원,6,5,-
2025,2025-06-05,18:30,한화,KT,대전,0,7,-
2025,2025-06-05,18:30,SSG,삼성,문학,1,3,-
2025,2025-06-05,18:30,롯데,키움,사직,5,10,-
2025,2025-06-05,18:30,두산,KIA,잠실,2,1,-
2025,2025-06-05,18:30,NC,LG,창원,1,3,-
2025,2025-06-06,17:00,키움,LG,고척,2,1,-
2025,2025-06-06,17:00,KIA,한화,광주,3,2,-
2025,2025-06-06,17:00,삼성,NC,대구,7,3,-
2025,2025-06-06,17:00,KT,SSG,수원,10,3,-
2025,2025-06-06,17:00,두산,롯데,잠실,5,2,-
2025,2025-06-07,17:00,키움,LG,고척,4,1,-
2025,2025-06-07,17:00,KIA,한화,광주,2,3,-
2025,2025-06-07,17:00,삼성,NC,대구,7,11,-
2025,2025-06-07,17:00,KT,SSG,수원,3,2,-
2025,2025-06-07,17:00,두산,롯데,잠실,4,9,-
2025,2025-06-08,14:00,키움,LG,고척,2,7,-
2025,2025-06-08,17:00,KIA,한화,광주,7,6,-
2025,2025-06-08,17:00,삼성,NC,대구,1,0,-
2025,2025-06-08,17:00,KT,SSG,수원,2,3,-
2025,2025-06-08,17:00,두산,롯데,잠실,2,4,-
2025,2025-06-10,18:30,키움,NC,고척,2,2,-
2025,2025-06-10,18:30,KIA,삼성,광주,0,8,-
2025,2025-06-10,18:30,한화,두산,대전,6,2,-
2025,2025-06-10,18:30,KT,롯데,수원,12,3,-
2025,2025-06-10,18:30,LG,SSG,잠실,2,6,-
2025,2025-06-11,18:30,키움,NC,고척,1,7,-
2025,2025-06-11,18:30,KIA,삼성,광주,6,3,-
2025,2025-06-11,18:30,한화,두산,대전,9,1,-
2025,2025-06-11,18:30,KT,롯데,수원,3,4,-
2025,2025-06-11,18:30,LG,SSG,잠실,6,4,-
2025,2025-06-12,18:30,키움,NC,고척,6,8,-
2025,2025-06-12,18:30,KIA,삼성,광주,1,2,-
2025,2025-06-12,18:30,한화,두산,대전,3,2,-
2025,2025-06-12,18:30,KT,롯데,수원,7,12,-
2025,2025-06-12,18:30,LG,SSG,잠실,8,6,-
2025,2025-06-13,18:30,삼성,KT,대구,,,우천취소
2025,2025-06-13,18:30,한화,LG,대전,,,우천취소
2025,2025-06-13,18:30,SSG,롯데,문학,,,우천취소
2025,2025-06-13,18:30,두산,키움,잠실,,,우천취소
2025,2025-06-13,18:30,NC,KIA,창원,4,1,-
2025,2025-06-14,17:00,삼성,KT,대구,3,10,-
2025,2025-06-14,17:00,한화,LG,대전,2,2,-
2025,2025-06-14,17:00,SSG,롯데,문학,2,4,-
2025,2025-06-14,17:00,두산,키움,잠실,4,1,-
2025,2025-06-14,17:00,NC,KIA,창원,8,9,-
2025,2025-06-15,17:00,삼성,KT,대구,4,16,-
2025,2025-06-15,17:00,한화,LG,대전,10,5,-
2025,2025-06-15,17:00,SSG,롯데,문학,1,0,-
2025,2025-06-15,17:00,두산,키움,잠실,3,2,-
2025,2025-06-15,17:00,NC,KIA,창원,2,4,-
2025,2025-06-17,18:30,키움,SSG,고척,1,11,-
2025,2025-06-17,18:30,KIA,KT,광주,10,3,-
2025,2025-06-17,18:30,삼성,두산,대구,12,1,-
2025,2025-06-17,18:30,롯데,한화,사직,0,6,-
2025,2025-06-17,18:30,LG,NC,잠실,2,6,-
2025,2025-06-18,18:30,키움,SSG,고척,3,2,-
2025,2025-06-18,18:30,KIA,KT,광주,5,3,-
2025,2025-06-18,18:30,삼성,두산,대구,6,3,-
2025,2025-06-18,18:30,롯데,한화,사직,6,3,-
2025,2025-06-18,18:30,LG,NC,잠실,9,8,-
2025,2025-06-19,18:30,키움,SSG,고척,2,4,-
2025,2025-06-19,18:30,KIA,KT,광주,5,0,-
2025,2025-06-19,18:30,삼성,두산,대구,8,9,-
2025,2025-06-19,18:30,롯데,한화,사직,4,3,-
2025,2025-06-19,18:30,LG,NC,잠실,0,3,-
2025,2025-06-20,18:30,한화,키움,대전,,,우천취소
2025,2025-06-20,18:30,SSG,KIA,문학,,,우천취소
2025,2025-06-20,18:30,롯데,삼성,사직,3,1,-
2025,2025-06-20,18:30,KT,NC,수원,,,우천취소
2025,2025-06-20,18:30,LG,두산,잠실,,,우천취소
2025,2025-06-21,17:00,한화,키움,대전,,,우천취소
2025,2025-06-21,17:00,SSG,KIA,문학,5,5,-
2025,2025-06-21,17:00,롯데,삼성,사직,,,우천취소
2025,2025-06-21,17:00,KT,NC,수원,7,5,-
2025,2025-06-21,17:00,LG,두산,잠실,5,6,-
2025,2025-06-22,17:00,한화,키움,대전,10,4,-
2025,2025-06-22,17:00,SSG,KIA,문학,4,5,-
2025,2025-06-22,17:00,롯데,삼성,사직,9,6,-
2025,2025-06-22,17:00,KT,NC,수원,0,2,-
2025,2025-06-22,17:00,LG,두산,잠실,13,5,-
2025,2025-06-24,18:30,키움,KIA,고척,9,6,-
2025,2025-06-24,18:30,삼성,한화,대구,,,우천취소
2025,2025-06-24,18:30,KT,LG,수원,5,0,-
2025,2025-06-24,18:30,두산,SSG,잠실,5,0,-
2025,2025-06-24,18:30,NC,롯데,창원,,,우천취소
2025,2025-06-25,18:30,키움,KIA,고척,3,6,-
2025,2025-06-25,18:30,삼성,한화,대구,7,2,-
2025,2025-06-25,18:30,KT,LG,수원,,,우천취소
2025,2025-06-25,18:30,두산,SSG,잠실,,,우천취소
2025,2025-06-25,18:30,NC,롯데,창원,7,2,-
2025,2025-06-26,18:30,키움,KIA,고척,5,5,-
2025,2025-06-26,18:30,삼성,한화,대구,1,3,-
2025,2025-06-26,18:30,KT,LG,수원,3,4,-
2025,2025-06-26,18:30,두산,SSG,잠실,1,4,-
2025,2025-06-26,18:30,NC,롯데,창원,6,7,-
2025,2025-06-27,18:30,키움,삼성,고척,5,4,-
2025,2025-06-27,18:30,SSG,한화,문학,8,6,-
2025,2025-06-27,18:30,롯데,KT,사직,8,11,-
2025,2025-06-27,18:30,LG,KIA,잠실,4,3,-
2025,2025-06-27,18:30,NC,두산,창원,10,9,-
2025,2025-06-28,17:00,키움,삼성,고척,9,0,-
2025,2025-06-28,17:00,SSG,한화,문학,2,5,-
2025,2025-06-28,17:00,롯데,KT,사직,0,4,-
2025,2025-06-28,17:00,LG,KIA,잠실,8,9,-
2025,2025-06-28,17:00,NC,두산,창원,3,1,-
2025,2025-06-29,14:00,키움,삼성,고척,10,7,-
2025,2025-06-29,17:00,SSG,한화,문학,2,0,-
2025,2025-06-29,17:00,롯데,KT,사직,10,5,-
2025,2025-06-29,17:00,LG,KIA,잠실,2,12,-
2025,2025-06-29,17:00,NC,두산,창원,3,7,-
2025,2025-07-01,18:30,KIA,SSG,광주,3,2,-
2025,2025-07-01,18:30,한화,NC,대전,8,4,-
2025,2025-07-01,18:30,롯데,LG,사직,2,3,-
2025,2025-07-01,18:30,KT,키움,수원,3,7,-
2025,2025-07-01,18:30,두산,삼성,잠실,1,4,-
2025,2025-07-02,18:30,KIA,SSG,광주,5,8,-
2025,2025-07-02,18:30,한화,NC,대전,0,2,-
2025,2025-07-02,18:30,롯데,LG,사직,5,2,-
2025,2025-07-02,18:30,KT,키움,수원,4,2,-
2025,2025-07-02,18:30,두산,삼성,잠실,5,0,-
2025,2025-07-03,18:30,KIA,SSG,광주,3,2,-
2025,2025-07-03,18:30,한화,NC,대전,7,7,-
2025,2025-07-03,18:30,롯데,LG,사직,2,0,-
2025,2025-07-03,18:30,KT,키움,수원,6,2,-
2025,2025-07-03,18:30,두산,삼성,잠실,4,6,-
2025,2025-07-04,18:30,키움,한화,고척,1,2,-
2025,2025-07-04,18:30,KIA,롯데,광주,7,5,-
2025,2025-07-04,18:30,삼성,LG,대구,4,1,-
2025,2025-07-04,18:30,두산,KT,잠실,3,6,-
2025,2025-07-04,18:30,NC,SSG,창원,0,4,-
2025,2025-07-05,18:00,키움,한화,고척,4,6,-
2025,2025-07-05,18:00,KIA,롯데,광주,13,0,-
2025,2025-07-05,18:00,삼성,LG,대구,7,6,-
2025,2025-07-05,18:00,두산,KT,잠실,6,2,-
2025,2025-07-05,18:00,NC,SSG,창원,1,6,-
2025,2025-07-06,14:00,키움,한화,고척,1,10,-
2025,2025-07-06,18:00,KIA,롯데,광주,2,5,-
2025,2025-07-06,18:00,삼성,LG,대구,2,4,-
2025,2025-07-06,18:00,두산,KT,잠실,8,7,-
2025,2025-07-06,18:00,NC,SSG,창원,3,2,-
2025,2025-07-08,18:30,한화,KIA,대전,14,8,-
2025,2025-07-08,18:30,SSG,KT,문학,7,1,-
2025,2025-07-08,18:30,롯데,두산,사직,5,8,-
2025,2025-07-08,18:30,LG,키움,잠실,4,3,-
2025,2025-07-08,18:30,NC,삼성,창원,10,9,-
2025,2025-07-09,18:30,한화,KIA,대전,7,4,-
2025,2025-07-09,18:30,SSG,KT,문학,3,10,-
2025,2025-07-09,18:30,롯데,두산,사직,5,4,-
2025,2025-07-09,18:30,LG,키움,잠실,12,6,-
2025,2025-07-09,18:30,NC,삼성,창원,3,0,-
2025,2025-07-10,18:30,한화,KIA,대전,3,2,-
2025,2025-07-10,18:30,SSG,KT,문학,2,4,-
2025,2025-07-10,18:30,롯데,두산,사직,0,9,-
2025,2025-07-10,18:30,LG,키움,잠실,3,4,-
2025,2025-07-10,18:30,NC,삼성,창원,7,5,-
2025,2025-07-17,18:30,KIA,NC,광주,,,우천취소
2025,2025-07-17,18:30,삼성,키움,대구,,,우천취소
2025,2025-07-17,18:30,SSG,두산,문학,,,우천취소
2025,2025-07-17,18:30,KT,한화,수원,,,우천취소
2025,2025-07-17,18:30,LG,롯데,잠실,,,그라운드사정
2025,2025-07-18,18:30,KIA,NC,광주,,,우천취소
2025,2025-07-18,18:30,삼성,키움,대구,,,우천취소
2025,2025-07-18,18:30,SSG,두산,문학,,,그라운드사정
2025,2025-07-18,18:30,KT,한화,수원,0,5,-
2025,2025-07-18,18:30,LG,롯데,잠실,2,1,-
2025,2025-07-19,18:00,KIA,NC,광주,,,그라운드사정
2025,2025-07-19,18:00,삼성,키움,대구,,,우천취소
2025,2025-07-19,18:00,SSG,두산,문학,0,5,-
2025,2025-07-19,18:00,KT,한화,수원,5,6,-
2025,2025-07-19,18:00,LG,롯데,잠실,1,6,-
2025,2025-07-20,18:00,KIA,NC,광주,3,2,-
2025,2025-07-20,18:00,삼성,키움,대구,15,10,-
2025,2025-07-20,18:00,SSG,두산,문학,1,2,-
2025,2025-07-20,18:00,KT,한화,수원,0,10,-
2025,2025-07-20,18:00,LG,롯데,잠실,3,2,-
2025,2025-07-22,18:30,키움,롯데,고척,6,3,-
2025,2025-07-22,18:30,KIA,LG,광주,7,9,-
2025,2025-07-22,18:30,삼성,SSG,대구,7,5,-
2025,2025-07-22,18:30,두산,한화,잠실,1,2,-
2025,2025-07-22,18:30,NC,KT,창원,0,7,-
2025,2025-07-23,18:30,키움,롯데,고척,1,4,-
2025,2025-07-23,18:30,KIA,LG,광주,5,6,-
2025,2025-07-23,18:30,삼성,SSG,대구,9,0,-
2025,2025-07-23,18:30,두산,한화,잠실,13,2,-
2025,2025-07-23,18:30,NC,KT,창원,2,9,-
2025,2025-07-24,18:30,키움,롯데,고척,0,4,-
2025,2025-07-24,18:30,KIA,LG,광주,0,8,-
2025,2025-07-24,18:30,삼성,SSG,대구,1,3,-
2025,2025-07-24,18:30,두산,한화,잠실,4,4,-
2025,2025-07-24,18:30,NC,KT,창원,4,5,-
2025,2025-07-25,18:30,한화,SSG,대전,4,0,-
2025,2025-07-25,18:30,롯데,KIA,사직,7,4,-
2025,2025-07-25,18:30,KT,삼성,수원,8,5,-
2025,2025-07-25,18:30,두산,LG,잠실,5,6,-
2025,2025-07-25,18:30,NC,키움,창원,16,7,-
2025,2025-07-26,18:00,한화,SSG,대전,3,9,-
2025,2025-07-26,18:00,롯데,KIA,사직,9,4,-
2025,2025-07-26,18:00,KT,삼성,수원,0,11,-
2025,2025-07-26,18:00,두산,LG,잠실,3,4,-
2025,2025-07-26,18:00,NC,키움,창원,8,6,-
2025,2025-07-27,18:00,한화,SSG,대전,2,3,-
2025,2025-07-27,18:00,롯데,KIA,사직,5,3,-
2025,2025-07-27,18:00,KT,삼성,수원,4,3,-
2025,2025-07-27,18:00,두산,LG,잠실,9,6,-
2025,2025-07-27,18:00,NC,키움,창원,12,4,-
2025,2025-07-29,18:30,KIA,두산,광주,6,9,-
2025,2025-07-29,18:30,한화,삼성,대전,2,9,-
2025,2025-07-29,18:30,SSG,키움,문학,9,3,-
2025,2025-07-29,18:30,롯데,NC,사직,6,4,-
2025,2025-07-29,18:30,LG,KT,잠실,8,2,-
2025,2025-07-30,18:30,KIA,두산,광주,2,2,-
2025,2025-07-30,18:30,한화,삼성,대전,5,0,-
2025,2025-07-30,18:30,SSG,키움,문학,5,5,-
2025,2025-07-30,18:30,롯데,NC,사직,4,9,-
2025,2025-07-30,18:30,LG,KT,잠실,5,0,-
2025,2025-07-31,18:30,KIA,두산,광주,3,2,-
2025,2025-07-31,18:30,한화,삼성,대전,7,1,-
2025,2025-07-31,18:30,SSG,키움,문학,4,2,-
2025,2025-07-31,18:30,롯데,NC,사직,11,5,-
2025,2025-07-31,18:30,LG,KT,잠실,18,0,-
2025,2025-08-01,18:30,키움,롯데,고척,2,0,-
2025,2025-08-01,18:30,KIA,한화,광주,3,2,-
2025,2025-08-01,18:30,삼성,LG,대구,2,4,-
2025,2025-08-01,18:30,두산,SSG,잠실,2,7,-
2025,2025-08-01,18:30,NC,KT,창원,5,3,-
2025,2025-08-02,18:00,키움,롯데,고척,2,3,-
2025,2025-08-02,18:00,KIA,한화,광주,,,우천취소
2025,2025-08-02,18:00,삼성,LG,대구,2,3,-
2025,2025-08-02,18:00,두산,SSG,잠실,5,4,-
2025,2025-08-02,18:00,NC,KT,창원,7,6,-
2025,2025-08-03,14:00,키움,롯데,고척,3,9,-
2025,2025-08-03,18:00,KIA,한화,광주,,,우천취소
2025,2025-08-03,18:00,삼성,LG,대구,3,6,-
2025,2025-08-03,18:00,두산,SSG,잠실,2,3,-
2025,2025-08-03,18:00,NC,KT,창원,1,1,-
2025,2025-08-05,18:30,한화,KT,대전,2,5,-
2025,2025-08-05,18:30,SSG,삼성,문학,2,6,-
2025,2025-08-05,18:30,롯데,KIA,사직,0,2,-
2025,2025-08-05,18:30,LG,두산,잠실,4,2,-
2025,2025-08-05,18:30,NC,키움,창원,5,8,-
2025,2025-08-06,18:30,한화,KT,대전,5,4,-
2025,2025-08-06,18:30,SSG,삼성,문학,5,4,-
2025,2025-08-06,18:30,롯데,KIA,사직,7,1,-
2025,2025-08-06,18:30,LG,두산,잠실,8,10,-
2025,2025-08-06,18:30,NC,키움,창원,5,9,-
2025,2025-08-07,18:30,한화,KT,대전,4,5,-
2025,2025-08-07,18:30,SSG,삼성,문학,1,6,-
2025,2025-08-07,18:30,롯데,KIA,사직,5,6,-
2025,2025-08-07,18:30,LG,두산,잠실,4,3,-
2025,2025-08-07,18:30,NC,키움,창원,12,13,-
2025,2025-08-08,18:30,키움,두산,고척,2,9,-
2025,2025-08-08,18:30,롯데,SSG,사직,0,1,-
2025,2025-08-08,18:30,KT,삼성,수원,4,8,-
2025,2025-08-08,18:30,LG,한화,잠실,2,1,-
2025,2025-08-08,18:30,NC,KIA,창원,5,4,-
2025,2025-08-09,18:00,키움,두산,고척,4,6,-
2025,2025-08-09,18:00,롯데,SSG,사직,,,우천취소
2025,2025-08-09,18:00,KT,삼성,수원,3,1,-
2025,2025-08-09,18:00,LG,한화,잠실,8,1,-
2025,2025-08-09,18:00,NC,KIA,창원,,,우천취소
2025,2025-08-10,14:00,키움,두산,고척,4,3,-
2025,2025-08-10,18:00,롯데,SSG,사직,1,10,-
2025,2025-08-10,18:00,KT,삼성,수원,9,2,-
2025,2025-08-10,18:00,LG,한화,잠실,4,5,-
2025,2025-08-10,18:00,NC,KIA,창원,16,12,-
2025,2025-08-12,18:30,삼성,KIA,대구,1,5,-
2025,2025-08-12,18:30,한화,롯데,대전,2,0,-
2025,2025-08-12,18:30,SSG,키움,문학,3,1,-
2025,2025-08-12,18:30,KT,LG,수원,2,11,-
2025,2025-08-12,18:30,두산,NC,잠실,2,3,-
2025,2025-08-13,18:30,삼성,KIA,대구,1,9,-
2025,2025-08-13,18:30,한화,롯데,대전,6,0,-
2025,2025-08-13,18:30,SSG,키움,문학,,,우천취소
2025,2025-08-13,18:30,KT,LG,수원,,,우천취소
2025,2025-08-13,18:30,두산,NC,잠실,,,우천취소
2025,2025-08-14,18:30,삼성,KIA,대구,4,10,-
2025,2025-08-14,18:30,한화,롯데,대전,5,4,-
2025,2025-08-14,18:30,SSG,키움,문학,0,2,-
2025,2025-08-14,18:30,KT,LG,수원,,,그라운드사정
2025,2025-08-14,18:30,두산,NC,잠실,6,5,-
2025,2025-08-15,18:00,키움,KT,고척,7,3,-
2025,2025-08-15,18:00,SSG,LG,문학,3,5,-
2025,2025-08-15,18:00,롯데,삼성,사직,4,10,-
2025,2025-08-15,18:00,두산,KIA,잠실,6,5,-
2025,2025-08-15,18:00,NC,한화,창원,2,9,-
2025,2025-08-16,18:00,키움,KT,고척,4,3,-
2025,2025-08-16,18:00,SSG,LG,문학,10,7,-
2025,2025-08-16,18:00,롯데,삼성,사직,1,4,-
2025,2025-08-16,18:00,두산,KIA,잠실,4,3,-
2025,2025-08-16,18:00,NC,한화,창원,9,6,-
2025,2025-08-17,14:00,키움,KT,고척,3,5,-
2025,2025-08-17,18:00,SSG,LG,문학,1,6,-
2025,2025-08-17,18:00,롯데,삼성,사직,8,8,-
2025,2025-08-17,18:00,두산,KIA,잠실,4,2,-
2025,2025-08-17,18:00,NC,한화,창원,9,4,-
2025,2025-08-19,18:30,KIA,키움,광주,12,9,-
2025,2025-08-19,18:30,한화,두산,대전,5,6,-
2025,2025-08-19,18:30,KT,SSG,수원,5,4,-
2025,2025-08-19,18:30,LG,롯데,잠실,5,2,-
2025,2025-08-19,18:30,NC,삼성,창원,2,6,-
2025,2025-08-20,18:30,KIA,키움,광주,1,6,-
2025,2025-08-20,18:30,한화,두산,대전,9,13,-
2025,2025-08-20,18:30,KT,SSG,수원,3,5,-
2025,2025-08-20,18:30,LG,롯데,잠실,5,3,-
2025,2025-08-20,18:30,NC,삼성,창원,3,4,-
2025,2025-08-21,18:30,KIA,키움,광주,10,11,-
2025,2025-08-21,18:30,한화,두산,대전,3,6,-
2025,2025-08-21,18:30,KT,SSG,수원,1,7,-
2025,2025-08-21,18:30,LG,롯데,잠실,6,6,-
2025,2025-08-21,18:30,NC,삼성,창원,7,5,-
2025,2025-08-22,18:30,KIA,LG,광주,2,14,-
2025,2025-08-22,18:30,삼성,키움,대구,8,2,-
2025,2025-08-22,18:30,한화,SSG,대전,0,1,-
2025,2025-08-22,18:30,두산,KT,잠실,8,13,-
2025,2025-08-22,18:30,NC,롯데,창원,7,6,-
2025,2025-08-23,18:00,KIA,LG,광주,2,6,-
2025,2025-08-23,18:00,삼성,키움,대구,12,8,-
2025,2025-08-23,18:00,한화,SSG,대전,5,0,-
2025,2025-08-23,18:00,두산,KT,잠실,2,6,-
2025,2025-08-23,18:00,NC,롯데,창원,4,1,-
2025,2025-08-24,18:00,KIA,LG,광주,1,2,-
2025,2025-08-24,18:00,삼성,키움,대구,7,4,-
2025,2025-08-24,18:00,한화,SSG,대전,5,2,-
2025,2025-08-24,18:00,두산,KT,잠실,2,3,-
2025,2025-08-24,18:00,NC,롯데,창원,5,17,-
2025,2025-08-26,18:30,키움,한화,고척,1,3,-
2025,2025-08-26,18:30,SSG,KIA,문학,9,5,-
2025,2025-08-26,18:30,롯데,KT,사직,4,3,-
2025,2025-08-26,18:30,두산,삼성,잠실,2,6,-
2025,2025-08-26,18:30,NC,LG,창원,9,7,-
2025,2025-08-27,18:30,키움,한화,고척,1,3,-
2025,2025-08-27,18:30,SSG,KIA,문학,2,4,-
2025,2025-08-27,18:30,롯데,KT,사직,2,7,-
2025,2025-08-27,18:30,두산,삼성,잠실,1,14,-
2025,2025-08-27,18:30,NC,LG,창원,1,10,-
2025,2025-08-28,18:30,키움,한화,고척,3,9,-
2025,2025-08-28,18:30,SSG,KIA,문학,6,10,-
2025,2025-08-28,18:30,롯데,KT,사직,3,2,-
2025,2025-08-28,18:30,두산,삼성,잠실,7,6,-
2025,2025-08-28,18:30,NC,LG,창원,3,4,-
2025,2025-08-29,18:30,한화,삼성,대전,3,5,-
2025,2025-08-29,18:30,SSG,NC,문학,8,0,-
2025,2025-08-29,18:30,롯데,두산,사직,1,7,-
2025,2025-08-29,18:30,KT,KIA,수원,1,10,-
2025,2025-08-29,18:30,LG,키움,잠실,2,3,-
2025,2025-08-30,18:00,한화,삼성,대전,0,4,-
2025,2025-08-30,18:00,SSG,NC,문학,2,12,-
2025,2025-08-30,18:00,롯데,두산,사직,8,8,-
2025,2025-08-30,18:00,KT,KIA,수원,8,2,-
2025,2025-08-30,18:00,LG,키움,잠실,6,5,-
2025,2025-08-31,18:00,한화,삼성,대전,3,5,-
2025,2025-08-31,18:00,SSG,NC,문학,10,8,-
2025,2025-08-31,18:00,롯데,두산,사직,5,1,-
2025,2025-08-31,18:00,KT,KIA,수원,7,6,-
2025,2025-08-31,18:00,LG,키움,잠실,5,6,-
2025,2025-09-02,18:30,한화,KIA,대전,21,3,-
2025,2025-09-02,18:30,SSG,키움,문학,6,1,-
2025,2025-09-02,18:30,KT,NC,수원,4,9,-
2025,2025-09-02,18:30,LG,롯데,잠실,3,2,-
2025,2025-09-03,18:30,KIA,SSG,광주,1,2,-
2025,2025-09-03,18:30,삼성,키움,대구,3,4,-
2025,2025-09-03,18:30,한화,NC,대전,6,5,-
2025,2025-09-03,18:30,KT,롯데,수원,9,8,-
2025,2025-09-04,18:30,KIA,SSG,광주,,,우천취소
2025,2025-09-04,18:30,삼성,키움,대구,,,우천취소
2025,2025-09-04,18:30,KT,LG,수원,8,10,-
2025,2025-09-04,18:30,NC,두산,창원,3,12,-
2025,2025-09-05,18:30,KIA,KT,광주,,,우천취소
2025,2025-09-05,18:30,삼성,키움,대구,8,3,-
2025,2025-09-05,18:30,SSG,롯데,문학,7,5,-
2025,2025-09-05,18:30,NC,두산,창원,3,9,-
2025,2025-09-06,17:00,삼성,한화,대구,4,7,-
2025,2025-09-06,17:00,SSG,롯데,문학,,,우천취소
2025,2025-09-06,17:00,두산,LG,잠실,,,우천취소
2025,2025-09-06,17:00,NC,KIA,창원,4,8,-
2025,2025-09-07,17:00,삼성,한화,대구,4,3,-
2025,2025-09-07,17:00,LG,SSG,잠실,3,7,-
2025,2025-09-07,17:00,NC,KIA,창원,2,1,-
2025,2025-09-09,18:30,키움,LG,고척,11,2,-
2025,2025-09-09,18:30,KIA,삼성,광주,,,그라운드사정
2025,2025-09-09,18:30,롯데,한화,사직,1,9,-
2025,2025-09-09,18:30,KT,두산,수원,8,1,-
2025,2025-09-09,18:30,NC,SSG,창원,,,우천취소
2025,2025-09-10,18:30,KIA,삼성,광주,4,0,-
2025,2025-09-10,18:30,롯데,한화,사직,0,13,-
2025,2025-09-10,18:30,두산,LG,잠실,4,8,-
2025,2025-09-10,18:30,NC,SSG,창원,5,4,-
2025,2025-09-11,18:30,키움,NC,고척,4,1,-
2025,2025-09-11,18:30,KIA,롯데,광주,3,4,-
2025,2025-09-11,18:30,삼성,SSG,대구,4,8,-
2025,2025-09-11,18:30,LG,KT,잠실,4,6,-
2025,2025-09-12,18:30,KIA,두산,광주,5,4,-
2025,2025-09-12,18:30,한화,키움,대전,,,우천취소
2025,2025-09-12,18:30,LG,NC,잠실,,,우천취소
2025,2025-09-13,17:00,삼성,KT,대구,3,5,-
2025,2025-09-13,17:00,한화,키움,대전,10,5,-
2025,2025-09-13,17:00,롯데,SSG,사직,12,11,-
2025,2025-09-13,17:00,LG,KIA,잠실,3,6,-
2025,2025-09-13,17:00,NC,두산,창원,6,4,-
2025,2025-09-14,17:00,삼성,KT,대구,6,2,-
2025,2025-09-14,17:00,한화,키움,대전,10,13,-
2025,2025-09-14,17:00,LG,KIA,잠실,14,0,-
2025,2025-09-14,17:00,NC,두산,창원,6,0,-
2025,2025-09-15,18:30,한화,키움,대전,7,6,-
2025,2025-09-16,18:30,KIA,한화,광주,1,11,-
2025,2025-09-16,18:30,삼성,롯데,대구,7,5,-
2025,2025-09-16,18:30,KT,LG,수원,6,10,-
2025,2025-09-16,18:30,두산,키움,잠실,1,4,-
2025,2025-09-16,18:30,NC,SSG,창원,3,7,-
2025,2025-09-17,18:30,KIA,한화,광주,2,6,-
2025,2025-09-17,18:30,삼성,롯데,대구,,,그라운드사정
2025,2025-09-17,18:30,KT,LG,수원,,,우천취소
2025,2025-09-17,18:30,두산,키움,잠실,2,4,-
2025,2025-09-17,15:00,NC,SSG,창원,,,우천취소
2025,2025-09-17,18:30,NC,SSG,창원,4,0,-
2025,2025-09-18,18:30,KIA,한화,광주,3,4,-
2025,2025-09-18,15:00,KT,LG,수원,2,6,-
2025,2025-09-18,18:30,KT,LG,수원,1,14,-
2025,2025-09-18,18:30,두산,키움,잠실,3,2,-
2025,2025-09-18,18:30,NC,삼성,창원,5,9,-
2025,2025-09-19,18:30,SSG,두산,문학,,,우천취소
2025,2025-09-19,18:30,KT,한화,수원,,,우천취소
2025,2025-09-19,18:30,NC,롯데,창원,2,18,-
2025,2025-09-20,17:00,KIA,NC,광주,5,4,-
2025,2025-09-20,17:00,SSG,두산,문학,15,2,-
2025,2025-09-20,17:00,롯데,키움,사직,5,15,-
2025,2025-09-20,17:00,KT,한화,수원,4,2,-
2025,2025-09-20,17:00,LG,삼성,잠실,4,14,-
2025,2025-09-21,14:00,KIA,NC,광주,6,7,-
2025,2025-09-21,14:00,SSG,두산,문학,7,3,-
2025,2025-09-21,14:00,KT,삼성,수원,6,3,-
2025,2025-09-22,18:30,SSG,두산,문학,2,9,-
2025,2025-09-23,18:30,삼성,두산,대구,7,5,-
2025,2025-09-23,18:30,SSG,KIA,문학,5,0,-
2025,2025-09-23,18:30,KT,키움,수원,7,0,-
2025,2025-09-23,18:30,롯데,NC,울산,2,4,-
2025,2025-09-24,18:30,키움,KIA,고척,0,2,-
2025,2025-09-24,18:30,삼성,롯데,대구,9,4,-
2025,2025-09-24,18:30,SSG,한화,문학,,,우천취소
2025,2025-09-24,18:30,NC,LG,창원,10,5,-
2025,2025-09-25,18:30,삼성,키움,대구,12,3,-
2025,2025-09-25,18:30,SSG,KT,문학,1,10,-
2025,2025-09-25,18:30,롯데,LG,울산,1,11,-
2025,2025-09-25,18:30,두산,한화,잠실,7,0,-
2025,2025-09-26,18:30,한화,LG,대전,4,1,-
2025,2025-09-26,18:30,SSG,KT,문학,5,2,-
2025,2025-09-26,18:30,롯데,삼성,사직,10,9,-
2025,2025-09-26,18:30,두산,NC,잠실,0,3,-
2025,2025-09-27,17:00,KIA,NC,광주,1,2,-
2025,2025-09-27,17:00,한화,LG,대전,2,9,-
2025,2025-09-27,17:00,두산,SSG,잠실,2,6,-
2025,2025-09-28,14:00,키움,삼성,고척,2,4,-
2025,2025-09-28,14:00,KIA,NC,광주,,,우천취소
2025,2025-09-28,14:00,한화,LG,대전,,,우천취소
2025,2025-09-28,14:00,두산,롯데,잠실,7,2,-
2025,2025-09-29,18:30,KIA,NC,광주,4,13,-
2025,2025-09-29,18:30,한화,LG,대전,7,3,-
2025,2025-09-29,18:30,SSG,롯데,문학,4,2,-
2025,2025-09-30,18:30,키움,SSG,고척,3,4,-
2025,2025-09-30,18:30,삼성,KIA,대구,5,0,-
2025,2025-09-30,18:30,한화,롯데,대전,1,0,-
2025,2025-09-30,18:30,LG,두산,잠실,0,6,-
2025,2025-09-30,18:30,NC,KT,창원,9,4,-
2025,2025-10-01,18:30,KIA,KT,광주,3,9,-
2025,2025-10-01,18:30,SSG,한화,문학,6,5,-
2025,2025-10-01,18:30,LG,NC,잠실,3,7,-
2025,2025-10-02,18:30,KIA,SSG,광주,7,2,-
2025,2025-10-03,17:00,KIA,삼성,광주,,,우천취소
2025,2025-10-03,17:00,KT,한화,수원,6,6,-
2025,2025-10-03,17:00,NC,SSG,창원,,,우천취소
2025,2025-10-04,17:00,KIA,삼성,광주,9,8,-
2025,2025-10-04,17:00,NC,SSG,창원,7,1,-
2026,2026-03-28,14:00,삼성,롯데,대구,3,6,-
2026,2026-03-28,14:00,한화,키움,대전,10,9,-
2026,2026-03-28,14:00,SSG,KIA,문학,7,6,-
2026,2026-03-28,14:00,LG,KT,잠실,7,11,-
2026,2026-03-28,14:00,NC,두산,창원,6,0,-
2026,2026-03-29,14:00,삼성,롯데,대구,2,6,-
2026,2026-03-29,14:00,한화,키움,대전,10,4,-
2026,2026-03-29,14:00,SSG,KIA,문학,11,6,-
2026,2026-03-29,14:00,LG,KT,잠실,5,6,-
2026,2026-03-29,14:00,NC,두산,창원,6,9,-
2026,2026-03-31,18:30,삼성,두산,대구,5,5,-
2026,2026-03-31,18:30,한화,KT,대전,4,9,-
2026,2026-03-31,18:30,SSG,키움,문학,9,3,-
2026,2026-03-31,18:30,LG,KIA,잠실,2,7,-
2026,2026-03-31,18:30,NC,롯데,창원,9,2,-
2026,2026-04-01,18:30,삼성,두산,대구,13,3,-
2026,2026-04-01,18:30,한화,KT,대전,11,14,-
2026,2026-04-01,18:30,SSG,키움,문학,2,11,-
2026,2026-04-01,18:30,LG,KIA,잠실,7,2,-
2026,2026-04-01,18:30,NC,롯데,창원,5,4,-
2026,2026-04-02,18:30,삼성,두산,대구,5,2,-
2026,2026-04-02,18:30,한화,KT,대전,8,13,-
2026,2026-04-02,18:30,SSG,키움,문학,11,1,-
2026,2026-04-02,18:30,LG,KIA,잠실,2,1,-
2026,2026-04-02,18:30,NC,롯데,창원,8,4,-
2026,2026-04-03,18:30,키움,LG,고척,5,2,-
2026,2026-04-03,18:30,KIA,NC,광주,2,5,-
2026,2026-04-03,18:30,롯데,SSG,사직,2,17,-
2026,2026-04-03,18:30,KT,삼성,수원,1,2,-
2026,2026-04-03,18:30,두산,한화,잠실,6,11,-
2026,2026-04-04,17:00,키움,LG,고척,4,6,-
2026,2026-04-04,17:00,KIA,NC,광주,0,6,-
2026,2026-04-04,17:00,롯데,SSG,사직,6,7,-
2026,2026-04-04,17:00,KT,삼성,수원,6,8,-
2026,2026-04-04,14:00,두산,한화,잠실,3,9,-
2026,2026-04-05,14:00,키움,LG,고척,5,6,-
2026,2026-04-05,14:00,KIA,NC,광주,3,0,-
2026,2026-04-05,14:00,롯데,SSG,사직,3,4,-
2026,2026-04-05,14:00,KT,삼성,수원,2,0,-
2026,2026-04-05,14:00,두산,한화,잠실,8,0,-
2026,2026-04-07,18:30,KIA,삼성,광주,3,10,-
2026,2026-04-07,18:30,SSG,한화,문학,2,6,-
2026,2026-04-07,18:30,롯데,KT,사직,3,7,-
2026,2026-04-07,18:30,두산,키움,잠실,2,5,-
2026,2026-04-07,18:30,NC,LG,창원,0,2,-
2026,2026-04-08,18:30,KIA,삼성,광주,15,5,-
2026,2026-04-08,18:30,SSG,한화,문학,3,4,-
2026,2026-04-08,18:30,롯데,KT,사직,6,1,-
2026,2026-04-08,18:30,두산,키움,잠실,7,3,-
2026,2026-04-08,18:30,NC,LG,창원,4,5,-
2026,2026-04-09,18:30,KIA,삼성,광주,,,우천취소
2026,2026-04-09,18:30,SSG,한화,문학,,,우천취소
2026,2026-04-09,18:30,롯데,KT,사직,,,우천취소
2026,2026-04-09,18:30,두산,키움,잠실,,,우천취소
2026,2026-04-09,18:30,NC,LG,창원,,,우천취소
2026,2026-04-10,18:30,키움,롯데,고척,1,3,-
2026,2026-04-10,18:30,삼성,NC,대구,8,5,-
2026,2026-04-10,18:30,한화,KIA,대전,5,6,-
2026,2026-04-10,18:30,KT,두산,수원,7,8,-
2026,2026-04-10,18:30,LG,SSG,잠실,10,2,-
2026,2026-04-11,17:00,키움,롯데,고척,1,3,-
2026,2026-04-11,17:00,삼성,NC,대구,5,4,-
2026,2026-04-11,14:00,한화,KIA,대전,5,6,-
2026,2026-04-11,17:00,KT,두산,수원,6,4,-
2026,2026-04-11,17:00,LG,SSG,잠실,4,3,-
2026,2026-04-12,14:00,키움,롯데,고척,2,0,-
2026,2026-04-12,14:00,삼성,NC,대구,9,3,-
2026,2026-04-12,14:00,한화,KIA,대전,3,9,-
2026,2026-04-12,14:00,KT,두산,수원,6,1,-
2026,2026-04-12,14:00,LG,SSG,잠실,9,1,-
2026,2026-04-14,18:30,KIA,키움,광주,6,2,-
2026,2026-04-14,18:30,한화,삼성,대전,5,6,-
2026,2026-04-14,18:30,SSG,두산,문학,3,11,-
2026,2026-04-14,18:30,LG,롯데,잠실,2,1,-
2026,2026-04-14,18:30,NC,KT,창원,7,4,-
2026,2026-04-15,18:30,KIA,키움,광주,7,5,-
2026,2026-04-15,18:30,한화,삼성,대전,5,13,-
2026,2026-04-15,18:30,SSG,두산,문학,6,0,-
2026,2026-04-15,18:30,LG,롯데,잠실,0,2,-
2026,2026-04-15,18:30,NC,KT,창원,2,10,-
2026,2026-04-16,18:30,KIA,키움,광주,5,1,-
2026,2026-04-16,18:30,한화,삼성,대전,1,6,-
2026,2026-04-16,18:30,SSG,두산,문학,2,1,-
2026,2026-04-16,18:30,LG,롯데,잠실,7,4,-
2026,2026-04-16,18:30,NC,KT,창원,3,4,-
2026,2026-04-17,18:30,삼성,LG,대구,,,우천취소
2026,2026-04-17,18:30,롯데,한화,사직,,,우천취소
2026,2026-04-17,18:30,KT,키움,수원,5,0,-
2026,2026-04-17,18:30,두산,KIA,잠실,3,7,-
2026,2026-04-17,18:30,NC,SSG,창원,,,우천취소
2026,2026-04-18,14:00,삼성,LG,대구,7,2,-
2026,2026-04-18,17:00,롯데,한화,사직,0,5,-
2026,2026-04-18,17:00,KT,키움,수원,4,2,-
2026,2026-04-18,17:00,두산,KIA,잠실,5,4,-
2026,2026-04-18,17:00,NC,SSG,창원,3,11,-
2026,2026-04-19,14:00,삼성,LG,대구,0,5,-
2026,2026-04-19,14:00,롯데,한화,사직,1,9,-
2026,2026-04-19,17:00,KT,키움,수원,1,3,-
2026,2026-04-19,14:00,두산,KIA,잠실,6,3,-
2026,2026-04-19,14:00,NC,SSG,창원,9,2,-
2026,2026-04-21,18:30,키움,NC,고척,2,1,-
2026,2026-04-21,18:30,삼성,SSG,대구,4,5,-
2026,2026-04-21,18:30,롯데,두산,사직,2,6,-
2026,2026-04-21,18:30,KT,KIA,수원,6,5,-
2026,2026-04-21,18:30,LG,한화,잠실,6,5,-
2026,2026-04-22,18:30,키움,NC,고척,3,0,-
2026,2026-04-22,18:30,삼성,SSG,대구,2,3,-
2026,2026-04-22,18:30,롯데,두산,사직,1,9,-
2026,2026-04-22,18:30,KT,KIA,수원,8,3,-
2026,2026-04-22,18:30,LG,한화,잠실,3,0,-
2026,2026-04-23,18:30,키움,NC,고척,2,12,-
2026,2026-04-23,18:30,삼성,SSG,대구,2,8,-
2026,2026-04-23,18:30,롯데,두산,사직,6,1,-
2026,2026-04-23,18:30,KT,KIA,수원,8,3,-
2026,2026-04-23,18:30,LG,한화,잠실,4,8,-
2026,2026-04-24,18:30,키움,삼성,고척,6,4,-
2026,2026-04-24,18:30,KIA,롯데,광주,4,0,-
2026,2026-04-24,18:30,한화,NC,대전,3,7,-
2026,2026-04-24,18:30,SSG,KT,문학,5,0,-
2026,2026-04-24,18:30,두산,LG,잠실,1,4,-
2026,2026-04-25,17:00,키움,삼성,고척,4,2,-
2026,2026-04-25,17:00,KIA,롯데,광주,4,3,-
2026,2026-04-25,17:00,한화,NC,대전,8,1,-
2026,2026-04-25,17:00,SSG,KT,문학,3,1,-
2026,2026-04-25,14:00,두산,LG,잠실,5,7,-
2026,2026-04-26,14:00,키움,삼성,고척,2,0,-
2026,2026-04-26,14:00,KIA,롯데,광주,5,5,-
2026,2026-04-26,14:00,한화,NC,대전,3,5,-
2026,2026-04-26,14:00,SSG,KT,문학,2,12,-
2026,2026-04-26,14:00,두산,LG,잠실,4,3,-
2026,2026-04-28,18:30,한화,SSG,대전,7,6,-
2026,2026-04-28,18:30,롯데,키움,사직,5,4,-
2026,2026-04-28,18:30,KT,LG,수원,6,5,-
2026,2026-04-28,18:30,두산,삼성,잠실,4,5,-
2026,2026-04-28,18:30,NC,KIA,창원,5,4,-
2026,2026-04-29,18:30,한화,SSG,대전,1,6,-
2026,2026-04-29,18:30,롯데,키움,사직,5,6,-
2026,2026-04-29,18:30,KT,LG,수원,5,4,-
2026,2026-04-29,18:30,두산,삼성,잠실,4,0,-
2026,2026-04-29,18:30,NC,KIA,창원,4,9,-
2026,2026-04-30,18:30,한화,SSG,대전,3,14,-
2026,2026-04-30,18:30,롯데,키움,사직,3,1,-
2026,2026-04-30,18:30,KT,LG,수원,5,6,-
2026,2026-04-30,18:30,두산,삼성,잠실,8,5,-
2026,2026-04-30,18:30,NC,KIA,창원,7,2,-
2026,2026-05-01,17:00,키움,두산,고척,6,16,-
2026,2026-05-01,17:00,KIA,KT,광주,3,4,-
2026,2026-05-01,17:00,삼성,한화,대구,4,3,-
2026,2026-05-01,17:00,SSG,롯데,문학,7,10,-
2026,2026-05-01,17:00,LG,NC,잠실,5,1,-
2026,2026-05-02,17:00,키움,두산,고척,4,2,-
2026,2026-05-02,17:00,KIA,KT,광주,6,0,-
2026,2026-05-02,17:00,삼성,한화,대구,3,13,-
2026,2026-05-02,14:00,SSG,롯데,문학,5,7,-
2026,2026-05-02,17:00,LG,NC,잠실,13,5,-
2026,2026-05-03,14:00,키움,두산,고척,3,14,-
2026,2026-05-03,14:00,KIA,KT,광주,4,6,-
2026,2026-05-03,14:00,삼성,한화,대구,7,6,-
2026,2026-05-03,14:00,SSG,롯데,문학,2,5,-
2026,2026-05-03,14:00,LG,NC,잠실,3,10,-
2026,2026-05-05,14:00,KIA,한화,광주,12,7,-
2026,2026-05-05,14:00,삼성,키움,대구,11,1,-
2026,2026-05-05,14:00,SSG,NC,문학,7,7,-
2026,2026-05-05,14:00,KT,롯데,수원,5,4,-
2026,2026-05-05,14:00,LG,두산,잠실,2,1,-
2026,2026-05-06,18:30,KIA,한화,광주,2,7,-
2026,2026-05-06,18:30,삼성,키움,대구,2,1,-
2026,2026-05-06,18:30,SSG,NC,문학,7,6,-
2026,2026-05-06,18:30,KT,롯데,수원,1,8,-
2026,2026-05-06,18:30,LG,두산,잠실,6,1,-
2026,2026-05-07,18:30,KIA,한화,광주,8,11,-
2026,2026-05-07,18:30,삼성,키움,대구,6,0,-
2026,2026-05-07,18:30,SSG,NC,문학,5,10,-
2026,2026-05-07,18:30,KT,롯데,수원,,,우천취소
2026,2026-05-07,18:30,LG,두산,잠실,2,3,-
2026,2026-05-08,18:30,키움,KT,고척,0,8,-
2026,2026-05-08,18:30,한화,LG,대전,8,9,-
2026,2026-05-08,18:30,롯데,KIA,사직,2,8,-
2026,2026-05-08,18:30,두산,SSG,잠실,1,4,-
2026,2026-05-08,18:30,NC,삼성,창원,3,4,-
2026,2026-05-09,17:00,키움,KT,고척,6,6,-
2026,2026-05-09,14:00,한화,LG,대전,11,3,-
2026,2026-05-09,17:00,롯데,KIA,사직,1,3,-
2026,2026-05-09,17:00,두산,SSG,잠실,9,4,-
2026,2026-05-09,17:00,NC,삼성,창원,4,5,-
2026,2026-05-10,14:00,키움,KT,고척,5,1,-
2026,2026-05-10,14:00,한화,LG,대전,9,3,-
2026,2026-05-10,14:00,롯데,KIA,사직,7,3,-
2026,2026-05-10,14:00,두산,SSG,잠실,3,1,-
2026,2026-05-10,14:00,NC,삼성,창원,1,11,-
2026,2026-05-12,18:30,키움,한화,고척,5,11,-
2026,2026-05-12,18:30,KIA,두산,광주,1,5,-
2026,2026-05-12,18:30,롯데,NC,사직,1,8,-
2026,2026-05-12,18:30,KT,SSG,수원,1,5,-
2026,2026-05-12,18:30,LG,삼성,잠실,1,9,-
2026,2026-05-13,18:30,키움,한화,고척,3,2,-
2026,2026-05-13,18:30,KIA,두산,광주,9,2,-
2026,2026-05-13,18:30,롯데,NC,사직,10,5,-
2026,2026-05-13,18:30,KT,SSG,수원,18,4,-
2026,2026-05-13,18:30,LG,삼성,잠실,5,3,-
2026,2026-05-14,18:30,키움,한화,고척,1,10,-
2026,2026-05-14,18:30,KIA,두산,광주,5,3,-
2026,2026-05-14,18:30,롯데,NC,사직,4,5,-
2026,2026-05-14,18:30,KT,SSG,수원,10,16,-
2026,2026-05-14,18:30,LG,삼성,잠실,5,9,-
2026,2026-05-15,18:30,삼성,KIA,대구,4,5,-
2026,2026-05-15,18:30,SSG,LG,문학,7,8,-
2026,2026-05-15,18:30,KT,한화,수원,3,5,-
2026,2026-05-15,18:30,두산,롯데,잠실,5,6,-
2026,2026-05-15,18:30,NC,키움,창원,1,4,-
2026,2026-05-16,17:00,삼성,KIA,대구,5,2,-
2026,2026-05-16,17:00,SSG,LG,문학,4,3,-
2026,2026-05-16,14:00,KT,한화,수원,5,10,-
2026,2026-05-16,17:00,두산,롯데,잠실,10,9,-
2026,2026-05-16,17:00,NC,키움,창원,9,2,-
2026,2026-05-17,14:00,삼성,KIA,대구,7,16,-
2026,2026-05-17,14:00,SSG,LG,문학,4,6,-
2026,2026-05-17,14:00,KT,한화,수원,8,7,-
2026,2026-05-17,14:00,두산,롯데,잠실,8,4,-
2026,2026-05-17,14:00,NC,키움,창원,2,3,-
2026,2026-05-19,18:30,키움,SSG,고척,7,6,-
2026,2026-05-19,18:30,KIA,LG,광주,14,0,-
2026,2026-05-19,18:30,한화,롯데,대전,4,6,-
2026,2026-05-19,18:30,두산,NC,잠실,9,3,-
2026,2026-05-19,18:30,삼성,KT,포항,10,2,-
2026,2026-05-20,18:30,키움,SSG,고척,6,5,-
2026,2026-05-20,18:30,KIA,LG,광주,,,우천취소
2026,2026-05-20,18:30,한화,롯데,대전,,,우천취소
2026,2026-05-20,18:30,두산,NC,잠실,,,우천취소
2026,2026-05-20,18:30,삼성,KT,포항,,,우천취소
2026,2026-05-21,18:30,키움,SSG,고척,6,0,-
2026,2026-05-21,18:30,KIA,LG,광주,3,5,-
2026,2026-05-21,18:30,한화,롯데,대전,2,8,-
2026,2026-05-21,18:30,두산,NC,잠실,1,0,-
2026,2026-05-21,18:30,삼성,KT,포항,8,5,-
2026,2026-05-22,18:30,KIA,SSG,광주,5,2,-
2026,2026-05-22,18:30,한화,두산,대전,5,3,-
2026,2026-05-22,18:30,롯데,삼성,사직,5,7,-
2026,2026-05-22,18:30,KT,NC,수원,7,4,-
2026,2026-05-22,18:30,LG,키움,잠실,0,7,-
2026,2026-05-23,17:00,KIA,SSG,광주,5,4,-
2026,2026-05-23,17:00,한화,두산,대전,5,2,-
2026,2026-05-23,17:00,롯데,삼성,사직,7,5,-
2026,2026-05-23,17:00,KT,NC,수원,10,5,-
2026,2026-05-23,14:00,LG,키움,잠실,5,2,-
2026,2026-05-24,14:00,KIA,SSG,광주,3,2,-
2026,2026-05-24,14:00,한화,두산,대전,5,2,-
2026,2026-05-24,14:00,롯데,삼성,사직,0,10,-
2026,2026-05-24,14:00,KT,NC,수원,5,8,-
2026,2026-05-24,14:00,LG,키움,잠실,6,4,-
2026,2026-05-26,18:30,키움,KIA,고척,2,5,-
2026,2026-05-26,18:30,SSG,삼성,문학,,,우천취소
2026,2026-05-26,18:30,롯데,LG,사직,1,2,-
2026,2026-05-26,18:30,두산,KT,잠실,0,6,-
2026,2026-05-26,18:30,NC,한화,창원,,,우천취소
2026,2026-05-27,18:30,키움,KIA,고척,2,9,-
2026,2026-05-27,18:30,SSG,삼성,문학,1,4,-
2026,2026-05-27,18:30,롯데,LG,사직,6,8,-
2026,2026-05-27,18:30,두산,KT,잠실,5,0,-
2026,2026-05-27,18:30,NC,한화,창원,6,4,-
2026,2026-05-28,18:30,키움,KIA,고척,0,5,-
2026,2026-05-28,18:30,SSG,삼성,문학,1,10,-
2026,2026-05-28,18:30,롯데,LG,사직,8,5,-
2026,2026-05-28,18:30,두산,KT,잠실,3,11,-
2026,2026-05-28,18:30,NC,한화,창원,7,18,-
2026,2026-05-29,18:30,키움,KT,고척,1,7,-
2026,2026-05-29,18:30,삼성,두산,대구,7,9,-
2026,2026-05-29,18:30,한화,SSG,대전,4,3,-
2026,2026-05-29,18:30,LG,KIA,잠실,12,2,-
2026,2026-05-29,18:30,NC,롯데,창원,2,6,-
2026,2026-05-30,17:00,키움,KT,고척,7,8,-
2026,2026-05-30,14:00,삼성,두산,대구,7,8,-
2026,2026-05-30,17:00,한화,SSG,대전,13,10,-
2026,2026-05-30,17:00,LG,KIA,잠실,3,1,-
2026,2026-05-30,17:00,NC,롯데,창원,6,2,-
2026,2026-05-31,14:00,키움,KT,고척,1,5,-
2026,2026-05-31,14:00,삼성,두산,대구,9,4,-
2026,2026-05-31,14:00,한화,SSG,대전,6,2,-
2026,2026-05-31,14:00,LG,KIA,잠실,5,3,-
2026,2026-05-31,14:00,NC,롯데,창원,8,2,-
2026,2026-06-02,18:30,KIA,롯데,광주,5,4,-
2026,2026-06-02,18:30,삼성,NC,대구,8,7,-
2026,2026-06-02,18:30,SSG,키움,문학,6,12,-
2026,2026-06-02,18:30,KT,LG,수원,1,10,-
2026,2026-06-02,18:30,두산,한화,잠실,5,3,-
2026,2026-06-03,17:00,KIA,롯데,광주,3,8,-
2026,2026-06-03,17:00,삼성,NC,대구,4,6,-
2026,2026-06-03,17:00,SSG,키움,문학,5,4,-
2026,2026-06-03,17:00,KT,LG,수원,7,6,-
2026,2026-06-03,17:00,두산,한화,잠실,3,3,-
2026,2026-06-04,18:30,KIA,롯데,광주,10,0,-
2026,2026-06-04,18:30,삼성,NC,대구,3,6,-
2026,2026-06-04,18:30,SSG,키움,문학,7,6,-
2026,2026-06-04,18:30,KT,LG,수원,5,7,-
2026,2026-06-04,18:30,두산,한화,잠실,3,1,-
2026,2026-06-05,18:30,KIA,삼성,광주,5,2,-
2026,2026-06-05,18:30,SSG,KT,문학,6,5,-
2026,2026-06-05,18:30,롯데,한화,사직,2,9,-
2026,2026-06-05,18:30,두산,키움,잠실,4,3,-
2026,2026-06-05,18:30,NC,LG,창원,4,5,-
2026,2026-06-06,17:00,KIA,삼성,광주,2,3,-
2026,2026-06-06,14:00,SSG,KT,문학,3,7,-
2026,2026-06-06,17:00,롯데,한화,사직,2,7,-
2026,2026-06-06,17:00,두산,키움,잠실,9,1,-
2026,2026-06-06,17:00,NC,LG,창원,8,5,-
2026,2026-06-07,17:00,KIA,삼성,광주,7,6,-
2026,2026-06-07,17:00,SSG,KT,문학,7,0,-
2026,2026-06-07,17:00,롯데,한화,사직,8,9,-
2026,2026-06-07,17:00,두산,키움,잠실,1,4,-
2026,2026-06-07,17:00,NC,LG,창원,7,6,-
2026,2026-06-09,18:30,키움,NC,고척,7,6,-
2026,2026-06-09,18:30,한화,KIA,대전,4,6,-
2026,2026-06-09,18:30,롯데,두산,사직,5,6,-
2026,2026-06-09,18:30,KT,삼성,수원,5,2,-
2026,2026-06-09,18:30,LG,SSG,잠실,8,2,-
2026,2026-06-10,18:30,키움,NC,고척,2,4,-
2026,2026-06-10,18:30,한화,KIA,대전,4,3,-
2026,2026-06-10,18:30,롯데,두산,사직,3,1,-
2026,2026-06-10,18:30,KT,삼성,수원,4,3,-
2026,2026-06-10,18:30,LG,SSG,잠실,8,6,-
2026,2026-06-11,18:30,키움,NC,고척,2,3,-
2026,2026-06-11,18:30,한화,KIA,대전,5,1,-
2026,2026-06-11,18:30,롯데,두산,사직,7,12,-
2026,2026-06-11,18:30,KT,삼성,수원,1,8,-
2026,2026-06-11,18:30,LG,SSG,잠실,15,1,-
2026,2026-06-12,18:30,키움,한화,고척,4,3,-
2026,2026-06-12,18:30,KIA,두산,광주,2,4,-
2026,2026-06-12,18:30,삼성,SSG,대구,3,5,-
2026,2026-06-12,18:30,KT,NC,수원,3,2,-
2026,2026-06-12,18:30,LG,롯데,잠실,5,16,-
2026,2026-06-13,17:00,키움,한화,고척,3,1,-
2026,2026-06-13,17:00,KIA,두산,광주,2,1,-
2026,2026-06-13,17:00,삼성,SSG,대구,7,6,-
2026,2026-06-13,17:00,KT,NC,수원,11,9,-
2026,2026-06-13,17:00,LG,롯데,잠실,5,3,-
2026,2026-06-14,14:00,키움,한화,고척,3,2,-
2026,2026-06-14,17:00,KIA,두산,광주,1,8,-
2026,2026-06-14,17:00,삼성,SSG,대구,10,8,-
2026,2026-06-14,17:00,KT,NC,수원,,,우천취소
2026,2026-06-14,17:00,LG,롯데,잠실,6,1,-
2026,2026-06-16,18:30,KIA,LG,광주,2,8,-
2026,2026-06-16,18:30,삼성,키움,대구,4,1,-
2026,2026-06-16,18:30,SSG,롯데,문학,6,10,-
2026,2026-06-16,18:30,두산,KT,잠실,2,6,-
2026,2026-06-16,18:30,NC,한화,창원,6,5,-
2026,2026-06-17,18:30,KIA,LG,광주,5,4,-
2026,2026-06-17,18:30,삼성,키움,대구,1,0,-
2026,2026-06-17,18:30,SSG,롯데,문학,1,2,-
2026,2026-06-17,18:30,두산,KT,잠실,1,8,-
2026,2026-06-17,18:30,NC,한화,창원,5,4,-
2026,2026-06-18,18:30,KIA,LG,광주,4,2,-
2026,2026-06-18,18:30,삼성,키움,대구,4,3,-
2026,2026-06-18,18:30,SSG,롯데,문학,2,2,-
2026,2026-06-18,18:30,두산,KT,잠실,2,1,-
2026,2026-06-18,18:30,NC,한화,창원,6,0,-
2026,2026-06-19,18:30,키움,롯데,고척,1,2,-
2026,2026-06-19,18:30,한화,삼성,대전,3,3,-
2026,2026-06-19,18:30,KT,KIA,수원,3,11,-
2026,2026-06-19,18:30,LG,두산,잠실,3,2,-
2026,2026-06-19,18:30,NC,SSG,창원,9,3,-
2026,2026-06-20,17:00,키움,롯데,고척,1,7,-
2026,2026-06-20,17:00,한화,삼성,대전,10,4,-
2026,2026-06-20,17:00,KT,KIA,수원,10,9,-
2026,2026-06-20,17:00,LG,두산,잠실,4,2,-
2026,2026-06-20,17:00,NC,SSG,창원,5,12,-
2026,2026-06-21,14:00,키움,롯데,고척,3,6,-
2026,2026-06-21,17:00,한화,삼성,대전,1,3,-
2026,2026-06-21,17:00,KT,KIA,수원,5,11,-
2026,2026-06-21,17:00,LG,두산,잠실,9,3,-
2026,2026-06-21,17:00,NC,SSG,창원,3,7,-
2026,2026-06-23,18:30,키움,KIA,고척,3,7,-
2026,2026-06-23,18:30,한화,두산,대전,3,2,-
2026,2026-06-23,18:30,롯데,NC,사직,3,2,-
2026,2026-06-23,18:30,KT,SSG,수원,13,2,-
2026,2026-06-23,18:30,LG,삼성,잠실,4,3,-
2026,2026-06-24,18:30,키움,KIA,고척,3,10,-
2026,2026-06-24,18:30,한화,두산,대전,2,7,-
2026,2026-06-24,18:30,롯데,NC,사직,5,3,-
2026,2026-06-24,18:30,KT,SSG,수원,4,5,-
2026,2026-06-24,18:30,LG,삼성,잠실,2,0,-
2026,2026-06-25,18:30,키움,KIA,고척,4,9,-
2026,2026-06-25,18:30,한화,두산,대전,3,5,-
2026,2026-06-25,18:30,롯데,NC,사직,2,8,-
2026,2026-06-25,18:30,KT,SSG,수원,12,7,-
2026,2026-06-25,18:30,LG,삼성,잠실,6,13,-
2026,2026-06-26,18:30,삼성,KT,대구,9,1,-
2026,2026-06-26,18:30,SSG,한화,문학,2,9,-
2026,2026-06-26,18:30,롯데,LG,사직,3,2,-
2026,2026-06-26,18:30,두산,KIA,잠실,3,2,-
2026,2026-06-26,18:30,NC,키움,창원,11,4,-
2026,2026-06-27,17:00,삼성,KT,대구,4,3,-
2026,2026-06-27,17:00,SSG,한화,문학,1,8,-
2026,2026-06-27,17:00,롯데,LG,사직,7,8,-
2026,2026-06-27,17:00,두산,KIA,잠실,8,1,-
2026,2026-06-27,17:00,NC,키움,창원,1,3,-
2026,2026-06-28,17:00,삼성,KT,대구,7,4,-
2026,2026-06-28,17:00,SSG,한화,문학,3,6,-
2026,2026-06-28,17:00,롯데,LG,사직,11,9,-
2026,2026-06-28,17:00,두산,KIA,잠실,1,12,-
2026,2026-06-28,17:00,NC,키움,창원,9,2,-
2026,2026-06-30,18:30,키움,LG,고척,6,0,-
2026,2026-06-30,18:30,KIA,SSG,광주,10,3,-
2026,2026-06-30,18:30,한화,KT,대전,,,우천취소
2026,2026-06-30,18:30,두산,롯데,잠실,5,0,-
2026,2026-06-30,18:30,NC,삼성,창원,7,13,-
2026,2026-07-01,18:30,키움,LG,고척,4,10,-
2026,2026-07-01,18:30,KIA,SSG,광주,6,6,-
2026,2026-07-01,18:30,한화,KT,대전,4,7,-
2026,2026-07-01,18:30,두산,롯데,잠실,2,5,-
2026,2026-07-01,18:30,NC,삼성,창원,10,5,-
2026,2026-07-02,18:30,키움,LG,고척,5,7,-
2026,2026-07-02,18:30,KIA,SSG,광주,8,7,-
2026,2026-07-02,18:30,한화,KT,대전,14,3,-
2026,2026-07-02,18:30,두산,롯데,잠실,8,3,-
2026,2026-07-02,18:30,NC,삼성,창원,1,6,-
2026,2026-07-03,18:30,키움,두산,고척,6,5,-
2026,2026-07-03,18:30,KIA,NC,광주,3,11,-
2026,2026-07-03,18:30,SSG,삼성,문학,4,6,-
2026,2026-07-03,18:30,KT,롯데,수원,0,4,-
2026,2026-07-03,18:30,LG,한화,잠실,1,8,-
2026,2026-07-04,18:00,키움,두산,고척,5,8,-
2026,2026-07-04,18:00,KIA,NC,광주,4,5,-
2026,2026-07-04,18:00,SSG,삼성,문학,7,13,-
2026,2026-07-04,18:00,KT,롯데,수원,1,4,-
2026,2026-07-04,18:00,LG,한화,잠실,5,3,-
2026,2026-07-05,14:00,키움,두산,고척,1,8,-
2026,2026-07-05,18:00,KIA,NC,광주,,,그라운드사정
2026,2026-07-05,18:00,SSG,삼성,문학,3,13,-
2026,2026-07-05,18:00,KT,롯데,수원,4,2,-
2026,2026-07-05,18:00,LG,한화,잠실,,,그라운드사정
2026,2026-07-07,18:30,삼성,LG,대구,9,2,-
2026,2026-07-07,18:30,한화,NC,대전,6,9,-
2026,2026-07-07,18:30,롯데,KIA,사직,10,2,-
2026,2026-07-07,18:30,KT,키움,수원,3,0,-
2026,2026-07-07,18:30,두산,SSG,잠실,2,4,-
2026,2026-07-08,18:30,삼성,LG,대구,2,8,-
2026,2026-07-08,18:30,한화,NC,대전,,,우천취소
2026,2026-07-08,18:30,롯데,KIA,사직,11,3,-
2026,2026-07-08,18:30,KT,키움,수원,7,3,-
2026,2026-07-08,18:30,두산,SSG,잠실,7,3,-
2026,2026-07-09,18:30,삼성,LG,대구,6,5,-
2026,2026-07-09,18:30,한화,NC,대전,6,4,-
2026,2026-07-09,18:30,롯데,KIA,사직,2,5,-
2026,2026-07-09,18:30,KT,키움,수원,,,우천취소
2026,2026-07-09,18:30,두산,SSG,잠실,7,0,-
2026,2026-07-16,18:30,삼성,롯데,대구,4,1,-
2026,2026-07-16,18:30,한화,키움,대전,5,14,-
2026,2026-07-16,18:30,SSG,KIA,문학,6,0,-
2026,2026-07-16,18:30,LG,KT,잠실,3,4,-
2026,2026-07-16,18:30,NC,두산,창원,4,2,-
2026,2026-07-17,18:00,삼성,롯데,대구,,,우천취소
2026,2026-07-17,18:00,한화,키움,대전,6,7,-
2026,2026-07-17,18:00,SSG,KIA,문학,3,6,-
2026,2026-07-17,18:00,LG,KT,잠실,1,6,-
2026,2026-07-17,18:00,NC,두산,창원,2,4,-
2026,2026-07-18,18:00,삼성,롯데,대구,5,0,-
2026,2026-07-18,18:00,한화,키움,대전,2,4,-
2026,2026-07-18,18:00,SSG,KIA,문학,2,12,-
2026,2026-07-18,18:00,LG,KT,잠실,2,8,-
2026,2026-07-18,18:00,NC,두산,창원,9,12,-
2026,2026-07-19,18:00,삼성,롯데,대구,8,11,-
2026,2026-07-19,18:00,한화,키움,대전,9,9,-
2026,2026-07-19,18:00,SSG,KIA,문학,5,9,-
2026,2026-07-19,18:00,LG,KT,잠실,1,4,-
2026,2026-07-19,18:00,NC,두산,창원,3,10,-
2026,2026-07-21,18:30,키움,삼성,고척,6,8,-
2026,2026-07-21,18:30,KIA,한화,광주,7,3,-
2026,2026-07-21,18:30,롯데,SSG,사직,6,2,-
2026,2026-07-21,18:30,KT,두산,수원,2,2,-
2026,2026-07-21,18:30,LG,NC,잠실,5,7,-
2026,2026-07-22,18:30,키움,삼성,고척,3,1,-
2026,2026-07-22,18:30,KIA,한화,광주,3,7,-
2026,2026-07-22,18:30,롯데,SSG,사직,3,7,-
2026,2026-07-22,18:30,KT,두산,수원,,,그라운드사정
2026,2026-07-22,18:30,LG,NC,잠실,,,우천취소
2026,2026-07-23,18:30,키움,삼성,고척,1,3,-
2026,2026-07-23,18:30,KIA,한화,광주,3,9,-
2026,2026-07-23,18:30,롯데,SSG,사직,2,5,-
2026,2026-07-23,18:30,KT,두산,수원,,,그라운드사정
2026,2026-07-23,18:30,LG,NC,잠실,5,7,-
2026,2026-07-24,18:30,KIA,키움,광주,5,8,-
2026,2026-07-24,18:30,한화,LG,대전,8,4,-
2026,2026-07-24,18:30,SSG,NC,문학,7,3,-
2026,2026-07-24,18:30,롯데,KT,사직,4,5,-
2026,2026-07-24,18:30,두산,삼성,잠실,4,15,-
2026,2026-07-25,18:00,KIA,키움,광주,9,5,-
2026,2026-07-25,18:00,한화,LG,대전,11,15,-
2026,2026-07-25,18:00,SSG,NC,문학,10,4,-
2026,2026-07-25,18:00,롯데,KT,사직,1,6,-
2026,2026-07-25,18:00,두산,삼성,잠실,1,4,-
2026,2026-07-26,18:00,KIA,키움,광주,3,8,-
2026,2026-07-26,18:00,한화,LG,대전,14,4,-
2026,2026-07-26,18:00,SSG,NC,문학,5,5,-
2026,2026-07-26,18:00,롯데,KT,사직,15,1,-
2026,2026-07-26,18:00,두산,삼성,잠실,7,0,-
2026,2026-07-28,18:30,삼성,KIA,대구,12,5,-
2026,2026-07-28,18:30,한화,롯데,대전,3,9,-
2026,2026-07-28,18:30,SSG,두산,문학,1,2,-
2026,2026-07-28,18:30,LG,키움,잠실,5,3,-
2026,2026-07-28,18:30,NC,KT,창원,0,10,-
2026,2026-07-29,18:30,삼성,KIA,대구,4,9,-
2026,2026-07-29,18:30,한화,롯데,대전,5,3,-
2026,2026-07-29,18:30,SSG,두산,문학,6,2,-
2026,2026-07-29,18:30,LG,키움,잠실,11,18,-
2026,2026-07-29,18:30,NC,KT,창원,3,10,-
2026,2026-07-30,18:30,삼성,KIA,대구,3,12,-
2026,2026-07-30,18:30,한화,롯데,대전,3,2,-
2026,2026-07-30,18:30,SSG,두산,문학,3,5,-
2026,2026-07-30,18:30,LG,키움,잠실,5,3,-
2026,2026-07-30,18:30,NC,KT,창원,2,10,-
2026,2026-07-31,18:30,키움,SSG,고척,12,7,-
2026,2026-07-31,18:30,롯데,삼성,사직,7,9,-
2026,2026-07-31,18:30,KT,한화,수원,5,3,-
2026,2026-07-31,18:30,두산,LG,잠실,4,2,-
2026,2026-07-31,18:30,NC,KIA,창원,10,4,-
2026,2026-08-01,18:00,키움,SSG,고척,2,10,-
2026,2026-08-01,18:00,롯데,삼성,사직,,,폭염취소
2026,2026-08-01,18:00,KT,한화,수원,7,4,-
2026,2026-08-01,18:00,두산,LG,잠실,2,2,-
2026,2026-08-01,18:00,NC,KIA,창원,,,폭염취소
2026,2026-08-02,14:00,키움,SSG,고척,5,3,-
2026,2026-08-02,18:00,롯데,삼성,사직,10,7,-
2026,2026-08-02,18:00,KT,한화,수원,12,1,-
2026,2026-08-02,18:00,두산,LG,잠실,8,3,-
2026,2026-08-02,18:00,NC,KIA,창원,,,폭염취소
2026,2026-08-04,18:30,KIA,KT,광주,,,폭염취소
2026,2026-08-04,18:30,삼성,한화,대구,1,4,-
2026,2026-08-04,18:30,SSG,LG,문학,10,8,-
2026,2026-08-04,18:30,롯데,키움,사직,3,2,-
2026,2026-08-04,18:30,두산,NC,잠실,,,폭염취소
2026,2026-08-05,18:30,KIA,KT,광주,,,폭염취소
2026,2026-08-05,18:30,삼성,한화,대구,,,폭염취소
2026,2026-08-05,18:30,SSG,LG,문학,,,폭염취소
2026,2026-08-05,18:30,롯데,키움,사직,,,폭염취소
2026,2026-08-05,18:30,두산,NC,잠실,,,폭염취소
2026,2026-08-06,18:30,KIA,KT,광주,,,폭염취소
2026,2026-08-06,18:30,삼성,한화,대구,,,폭염취소
2026,2026-08-06,18:30,SSG,LG,문학,,,폭염취소
2026,2026-08-06,18:30,롯데,키움,사직,,,폭염취소
2026,2026-08-06,18:30,두산,NC,잠실,,,폭염취소
2026,2026-08-07,18:30,삼성,두산,대구,,,폭염취소
2026,2026-08-07,18:30,한화,키움,대전,,,폭염취소
2026,2026-08-07,18:30,KT,롯데,수원,,,폭염취소
2026,2026-08-07,18:30,LG,KIA,잠실,,,폭염취소
2026,2026-08-07,18:30,NC,SSG,창원,,,폭염취소
2026,2026-08-08,18:00,삼성,두산,대구,,,폭염취소
2026,2026-08-08,18:00,한화,키움,대전,,,폭염취소
2026,2026-08-08,18:00,KT,롯데,수원,,,폭염취소
2026,2026-08-08,18:00,LG,KIA,잠실,,,폭염취소
2026,2026-08-08,18:00,NC,SSG,창원,,,폭염취소
2026,2026-08-09,18:00,삼성,두산,대구,,,폭염취소
2026,2026-08-09,18:00,한화,키움,대전,,,폭염취소
2026,2026-08-09,18:00,KT,롯데,수원,,,폭염취소
2026,2026-08-09,18:00,LG,KIA,잠실,,,폭염취소
2026,2026-08-09,18:00,NC,SSG,창원,,,폭염취소
2026,2026-08-11,19:00,키움,LG,고척,3,8,-
2026,2026-08-11,19:00,KIA,삼성,광주,3,1,-
2026,2026-08-11,19:00,SSG,롯데,문학,8,4,-
2026,2026-08-11,19:00,두산,한화,잠실,6,3,-
2026,2026-08-11,19:00,NC,KT,창원,3,7,-
2026,2026-08-12,19:00,키움,LG,고척,4,3,-
2026,2026-08-12,19:00,KIA,삼성,광주,7,2,-
2026,2026-08-12,19:00,SSG,롯데,문학,9,1,-
2026,2026-08-12,19:00,두산,한화,잠실,3,4,-
2026,2026-08-12,19:00,NC,KT,창원,3,0,-
2026,2026-08-13,19:00,키움,LG,고척,6,13,-
2026,2026-08-13,19:00,KIA,삼성,광주,8,9,-
2026,2026-08-13,19:00,SSG,롯데,문학,0,11,-
2026,2026-08-13,19:00,두산,한화,잠실,9,6,-
2026,2026-08-13,19:00,NC,KT,창원,6,5,-
2026,2026-08-14,19:00,KIA,두산,광주,4,10,-
2026,2026-08-14,19:00,삼성,한화,대구,8,5,-
2026,2026-08-14,19:00,롯데,NC,사직,8,9,-
2026,2026-08-14,19:00,KT,키움,수원,8,3,-
2026,2026-08-14,19:00,LG,SSG,잠실,3,5,-
2026,2026-08-15,19:00,KIA,두산,광주,6,1,-
2026,2026-08-15,19:00,삼성,한화,대구,11,6,-
2026,2026-08-15,19:00,롯데,NC,사직,8,5,-
2026,2026-08-15,19:00,KT,키움,수원,5,10,-
2026,2026-08-15,19:00,LG,SSG,잠실,4,1,-
2026,2026-08-16,19:00,KIA,두산,광주,2,1,-
2026,2026-08-16,19:00,삼성,한화,대구,,,그라운드사정
2026,2026-08-16,19:00,롯데,NC,사직,,,우천취소
2026,2026-08-16,19:00,KT,키움,수원,6,2,-
2026,2026-08-16,19:00,LG,SSG,잠실,0,6,-
2026,2026-08-18,19:00,삼성,SSG,대구,4,5,-
2026,2026-08-18,19:00,한화,KIA,대전,3,4,-
2026,2026-08-18,19:00,롯데,키움,사직,15,10,-
2026,2026-08-18,19:00,LG,KT,잠실,9,1,-
2026,2026-08-18,19:00,NC,두산,창원,4,6,-
2026,2026-08-19,19:00,삼성,SSG,대구,18,4,-
2026,2026-08-19,19:00,한화,KIA,대전,3,6,-
2026,2026-08-19,19:00,롯데,키움,사직,5,4,-
2026,2026-08-19,19:00,LG,KT,잠실,1,0,-
2026,2026-08-19,19:00,NC,두산,창원,2,8,-
2026,2026-08-20,19:00,삼성,SSG,대구,4,6,-
2026,2026-08-20,19:00,한화,KIA,대전,6,10,-
2026,2026-08-20,19:00,롯데,키움,사직,7,1,-
2026,2026-08-20,19:00,LG,KT,잠실,4,16,-
2026,2026-08-20,19:00,NC,두산,창원,5,4,-
2026,2026-08-21,19:00,키움,KIA,고척,1,11,-
2026,2026-08-21,19:00,한화,LG,대전,15,11,-
2026,2026-08-21,19:00,SSG,KT,문학,3,3,-
2026,2026-08-21,19:00,두산,롯데,잠실,4,11,-
2026,2026-08-21,19:00,NC,삼성,창원,3,2,-
2026,2026-08-22,18:00,키움,KIA,고척,3,1,-
2026,2026-08-22,19:00,한화,LG,대전,,,우천취소
2026,2026-08-22,19:00,SSG,KT,문학,,,우천취소
2026,2026-08-22,19:00,두산,롯데,잠실,,,우천취소
2026,2026-08-22,19:00,NC,삼성,창원,6,8,-
2026,2026-08-23,14:00,키움,KIA,고척,8,7,-
2026,2026-08-23,19:00,한화,LG,대전,3,12,-
2026,2026-08-23,19:00,SSG,KT,문학,1,3,-
2026,2026-08-23,19:00,두산,롯데,잠실,3,1,-
2026,2026-08-23,19:00,NC,삼성,창원,1,2,-
2026,2026-08-25,18:30,키움,삼성,고척,3,3,-
2026,2026-08-25,18:30,KIA,롯데,광주,8,5,-
2026,2026-08-25,18:30,SSG,한화,문학,7,1,-
2026,2026-08-25,18:30,KT,두산,수원,1,3,-
2026,2026-08-25,18:30,LG,NC,잠실,5,4,-
2026,2026-08-26,18:30,키움,삼성,고척,2,12,-
2026,2026-08-26,18:30,KIA,롯데,광주,16,11,-
2026,2026-08-26,18:30,SSG,한화,문학,6,1,-
2026,2026-08-26,18:30,KT,두산,수원,5,4,-
2026,2026-08-26,18:30,LG,NC,잠실,8,0,-
2026,2026-08-27,18:30,키움,삼성,고척,2,15,-
2026,2026-08-27,18:30,KIA,롯데,광주,,,우천취소
2026,2026-08-27,18:30,SSG,한화,문학,13,6,-
2026,2026-08-27,18:30,KT,두산,수원,5,4,-
2026,2026-08-27,18:30,LG,NC,잠실,3,13,-
2026,2026-08-28,18:30,KIA,SSG,광주,,,우천취소
2026,2026-08-28,18:30,삼성,KT,대구,,,그라운드사정
2026,2026-08-28,18:30,한화,NC,대전,,,우천취소
2026,2026-08-28,18:30,롯데,LG,사직,,,우천취소
2026,2026-08-28,18:30,두산,키움,잠실,,,그라운드사정
2026,2026-08-29,18:00,KIA,SSG,광주,2,1,-
2026,2026-08-29,18:00,삼성,KT,대구,4,2,-
2026,2026-08-29,18:00,한화,NC,대전,4,11,-
2026,2026-08-29,18:00,롯데,LG,사직,3,8,-
2026,2026-08-29,18:00,두산,키움,잠실,7,2,-
2026,2026-08-30,18:00,KIA,SSG,광주,,,우천취소
2026,2026-08-30,18:00,삼성,KT,대구,,,우천취소
2026,2026-08-30,18:00,한화,NC,대전,7,10,-
2026,2026-08-30,18:00,롯데,LG,사직,,,우천취소
2026,2026-08-30,18:00,두산,키움,잠실,15,1,-
2026,2026-09-01,18:30,키움,SSG,고척,0,4,-
2026,2026-09-01,18:30,삼성,롯데,대구,3,0,-
2026,2026-09-01,18:30,KT,한화,수원,6,1,-
2026,2026-09-01,18:30,두산,LG,잠실,1,3,-
2026,2026-09-01,18:30,NC,KIA,창원,7,2,-
2026,2026-09-02,18:30,키움,SSG,고척,6,9,-
2026,2026-09-02,18:30,삼성,롯데,대구,8,5,-
2026,2026-09-02,18:30,KT,한화,수원,9,6,-
2026,2026-09-02,18:30,두산,LG,잠실,1,5,-
2026,2026-09-02,18:30,NC,KIA,창원,3,2,-
2026,2026-09-03,18:30,키움,SSG,고척,3,2,-
2026,2026-09-03,18:30,삼성,롯데,대구,2,3,-
2026,2026-09-03,18:30,KT,한화,수원,13,11,-
2026,2026-09-03,18:30,두산,LG,잠실,0,1,-
2026,2026-09-03,18:30,NC,KIA,창원,,,우천취소
2026,2026-09-04,18:30,키움,NC,고척,1,6,-
2026,2026-09-04,18:30,KIA,KT,광주,4,3,-
2026,2026-09-04,18:30,SSG,두산,문학,4,0,-
2026,2026-09-04,18:30,롯데,한화,사직,4,14,-
2026,2026-09-04,18:30,LG,삼성,잠실,4,3,-
2026,2026-09-05,17:00,키움,NC,고척,1,2,-
2026,2026-09-05,17:00,KIA,KT,광주,6,3,-
2026,2026-09-05,17:00,SSG,두산,문학,3,2,-
2026,2026-09-05,17:00,롯데,한화,사직,6,11,-
2026,2026-09-05,17:00,LG,삼성,잠실,3,4,-
2026,2026-09-06,14:00,키움,NC,고척,4,2,-
2026,2026-09-06,17:00,KIA,KT,광주,8,3,-
2026,2026-09-06,17:00,SSG,두산,문학,9,16,-
2026,2026-09-06,17:00,롯데,한화,사직,2,8,-
2026,2026-09-06,17:00,LG,삼성,잠실,4,10,-
2026,2026-09-08,18:30,삼성,KIA,대구,6,4,-
2026,2026-09-08,18:30,한화,두산,대전,6,1,-
2026,2026-09-08,18:30,KT,SSG,수원,3,1,-
2026,2026-09-08,18:30,LG,키움,잠실,3,8,-
2026,2026-09-08,18:30,NC,롯데,창원,3,6,-
2026,2026-09-09,18:30,KIA,NC,광주,4,5,-
2026,2026-09-09,18:30,삼성,KT,대구,0,2,-
2026,2026-09-09,18:30,한화,LG,대전,19,3,-
2026,2026-09-09,18:30,두산,SSG,잠실,0,1,-
2026,2026-09-10,18:30,KIA,NC,광주,1,2,-
2026,2026-09-10,18:30,SSG,한화,문학,4,3,-
2026,2026-09-10,18:30,롯데,KT,사직,3,16,-
2026,2026-09-10,18:30,두산,키움,잠실,5,0,-
2026,2026-09-11,18:30,KIA,SSG,광주,5,2,-
2026,2026-09-11,18:30,삼성,키움,대구,6,4,-
2026,2026-09-11,18:30,한화,NC,대전,7,9,-
2026,2026-09-11,18:30,롯데,KT,사직,1,7,-
2026,2026-09-12,17:00,키움,롯데,고척,0,8,-
2026,2026-09-12,17:00,삼성,LG,대구,3,4,-
2026,2026-09-12,17:00,KT,KIA,수원,6,2,-
2026,2026-09-12,17:00,두산,NC,잠실,9,10,-
2026,2026-09-13,17:00,KIA,한화,광주,9,2,-
2026,2026-09-13,17:00,삼성,LG,대구,5,13,-
2026,2026-09-13,17:00,KT,롯데,수원,5,2,-
2026,2026-09-13,17:00,두산,NC,잠실,9,2,-
2026,2026-09-15,18:30,삼성,롯데,대구,7,3,-
2026,2026-09-15,18:30,한화,KT,대전,3,13,-
2026,2026-09-15,18:30,SSG,KIA,문학,6,3,-
2026,2026-09-15,18:30,NC,LG,창원,2,3,-
2026,2026-09-16,18:30,한화,KT,대전,4,4,-
2026,2026-09-16,18:30,롯데,SSG,사직,1,4,-
2026,2026-09-16,18:30,두산,삼성,잠실,3,1,-
2026,2026-09-16,18:30,NC,LG,창원,2,9,-
2026,2026-09-17,18:30,KIA,키움,광주,2,0,-
2026,2026-09-17,18:30,NC,SSG,창원,1,2,-
2026,2026-09-18,18:30,한화,삼성,대전,4,10,-
2026,2026-09-18,18:30,롯데,NC,사직,9,6,-
2026,2026-09-18,18:30,KT,LG,수원,1,12,-
2026,2026-09-18,18:30,두산,키움,잠실,6,6,-
2026,2026-09-19,17:00,롯데,삼성,사직,5,3,-
2026,2026-09-19,17:00,KT,두산,수원,15,3,-
2026,2026-09-19,17:00,LG,한화,잠실,2,1,-
2026,2026-09-19,17:00,NC,KIA,창원,1,5,-
2026,2026-09-20,14:00,SSG,키움,문학,10,5,-
2026,2026-09-20,14:00,롯데,삼성,사직,13,6,-
2026,2026-09-20,14:00,KT,두산,수원,9,8,-
2026,2026-09-20,14:00,LG,한화,잠실,4,3,-
2026,2026-09-20,14:00,NC,KIA,창원,6,8,-
2026,2026-09-22,18:30,키움,두산,고척,,,-
2026,2026-09-22,18:30,삼성,NC,대구,,,-
2026,2026-09-22,18:30,한화,롯데,대전,,,-
2026,2026-09-22,18:30,SSG,KT,문학,,,-
2026,2026-09-23,18:30,한화,롯데,대전,,,-
2026,2026-09-23,18:30,KT,NC,수원,,,-
2026,2026-09-23,18:30,두산,KIA,잠실,,,-
2026,2026-09-24,17:00,SSG,삼성,문학,,,-
2026,2026-09-24,17:00,KT,NC,수원,,,-
2026,2026-09-24,17:00,LG,롯데,잠실,,,-
2026,2026-09-25,17:00,SSG,삼성,문학,,,-
2026,2026-09-25,17:00,두산,롯데,잠실,,,-
2026,2026-09-25,17:00,NC,한화,창원,,,-
2026,2026-09-26,17:00,KIA,LG,광주,,,-
2026,2026-09-26,17:00,KT,키움,수원,,,-
2026,2026-09-26,17:00,NC,한화,창원,,,-
2026,2026-09-27,17:00,KIA,LG,광주,,,-
2026,2026-09-27,17:00,롯데,한화,사직,,,-
2026,2026-09-27,17:00,두산,KT,잠실,,,-
2026,2026-09-27,17:00,NC,키움,창원,,,-
2026,2026-09-29,18:30,KIA,KT,광주,,,-
2026,2026-09-29,18:30,삼성,한화,대구,,,-
2026,2026-09-29,18:30,SSG,LG,문학,,,-
2026,2026-09-29,18:30,롯데,키움,사직,,,-
2026,2026-09-29,18:30,두산,NC,잠실,,,-
2026,2026-09-30,18:30,KIA,KT,광주,,,-
2026,2026-09-30,18:30,삼성,한화,대구,,,-
2026,2026-09-30,18:30,SSG,LG,문학,,,-
2026,2026-09-30,18:30,롯데,키움,사직,,,-
2026,2026-09-30,18:30,두산,NC,잠실,,,-
2026,2026-10-01,18:30,KIA,KT,광주,,,-
2026,2026-10-01,18:30,삼성,한화,대구,,,-
2026,2026-10-01,18:30,SSG,LG,문학,,,-
2026,2026-10-01,18:30,두산,NC,잠실,,,-
2026,2026-10-03,14:00,삼성,두산,대구,,,-
2026,2026-10-03,14:00,한화,키움,대전,,,-
2026,2026-10-03,14:00,KT,롯데,수원,,,-
2026,2026-10-03,14:00,LG,KIA,잠실,,,-
2026,2026-10-03,14:00,NC,SSG,창원,,,-
2026,2026-10-04,14:00,삼성,두산,대구,,,-
2026,2026-10-04,14:00,한화,키움,대전,,,-
2026,2026-10-04,17:00,KT,롯데,수원,,,-
2026,2026-10-04,14:00,LG,KIA,잠실,,,-
2026,2026-10-04,14:00,NC,SSG,창원,,,-
2026,2026-10-05,14:00,삼성,두산,대구,,,-
2026,2026-10-05,14:00,한화,키움,대전,,,-
2026,2026-10-05,14:00,KT,롯데,수원,,,-
2026,2026-10-05,14:00,LG,KIA,잠실,,,-
2026,2026-10-05,14:00,NC,SSG,창원,,,-
2026,2026-10-06,18:30,키움,KT,고척,,,-
2026,2026-10-06,18:30,KIA,삼성,광주,,,-
2026,2026-10-06,18:30,한화,SSG,대전,,,-
2026,2026-10-06,18:30,롯데,두산,사직,,,-
2026,2026-10-06,18:30,LG,NC,잠실,,,-
2026,2026-10-07,18:30,키움,한화,고척,,,-
2026,2026-10-07,18:30,SSG,NC,문학,,,-
2026,2026-10-07,18:30,롯데,KIA,사직,,,-
2026,2026-10-07,18:30,KT,삼성,수원,,,-
2026,2026-10-07,18:30,LG,두산,잠실,,,-
