date,stadium,home,away,home_rank,home_wpct,home_gb,home_streak,home_last10,home_games,away_rank,away_wpct,away_gb,away_streak,away_last10,away_games,gb_from_playoff_line,season_progress
2021-04-03,고척,키움,삼성,,,,0,,0,,,,0,,0,,0.0
2021-04-03,문학,SSG,롯데,,,,0,,0,,,,0,,0,,0.0
2021-04-03,수원,KT,한화,,,,0,,0,,,,0,,0,,0.0
2021-04-03,잠실,두산,KIA,,,,0,,0,,,,0,,0,,0.0
2021-04-03,창원,NC,LG,,,,0,,0,,,,0,,0,,0.0
2021-04-04,고척,키움,삼성,1,1.0,0.0,1,1,1,2,0.0,1.0,-1,0,1,-0.5,0.001
2021-04-04,문학,SSG,롯데,3,,0.5,0,,0,4,,0.5,0,,0,,0.001
2021-04-04,수원,KT,한화,5,,0.5,0,,0,6,,0.5,0,,0,,0.001
2021-04-04,잠실,두산,KIA,7,,0.5,0,,0,8,,0.5,0,,0,,0.001
2021-04-04,창원,NC,LG,9,,0.5,0,,0,10,,0.5,0,,0,,0.001
2021-04-06,고척,키움,KIA,1,1.0,0.0,2,2,2,9,0.0,1.5,-1,0,1,-0.5,0.008
2021-04-06,문학,SSG,한화,2,1.0,0.5,1,1,1,8,0.0,1.5,-1,0,1,0.0,0.008
2021-04-06,수원,KT,LG,3,1.0,0.5,1,1,1,5,1.0,0.5,1,1,1,0.0,0.008
2021-04-06,잠실,두산,삼성,4,1.0,0.5,1,1,1,6,0.0,2.0,-2,0,2,0.0,0.008
2021-04-06,창원,NC,롯데,10,0.0,1.5,-1,0,1,7,0.0,1.5,-1,0,1,1.0,0.008
2021-04-07,고척,키움,KIA,4,0.667,0.5,-1,2,3,7,0.5,1.0,1,1,2,-0.5,0.015
2021-04-07,문학,SSG,한화,1,1.0,0.0,2,2,2,9,0.0,2.0,-2,0,2,-1.0,0.015
2021-04-07,수원,KT,LG,6,0.5,1.0,-1,1,2,3,1.0,0.0,2,2,2,0.0,0.015
2021-04-07,잠실,두산,삼성,2,1.0,0.0,2,2,2,8,0.0,2.5,-3,0,3,-1.0,0.015
2021-04-07,창원,NC,롯데,10,0.0,2.0,-2,0,2,5,0.5,1.0,1,1,2,1.0,0.015
2021-04-08,고척,키움,KIA,6,0.5,1.5,-2,2,4,4,0.667,1.0,2,2,3,0.5,0.022
2021-04-08,문학,SSG,한화,2,0.667,1.0,-1,2,3,8,0.333,2.0,1,1,3,0.0,0.022
2021-04-08,수원,KT,LG,3,0.667,1.0,1,2,3,5,0.667,1.0,-1,2,3,0.0,0.022
2021-04-08,잠실,두산,삼성,1,1.0,0.0,3,3,3,10,0.0,3.5,-4,0,4,-1.0,0.022
2021-04-08,창원,NC,롯데,9,0.333,2.0,1,1,3,7,0.333,2.0,-1,1,3,1.0,0.022
2021-04-09,광주,KIA,NC,3,0.75,0.0,3,3,4,9,0.25,2.0,-1,1,4,-1.0,0.029
2021-04-09,대구,삼성,KT,10,0.2,2.5,1,1,5,6,0.5,1.0,-1,2,4,1.5,0.029
2021-04-09,사직,롯데,키움,5,0.5,1.0,1,2,4,7,0.4,1.5,-3,2,5,0.0,0.029
2021-04-09,잠실,LG,SSG,4,0.75,0.0,1,3,4,1,0.75,0.0,1,3,4,-1.0,0.029
2021-04-09,한밭,한화,두산,8,0.25,2.0,-1,1,4,2,0.75,0.0,-1,3,4,1.0,0.029
2021-04-10,광주,KIA,NC,4,0.6,1.0,-1,3,5,9,0.4,2.0,1,2,5,-0.5,0.036
2021-04-10,대구,삼성,KT,10,0.333,2.5,2,2,6,7,0.4,2.0,-2,2,5,1.0,0.036
2021-04-10,사직,롯데,키움,6,0.4,2.0,-1,2,5,5,0.5,1.5,1,3,6,0.5,0.036
2021-04-10,잠실,LG,SSG,1,0.8,0.0,2,4,5,2,0.6,1.0,-1,3,5,-1.5,0.036
2021-04-10,한밭,한화,두산,8,0.4,2.0,1,2,5,3,0.6,1.0,-2,3,5,0.5,0.036
2021-04-11,광주,KIA,NC,5,0.5,1.0,-2,3,6,6,0.5,1.0,2,3,6,0.0,0.043
2021-04-11,대구,삼성,KT,8,0.429,1.5,3,3,7,9,0.333,2.0,-3,2,6,0.5,0.043
2021-04-11,사직,롯데,키움,4,0.5,1.0,1,3,6,7,0.429,1.5,-1,3,7,0.0,0.043
2021-04-11,잠실,LG,SSG,3,0.667,0.0,-1,4,6,1,0.667,0.0,1,4,6,-1.0,0.043
2021-04-11,한밭,한화,두산,10,0.333,2.0,-1,2,6,2,0.667,0.0,1,4,6,1.0,0.043
2021-04-13,고척,키움,LG,5,0.5,1.5,1,4,8,1,0.714,0.0,1,5,7,0.0,0.05
2021-04-13,광주,KIA,롯데,9,0.429,2.0,-3,3,7,7,0.429,2.0,-1,3,7,0.5,0.05
2021-04-13,대구,삼성,한화,6,0.5,1.5,4,4,8,8,0.429,2.0,1,3,7,0.0,0.05
2021-04-13,문학,SSG,NC,2,0.571,1.0,-1,4,7,4,0.571,1.0,3,4,7,-0.5,0.05
2021-04-13,잠실,두산,KT,3,0.571,1.0,-1,4,7,10,0.286,3.0,-4,2,7,-0.5,0.05
2021-04-14,고척,키움,LG,3,0.556,0.5,2,5,9,2,0.625,0.0,-1,5,8,-0.5,0.057
2021-04-14,광주,KIA,롯데,10,0.375,2.0,-4,3,8,6,0.5,1.0,1,4,8,1.0,0.057
2021-04-14,대구,삼성,한화,4,0.556,0.5,5,5,9,9,0.375,2.0,-1,3,8,-0.5,0.057
2021-04-14,문학,SSG,NC,5,0.5,1.0,-2,4,8,1,0.625,0.0,4,5,8,0.0,0.057
2021-04-14,잠실,두산,KT,7,0.5,1.0,-2,4,8,8,0.375,2.0,1,3,8,0.0,0.057
2021-04-15,고척,키움,LG,4,0.5,1.5,-1,5,10,2,0.667,0.0,1,6,9,0.0,0.064
2021-04-15,광주,KIA,롯데,9,0.444,2.0,1,4,9,7,0.444,2.0,-1,4,9,0.5,0.064
2021-04-15,대구,삼성,한화,5,0.5,1.5,-1,5,10,8,0.444,2.0,1,4,9,0.0,0.064
2021-04-15,문학,SSG,NC,6,0.444,2.0,-3,4,9,1,0.667,0.0,5,6,9,0.5,0.064
2021-04-15,잠실,두산,KT,3,0.556,1.0,1,5,9,10,0.333,3.0,-1,3,9,-0.5,0.064
2021-04-16,문학,SSG,KIA,4,0.5,2.0,1,5,10,6,0.5,2.0,2,5,10,0.0,0.071
2021-04-16,사직,롯데,삼성,8,0.4,3.0,-2,4,10,3,0.545,1.5,1,6,11,1.0,0.071
2021-04-16,수원,KT,키움,9,0.4,3.0,1,4,10,7,0.455,2.5,-2,4,11,1.0,0.071
2021-04-16,잠실,LG,두산,1,0.7,0.0,2,7,10,5,0.5,2.0,-1,5,10,-2.0,0.071
2021-04-16,창원,NC,한화,2,0.6,1.0,-1,6,10,10,0.4,3.0,-1,4,10,-1.0,0.071
2021-04-17,문학,SSG,KIA,5,0.455,3.0,-1,4,11,3,0.545,2.0,3,6,11,0.0,0.078
2021-04-17,사직,롯데,삼성,6,0.455,3.0,1,5,11,4,0.5,2.5,-1,6,12,0.0,0.078
2021-04-17,수원,KT,키움,7,0.455,3.0,2,4,11,9,0.417,3.5,-3,3,12,0.0,0.078
2021-04-17,잠실,LG,두산,1,0.727,0.0,3,7,11,8,0.455,3.0,-2,4,11,-3.0,0.078
2021-04-17,창원,NC,한화,2,0.636,1.0,1,7,11,10,0.364,4.0,-2,4,11,-2.0,0.078
2021-04-18,문학,SSG,KIA,4,0.5,2.0,1,4,12,7,0.5,2.0,-1,5,12,0.0,0.085
2021-04-18,사직,롯데,삼성,8,0.417,3.0,-1,4,12,3,0.538,1.5,1,7,13,1.0,0.085
2021-04-18,수원,KT,키움,5,0.5,2.0,3,5,12,9,0.385,3.5,-4,3,13,0.0,0.085
2021-04-18,잠실,LG,두산,2,0.667,0.0,-1,6,12,6,0.5,2.0,1,4,12,-2.0,0.085
2021-04-18,창원,NC,한화,1,0.667,0.0,2,8,12,10,0.333,4.0,-3,4,12,-2.0,0.085
2021-04-20,대구,삼성,SSG,3,0.571,0.5,2,8,14,4,0.538,1.0,2,5,13,-0.5,0.092
2021-04-20,사직,롯데,두산,8,0.385,3.0,-2,4,13,6,0.538,1.0,2,4,13,2.0,0.092
2021-04-20,잠실,LG,KIA,2,0.615,0.0,-2,6,13,7,0.462,2.0,-2,4,13,-1.0,0.092
2021-04-20,창원,NC,KT,1,0.615,0.0,-1,7,13,5,0.538,1.0,4,5,13,-1.0,0.092
2021-04-20,한밭,한화,키움,9,0.385,3.0,1,4,13,10,0.357,3.5,-5,3,14,2.0,0.092
2021-04-21,대구,삼성,SSG,5,0.533,0.5,-1,7,15,1,0.571,0.0,3,5,14,0.0,0.099
2021-04-21,사직,롯데,두산,8,0.429,2.0,1,4,14,6,0.5,1.0,-1,4,14,1.5,0.099
2021-04-21,잠실,LG,KIA,4,0.571,0.0,-3,5,14,7,0.5,1.0,1,4,14,-0.5,0.099
2021-04-21,창원,NC,KT,3,0.571,0.0,-2,7,14,2,0.571,0.0,5,6,14,-0.5,0.099
2021-04-21,한밭,한화,키움,9,0.429,2.0,2,5,14,10,0.333,3.5,-6,3,15,1.5,0.099
2021-04-22,대구,삼성,SSG,3,0.562,0.5,1,7,16,4,0.533,1.0,-1,5,15,-0.5,0.106
2021-04-22,사직,롯데,두산,6,0.467,2.0,2,5,15,8,0.467,2.0,-2,4,15,1.0,0.106
2021-04-22,잠실,LG,KIA,2,0.6,0.0,1,5,15,9,0.467,2.0,-1,4,15,-1.0,0.106
2021-04-22,창원,NC,KT,1,0.6,0.0,1,7,15,5,0.533,1.0,-1,6,15,-1.0,0.106
2021-04-22,한밭,한화,키움,7,0.467,2.0,3,5,15,10,0.312,4.5,-7,2,16,1.0,0.106
2021-04-23,고척,키움,SSG,10,0.353,3.5,1,3,17,1,0.562,0.0,1,5,16,3.0,0.113
2021-04-23,광주,KIA,삼성,7,0.5,1.0,1,5,16,5,0.529,0.5,-1,6,17,0.5,0.113
2021-04-23,수원,KT,롯데,2,0.562,0.0,1,7,16,8,0.438,2.0,-1,4,16,-0.5,0.113
2021-04-23,잠실,두산,NC,6,0.5,1.0,1,4,16,3,0.562,0.0,-1,6,16,0.5,0.113
2021-04-23,한밭,한화,LG,9,0.438,2.0,-1,5,16,4,0.562,0.0,-1,5,16,1.5,0.113
2021-04-24,고척,키움,SSG,10,0.333,4.5,-1,2,18,1,0.588,0.0,2,6,17,3.5,0.119
2021-04-24,광주,KIA,삼성,5,0.529,1.0,2,6,17,7,0.5,1.5,-2,5,18,0.0,0.119
2021-04-24,수원,KT,롯데,3,0.529,1.0,-1,7,17,8,0.471,2.0,1,5,17,0.0,0.119
2021-04-24,잠실,두산,NC,4,0.529,1.0,2,5,17,6,0.529,1.0,-2,5,17,0.0,0.119
2021-04-24,한밭,한화,LG,9,0.412,3.0,-2,4,17,2,0.588,0.0,1,5,17,2.0,0.119
2021-04-25,고척,키움,SSG,10,0.316,5.5,-2,1,19,1,0.611,0.0,3,7,18,3.5,0.126
2021-04-25,광주,KIA,삼성,7,0.5,2.0,-1,6,18,4,0.526,1.5,1,5,19,0.0,0.126
2021-04-25,수원,KT,롯데,6,0.5,2.0,-2,6,18,5,0.5,2.0,2,5,18,0.0,0.126
2021-04-25,잠실,두산,NC,2,0.556,1.0,3,6,18,8,0.5,2.0,-3,4,18,-1.0,0.126
2021-04-25,한밭,한화,LG,9,0.444,3.0,1,5,18,3,0.556,1.0,-1,5,18,1.0,0.126
2021-04-27,고척,키움,두산,10,0.35,4.5,1,2,20,5,0.526,1.0,-1,5,19,3.5,0.133
2021-04-27,광주,KIA,한화,8,0.474,2.0,-2,5,19,9,0.421,3.0,-1,4,19,1.0,0.133
2021-04-27,대구,삼성,NC,3,0.55,0.5,2,6,20,6,0.526,1.0,1,4,19,-0.5,0.133
2021-04-27,문학,SSG,KT,1,0.579,0.0,-1,7,19,4,0.526,1.0,1,7,19,-1.0,0.133
2021-04-27,잠실,LG,롯데,2,0.579,0.0,1,5,19,7,0.474,2.0,-1,5,19,-1.0,0.133
2021-04-28,고척,키움,두산,10,0.381,4.5,2,3,21,5,0.5,2.0,-2,5,20,2.5,0.14
2021-04-28,광주,KIA,한화,6,0.5,2.0,1,5,20,9,0.4,4.0,-2,4,20,0.0,0.14
2021-04-28,대구,삼성,NC,2,0.571,0.5,3,6,21,7,0.5,2.0,-1,4,20,-1.5,0.14
2021-04-28,문학,SSG,KT,3,0.55,1.0,-2,6,20,4,0.55,1.0,2,7,20,-1.0,0.14
2021-04-28,잠실,LG,롯데,1,0.6,0.0,2,5,20,8,0.45,3.0,-2,5,20,-2.0,0.14
2021-04-29,고척,키움,두산,9,0.409,4.0,3,4,22,7,0.476,2.5,-3,5,21,2.5,0.147
2021-04-29,광주,KIA,한화,5,0.524,1.5,2,5,21,10,0.381,4.5,-3,4,21,0.0,0.147
2021-04-29,대구,삼성,NC,1,0.591,0.0,4,7,22,8,0.476,2.5,-2,3,21,-1.5,0.147
2021-04-29,문학,SSG,KT,2,0.571,0.5,1,7,21,4,0.524,1.5,-1,6,21,-1.0,0.147
2021-04-29,잠실,LG,롯데,3,0.571,0.5,-1,4,21,6,0.476,2.5,1,5,21,-1.0,0.147
2021-04-30,대구,삼성,LG,2,0.565,0.5,-1,6,23,1,0.591,0.0,1,5,22,-0.5,0.154
2021-04-30,사직,롯데,한화,8,0.455,3.0,-1,5,22,10,0.364,5.0,-4,4,22,2.0,0.154
2021-04-30,수원,KT,KIA,4,0.545,1.0,1,6,22,5,0.545,1.0,3,6,22,0.0,0.154
2021-04-30,잠실,두산,SSG,6,0.5,2.0,1,5,22,3,0.545,1.0,-1,6,22,1.0,0.154
2021-04-30,창원,NC,키움,7,0.5,2.0,1,3,22,9,0.391,4.5,-1,4,23,1.0,0.154
2021-05-01,대구,삼성,LG,1,0.583,0.0,1,6,24,3,0.565,0.5,-1,5,23,-1.5,0.161
2021-05-01,사직,롯데,한화,8,0.435,3.5,-2,5,23,10,0.391,4.5,1,4,23,2.0,0.161
2021-05-01,수원,KT,KIA,2,0.565,0.5,2,6,23,6,0.522,1.5,-1,6,23,-1.0,0.161
2021-05-01,잠실,두산,SSG,5,0.522,1.5,2,5,23,4,0.522,1.5,-2,5,23,0.0,0.161
2021-05-01,창원,NC,키움,7,0.478,2.5,-1,3,23,9,0.417,4.0,1,5,24,1.0,0.161
2021-05-02,대구,삼성,LG,1,0.6,0.0,2,7,25,4,0.542,1.5,-2,5,24,-2.5,0.168
2021-05-02,사직,롯데,한화,9,0.417,4.5,-3,4,24,10,0.417,4.5,2,4,24,2.0,0.168
2021-05-02,수원,KT,KIA,2,0.583,0.5,3,6,24,6,0.5,2.5,-2,5,24,-2.0,0.168
2021-05-02,잠실,두산,SSG,5,0.5,2.5,-1,5,24,3,0.542,1.5,1,5,24,0.0,0.168
2021-05-02,창원,NC,키움,7,0.458,3.5,-2,3,24,8,0.44,4.0,2,6,25,1.0,0.168
2021-05-04,고척,키움,KT,9,0.423,5.0,-1,6,26,2,0.6,0.5,4,7,25,2.5,0.175
2021-05-04,사직,롯데,KIA,10,0.4,5.5,-4,3,25,6,0.48,3.5,-3,5,25,3.0,0.175
2021-05-04,잠실,두산,LG,4,0.52,2.5,1,6,25,5,0.52,2.5,-3,4,25,0.0,0.175
2021-05-04,창원,NC,SSG,7,0.48,3.5,1,3,25,3,0.52,2.5,-1,5,25,1.0,0.175
2021-05-04,한밭,한화,삼성,8,0.44,4.5,3,4,25,1,0.615,0.0,3,7,26,2.0,0.175
2021-05-05,고척,키움,KT,9,0.423,5.0,-1,6,26,2,0.6,0.5,4,7,25,2.5,0.175
2021-05-05,사직,롯데,KIA,10,0.4,5.5,-4,3,25,6,0.48,3.5,-3,5,25,3.0,0.175
2021-05-05,잠실,두산,LG,4,0.52,2.5,1,6,25,5,0.52,2.5,-3,4,25,0.0,0.175
2021-05-05,창원,NC,SSG,7,0.48,3.5,1,3,25,3,0.52,2.5,-1,5,25,1.0,0.175
2021-05-05,한밭,한화,삼성,8,0.44,4.5,3,4,25,1,0.615,0.0,3,7,26,2.0,0.175
2021-05-06,고척,키움,KT,8,0.444,5.0,1,6,27,2,0.577,1.5,-1,6,26,1.5,0.182
2021-05-06,사직,롯데,KIA,10,0.385,6.5,-5,3,26,6,0.5,3.5,1,5,26,3.0,0.182
2021-05-06,잠실,두산,LG,5,0.5,3.5,-1,5,26,4,0.538,2.5,1,5,26,0.0,0.182
2021-05-06,창원,NC,SSG,7,0.462,4.5,-1,3,26,3,0.538,2.5,1,5,26,1.0,0.182
2021-05-06,한밭,한화,삼성,9,0.423,5.5,-1,4,26,1,0.63,0.0,4,8,27,2.0,0.182
2021-05-07,광주,KIA,두산,6,0.481,3.5,-1,4,27,5,0.481,3.5,-2,4,27,0.0,0.189
2021-05-07,대구,삼성,롯데,1,0.607,0.0,-1,8,28,10,0.407,5.5,1,3,27,-3.5,0.189
2021-05-07,문학,SSG,키움,4,0.519,2.5,-1,4,27,8,0.464,4.0,2,7,28,-1.0,0.189
2021-05-07,수원,KT,NC,2,0.556,1.5,-2,6,27,7,0.481,3.5,1,4,27,-2.0,0.189
2021-05-07,잠실,LG,한화,3,0.556,1.5,2,5,27,9,0.444,4.5,1,5,27,-2.0,0.189
2021-05-08,광주,KIA,두산,6,0.481,4.0,-1,4,27,5,0.481,4.0,-2,4,27,0.0,0.19
2021-05-08,광주,KIA,두산,6,0.481,4.0,-1,4,27,5,0.481,4.0,-2,4,27,0.0,0.19
2021-05-08,대구,삼성,롯데,1,0.621,0.0,1,8,29,10,0.393,6.5,-1,2,28,-4.0,0.19
2021-05-08,문학,SSG,키움,4,0.519,3.0,-1,4,27,8,0.464,4.5,2,7,28,-1.0,0.19
2021-05-08,문학,SSG,키움,4,0.519,3.0,-1,4,27,8,0.464,4.5,2,7,28,-1.0,0.19
2021-05-08,수원,KT,NC,2,0.556,2.0,-2,6,27,7,0.481,4.0,1,4,27,-2.0,0.19
2021-05-08,수원,KT,NC,2,0.556,2.0,-2,6,27,7,0.481,4.0,1,4,27,-2.0,0.19
2021-05-08,잠실,LG,한화,3,0.556,2.0,2,5,27,9,0.444,5.0,1,5,27,-2.0,0.19
2021-05-08,잠실,LG,한화,3,0.556,2.0,2,5,27,9,0.444,5.0,1,5,27,-2.0,0.19
2021-05-09,광주,KIA,두산,8,0.464,4.0,-2,4,28,5,0.5,3.0,1,4,28,1.0,0.197
2021-05-09,광주,KIA,두산,8,0.464,4.0,-2,4,28,5,0.5,3.0,1,4,28,1.0,0.197
2021-05-09,대구,삼성,롯데,1,0.6,0.0,-1,7,30,10,0.414,5.5,1,3,29,-3.0,0.197
2021-05-09,문학,SSG,키움,4,0.5,3.0,-2,3,28,7,0.483,3.5,3,8,29,0.0,0.197
2021-05-09,문학,SSG,키움,4,0.5,3.0,-2,3,28,7,0.483,3.5,3,8,29,0.0,0.197
2021-05-09,수원,KT,NC,3,0.536,2.0,-3,6,28,6,0.5,3.0,2,5,28,-1.0,0.197
2021-05-09,수원,KT,NC,3,0.536,2.0,-3,6,28,6,0.5,3.0,2,5,28,-1.0,0.197
2021-05-09,잠실,LG,한화,2,0.571,1.0,3,6,28,9,0.429,5.0,-1,4,28,-2.0,0.197
2021-05-09,잠실,LG,한화,2,0.571,1.0,3,6,28,9,0.429,5.0,-1,4,28,-2.0,0.197
2021-05-11,광주,KIA,LG,9,0.433,5.5,-4,3,30,2,0.567,1.5,-1,5,30,3.0,0.21
2021-05-11,사직,롯데,SSG,10,0.4,6.5,-1,3,30,3,0.533,2.5,2,5,30,4.0,0.21
2021-05-11,수원,KT,삼성,4,0.533,2.5,1,5,30,1,0.613,0.0,1,7,31,0.0,0.21
2021-05-11,잠실,두산,키움,5,0.533,2.5,3,6,30,7,0.452,5.0,-2,6,31,0.0,0.21
2021-05-11,한밭,한화,NC,8,0.433,5.5,1,5,30,6,0.5,3.5,-1,5,30,3.0,0.21
2021-05-12,광주,KIA,LG,7,0.452,4.5,1,3,31,5,0.548,1.5,-2,5,31,3.0,0.217
2021-05-12,사직,롯데,SSG,10,0.387,6.5,-2,2,31,2,0.548,1.5,3,5,31,5.0,0.217
2021-05-12,수원,KT,삼성,3,0.548,1.5,2,6,31,1,0.594,0.0,-1,6,32,0.0,0.217
2021-05-12,잠실,두산,키움,4,0.548,1.5,4,7,31,8,0.438,5.0,-3,5,32,0.0,0.217
2021-05-12,한밭,한화,NC,9,0.419,5.5,-1,5,31,6,0.516,2.5,1,6,31,4.0,0.217
2021-05-13,광주,KIA,LG,7,0.469,4.5,2,3,32,6,0.531,2.5,-3,4,32,2.0,0.224
2021-05-13,사직,롯데,SSG,10,0.375,7.5,-3,2,32,2,0.562,1.5,4,6,32,5.0,0.224
2021-05-13,수원,KT,삼성,3,0.531,2.5,-1,5,32,1,0.606,0.0,1,7,33,0.0,0.224
2021-05-13,잠실,두산,키움,4,0.531,2.5,-1,6,32,8,0.455,5.0,1,6,33,0.0,0.224
2021-05-13,한밭,한화,NC,9,0.406,6.5,-2,5,32,5,0.531,2.5,2,6,32,4.0,0.224
2021-05-14,고척,키움,한화,7,0.471,5.0,2,6,34,10,0.394,7.5,-3,4,33,1.5,0.231
2021-05-14,문학,SSG,두산,2,0.545,2.5,-1,6,33,6,0.515,3.5,-2,5,33,-1.0,0.231
2021-05-14,사직,롯데,KT,9,0.394,7.5,1,3,33,5,0.515,3.5,-2,4,33,4.0,0.231
2021-05-14,잠실,LG,삼성,4,0.545,2.5,1,5,33,1,0.618,0.0,2,7,34,-1.0,0.231
2021-05-14,창원,NC,KIA,3,0.545,2.5,3,7,33,8,0.455,5.5,-1,3,33,-1.0,0.231
2021-05-15,고척,키움,한화,7,0.457,5.0,-1,5,35,9,0.412,6.5,1,4,34,2.5,0.237
2021-05-15,문학,SSG,두산,4,0.529,2.5,-2,5,34,6,0.529,2.5,1,6,34,0.0,0.237
2021-05-15,사직,롯데,KT,10,0.382,7.5,-1,3,34,5,0.529,2.5,1,4,34,5.0,0.237
2021-05-15,잠실,LG,삼성,3,0.559,1.5,2,6,34,1,0.6,0.0,-1,6,35,-1.0,0.237
2021-05-15,창원,NC,KIA,2,0.559,1.5,4,8,34,8,0.441,5.5,-2,3,34,-1.0,0.237
2021-05-16,고척,키움,한화,7,0.472,4.0,1,6,36,9,0.4,6.5,-1,3,35,2.0,0.243
2021-05-16,문학,SSG,두산,5,0.529,2.0,-2,5,34,6,0.529,2.0,1,6,34,0.0,0.243
2021-05-16,문학,SSG,두산,5,0.529,2.0,-2,5,34,6,0.529,2.0,1,6,34,0.0,0.243
2021-05-16,사직,롯데,KT,10,0.371,7.5,-2,3,35,4,0.543,1.5,2,4,35,5.5,0.243
2021-05-16,잠실,LG,삼성,3,0.571,0.5,3,7,35,1,0.583,0.0,-2,5,36,-1.5,0.243
2021-05-16,창원,NC,KIA,2,0.571,0.5,5,8,35,8,0.429,5.5,-3,3,35,-1.5,0.243
2021-05-17,문학,SSG,두산,5,0.529,2.0,-2,5,34,6,0.529,2.0,1,6,34,0.0,0.244
2021-05-17,사직,롯데,KT,10,0.371,7.5,-2,3,35,4,0.543,1.5,2,4,35,5.5,0.244
2021-05-17,잠실,LG,삼성,3,0.571,0.5,3,7,35,1,0.583,0.0,-2,5,36,-1.5,0.244
2021-05-17,창원,NC,KIA,2,0.571,0.5,5,8,35,8,0.429,5.5,-3,3,35,-1.5,0.244
2021-05-18,광주,KIA,SSG,8,0.429,6.0,-3,3,35,6,0.514,3.0,-3,5,35,4.0,0.247
2021-05-18,대구,삼성,키움,1,0.595,0.0,1,5,37,7,0.486,4.0,2,6,37,-2.0,0.247
2021-05-18,수원,KT,두산,4,0.543,2.0,2,4,35,5,0.543,2.0,2,6,35,0.0,0.247
2021-05-18,잠실,LG,NC,3,0.556,1.5,-1,6,36,2,0.571,1.0,5,8,35,-0.5,0.247
2021-05-18,한밭,한화,롯데,9,0.389,7.5,-2,3,36,10,0.371,8.0,-2,3,35,5.5,0.247
2021-05-19,광주,KIA,SSG,8,0.417,6.0,-4,2,36,5,0.528,2.0,1,5,36,4.0,0.254
2021-05-19,대구,삼성,키움,1,0.579,0.0,-1,5,38,7,0.5,3.0,3,6,38,-2.0,0.254
2021-05-19,수원,KT,두산,3,0.556,1.0,3,5,36,6,0.528,2.0,-1,6,36,-1.0,0.254
2021-05-19,잠실,LG,NC,2,0.568,0.5,1,6,37,4,0.556,1.0,-1,8,36,-1.5,0.254
2021-05-19,한밭,한화,롯데,10,0.378,7.5,-3,2,37,9,0.389,7.0,1,4,36,5.5,0.254
2021-05-20,광주,KIA,SSG,8,0.405,6.5,-5,2,37,4,0.541,1.5,2,6,37,5.0,0.261
2021-05-20,대구,삼성,키움,3,0.564,0.5,-2,4,39,7,0.513,2.5,4,6,39,-1.0,0.261
2021-05-20,수원,KT,두산,2,0.568,0.5,4,6,37,6,0.514,2.5,-2,6,37,-1.0,0.261
2021-05-20,잠실,LG,NC,1,0.579,0.0,2,6,38,5,0.541,1.5,-2,7,37,-1.5,0.261
2021-05-20,한밭,한화,롯데,9,0.395,7.0,1,3,38,10,0.378,7.5,-1,3,37,5.5,0.261
2021-05-21,고척,키움,NC,7,0.513,2.0,4,6,39,4,0.553,0.5,1,7,38,1.0,0.263
2021-05-21,대구,삼성,KIA,2,0.564,0.0,-2,4,39,8,0.405,6.0,-5,2,37,-1.0,0.263
2021-05-21,문학,SSG,LG,5,0.541,1.0,2,6,37,3,0.564,0.0,-1,5,39,0.0,0.263
2021-05-21,잠실,두산,롯데,6,0.514,2.0,-2,6,37,10,0.378,7.0,-1,3,37,1.0,0.263
2021-05-21,한밭,한화,KT,9,0.395,6.5,1,3,38,1,0.568,0.0,4,6,37,5.5,0.263
2021-05-22,고척,키움,NC,6,0.525,2.0,5,7,40,5,0.538,1.5,-1,6,39,0.5,0.269
2021-05-22,대구,삼성,KIA,1,0.575,0.0,1,5,40,10,0.395,7.0,-6,2,38,-1.5,0.269
2021-05-22,문학,SSG,LG,2,0.553,1.0,3,7,38,4,0.55,1.0,-2,5,40,-0.5,0.269
2021-05-22,잠실,두산,롯데,7,0.5,3.0,-3,5,38,9,0.395,7.0,1,4,38,1.5,0.269
2021-05-22,한밭,한화,KT,8,0.41,6.5,2,4,39,3,0.553,1.0,-1,6,38,5.0,0.269
2021-05-23,고척,키움,NC,4,0.537,1.0,6,8,41,6,0.525,1.5,-2,6,40,0.0,0.276
2021-05-23,대구,삼성,KIA,2,0.561,0.0,-1,4,41,9,0.41,6.0,1,3,39,-1.0,0.276
2021-05-23,문학,SSG,LG,1,0.564,0.0,4,7,39,5,0.537,1.0,-3,5,41,-1.0,0.276
2021-05-23,잠실,두산,롯데,7,0.513,2.0,1,5,39,10,0.385,7.0,-1,3,39,1.0,0.276
2021-05-23,한밭,한화,KT,8,0.425,5.5,3,4,40,3,0.538,1.0,-2,6,39,4.5,0.276
2021-05-25,광주,KIA,키움,9,0.4,7.0,-1,3,40,4,0.548,1.0,7,9,42,5.0,0.283
2021-05-25,사직,롯데,LG,10,0.375,8.0,-2,3,40,6,0.524,2.0,-4,5,42,6.0,0.283
2021-05-25,수원,KT,SSG,3,0.55,1.0,1,6,40,1,0.575,0.0,5,7,40,-1.0,0.283
2021-05-25,잠실,두산,한화,5,0.525,2.0,2,5,40,8,0.415,6.5,-1,4,41,0.0,0.283
2021-05-25,창원,NC,삼성,7,0.512,2.5,-3,5,41,2,0.571,0.0,1,5,42,0.5,0.283
2021-05-26,광주,KIA,키움,9,0.4,7.0,-1,3,40,4,0.548,1.0,7,9,42,5.0,0.283
2021-05-26,사직,롯데,LG,10,0.375,8.0,-2,3,40,6,0.524,2.0,-4,5,42,6.0,0.283
2021-05-26,수원,KT,SSG,3,0.55,1.0,1,6,40,1,0.575,0.0,5,7,40,-1.0,0.283
2021-05-26,잠실,두산,한화,5,0.525,2.0,2,5,40,8,0.415,6.5,-1,4,41,0.0,0.283
2021-05-26,창원,NC,삼성,7,0.512,2.5,-3,5,41,2,0.571,0.0,1,5,42,0.5,0.283
2021-05-27,광주,KIA,키움,8,0.415,7.0,1,3,41,5,0.535,2.0,-1,8,43,5.0,0.29
2021-05-27,사직,롯데,LG,10,0.366,9.0,-3,3,41,6,0.535,2.0,1,5,43,7.0,0.29
2021-05-27,수원,KT,SSG,3,0.537,2.0,-1,5,41,1,0.585,0.0,6,7,41,0.0,0.29
2021-05-27,잠실,두산,한화,4,0.537,2.0,3,5,41,9,0.405,7.5,-2,4,42,0.0,0.29
2021-05-27,창원,NC,삼성,7,0.5,3.5,-4,4,42,2,0.581,0.0,2,5,43,1.5,0.29
2021-05-28,광주,KIA,KT,8,0.429,6.0,2,3,42,3,0.548,1.0,1,6,42,4.0,0.297
2021-05-28,대구,삼성,두산,2,0.568,0.0,-1,4,44,5,0.524,2.0,-1,5,42,-2.0,0.297
2021-05-28,사직,롯데,NC,10,0.357,9.0,-4,3,42,7,0.512,2.5,1,4,43,7.0,0.297
2021-05-28,잠실,LG,키움,4,0.545,1.0,2,5,44,6,0.523,2.0,-2,7,44,-1.0,0.297
2021-05-28,한밭,한화,SSG,9,0.419,6.5,1,5,43,1,0.571,0.0,-1,6,42,4.5,0.297
2021-05-29,광주,KIA,KT,8,0.442,6.0,3,4,43,4,0.535,2.0,-1,6,43,4.0,0.303
2021-05-29,대구,삼성,두산,2,0.556,1.0,-2,4,45,5,0.535,2.0,1,6,43,-1.0,0.303
2021-05-29,사직,롯데,NC,10,0.357,9.5,-4,3,42,6,0.512,3.0,1,4,43,7.5,0.303
2021-05-29,사직,롯데,NC,10,0.357,9.5,-4,3,42,6,0.512,3.0,1,4,43,7.5,0.303
2021-05-29,잠실,LG,키움,3,0.556,1.0,3,5,45,7,0.511,3.0,-3,7,45,-1.0,0.303
2021-05-29,한밭,한화,SSG,9,0.409,7.5,-1,4,44,1,0.581,0.0,1,7,43,5.5,0.303
2021-05-30,광주,KIA,KT,8,0.432,7.0,-1,4,44,3,0.545,2.0,1,6,44,4.0,0.311
2021-05-30,대구,삼성,두산,2,0.565,1.0,1,5,46,5,0.523,3.0,-1,5,44,-2.0,0.311
2021-05-30,사직,롯데,NC,10,0.349,10.5,-5,2,44,6,0.523,3.0,2,3,45,7.5,0.311
2021-05-30,잠실,LG,키움,4,0.543,2.0,-1,5,46,7,0.522,3.0,1,7,46,-1.0,0.311
2021-05-30,한밭,한화,SSG,9,0.4,8.5,-2,4,45,1,0.591,0.0,2,8,44,5.5,0.311
2021-06-01,고척,키움,롯데,7,0.511,4.0,-1,6,47,10,0.341,11.5,-6,2,45,1.0,0.318
2021-06-01,문학,SSG,삼성,1,0.6,0.0,3,9,45,3,0.553,2.0,-1,4,47,-3.0,0.318
2021-06-01,잠실,LG,KT,4,0.553,2.0,1,5,47,2,0.556,2.0,2,6,45,-1.0,0.318
2021-06-01,창원,NC,두산,6,0.533,3.0,3,4,46,5,0.533,3.0,1,5,45,0.0,0.318
2021-06-01,한밭,한화,KIA,9,0.391,9.5,-3,4,46,8,0.422,8.0,-2,4,45,6.5,0.318
2021-06-02,고척,키움,롯데,7,0.5,5.0,-2,5,48,10,0.356,11.5,1,2,46,2.0,0.325
2021-06-02,문학,SSG,삼성,1,0.609,0.0,4,9,46,4,0.542,3.0,-2,4,48,-3.0,0.325
2021-06-02,잠실,LG,KT,5,0.542,3.0,-1,4,48,2,0.565,2.0,3,6,46,0.0,0.325
2021-06-02,창원,NC,두산,6,0.522,4.0,-1,4,47,3,0.543,3.0,2,6,46,1.0,0.325
2021-06-02,한밭,한화,KIA,9,0.404,9.5,1,5,47,8,0.413,9.0,-3,4,46,6.5,0.325
2021-06-03,고척,키움,롯데,7,0.49,5.0,-3,4,49,10,0.37,10.5,2,3,47,2.0,0.332
2021-06-03,문학,SSG,삼성,1,0.596,0.0,-1,8,47,3,0.551,2.0,1,5,49,-3.0,0.332
2021-06-03,잠실,LG,KT,4,0.551,2.0,1,5,49,2,0.553,2.0,-1,5,47,-1.0,0.332
2021-06-03,창원,NC,두산,6,0.532,3.0,1,4,48,5,0.532,3.0,-1,6,47,0.0,0.332
2021-06-03,한밭,한화,KIA,9,0.396,9.5,-1,4,48,8,0.426,8.0,1,5,47,6.5,0.332
2021-06-04,고척,키움,삼성,7,0.5,4.5,1,4,50,3,0.551,2.0,1,5,49,1.5,0.333
2021-06-04,광주,KIA,LG,8,0.426,8.0,1,5,47,4,0.551,2.0,1,5,49,5.0,0.333
2021-06-04,수원,KT,롯데,2,0.553,2.0,-1,5,47,10,0.362,11.0,-1,2,48,-1.0,0.333
2021-06-04,잠실,두산,SSG,5,0.532,3.0,-1,6,47,1,0.596,0.0,-1,8,47,0.0,0.333
2021-06-04,창원,NC,한화,6,0.532,3.0,1,4,48,9,0.396,9.5,-1,4,48,0.0,0.333
2021-06-05,고척,키움,삼성,7,0.49,4.5,-1,3,51,2,0.56,1.0,2,5,50,2.5,0.34
2021-06-05,광주,KIA,LG,8,0.438,7.0,2,6,48,6,0.54,2.0,-1,5,50,5.0,0.34
2021-06-05,수원,KT,롯데,3,0.542,2.0,-2,5,48,10,0.375,10.0,1,3,49,0.0,0.34
2021-06-05,잠실,두산,SSG,4,0.542,2.0,1,7,48,1,0.583,0.0,-2,7,48,0.0,0.34
2021-06-05,창원,NC,한화,5,0.542,2.0,2,5,49,9,0.388,9.5,-2,3,49,0.0,0.34
2021-06-06,고척,키움,삼성,7,0.5,3.5,1,3,52,5,0.549,1.0,-1,5,51,2.5,0.347
2021-06-06,광주,KIA,LG,8,0.429,7.0,-1,5,49,6,0.549,1.0,1,6,51,6.0,0.347
2021-06-06,수원,KT,롯데,2,0.551,1.0,1,6,49,10,0.367,10.0,-1,3,50,0.0,0.347
2021-06-06,잠실,두산,SSG,3,0.551,1.0,2,7,49,1,0.571,0.0,-3,6,49,0.0,0.347
2021-06-06,창원,NC,한화,4,0.551,1.0,3,6,50,9,0.38,9.5,-3,2,50,0.0,0.347
2021-06-08,대구,삼성,KIA,2,0.558,1.0,1,5,52,8,0.42,8.0,-2,5,50,-1.0,0.354
2021-06-08,문학,SSG,KT,1,0.58,0.0,1,6,50,4,0.54,2.0,-1,5,50,-2.0,0.354
2021-06-08,사직,롯데,두산,10,0.38,10.0,1,4,51,5,0.54,2.0,-1,6,50,8.0,0.354
2021-06-08,잠실,LG,NC,3,0.558,1.0,2,7,52,6,0.54,2.0,-1,6,51,-1.0,0.354
2021-06-08,한밭,한화,키움,9,0.392,9.5,1,3,51,7,0.491,4.5,-1,3,53,7.5,0.354
2021-06-09,대구,삼성,KIA,2,0.566,0.0,2,5,53,8,0.412,8.0,-3,4,51,-2.0,0.361
2021-06-09,문학,SSG,KT,1,0.569,0.0,-1,5,51,4,0.549,1.0,1,6,51,-2.0,0.361
2021-06-09,사직,롯데,두산,10,0.392,9.0,2,5,52,5,0.529,2.0,-2,5,51,7.0,0.361
2021-06-09,잠실,LG,NC,3,0.566,0.0,3,7,53,6,0.529,2.0,-2,6,52,-2.0,0.361
2021-06-09,한밭,한화,키움,9,0.404,8.5,2,4,52,7,0.481,4.5,-2,3,54,6.5,0.361
2021-06-10,대구,삼성,KIA,4,0.556,1.0,-1,5,54,8,0.423,8.0,1,4,52,-1.0,0.368
2021-06-10,문학,SSG,KT,2,0.558,1.0,-2,5,52,3,0.558,1.0,2,6,52,-1.0,0.368
2021-06-10,사직,롯데,두산,10,0.385,10.0,-1,5,53,5,0.538,2.0,1,6,52,8.0,0.368
2021-06-10,잠실,LG,NC,1,0.574,0.0,4,7,54,6,0.519,3.0,-3,5,53,-2.0,0.368
2021-06-10,한밭,한화,키움,9,0.396,9.5,-1,3,53,7,0.491,4.5,1,4,55,7.5,0.368
2021-06-11,대구,삼성,NC,1,0.564,0.0,1,6,55,6,0.528,2.0,1,6,54,-2.0,0.374
2021-06-11,문학,SSG,키움,3,0.558,0.5,-2,5,52,7,0.482,4.5,-1,3,56,-1.5,0.374
2021-06-11,사직,롯데,KIA,10,0.396,9.0,1,6,54,8,0.415,8.0,-1,3,53,7.0,0.374
2021-06-11,수원,KT,한화,4,0.558,0.5,2,6,52,9,0.407,8.5,1,4,54,-1.5,0.374
2021-06-11,잠실,LG,두산,2,0.564,0.0,-1,6,55,5,0.528,2.0,-1,5,53,-2.0,0.374
2021-06-12,대구,삼성,NC,4,0.554,1.0,-1,5,56,5,0.537,2.0,2,6,55,-1.0,0.379
2021-06-12,문학,SSG,키움,2,0.566,0.5,1,5,53,7,0.474,5.5,-2,3,57,-1.5,0.379
2021-06-12,사직,롯데,KIA,10,0.396,9.5,1,6,54,8,0.415,8.5,-1,3,53,7.5,0.379
2021-06-12,사직,롯데,KIA,10,0.396,9.5,1,6,54,8,0.415,8.5,-1,3,53,7.5,0.379
2021-06-12,수원,KT,한화,3,0.566,0.5,3,7,53,9,0.4,9.5,-1,4,55,-1.5,0.379
2021-06-12,잠실,LG,두산,1,0.571,0.0,1,7,56,6,0.519,3.0,-2,5,54,-2.0,0.379
2021-06-13,대구,삼성,NC,3,0.561,0.5,1,6,57,6,0.527,2.5,-1,5,56,-2.0,0.385
2021-06-13,문학,SSG,키움,1,0.574,0.0,2,5,54,7,0.466,6.0,-3,3,58,-2.5,0.385
2021-06-13,사직,롯데,KIA,9,0.396,9.5,1,6,54,8,0.415,8.5,-1,3,53,7.0,0.385
2021-06-13,사직,롯데,KIA,9,0.396,9.5,1,6,54,8,0.415,8.5,-1,3,53,7.0,0.385
2021-06-13,수원,KT,한화,2,0.574,0.0,4,7,54,10,0.393,10.0,-2,4,56,-2.5,0.385
2021-06-13,잠실,LG,두산,4,0.561,0.5,-1,6,57,5,0.527,2.5,1,5,55,-2.0,0.385
2021-06-15,고척,키움,LG,7,0.475,6.0,1,4,59,3,0.569,0.5,1,7,58,2.5,0.393
2021-06-15,광주,KIA,SSG,8,0.418,9.0,1,4,55,4,0.564,1.0,-1,4,55,5.5,0.393
2021-06-15,잠실,두산,삼성,5,0.518,3.5,-1,4,56,2,0.569,0.5,2,7,58,0.0,0.393
2021-06-15,창원,NC,KT,6,0.518,3.5,-2,5,57,1,0.582,0.0,5,7,55,0.0,0.393
2021-06-15,한밭,한화,롯데,10,0.386,11.0,-3,3,57,9,0.4,10.0,-1,6,56,7.5,0.393
2021-06-16,고척,키움,LG,7,0.467,6.5,-1,3,60,3,0.576,0.0,2,7,59,3.0,0.397
2021-06-16,광주,KIA,SSG,8,0.418,9.0,1,4,55,4,0.564,1.0,-1,4,55,5.5,0.397
2021-06-16,광주,KIA,SSG,8,0.418,9.0,1,4,55,4,0.564,1.0,-1,4,55,5.5,0.397
2021-06-16,잠실,두산,삼성,6,0.509,4.0,-2,4,57,2,0.576,0.0,3,7,59,0.5,0.397
2021-06-16,창원,NC,KT,5,0.518,3.5,-2,5,57,1,0.582,0.0,5,7,55,0.0,0.397
2021-06-16,한밭,한화,롯데,9,0.397,10.5,1,4,58,10,0.393,10.5,-2,5,57,7.0,0.397
2021-06-16,한밭,한화,롯데,9,0.397,10.5,1,4,58,10,0.393,10.5,-2,5,57,7.0,0.397
2021-06-17,고척,키움,LG,7,0.475,6.5,1,4,61,3,0.567,1.0,-1,7,60,2.0,0.407
2021-06-17,광주,KIA,SSG,8,0.421,9.5,1,4,57,4,0.561,1.5,-1,4,57,5.0,0.407
2021-06-17,잠실,두산,삼성,6,0.5,5.0,-3,3,58,2,0.583,0.0,4,7,60,0.5,0.407
2021-06-17,창원,NC,KT,5,0.509,4.5,-3,4,58,1,0.589,0.0,6,7,56,0.0,0.407
2021-06-17,한밭,한화,롯데,9,0.417,10.0,3,6,60,10,0.379,12.0,-4,4,59,5.5,0.407
2021-06-18,사직,롯데,삼성,10,0.39,11.0,1,5,60,2,0.574,0.0,-1,7,61,7.5,0.414
2021-06-18,수원,KT,두산,1,0.579,0.0,-1,7,57,6,0.508,4.0,1,3,59,-3.5,0.414
2021-06-18,잠실,LG,KIA,3,0.574,0.0,1,7,61,8,0.414,9.5,-1,3,58,-3.5,0.414
2021-06-18,창원,NC,키움,5,0.517,3.5,1,4,59,7,0.468,6.5,-1,3,62,0.0,0.414
2021-06-18,한밭,한화,SSG,9,0.41,10.0,-1,5,61,4,0.569,0.5,1,5,58,6.5,0.414
2021-06-19,사직,롯데,삼성,10,0.4,11.0,2,5,61,3,0.565,1.0,-2,6,62,7.5,0.421
2021-06-19,수원,KT,두산,2,0.569,1.0,-2,7,58,6,0.517,4.0,2,4,60,-2.5,0.421
2021-06-19,수원,KT,두산,2,0.569,1.0,-2,7,58,6,0.517,4.0,2,4,60,-2.5,0.421
2021-06-19,잠실,LG,KIA,1,0.581,0.0,2,7,62,9,0.407,10.5,-2,3,59,-3.5,0.421
2021-06-19,창원,NC,키움,5,0.525,3.5,2,4,60,7,0.46,7.5,-2,3,63,0.0,0.421
2021-06-19,한밭,한화,SSG,8,0.419,10.0,1,5,62,4,0.559,1.5,-1,5,59,6.5,0.421
2021-06-20,사직,롯데,삼성,10,0.393,12.0,-1,4,62,2,0.571,1.0,1,6,63,7.5,0.429
2021-06-20,수원,KT,두산,4,0.567,1.5,1,7,60,6,0.516,4.5,-1,4,62,-3.0,0.429
2021-06-20,잠실,LG,KIA,1,0.587,0.0,3,7,63,9,0.4,11.5,-3,3,60,-4.5,0.429
2021-06-20,창원,NC,키움,5,0.517,4.5,-1,4,61,7,0.469,7.5,1,4,64,0.0,0.429
2021-06-20,한밭,한화,SSG,8,0.413,11.0,-1,5,63,3,0.567,1.5,1,5,60,6.5,0.429
2021-06-22,대구,삼성,한화,4,0.562,2.0,-1,6,64,8,0.406,12.0,-2,4,64,-3.5,0.436
2021-06-22,문학,SSG,LG,2,0.574,1.5,2,6,61,1,0.594,0.0,4,7,64,-4.0,0.436
2021-06-22,사직,롯데,NC,9,0.403,12.0,1,5,63,5,0.508,5.5,-2,4,62,6.5,0.436
2021-06-22,수원,KT,KIA,3,0.574,1.5,2,7,61,10,0.393,12.5,-4,3,61,-4.0,0.436
2021-06-22,잠실,두산,키움,6,0.508,5.5,-2,4,63,7,0.477,7.5,2,4,65,0.0,0.436
2021-06-23,대구,삼성,한화,3,0.569,2.0,1,6,65,8,0.4,13.0,-3,4,65,-3.5,0.443
2021-06-23,문학,SSG,LG,4,0.565,2.5,-1,6,62,1,0.6,0.0,5,8,65,-3.0,0.443
2021-06-23,사직,롯데,NC,9,0.397,13.0,-1,4,64,5,0.516,5.5,1,5,63,7.5,0.443
2021-06-23,수원,KT,KIA,2,0.581,1.5,3,7,62,10,0.387,13.5,-5,2,62,-4.0,0.443
2021-06-23,잠실,두산,키움,6,0.516,5.5,1,5,64,7,0.47,8.5,-1,4,66,0.0,0.443
2021-06-24,대구,삼성,한화,2,0.576,1.0,2,7,66,10,0.394,13.0,-4,4,66,-4.5,0.45
2021-06-24,문학,SSG,LG,3,0.571,1.5,1,6,63,1,0.591,0.0,-1,7,66,-4.0,0.45
2021-06-24,사직,롯데,NC,8,0.406,12.0,1,4,65,5,0.508,5.5,-1,4,64,6.5,0.45
2021-06-24,수원,KT,KIA,4,0.571,1.5,-1,6,63,9,0.397,12.5,1,3,63,-4.0,0.45
2021-06-24,잠실,두산,키움,6,0.508,5.5,-1,4,65,7,0.478,7.5,1,5,67,0.0,0.45
2021-06-25,고척,키움,KIA,7,0.485,6.5,2,6,68,9,0.391,12.5,-1,3,64,2.0,0.457
2021-06-25,대구,삼성,LG,1,0.582,0.0,3,7,67,2,0.582,0.0,-2,7,67,-4.5,0.457
2021-06-25,잠실,두산,롯데,6,0.5,5.5,-2,4,66,8,0.4,12.0,-1,4,66,1.0,0.457
2021-06-25,창원,NC,SSG,5,0.516,4.5,1,4,65,3,0.578,0.5,2,6,64,0.0,0.457
2021-06-25,한밭,한화,KT,10,0.388,13.0,-5,4,67,4,0.578,0.5,1,6,64,8.5,0.457
2021-06-26,고척,키움,KIA,6,0.493,6.0,3,6,69,9,0.385,13.0,-2,2,65,2.0,0.463
2021-06-26,대구,삼성,LG,2,0.582,0.0,3,7,67,3,0.582,0.0,-2,7,67,-4.0,0.463
2021-06-26,대구,삼성,LG,2,0.582,0.0,3,7,67,3,0.582,0.0,-2,7,67,-4.0,0.463
2021-06-26,잠실,두산,롯데,7,0.493,6.0,-3,4,67,8,0.409,11.5,1,5,67,2.0,0.463
2021-06-26,창원,NC,SSG,5,0.523,4.0,2,5,66,4,0.569,1.0,-1,6,65,0.0,0.463
2021-06-26,한밭,한화,KT,10,0.382,13.5,-6,3,68,1,0.585,0.0,2,6,65,9.5,0.463
2021-06-27,고척,키움,KIA,6,0.5,6.0,4,7,70,9,0.379,14.0,-3,2,66,1.5,0.471
2021-06-27,대구,삼성,LG,2,0.58,0.5,1,6,69,3,0.58,0.5,-1,6,69,-4.0,0.471
2021-06-27,잠실,두산,롯데,7,0.485,7.0,-4,4,68,8,0.418,11.5,2,6,68,2.5,0.471
2021-06-27,창원,NC,SSG,5,0.523,4.5,2,5,67,4,0.569,1.5,-1,5,66,0.0,0.471
2021-06-27,한밭,한화,KT,10,0.377,14.5,-7,2,69,1,0.591,0.0,3,6,66,10.0,0.471
2021-06-29,고척,키움,롯데,6,0.507,6.0,5,7,71,8,0.426,11.5,3,7,69,1.5,0.478
2021-06-29,광주,KIA,NC,9,0.373,15.0,-4,1,67,5,0.53,4.5,3,6,68,10.5,0.478
2021-06-29,문학,SSG,삼성,4,0.561,2.5,-2,5,67,3,0.571,1.5,-1,5,70,-2.0,0.478
2021-06-29,잠실,LG,KT,2,0.586,0.5,1,7,70,1,0.597,0.0,4,7,67,-4.0,0.478
2021-06-29,한밭,한화,두산,10,0.371,15.5,-8,1,70,7,0.478,8.0,-5,3,69,11.0,0.478
2021-06-30,고척,키움,롯데,6,0.5,6.5,-1,7,72,8,0.435,11.0,4,7,70,2.5,0.482
2021-06-30,광주,KIA,NC,10,0.368,15.5,-5,1,68,5,0.537,4.0,4,6,69,11.5,0.482
2021-06-30,문학,SSG,삼성,3,0.567,2.0,1,5,68,4,0.563,2.0,-2,5,71,-2.0,0.482
2021-06-30,문학,SSG,삼성,3,0.567,2.0,1,5,68,4,0.563,2.0,-2,5,71,-2.0,0.482
2021-06-30,잠실,LG,KT,2,0.586,0.5,1,7,70,1,0.597,0.0,4,7,67,-3.5,0.482
2021-06-30,잠실,LG,KT,2,0.586,0.5,1,7,70,1,0.597,0.0,4,7,67,-3.5,0.482
2021-06-30,한밭,한화,두산,9,0.371,15.5,-8,1,70,7,0.478,8.0,-5,3,69,11.5,0.482
2021-07-01,고척,키움,롯데,6,0.507,6.5,1,8,73,8,0.429,12.0,-1,6,71,2.0,0.489
2021-07-01,광주,KIA,NC,9,0.368,16.0,-5,1,68,5,0.537,4.5,4,6,69,11.5,0.489
2021-07-01,문학,SSG,삼성,3,0.574,2.0,2,5,70,4,0.556,3.0,-3,4,73,-2.5,0.489
2021-07-01,잠실,LG,KT,2,0.577,1.5,-1,6,71,1,0.603,0.0,5,8,68,-3.0,0.489
2021-07-01,한밭,한화,두산,10,0.366,16.5,-9,1,71,7,0.486,8.0,1,3,70,12.0,0.489
2021-07-02,광주,KIA,두산,9,0.377,16.0,1,2,69,7,0.493,8.0,2,3,71,10.5,0.496
2021-07-02,문학,SSG,롯데,3,0.565,3.0,-1,4,71,8,0.423,13.0,-2,6,72,-2.5,0.496
2021-07-02,수원,KT,키움,1,0.609,0.0,6,9,69,6,0.514,6.5,2,8,74,-5.5,0.496
2021-07-02,잠실,LG,한화,2,0.569,2.5,-2,5,72,10,0.361,17.5,-10,0,72,-3.0,0.496
2021-07-02,창원,NC,삼성,5,0.529,5.5,-1,5,70,4,0.562,3.0,1,5,74,0.0,0.496
2021-07-03,광주,KIA,두산,9,0.386,16.0,2,3,70,7,0.486,9.0,-1,3,72,9.5,0.503
2021-07-03,문학,SSG,롯데,4,0.557,4.0,-2,4,72,8,0.431,13.0,1,6,73,-2.5,0.503
2021-07-03,수원,KT,키움,1,0.614,0.0,7,9,70,6,0.507,7.5,-1,7,75,-6.5,0.503
2021-07-03,잠실,LG,한화,3,0.562,3.5,-3,4,73,10,0.37,17.5,1,1,73,-3.0,0.503
2021-07-03,창원,NC,삼성,5,0.522,6.5,-2,5,71,2,0.568,3.0,2,5,75,0.0,0.503
2021-07-04,광주,KIA,두산,9,0.386,16.0,2,3,70,7,0.486,9.0,-1,3,72,9.5,0.503
2021-07-04,문학,SSG,롯데,4,0.557,4.0,-2,4,72,8,0.431,13.0,1,6,73,-2.5,0.503
2021-07-04,수원,KT,키움,1,0.614,0.0,7,9,70,6,0.507,7.5,-1,7,75,-6.5,0.503
2021-07-04,잠실,LG,한화,3,0.562,3.5,-3,4,73,10,0.37,17.5,1,1,73,-3.0,0.503
2021-07-04,창원,NC,삼성,5,0.522,6.5,-2,5,71,2,0.568,3.0,2,5,75,0.0,0.503
2021-07-05,광주,KIA,두산,9,0.394,16.0,3,4,71,7,0.479,10.0,-2,3,73,8.5,0.51
2021-07-05,문학,SSG,롯데,4,0.549,5.0,-3,3,73,8,0.438,13.0,2,7,74,-2.5,0.51
2021-07-05,수원,KT,키움,1,0.62,0.0,8,9,71,6,0.5,8.5,-2,7,76,-7.5,0.51
2021-07-05,잠실,LG,한화,3,0.568,3.5,1,4,74,10,0.365,18.5,-1,1,74,-4.0,0.51
2021-07-05,창원,NC,삼성,5,0.514,7.5,-3,5,72,2,0.573,3.0,3,5,76,0.0,0.51
2021-07-06,고척,키움,SSG,6,0.506,7.5,1,7,77,4,0.556,4.0,1,3,74,0.5,0.514
2021-07-06,대구,삼성,KT,2,0.573,2.5,3,5,76,1,0.611,0.0,-1,8,72,-4.5,0.514
2021-07-06,사직,롯데,LG,8,0.432,13.0,-1,6,75,3,0.573,2.5,2,4,75,6.0,0.514
2021-07-06,잠실,두산,NC,7,0.479,9.5,-2,3,73,5,0.514,7.0,-3,5,72,2.5,0.514
2021-07-06,한밭,한화,KIA,10,0.36,18.5,-2,1,75,9,0.394,15.5,3,4,71,11.5,0.514
2021-07-07,고척,키움,SSG,6,0.513,7.0,2,7,78,4,0.548,4.5,-1,3,75,0.5,0.517
2021-07-07,대구,삼성,KT,2,0.573,2.5,3,5,76,1,0.611,0.0,-1,8,72,-4.0,0.517
2021-07-07,사직,롯데,LG,8,0.432,13.0,-1,6,75,3,0.573,2.5,2,4,75,6.5,0.517
2021-07-07,잠실,두산,NC,7,0.473,10.0,-3,2,74,5,0.521,6.5,1,5,73,3.5,0.517
2021-07-07,한밭,한화,KIA,10,0.36,18.5,-2,1,75,9,0.394,15.5,3,4,71,12.0,0.517
2021-07-08,고척,키움,SSG,5,0.519,6.5,3,7,79,4,0.541,5.0,-2,3,76,0.0,0.521
2021-07-08,대구,삼성,KT,2,0.573,2.5,3,5,76,1,0.611,0.0,-1,8,72,-4.0,0.521
2021-07-08,사직,롯데,LG,8,0.432,13.0,-1,6,75,3,0.573,2.5,2,4,75,6.5,0.521
2021-07-08,잠실,두산,NC,7,0.48,9.5,1,3,75,6,0.514,7.0,-1,5,74,3.0,0.521
2021-07-08,한밭,한화,KIA,10,0.355,19.0,-3,1,76,9,0.403,15.0,4,5,72,12.5,0.521
2021-07-09,고척,키움,NC,6,0.512,7.5,-1,6,80,5,0.514,7.5,-1,5,74,0.0,0.524
2021-07-09,광주,KIA,KT,9,0.403,15.5,4,5,72,1,0.616,0.0,1,9,73,8.0,0.524
2021-07-09,대구,삼성,롯데,3,0.566,3.5,-1,4,77,8,0.432,13.5,-1,6,75,-4.0,0.524
2021-07-09,문학,SSG,한화,4,0.547,5.0,1,4,77,10,0.355,19.5,-3,1,76,-2.5,0.524
2021-07-09,잠실,두산,LG,7,0.48,10.0,1,3,75,2,0.573,3.0,2,4,75,2.5,0.524
2021-07-10,고척,키움,NC,6,0.512,7.0,-1,6,80,5,0.514,7.0,-1,5,74,0.0,0.528
2021-07-10,광주,KIA,KT,9,0.411,14.5,5,5,73,1,0.608,0.0,-1,8,74,7.5,0.528
2021-07-10,대구,삼성,롯데,3,0.558,3.5,-2,4,78,8,0.44,12.5,1,7,76,-3.5,0.528
2021-07-10,문학,SSG,한화,4,0.539,5.0,-1,3,78,10,0.364,18.5,1,2,77,-2.0,0.528
2021-07-10,잠실,두산,LG,7,0.48,9.5,1,3,75,2,0.573,2.5,2,4,75,2.5,0.528
2021-07-11,고척,키움,NC,6,0.512,7.0,-1,6,80,5,0.514,7.0,-1,5,74,0.0,0.531
2021-07-11,광주,KIA,KT,9,0.411,14.5,5,5,73,1,0.608,0.0,-1,8,74,7.5,0.531
2021-07-11,대구,삼성,롯데,3,0.564,3.0,1,4,79,8,0.434,13.0,-1,6,77,-4.0,0.531
2021-07-11,문학,SSG,한화,4,0.532,5.5,-2,3,79,10,0.372,18.0,2,3,78,-1.5,0.531
2021-07-11,잠실,두산,LG,7,0.48,9.5,1,3,75,2,0.573,2.5,2,4,75,2.5,0.531
2021-07-13,광주,KIA,삼성,9,0.419,13.5,6,6,74,3,0.57,2.0,2,5,80,7.0,0.535
2021-07-13,문학,SSG,두산,4,0.538,4.5,1,3,80,7,0.48,9.0,1,3,75,-2.0,0.535
2021-07-13,사직,롯데,한화,8,0.429,13.0,-2,5,78,10,0.367,18.0,-1,3,79,6.5,0.535
2021-07-13,수원,KT,NC,1,0.6,0.0,-2,7,75,5,0.514,6.5,-1,5,74,-6.5,0.535
2021-07-13,잠실,LG,키움,2,0.573,2.0,2,4,75,6,0.512,6.5,-1,6,80,-4.5,0.535
2021-07-14,광주,KIA,삼성,9,0.419,13.5,6,6,74,3,0.57,2.0,2,5,80,7.0,0.535
2021-07-14,문학,SSG,두산,4,0.538,4.5,1,3,80,7,0.48,9.0,1,3,75,-2.0,0.535
2021-07-14,사직,롯데,한화,8,0.429,13.0,-2,5,78,10,0.367,18.0,-1,3,79,6.5,0.535
2021-07-14,수원,KT,NC,1,0.6,0.0,-2,7,75,5,0.514,6.5,-1,5,74,-6.5,0.535
2021-07-14,잠실,LG,키움,2,0.573,2.0,2,4,75,6,0.512,6.5,-1,6,80,-4.5,0.535
2021-07-15,광주,KIA,삼성,9,0.419,13.5,6,6,74,3,0.57,2.0,2,5,80,7.0,0.535
2021-07-15,문학,SSG,두산,4,0.538,4.5,1,3,80,7,0.48,9.0,1,3,75,-2.0,0.535
2021-07-15,사직,롯데,한화,8,0.429,13.0,-2,5,78,10,0.367,18.0,-1,3,79,6.5,0.535
2021-07-15,수원,KT,NC,1,0.6,0.0,-2,7,75,5,0.514,6.5,-1,5,74,-6.5,0.535
2021-07-15,잠실,LG,키움,2,0.573,2.0,2,4,75,6,0.512,6.5,-1,6,80,-4.5,0.535
2021-07-16,대구,삼성,키움,3,0.57,2.0,2,5,80,6,0.512,6.5,-1,6,80,-4.5,0.535
2021-07-16,사직,롯데,SSG,8,0.429,13.0,-2,5,78,4,0.538,4.5,1,3,80,6.5,0.535
2021-07-16,잠실,두산,KT,7,0.48,9.0,1,3,75,1,0.6,0.0,-2,7,75,2.5,0.535
2021-07-16,창원,NC,KIA,5,0.514,6.5,-1,5,74,9,0.419,13.5,6,6,74,0.0,0.535
2021-07-16,한밭,한화,LG,10,0.367,18.0,-1,3,79,2,0.573,2.0,2,4,75,11.5,0.535
2021-07-17,대구,삼성,키움,3,0.57,2.0,2,5,80,6,0.512,6.5,-1,6,80,-4.5,0.535
2021-07-17,사직,롯데,SSG,8,0.429,13.0,-2,5,78,4,0.538,4.5,1,3,80,6.5,0.535
2021-07-17,잠실,두산,KT,7,0.48,9.0,1,3,75,1,0.6,0.0,-2,7,75,2.5,0.535
2021-07-17,창원,NC,KIA,5,0.514,6.5,-1,5,74,9,0.419,13.5,6,6,74,0.0,0.535
2021-07-17,한밭,한화,LG,10,0.367,18.0,-1,3,79,2,0.573,2.0,2,4,75,11.5,0.535
2021-07-18,대구,삼성,키움,3,0.57,2.0,2,5,80,6,0.512,6.5,-1,6,80,-4.5,0.535
2021-07-18,사직,롯데,SSG,8,0.429,13.0,-2,5,78,4,0.538,4.5,1,3,80,6.5,0.535
2021-07-18,잠실,두산,KT,7,0.48,9.0,1,3,75,1,0.6,0.0,-2,7,75,2.5,0.535
2021-07-18,창원,NC,KIA,5,0.514,6.5,-1,5,74,9,0.419,13.5,6,6,74,0.0,0.535
2021-07-18,한밭,한화,LG,10,0.367,18.0,-1,3,79,2,0.573,2.0,2,4,75,11.5,0.535
2021-08-10,고척,키움,KT,6,0.512,6.5,-1,6,80,1,0.6,0.0,-2,7,75,0.0,0.535
2021-08-10,광주,KIA,한화,9,0.419,13.5,6,6,74,10,0.367,18.0,-1,3,79,7.0,0.535
2021-08-10,대구,삼성,두산,3,0.57,2.0,2,5,80,7,0.48,9.0,1,3,75,-4.5,0.535
2021-08-10,잠실,LG,SSG,2,0.573,2.0,2,4,75,4,0.538,4.5,1,3,80,-4.5,0.535
2021-08-10,창원,NC,롯데,5,0.514,6.5,-1,5,74,8,0.429,13.0,-2,5,78,0.0,0.535
2021-08-11,고척,키움,KT,5,0.519,5.5,1,6,81,1,0.592,0.0,-3,6,76,0.0,0.54
2021-08-11,광주,KIA,한화,9,0.427,12.5,7,7,75,10,0.362,18.0,-2,3,80,7.0,0.54
2021-08-11,대구,삼성,두산,3,0.57,1.5,2,5,80,7,0.48,8.5,1,3,75,-4.0,0.54
2021-08-11,잠실,LG,SSG,2,0.579,1.0,3,5,76,4,0.532,4.5,-1,3,81,-4.5,0.54
2021-08-11,창원,NC,롯데,6,0.507,6.5,-2,4,75,8,0.436,12.0,1,5,79,1.0,0.54
2021-08-12,고척,키움,KT,5,0.524,4.5,2,7,82,1,0.584,0.0,-4,5,77,0.0,0.547
2021-08-12,광주,KIA,한화,9,0.427,12.0,7,7,76,10,0.362,17.5,-2,3,81,7.5,0.547
2021-08-12,대구,삼성,두산,3,0.562,1.5,-1,5,81,7,0.487,7.5,2,4,76,-3.0,0.547
2021-08-12,잠실,LG,SSG,2,0.584,0.0,4,6,77,4,0.525,4.5,-2,3,82,-4.5,0.547
2021-08-12,창원,NC,롯데,6,0.5,6.5,-3,3,76,8,0.443,11.0,2,5,80,2.0,0.547
2021-08-13,고척,키움,두산,4,0.53,4.0,3,7,83,7,0.481,8.0,-1,4,77,-0.5,0.551
2021-08-13,문학,SSG,KIA,5,0.525,4.5,-2,3,82,9,0.427,12.0,7,7,76,0.0,0.551
2021-08-13,수원,KT,삼성,2,0.577,0.5,-5,4,78,3,0.568,1.0,1,6,82,-4.0,0.551
2021-08-13,잠실,LG,롯데,1,0.584,0.0,4,6,77,8,0.438,11.5,-1,5,81,-4.5,0.551
2021-08-13,한밭,한화,NC,10,0.362,17.5,-2,3,81,6,0.507,6.0,1,4,77,13.0,0.551
2021-08-14,고척,키움,두산,4,0.524,4.5,-1,6,84,7,0.487,7.5,1,5,78,-0.5,0.558
2021-08-14,문학,SSG,KIA,5,0.519,5.0,-3,3,83,9,0.434,11.5,8,8,77,0.0,0.558
2021-08-14,수원,KT,삼성,1,0.582,0.0,1,4,79,3,0.561,1.5,-1,6,83,-5.0,0.558
2021-08-14,잠실,LG,롯데,2,0.577,0.5,-1,5,78,8,0.444,11.0,1,6,82,-4.5,0.558
2021-08-14,한밭,한화,NC,10,0.358,18.0,-3,3,82,6,0.513,5.5,2,4,78,13.0,0.558
2021-08-15,고척,키움,두산,4,0.529,4.5,1,7,85,7,0.481,8.5,-1,5,79,-1.0,0.565
2021-08-15,문학,SSG,KIA,5,0.519,5.5,-3,2,84,9,0.434,12.0,8,8,78,0.0,0.565
2021-08-15,수원,KT,삼성,1,0.588,0.0,2,4,80,3,0.554,2.5,-2,5,84,-5.5,0.565
2021-08-15,잠실,LG,롯데,2,0.57,1.5,-2,5,79,8,0.451,11.0,2,6,83,-4.0,0.565
2021-08-15,한밭,한화,NC,10,0.358,18.5,-3,2,83,6,0.513,6.0,2,3,79,13.0,0.565
2021-08-17,문학,SSG,NC,5,0.524,5.5,1,3,85,6,0.513,6.5,2,3,80,0.0,0.572
2021-08-17,사직,롯데,키움,8,0.446,12.0,-1,5,84,4,0.535,4.5,2,8,86,6.5,0.572
2021-08-17,수원,KT,LG,1,0.593,0.0,3,4,81,2,0.575,1.5,1,5,80,-5.5,0.572
2021-08-17,잠실,두산,KIA,7,0.475,9.5,-2,4,80,9,0.429,13.0,-1,7,79,4.0,0.572
2021-08-17,한밭,한화,삼성,10,0.358,19.0,-3,2,84,3,0.548,3.5,-3,4,85,13.5,0.572
2021-08-18,문학,SSG,NC,5,0.524,5.5,1,3,85,6,0.513,6.5,2,3,80,0.0,0.576
2021-08-18,사직,롯데,키움,8,0.452,11.5,1,6,85,4,0.529,5.0,-1,7,87,6.0,0.576
2021-08-18,수원,KT,LG,1,0.593,0.0,3,4,82,2,0.575,1.5,1,5,81,-5.5,0.576
2021-08-18,잠실,두산,KIA,7,0.475,9.5,-2,4,80,9,0.429,13.0,-1,7,79,4.0,0.576
2021-08-18,한밭,한화,삼성,10,0.366,18.5,1,3,85,3,0.541,4.0,-4,3,86,13.0,0.576
2021-08-19,문학,SSG,NC,4,0.53,5.5,2,4,86,6,0.506,7.5,-1,3,81,-0.5,0.583
2021-08-19,사직,롯데,키움,8,0.459,11.5,2,6,86,5,0.523,6.0,-2,6,88,5.5,0.583
2021-08-19,수원,KT,LG,1,0.598,0.0,4,4,83,2,0.568,2.5,-1,5,82,-6.0,0.583
2021-08-19,잠실,두산,KIA,7,0.469,10.5,-3,3,81,9,0.436,13.0,1,7,80,4.5,0.583
2021-08-19,한밭,한화,삼성,10,0.361,19.5,-1,3,86,3,0.547,4.0,1,4,87,13.5,0.583
2021-08-20,광주,KIA,키움,9,0.436,12.5,1,6,81,5,0.523,5.5,-2,6,88,7.0,0.589
2021-08-20,대구,삼성,SSG,3,0.552,3.0,2,5,88,4,0.524,5.5,-1,3,87,-2.5,0.589
2021-08-20,사직,롯데,KT,8,0.459,11.0,2,6,86,1,0.59,0.0,-1,4,84,5.5,0.589
2021-08-20,잠실,두산,한화,7,0.469,10.0,-3,3,82,10,0.357,19.5,-2,2,87,4.5,0.589
2021-08-20,창원,NC,LG,6,0.513,6.5,1,4,82,2,0.573,1.5,1,6,83,1.0,0.589
2021-08-21,광주,KIA,키움,9,0.443,12.5,2,6,82,6,0.517,6.5,-3,5,89,6.0,0.596
2021-08-21,대구,삼성,SSG,3,0.557,3.0,3,5,89,5,0.518,6.5,-2,3,88,-3.5,0.596
2021-08-21,사직,롯데,KT,8,0.453,12.0,-1,6,87,1,0.595,0.0,1,5,85,5.5,0.596
2021-08-21,잠실,두산,한화,7,0.476,10.0,1,4,83,10,0.353,20.5,-3,1,88,3.5,0.596
2021-08-21,창원,NC,LG,4,0.519,6.5,2,4,83,2,0.566,2.5,-1,5,84,0.0,0.596
2021-08-22,광주,KIA,키움,9,0.443,12.5,2,6,82,6,0.517,6.5,-3,5,89,6.0,0.597
2021-08-22,대구,삼성,SSG,3,0.557,3.0,3,5,89,5,0.518,6.5,-2,3,88,-3.5,0.597
2021-08-22,사직,롯데,KT,8,0.453,12.0,-1,6,87,1,0.595,0.0,1,5,85,5.5,0.597
2021-08-22,잠실,두산,한화,7,0.47,10.5,-1,4,84,10,0.36,20.0,1,2,89,4.0,0.597
2021-08-22,창원,NC,LG,4,0.519,6.5,2,4,83,2,0.566,2.5,-1,5,84,0.0,0.597
2021-08-23,광주,KIA,키움,9,0.438,13.5,-1,5,83,5,0.522,6.5,1,6,90,7.0,0.604
2021-08-23,대구,삼성,SSG,3,0.557,3.5,3,4,90,6,0.518,7.0,-2,3,89,-3.0,0.604
2021-08-23,사직,롯데,KT,8,0.448,13.0,-2,6,88,1,0.6,0.0,2,6,86,6.5,0.604
2021-08-23,잠실,두산,한화,7,0.464,11.5,-2,3,85,10,0.368,20.0,2,3,90,5.0,0.604
2021-08-23,창원,NC,LG,4,0.525,6.5,3,5,84,2,0.56,3.5,-2,4,85,0.0,0.604
2021-08-24,광주,KIA,키움,9,0.438,13.0,-1,5,83,5,0.522,6.0,1,6,90,7.0,0.606
2021-08-24,대구,삼성,SSG,3,0.557,3.0,3,4,90,6,0.518,6.5,-2,3,89,-3.0,0.606
2021-08-24,사직,롯데,KT,8,0.455,12.0,1,6,89,1,0.593,0.0,-1,6,87,6.0,0.606
2021-08-24,잠실,두산,한화,7,0.464,11.0,-2,3,85,10,0.368,19.5,2,3,90,5.0,0.606
2021-08-24,창원,NC,LG,4,0.525,6.0,3,5,84,2,0.56,3.0,-2,4,85,0.0,0.606
2021-08-25,고척,키움,한화,4,0.527,5.5,2,6,91,10,0.364,20.0,-1,3,91,-0.5,0.61
2021-08-25,광주,KIA,롯데,9,0.432,13.5,-2,4,84,8,0.455,12.0,1,6,89,7.5,0.61
2021-08-25,수원,KT,SSG,1,0.593,0.0,-1,6,87,6,0.512,7.0,-3,2,90,-6.0,0.61
2021-08-25,잠실,LG,삼성,3,0.56,3.0,-2,4,85,2,0.562,2.5,4,5,91,-3.0,0.61
2021-08-25,창원,NC,두산,5,0.525,6.0,3,5,84,7,0.471,10.5,1,3,86,0.0,0.61
2021-08-26,고척,키움,한화,5,0.522,6.5,-1,5,92,10,0.371,20.0,1,4,92,0.0,0.615
2021-08-26,광주,KIA,롯데,9,0.439,13.5,1,4,85,8,0.449,13.0,-1,5,90,7.0,0.615
2021-08-26,수원,KT,SSG,1,0.598,0.0,1,7,88,6,0.506,8.0,-4,2,91,-6.5,0.615
2021-08-26,잠실,LG,삼성,3,0.56,3.5,-2,3,86,2,0.562,3.0,4,4,92,-3.0,0.615
2021-08-26,창원,NC,두산,4,0.525,6.5,3,5,84,7,0.471,11.0,1,3,86,0.0,0.615
2021-08-26,창원,NC,두산,4,0.525,6.5,3,5,84,7,0.471,11.0,1,3,86,0.0,0.615
2021-08-27,고척,키움,한화,4,0.522,7.0,-1,4,93,10,0.371,20.5,1,4,93,-1.0,0.624
2021-08-27,광주,KIA,롯데,9,0.439,14.0,1,4,86,8,0.449,13.5,-1,5,91,6.0,0.624
2021-08-27,수원,KT,SSG,1,0.602,0.0,2,7,89,6,0.5,9.0,-5,2,92,-8.0,0.624
2021-08-27,잠실,LG,삼성,2,0.565,3.5,1,3,87,3,0.556,4.0,-1,4,93,-4.5,0.624
2021-08-27,창원,NC,두산,5,0.512,8.0,-2,5,86,7,0.483,10.5,3,4,88,0.0,0.624
2021-08-28,문학,SSG,KIA,6,0.494,10.0,-6,2,93,9,0.439,14.5,1,4,86,2.0,0.629
2021-08-28,사직,롯데,두산,8,0.449,14.0,-1,5,91,7,0.477,11.5,-1,4,89,6.0,0.629
2021-08-28,수원,KT,삼성,1,0.607,0.0,3,7,90,3,0.549,5.0,-2,4,94,-8.0,0.629
2021-08-28,잠실,LG,키움,2,0.57,3.5,2,4,88,4,0.527,7.0,1,5,94,-4.5,0.629
2021-08-28,한밭,한화,NC,10,0.367,21.5,-1,4,94,5,0.518,8.0,1,5,87,13.5,0.629
2021-08-29,문학,SSG,KIA,6,0.5,9.0,1,3,94,9,0.434,14.5,-1,3,87,1.0,0.636
2021-08-29,사직,롯데,두산,8,0.449,13.5,-1,4,92,7,0.477,11.0,-1,4,90,5.5,0.636
2021-08-29,수원,KT,삼성,1,0.6,0.0,-1,6,91,3,0.554,4.0,1,5,95,-8.0,0.636
2021-08-29,잠실,LG,키움,2,0.575,2.5,3,5,89,4,0.521,7.0,-1,4,95,-5.5,0.636
2021-08-29,한밭,한화,NC,10,0.374,20.5,1,4,95,5,0.512,8.0,-1,4,88,12.5,0.636
2021-08-31,대구,삼성,키움,3,0.548,5.0,-1,5,96,4,0.516,8.0,-2,3,96,-4.0,0.643
2021-08-31,문학,SSG,NC,6,0.505,9.0,2,3,95,5,0.506,9.0,-2,4,89,0.0,0.643
2021-08-31,사직,롯데,LG,8,0.456,13.5,1,4,93,2,0.58,2.5,4,5,90,4.5,0.643
2021-08-31,잠실,두산,KIA,7,0.472,12.0,-2,4,91,9,0.429,15.5,-2,3,88,3.0,0.643
2021-08-31,한밭,한화,KT,10,0.38,20.5,2,5,96,1,0.604,0.0,1,7,92,11.5,0.643
2021-09-01,대구,삼성,키움,3,0.553,4.0,1,5,97,4,0.51,8.0,-3,3,97,-4.5,0.647
2021-09-01,대구,삼성,키움,3,0.553,4.0,1,5,97,4,0.51,8.0,-3,3,97,-4.5,0.647
2021-09-01,문학,SSG,NC,6,0.505,8.5,2,3,95,5,0.506,8.5,-2,4,89,0.0,0.647
2021-09-01,문학,SSG,NC,6,0.505,8.5,2,3,95,5,0.506,8.5,-2,4,89,0.0,0.647
2021-09-01,사직,롯데,LG,8,0.451,13.5,-1,4,94,2,0.584,1.5,5,6,91,5.0,0.647
2021-09-01,잠실,두산,KIA,7,0.472,11.5,-2,4,91,9,0.429,15.0,-2,3,88,3.0,0.647
2021-09-01,잠실,두산,KIA,7,0.472,11.5,-2,4,91,9,0.429,15.0,-2,3,88,3.0,0.647
2021-09-01,한밭,한화,KT,10,0.387,19.5,3,6,97,1,0.598,0.0,-1,6,93,11.0,0.647
2021-09-02,고척,키움,KT,6,0.505,9.0,-4,3,98,1,0.602,0.0,1,7,94,0.0,0.656
2021-09-02,광주,KIA,삼성,9,0.43,15.5,1,3,90,3,0.558,4.0,2,5,98,6.5,0.656
2021-09-02,문학,SSG,두산,5,0.505,9.0,1,3,97,7,0.473,12.0,-1,4,93,0.0,0.656
2021-09-02,사직,롯데,한화,8,0.451,14.0,-1,4,94,10,0.383,20.5,-1,6,98,5.0,0.656
2021-09-02,잠실,LG,NC,2,0.584,2.0,5,6,91,4,0.506,9.0,-1,5,91,-7.0,0.656
2021-09-03,고척,키움,KT,5,0.51,8.0,1,4,99,1,0.596,0.0,-1,6,95,0.0,0.661
2021-09-03,광주,KIA,삼성,9,0.425,15.5,-1,3,91,3,0.562,3.0,3,5,99,7.5,0.661
2021-09-03,문학,SSG,두산,4,0.511,8.0,2,4,98,7,0.467,12.0,-2,4,94,0.0,0.661
2021-09-03,사직,롯데,한화,8,0.451,13.5,-1,4,94,10,0.383,20.0,-1,6,98,5.5,0.661
2021-09-03,사직,롯데,한화,8,0.451,13.5,-1,4,94,10,0.383,20.0,-1,6,98,5.5,0.661
2021-09-03,잠실,LG,NC,2,0.589,1.0,6,7,92,6,0.5,9.0,-2,4,92,-7.0,0.661
2021-09-04,고척,키움,SSG,6,0.505,9.0,-1,3,100,4,0.516,8.0,3,5,99,0.0,0.669
2021-09-04,대구,삼성,두산,3,0.567,3.0,4,6,100,8,0.462,13.0,-3,4,95,-6.0,0.669
2021-09-04,잠실,LG,KT,2,0.582,2.0,-1,6,93,1,0.6,0.0,1,6,96,-7.0,0.669
2021-09-04,창원,NC,롯데,5,0.506,9.0,1,4,93,7,0.462,13.0,2,4,96,0.0,0.669
2021-09-04,한밭,한화,KIA,10,0.375,21.5,-3,4,100,9,0.42,16.5,-2,2,92,12.5,0.669
2021-09-05,고척,키움,SSG,5,0.51,9.0,1,3,101,4,0.51,9.0,-1,5,100,0.0,0.676
2021-09-05,대구,삼성,두산,3,0.571,3.0,5,6,101,8,0.457,14.0,-4,3,96,-6.0,0.676
2021-09-05,잠실,LG,KT,2,0.576,3.0,-2,6,94,1,0.604,0.0,2,7,97,-6.0,0.676
2021-09-05,창원,NC,롯데,6,0.5,10.0,-1,3,94,7,0.468,13.0,3,5,97,1.0,0.676
2021-09-05,한밭,한화,KIA,10,0.381,21.5,1,5,101,9,0.416,17.5,-3,2,93,12.5,0.676
2021-09-07,대구,삼성,롯데,3,0.566,4.0,-1,6,102,7,0.463,14.0,-1,5,98,-6.0,0.683
2021-09-07,문학,SSG,LG,6,0.505,10.0,-2,5,101,2,0.57,4.0,-3,6,95,0.0,0.683
2021-09-07,수원,KT,KIA,1,0.608,0.0,3,7,98,9,0.416,18.0,-3,2,94,-10.0,0.683
2021-09-07,잠실,두산,키움,8,0.463,14.0,1,3,97,4,0.515,9.0,2,4,102,4.0,0.683
2021-09-07,창원,NC,한화,5,0.505,10.0,1,4,95,10,0.381,22.0,1,4,102,0.0,0.683
2021-09-08,대구,삼성,롯데,3,0.56,4.5,-2,6,103,7,0.469,13.5,1,5,99,-5.0,0.686
2021-09-08,문학,SSG,LG,6,0.505,10.0,-2,5,101,2,0.57,4.0,-3,6,95,0.5,0.686
2021-09-08,수원,KT,KIA,1,0.608,0.0,3,7,98,9,0.416,18.0,-3,2,94,-9.5,0.686
2021-09-08,잠실,두산,키움,8,0.463,14.0,1,3,97,4,0.515,9.0,2,4,102,4.5,0.686
2021-09-08,창원,NC,한화,5,0.511,9.5,2,5,96,10,0.378,22.5,-1,4,103,0.0,0.686
2021-09-09,고척,키움,KIA,5,0.51,9.5,-1,4,103,9,0.416,18.0,-3,1,95,0.0,0.693
2021-09-09,대구,삼성,KT,3,0.554,5.0,-3,6,104,1,0.608,0.0,3,6,99,-4.5,0.693
2021-09-09,사직,롯데,SSG,7,0.474,13.0,2,6,100,4,0.51,9.5,1,6,102,3.5,0.693
2021-09-09,잠실,LG,한화,2,0.564,4.5,-4,6,96,10,0.384,22.0,1,5,104,-5.0,0.693
2021-09-09,창원,NC,두산,6,0.505,10.0,-1,4,97,8,0.469,13.5,2,3,98,0.5,0.693
2021-09-10,고척,키움,KIA,5,0.515,8.5,1,4,104,9,0.411,18.0,-4,1,96,0.0,0.7
2021-09-10,대구,삼성,KT,3,0.559,4.0,1,6,105,1,0.602,0.0,-1,5,100,-4.5,0.7
2021-09-10,사직,롯데,SSG,8,0.469,13.0,-1,6,101,4,0.515,8.5,2,7,103,4.5,0.7
2021-09-10,잠실,LG,한화,2,0.568,3.5,1,6,97,10,0.38,22.0,-1,4,105,-5.0,0.7
2021-09-10,창원,NC,두산,6,0.5,10.0,-2,4,98,7,0.474,12.5,3,4,99,1.5,0.7
2021-09-11,광주,KIA,NC,9,0.407,18.5,-5,1,97,6,0.495,10.5,-3,4,99,9.5,0.707
2021-09-11,사직,롯데,키움,8,0.475,12.5,1,7,102,4,0.519,8.0,2,5,105,3.5,0.707
2021-09-11,수원,KT,SSG,1,0.602,0.0,-1,5,101,5,0.51,9.0,-1,6,104,-9.0,0.707
2021-09-11,잠실,두산,LG,7,0.48,12.0,4,5,100,2,0.573,3.0,2,6,98,3.0,0.707
2021-09-11,한밭,한화,삼성,10,0.376,22.5,-2,3,106,3,0.559,4.0,1,6,106,13.5,0.707
2021-09-12,광주,KIA,NC,9,0.413,18.0,1,2,98,6,0.49,11.0,-4,3,100,9.0,0.714
2021-09-12,광주,KIA,NC,9,0.413,18.0,1,2,98,6,0.49,11.0,-4,3,100,9.0,0.714
2021-09-12,사직,롯데,키움,8,0.47,13.0,-1,6,103,4,0.524,7.5,3,6,106,4.0,0.714
2021-09-12,사직,롯데,키움,8,0.47,13.0,-1,6,103,4,0.524,7.5,3,6,106,4.0,0.714
2021-09-12,수원,KT,SSG,1,0.602,0.0,-1,4,102,5,0.51,9.0,-1,5,105,-9.0,0.714
2021-09-12,수원,KT,SSG,1,0.602,0.0,-1,4,102,5,0.51,9.0,-1,5,105,-9.0,0.714
2021-09-12,잠실,두산,LG,7,0.48,12.0,4,5,101,2,0.573,3.0,2,5,99,3.0,0.714
2021-09-12,잠실,두산,LG,7,0.48,12.0,4,5,101,2,0.573,3.0,2,5,99,3.0,0.714
2021-09-12,한밭,한화,삼성,10,0.373,23.0,-3,2,107,3,0.563,3.5,2,6,107,14.0,0.714
2021-09-12,한밭,한화,삼성,10,0.373,23.0,-3,2,107,3,0.563,3.5,2,6,107,14.0,0.714
2021-09-14,광주,KIA,롯데,9,0.404,20.0,-2,1,100,8,0.471,14.0,1,6,105,9.0,0.728
2021-09-14,대구,삼성,LG,2,0.563,4.5,2,4,109,3,0.561,5.0,-2,3,101,-6.5,0.728
2021-09-14,문학,SSG,한화,5,0.5,11.0,-3,4,107,10,0.373,24.0,-3,2,109,0.0,0.728
2021-09-14,잠실,두산,KT,7,0.49,12.0,6,6,103,1,0.61,0.0,2,5,104,1.0,0.728
2021-09-14,창원,NC,키움,6,0.5,11.0,2,5,102,4,0.523,8.5,-1,7,108,0.0,0.728
2021-09-15,광주,KIA,롯데,9,0.4,21.0,-3,1,101,8,0.476,14.0,2,6,106,10.0,0.735
2021-09-15,광주,KIA,롯데,9,0.4,21.0,-3,1,101,8,0.476,14.0,2,6,106,10.0,0.735
2021-09-15,대구,삼성,LG,2,0.563,5.0,2,3,110,3,0.561,5.5,-2,2,102,-6.0,0.735
2021-09-15,문학,SSG,한화,6,0.495,12.0,-4,3,108,10,0.379,24.0,1,3,110,1.0,0.735
2021-09-15,잠실,두산,KT,7,0.485,13.0,-1,6,104,1,0.614,0.0,3,6,105,2.0,0.735
2021-09-15,창원,NC,키움,5,0.505,11.0,3,5,103,4,0.519,9.5,-2,6,109,0.0,0.735
2021-09-16,고척,키움,한화,4,0.514,9.5,-3,6,110,10,0.375,24.0,-1,2,111,-0.5,0.743
2021-09-16,대구,삼성,KIA,3,0.558,5.0,-1,2,111,9,0.402,20.5,1,2,103,-5.0,0.743
2021-09-16,수원,KT,롯데,1,0.608,0.0,-1,5,106,8,0.476,13.5,-1,6,108,-10.0,0.743
2021-09-16,잠실,두산,SSG,7,0.49,12.0,1,7,105,6,0.5,11.0,1,3,109,2.0,0.743
2021-09-16,창원,NC,LG,5,0.51,10.0,4,6,104,2,0.566,4.5,1,3,103,0.0,0.743
2021-09-17,고척,키움,한화,5,0.514,10.0,-3,5,111,10,0.375,24.5,-1,2,112,0.0,0.75
2021-09-17,대구,삼성,KIA,3,0.552,6.0,-2,2,112,9,0.408,20.5,2,3,104,-4.0,0.75
2021-09-17,수원,KT,롯데,1,0.612,0.0,1,5,107,8,0.472,14.5,-2,5,109,-10.0,0.75
2021-09-17,잠실,두산,SSG,7,0.49,12.5,1,7,106,6,0.5,11.5,1,3,110,2.5,0.75
2021-09-17,창원,NC,LG,4,0.515,10.0,5,6,105,2,0.56,5.5,-1,3,104,0.0,0.75
2021-09-17,창원,NC,LG,4,0.515,10.0,5,6,105,2,0.56,5.5,-1,3,104,0.0,0.75
2021-09-18,고척,키움,두산,5,0.509,10.0,-4,4,112,7,0.495,11.5,2,7,107,0.0,0.757
2021-09-18,문학,SSG,삼성,6,0.495,11.5,-1,3,111,2,0.557,5.0,1,3,113,1.5,0.757
2021-09-18,잠실,LG,KIA,3,0.554,5.5,-2,3,105,9,0.404,20.5,-1,3,105,-4.5,0.757
2021-09-18,창원,NC,KT,4,0.52,9.0,6,6,106,1,0.606,0.0,-1,4,108,-1.0,0.757
2021-09-18,한밭,한화,롯데,10,0.381,23.5,1,3,113,8,0.477,13.5,1,5,110,13.5,0.757
2021-09-19,고척,키움,두산,5,0.509,10.5,-4,4,113,6,0.495,12.0,2,6,108,0.0,0.764
2021-09-19,문학,SSG,삼성,7,0.491,12.5,-2,2,112,2,0.561,5.0,2,4,114,2.0,0.764
2021-09-19,잠실,LG,KIA,3,0.549,6.5,-3,3,106,9,0.41,20.5,1,4,106,-4.0,0.764
2021-09-19,창원,NC,KT,4,0.515,10.0,-1,6,107,1,0.61,0.0,1,5,109,-0.5,0.764
2021-09-19,한밭,한화,롯데,10,0.387,23.5,2,3,114,8,0.472,14.5,-1,5,111,13.0,0.764
2021-09-21,광주,KIA,KT,9,0.406,21.5,-1,4,107,1,0.613,0.0,2,6,110,10.0,0.771
2021-09-21,문학,SSG,키움,7,0.491,13.0,-2,1,113,5,0.505,11.5,-5,3,114,1.5,0.771
2021-09-21,사직,롯데,삼성,8,0.477,14.5,1,5,112,2,0.561,5.5,2,3,115,3.0,0.771
2021-09-21,잠실,두산,NC,6,0.5,12.0,3,6,109,4,0.51,11.0,-2,6,108,0.5,0.771
2021-09-21,한밭,한화,LG,10,0.383,24.5,-1,3,115,3,0.553,6.5,1,3,107,13.0,0.771
2021-09-22,광주,KIA,KT,9,0.402,22.5,-2,3,108,1,0.617,0.0,3,7,111,10.5,0.778
2021-09-22,문학,SSG,키움,7,0.495,13.0,1,2,114,6,0.5,12.5,-6,2,115,1.0,0.778
2021-09-22,사직,롯데,삼성,8,0.473,15.5,-1,5,113,2,0.565,5.5,3,4,116,3.5,0.778
2021-09-22,잠실,두산,NC,4,0.505,12.0,4,6,110,5,0.505,12.0,-3,6,109,0.0,0.778
2021-09-22,한밭,한화,LG,10,0.389,24.5,1,4,116,3,0.548,7.5,-1,2,108,12.5,0.778
2021-09-23,고척,키움,NC,5,0.5,12.0,-6,1,116,6,0.5,12.0,-4,6,110,0.0,0.785
2021-09-23,광주,KIA,두산,9,0.408,21.5,1,4,109,4,0.509,11.0,5,7,111,9.5,0.785
2021-09-23,문학,SSG,롯데,7,0.495,12.5,1,2,115,8,0.477,14.5,1,6,114,0.5,0.785
2021-09-23,수원,KT,한화,1,0.611,0.0,-1,7,112,10,0.385,24.5,-1,4,117,-12.0,0.785
2021-09-23,잠실,LG,삼성,3,0.552,6.5,1,3,109,2,0.56,5.5,-1,3,117,-5.5,0.785
2021-09-24,고척,키움,NC,5,0.504,12.0,1,1,117,7,0.495,13.0,-5,5,111,0.0,0.792
2021-09-24,광주,KIA,두산,9,0.404,22.5,-1,4,110,4,0.514,11.0,6,7,112,10.5,0.792
2021-09-24,문학,SSG,롯데,6,0.5,12.5,2,3,116,8,0.473,15.5,-1,5,115,0.5,0.792
2021-09-24,문학,SSG,롯데,6,0.5,12.5,2,3,116,8,0.473,15.5,-1,5,115,0.5,0.792
2021-09-24,수원,KT,한화,1,0.615,0.0,1,7,113,10,0.382,25.5,-2,4,118,-12.0,0.792
2021-09-24,잠실,LG,삼성,3,0.547,7.5,-1,3,110,2,0.564,5.5,1,4,118,-4.5,0.792
2021-09-25,고척,키움,롯데,5,0.509,11.0,2,2,118,8,0.469,15.5,-2,3,117,0.0,0.8
2021-09-25,광주,KIA,SSG,9,0.4,22.5,-2,4,111,6,0.505,11.5,3,4,118,11.5,0.8
2021-09-25,대구,삼성,NC,2,0.559,5.5,-1,4,119,7,0.491,13.0,-6,4,112,-5.5,0.8
2021-09-25,수원,KT,LG,1,0.609,0.0,-1,6,114,3,0.551,6.5,1,4,111,-11.0,0.8
2021-09-25,잠실,두산,한화,4,0.519,10.0,7,7,113,10,0.387,24.5,1,5,119,-1.0,0.8
2021-09-26,고척,키움,롯데,5,0.504,11.5,-1,2,119,8,0.474,15.0,1,4,118,0.0,0.807
2021-09-26,광주,KIA,SSG,9,0.406,22.0,1,5,112,6,0.5,12.0,-1,3,119,10.5,0.807
2021-09-26,대구,삼성,NC,2,0.562,5.0,1,5,120,7,0.486,13.5,-7,3,113,-6.5,0.807
2021-09-26,수원,KT,LG,1,0.609,0.0,-1,5,115,3,0.551,6.5,1,4,112,-11.5,0.807
2021-09-26,잠실,두산,한화,4,0.514,10.5,-1,7,114,10,0.393,24.0,2,5,120,-1.0,0.807
2021-09-28,대구,삼성,SSG,2,0.566,4.0,2,6,121,6,0.495,12.0,-2,3,120,-6.5,0.814
2021-09-28,수원,KT,두산,1,0.604,0.0,-2,5,116,4,0.518,9.5,1,7,115,-10.5,0.814
2021-09-28,잠실,LG,롯데,3,0.556,5.5,2,4,113,8,0.47,15.0,-1,4,119,-5.0,0.814
2021-09-28,창원,NC,KIA,7,0.482,13.5,-8,2,114,9,0.411,21.0,2,5,113,3.0,0.814
2021-09-28,한밭,한화,키움,10,0.389,24.0,-1,5,121,5,0.509,10.5,1,3,120,13.5,0.814
2021-09-29,대구,삼성,SSG,2,0.561,5.0,-1,6,122,6,0.5,12.0,1,4,121,-6.0,0.821
2021-09-29,수원,KT,두산,1,0.607,0.0,1,5,117,4,0.514,10.5,-1,7,116,-11.0,0.821
2021-09-29,잠실,LG,롯데,3,0.56,5.5,3,5,114,8,0.466,16.0,-2,3,120,-5.5,0.821
2021-09-29,창원,NC,KIA,7,0.486,13.5,1,2,115,9,0.407,22.0,-1,4,114,2.5,0.821
2021-09-29,창원,NC,KIA,7,0.486,13.5,1,2,115,9,0.407,22.0,-1,4,114,2.5,0.821
2021-09-29,한밭,한화,키움,10,0.389,24.5,-1,5,122,5,0.509,11.0,1,3,121,13.5,0.821
2021-09-30,광주,KIA,키움,9,0.404,22.0,-2,4,115,5,0.509,10.5,1,3,121,11.5,0.824
2021-09-30,대구,삼성,한화,2,0.561,4.5,-1,6,122,10,0.389,24.0,-1,5,122,-6.0,0.824
2021-09-30,사직,롯데,KT,8,0.466,15.5,-2,3,120,1,0.602,0.0,-1,5,118,5.0,0.824
2021-09-30,잠실,LG,두산,3,0.56,5.0,3,5,114,4,0.518,9.5,1,7,117,-5.5,0.824
2021-09-30,창원,NC,SSG,7,0.491,12.5,2,2,116,6,0.5,11.5,1,4,121,2.0,0.824
2021-10-01,광주,KIA,키움,9,0.4,22.0,-3,3,116,5,0.513,9.5,2,4,122,12.5,0.831
2021-10-01,대구,삼성,한화,2,0.565,3.5,1,6,123,10,0.386,24.0,-2,4,123,-6.0,0.831
2021-10-01,사직,롯데,KT,8,0.47,14.5,1,4,121,1,0.596,0.0,-2,4,119,5.0,0.831
2021-10-01,사직,롯데,KT,8,0.47,14.5,1,4,121,1,0.596,0.0,-2,4,119,5.0,0.831
2021-10-01,잠실,LG,두산,3,0.564,4.0,4,6,115,4,0.513,9.5,-1,7,118,-5.5,0.831
2021-10-01,창원,NC,SSG,7,0.496,11.5,3,3,117,6,0.496,11.5,-1,4,122,2.0,0.831
2021-10-02,고척,키움,LG,5,0.508,9.0,-1,4,123,3,0.559,3.5,-1,6,116,0.0,0.839
2021-10-02,광주,KIA,한화,9,0.405,20.5,1,4,117,10,0.391,22.5,1,4,124,11.5,0.839
2021-10-02,문학,SSG,KT,6,0.496,10.5,-1,4,123,1,0.586,0.0,-4,2,121,1.5,0.839
2021-10-02,사직,롯데,NC,8,0.479,12.5,3,5,123,7,0.496,10.5,3,3,118,3.5,0.839
2021-10-02,잠실,두산,삼성,4,0.518,8.0,1,7,119,2,0.56,3.0,-1,5,124,-1.0,0.839
2021-10-03,고척,키움,LG,5,0.504,9.5,-2,4,124,2,0.562,3.0,1,6,117,0.0,0.846
2021-10-03,광주,KIA,한화,9,0.405,20.5,1,4,118,10,0.391,22.5,1,4,125,11.0,0.846
2021-10-03,문학,SSG,KT,6,0.496,10.5,-1,3,124,1,0.586,0.0,-4,2,122,1.0,0.846
2021-10-03,사직,롯데,NC,8,0.479,12.5,3,4,124,7,0.496,10.5,3,3,119,3.0,0.846
2021-10-03,잠실,두산,삼성,4,0.522,7.5,2,7,120,3,0.556,3.5,-2,5,125,-2.0,0.846
2021-10-05,고척,키움,삼성,5,0.504,10.0,-2,4,125,3,0.559,3.5,1,5,126,0.0,0.853
2021-10-05,사직,롯데,KIA,8,0.483,12.5,4,5,125,9,0.411,20.5,2,4,119,2.5,0.853
2021-10-05,수원,KT,NC,1,0.59,0.0,1,2,123,7,0.491,11.5,-1,3,120,-10.0,0.853
2021-10-05,잠실,LG,SSG,2,0.562,3.5,1,6,118,6,0.491,11.5,-2,3,125,-6.5,0.853
2021-10-05,한밭,한화,두산,10,0.388,23.5,-1,3,126,4,0.517,8.5,-1,6,121,13.5,0.853
2021-10-06,고척,키움,삼성,5,0.508,9.5,1,5,126,3,0.555,4.0,-1,5,127,0.0,0.86
2021-10-06,사직,롯데,KIA,8,0.488,12.0,5,6,126,9,0.407,21.0,-1,4,120,2.5,0.86
2021-10-06,수원,KT,NC,1,0.59,0.0,1,2,124,7,0.491,11.5,-1,3,121,-9.5,0.86
2021-10-06,잠실,LG,SSG,2,0.558,4.0,-1,5,119,6,0.496,11.0,1,3,126,-5.5,0.86
2021-10-06,잠실,LG,SSG,2,0.558,4.0,-1,5,119,6,0.496,11.0,1,3,126,-5.5,0.86
2021-10-06,한밭,한화,두산,10,0.393,23.0,1,4,127,4,0.513,9.0,-2,5,122,13.5,0.86
2021-10-07,광주,KIA,LG,9,0.412,20.0,1,5,121,3,0.557,3.5,-1,5,121,10.5,0.868
2021-10-07,수원,KT,키움,1,0.585,0.0,-1,2,125,5,0.504,9.5,-1,4,127,-9.5,0.868
2021-10-07,잠실,두산,롯데,4,0.517,8.0,1,5,123,8,0.484,12.0,-1,6,127,-1.5,0.868
2021-10-07,창원,NC,삼성,7,0.496,10.5,1,4,122,2,0.558,3.0,1,5,128,1.0,0.868
2021-10-07,한밭,한화,SSG,10,0.39,23.0,-1,4,128,6,0.496,10.5,1,3,128,13.5,0.868
2021-10-08,광주,KIA,LG,9,0.409,21.0,-1,4,122,3,0.56,3.5,1,6,122,10.5,0.875
2021-10-08,수원,KT,키움,1,0.588,0.0,1,3,126,5,0.5,10.5,-2,3,128,-10.5,0.875
2021-10-08,잠실,두산,롯데,4,0.513,9.0,-1,5,124,8,0.488,12.0,1,6,128,-1.5,0.875
2021-10-08,창원,NC,삼성,7,0.491,11.5,-1,4,123,2,0.562,3.0,2,6,129,1.0,0.875
2021-10-08,한밭,한화,SSG,10,0.395,23.0,1,4,129,6,0.492,11.5,-1,3,129,12.5,0.875
2021-10-09,문학,SSG,롯데,6,0.496,11.0,1,4,130,8,0.484,12.5,-1,6,129,0.5,0.881
2021-10-09,잠실,LG,KT,2,0.56,3.5,1,5,123,1,0.588,0.0,1,3,126,-7.0,0.881
2021-10-09,한밭,한화,KIA,10,0.392,23.5,-1,3,130,9,0.409,21.0,-1,3,123,13.0,0.881
2021-10-10,잠실,LG,KT,2,0.564,2.5,2,5,124,1,0.583,0.0,-1,2,127,-7.5,0.885
2021-10-10,창원,NC,두산,7,0.496,10.5,1,5,124,4,0.517,8.0,1,5,125,0.5,0.885
2021-10-10,한밭,한화,KIA,10,0.388,23.5,-2,3,131,9,0.414,20.0,1,4,124,13.5,0.885
2021-10-10,한밭,한화,KIA,10,0.388,23.5,-2,3,131,9,0.414,20.0,1,4,124,13.5,0.885
2021-10-11,잠실,LG,KT,2,0.564,2.5,2,5,124,1,0.583,0.0,-1,2,127,-7.5,0.889
2021-10-12,고척,키움,NC,5,0.5,10.5,-2,3,128,7,0.5,10.5,2,5,125,0.0,0.89
2021-10-12,광주,KIA,삼성,9,0.424,19.5,3,6,126,3,0.557,3.5,-1,5,130,9.0,0.89
2021-10-12,문학,SSG,LG,6,0.5,10.5,2,4,131,2,0.559,3.5,-1,4,125,0.0,0.89
2021-10-12,잠실,두산,KT,4,0.512,9.0,-1,5,126,1,0.587,0.0,1,3,128,-1.5,0.89
2021-10-13,고척,키움,NC,5,0.504,9.5,1,4,129,7,0.496,10.5,-1,4,126,0.0,0.896
2021-10-13,광주,KIA,삼성,9,0.42,19.5,-1,5,127,2,0.561,2.5,1,5,131,10.0,0.896
2021-10-13,사직,롯데,LG,8,0.48,12.5,-2,6,130,3,0.559,3.0,-1,4,126,3.0,0.896
2021-10-13,잠실,두산,KT,4,0.516,8.0,1,5,127,1,0.582,0.0,-1,3,129,-1.5,0.896
2021-10-14,고척,키움,NC,5,0.508,8.5,2,4,130,7,0.492,10.5,-2,3,127,0.0,0.901
2021-10-14,광주,KIA,삼성,9,0.417,19.5,-2,5,128,2,0.565,1.5,2,6,132,11.0,0.901
2021-10-14,사직,롯데,LG,8,0.48,12.0,-2,5,131,3,0.559,2.5,-1,3,127,3.5,0.901
2021-10-14,잠실,두산,KT,4,0.52,7.0,2,6,128,1,0.577,0.0,-2,3,130,-1.5,0.901
2021-10-15,대구,삼성,키움,3,0.56,2.5,-1,5,133,5,0.504,9.5,-1,4,131,-7.0,0.907
2021-10-15,사직,롯데,LG,8,0.476,13.0,-3,4,132,2,0.563,2.5,1,4,128,3.5,0.907
2021-10-15,수원,KT,KIA,1,0.581,0.0,1,4,131,9,0.421,19.5,1,5,129,-9.5,0.907
2021-10-15,잠실,두산,NC,4,0.516,8.0,-1,5,129,7,0.496,10.5,1,4,128,-1.5,0.907
2021-10-16,대구,삼성,키움,3,0.556,3.0,-2,5,134,5,0.508,9.0,1,4,132,-6.0,0.912
2021-10-16,대구,삼성,키움,3,0.556,3.0,-2,5,134,5,0.508,9.0,1,4,132,-6.0,0.912
2021-10-16,사직,롯데,SSG,8,0.48,12.5,1,4,133,7,0.5,10.0,2,4,132,3.5,0.912
2021-10-16,수원,KT,한화,1,0.581,0.0,1,4,132,10,0.382,24.5,-4,3,133,-9.0,0.912
2021-10-16,잠실,두산,KIA,4,0.512,8.5,-2,4,130,9,0.421,19.5,1,5,130,-0.5,0.912
2021-10-16,창원,NC,LG,6,0.5,10.0,2,5,129,2,0.558,3.0,-1,4,129,1.0,0.912
2021-10-17,대구,삼성,키움,2,0.562,2.5,2,6,136,7,0.5,10.5,-2,4,134,-7.5,0.921
2021-10-17,사직,롯데,SSG,8,0.477,13.5,-1,4,134,5,0.504,10.0,3,5,133,3.5,0.921
2021-10-17,사직,롯데,SSG,8,0.477,13.5,-1,4,134,5,0.504,10.0,3,5,133,3.5,0.921
2021-10-17,수원,KT,한화,1,0.584,0.0,2,4,133,10,0.379,25.5,-5,2,134,-10.0,0.921
2021-10-17,잠실,두산,KIA,4,0.508,9.5,-3,4,131,9,0.426,19.5,2,5,131,-0.5,0.921
2021-10-17,잠실,두산,KIA,4,0.508,9.5,-3,4,131,9,0.426,19.5,2,5,131,-0.5,0.921
2021-10-17,창원,NC,LG,6,0.504,10.0,3,6,130,3,0.554,4.0,-2,3,130,0.0,0.921
2021-10-17,창원,NC,LG,6,0.504,10.0,3,6,130,3,0.554,4.0,-2,3,130,0.0,0.921
2021-10-19,광주,KIA,SSG,9,0.423,19.5,-1,5,133,5,0.504,9.5,-1,6,135,10.0,0.932
2021-10-19,대구,삼성,두산,2,0.566,1.5,3,7,137,4,0.512,8.5,1,4,133,-8.0,0.932
2021-10-19,잠실,LG,키움,3,0.561,2.5,2,4,132,6,0.496,10.5,-3,4,135,-7.0,0.932
2021-10-19,창원,NC,KT,7,0.496,10.5,-2,5,132,1,0.579,0.0,-1,4,134,1.0,0.932
2021-10-20,광주,KIA,KT,9,0.427,18.5,1,5,134,1,0.575,0.0,-2,4,135,9.0,0.938
2021-10-20,문학,SSG,NC,7,0.5,9.5,-2,5,136,6,0.5,9.5,1,6,133,0.0,0.938
2021-10-20,잠실,LG,키움,3,0.556,2.5,-1,4,133,5,0.5,9.5,1,4,136,-7.0,0.938
2021-10-21,광주,KIA,한화,9,0.432,17.5,2,5,135,10,0.384,23.5,1,3,135,9.0,0.942
2021-10-21,문학,SSG,두산,7,0.5,9.0,-2,5,137,4,0.516,7.0,2,5,134,0.5,0.942
2021-10-21,잠실,LG,키움,3,0.552,2.5,-2,3,134,5,0.504,8.5,2,5,137,-6.0,0.942
2021-10-22,대구,삼성,KT,2,0.562,1.0,-1,6,138,1,0.57,0.0,-3,3,136,-7.5,0.946
2021-10-22,문학,SSG,두산,5,0.504,8.5,1,5,138,4,0.512,7.5,-1,4,135,0.0,0.946
2021-10-22,사직,롯데,한화,8,0.477,12.0,1,3,136,10,0.389,23.0,2,4,136,3.5,0.946
2021-10-22,창원,NC,KIA,7,0.5,9.0,1,5,134,9,0.429,18.0,-1,4,136,0.5,0.946
2021-10-23,대구,삼성,KT,2,0.565,0.0,1,6,139,1,0.566,0.0,-4,3,137,-7.5,0.951
2021-10-23,사직,롯데,한화,8,0.481,11.0,2,4,137,10,0.386,23.0,-1,3,137,3.5,0.951
2021-10-23,잠실,두산,LG,5,0.508,7.5,-2,4,136,3,0.552,2.0,-2,3,135,0.0,0.951
2021-10-23,창원,NC,KIA,7,0.496,9.0,-1,4,135,9,0.433,17.0,1,5,137,1.5,0.951
2021-10-23,창원,NC,KIA,7,0.496,9.0,-1,4,135,9,0.433,17.0,1,5,137,1.5,0.951
2021-10-24,대구,삼성,SSG,1,0.568,0.0,2,7,140,4,0.508,8.0,2,6,139,-8.0,0.958
2021-10-24,사직,롯데,한화,8,0.481,11.5,2,3,138,10,0.386,23.5,-1,3,138,3.5,0.958
2021-10-24,수원,KT,키움,2,0.562,1.0,-5,2,138,6,0.504,8.5,2,5,138,-7.0,0.958
2021-10-24,잠실,두산,LG,5,0.508,8.0,-2,3,137,3,0.552,2.5,-2,3,136,0.0,0.958
2021-10-24,잠실,두산,LG,5,0.508,8.0,-2,3,137,3,0.552,2.5,-2,3,136,0.0,0.958
2021-10-24,창원,NC,KIA,7,0.496,9.5,1,5,137,9,0.434,17.5,-1,5,139,1.5,0.958
2021-10-25,잠실,LG,롯데,3,0.548,3.0,-3,2,138,8,0.485,11.0,3,4,139,-5.0,0.967
2021-10-25,한밭,한화,키움,10,0.383,24.0,-2,2,139,6,0.5,9.0,-1,4,139,16.0,0.967
2021-10-26,잠실,두산,키움,4,0.511,7.5,1,3,139,6,0.504,8.5,1,4,140,-0.5,0.969
2021-10-26,창원,NC,SSG,7,0.5,9.0,2,5,138,5,0.508,8.0,2,5,140,1.0,0.969
2021-10-26,한밭,한화,LG,10,0.38,24.5,-3,2,140,3,0.548,3.0,-3,2,139,16.5,0.969
2021-10-27,고척,키움,삼성,6,0.5,9.0,-1,4,141,1,0.568,0.0,2,6,141,1.5,0.974
2021-10-27,문학,SSG,두산,5,0.512,7.5,3,5,141,4,0.515,7.0,2,4,140,0.0,0.974
2021-10-27,사직,롯데,KIA,8,0.485,11.0,3,4,140,9,0.431,18.0,-2,5,140,3.5,0.974
2021-10-27,수원,KT,NC,2,0.565,0.5,1,3,139,7,0.496,9.5,-1,4,139,-7.0,0.974
2021-10-27,한밭,한화,LG,10,0.377,25.0,-4,2,141,3,0.551,2.5,1,3,140,17.5,0.974
2021-10-28,문학,SSG,두산,5,0.508,7.5,-1,5,142,4,0.519,6.0,3,5,141,0.0,0.981
2021-10-28,사직,롯데,KIA,8,0.481,11.0,-1,4,141,9,0.435,17.0,1,5,141,3.5,0.981
2021-10-28,수원,KT,NC,2,0.561,0.5,-1,3,140,7,0.5,8.5,1,4,140,-7.0,0.981
2021-10-28,수원,KT,NC,2,0.561,0.5,-1,3,140,7,0.5,8.5,1,4,140,-7.0,0.981
2021-10-28,한밭,한화,LG,10,0.374,25.0,-5,2,142,3,0.555,1.5,2,3,141,17.5,0.981
2021-10-29,고척,키움,KT,6,0.504,8.0,1,4,142,2,0.564,0.0,1,3,142,1.0,0.988
2021-10-29,광주,KIA,두산,9,0.439,16.5,2,6,142,4,0.515,6.5,-1,5,142,9.5,0.988
2021-10-29,사직,롯데,LG,8,0.478,11.5,-2,4,142,3,0.555,1.5,2,2,142,4.5,0.988
2021-10-29,창원,NC,삼성,7,0.496,9.0,-1,4,142,1,0.564,0.0,-1,5,142,2.0,0.988
2021-10-30,광주,KIA,키움,9,0.436,16.5,-1,6,143,6,0.507,7.0,2,5,143,10.0,0.993
2021-10-30,문학,SSG,KT,5,0.512,6.5,1,5,143,2,0.56,0.0,-1,2,143,0.0,0.993
2021-10-30,사직,롯데,LG,8,0.474,11.5,-3,3,143,3,0.558,0.5,3,3,143,5.0,0.993
2021-10-30,창원,NC,삼성,7,0.5,8.0,1,4,143,1,0.56,0.0,-2,5,143,1.5,0.993
2021-10-30,한밭,한화,두산,10,0.374,24.5,-5,2,143,4,0.519,5.5,1,5,143,18.0,0.993
2022-04-02,고척,키움,롯데,,,,0,,0,,,,0,,0,,0.0
2022-04-02,광주,KIA,LG,,,,0,,0,,,,0,,0,,0.0
2022-04-02,수원,KT,삼성,,,,0,,0,,,,0,,0,,0.0
2022-04-02,잠실,두산,한화,,,,0,,0,,,,0,,0,,0.0
2022-04-02,창원,NC,SSG,,,,0,,0,,,,0,,0,,0.0
2022-04-03,고척,키움,롯데,6,0.0,1.0,-1,0,1,1,1.0,0.0,1,1,1,1.0,0.007
2022-04-03,광주,KIA,LG,7,0.0,1.0,-1,0,1,2,1.0,0.0,1,1,1,1.0,0.007
2022-04-03,수원,KT,삼성,3,1.0,0.0,1,1,1,8,0.0,1.0,-1,0,1,0.0,0.007
2022-04-03,잠실,두산,한화,4,1.0,0.0,1,1,1,9,0.0,1.0,-1,0,1,0.0,0.007
2022-04-03,창원,NC,SSG,10,0.0,1.0,-1,0,1,5,1.0,0.0,1,1,1,1.0,0.007
2022-04-05,고척,키움,LG,4,0.5,1.0,1,1,2,1,1.0,0.0,2,2,2,0.0,0.014
2022-04-05,광주,KIA,한화,8,0.0,2.0,-2,0,2,9,0.0,2.0,-2,0,2,1.0,0.014
2022-04-05,수원,KT,SSG,6,0.5,1.0,-1,1,2,3,1.0,0.0,2,2,2,0.0,0.014
2022-04-05,잠실,두산,삼성,2,1.0,0.0,2,2,2,7,0.5,1.0,1,1,2,-1.0,0.014
2022-04-05,창원,NC,롯데,10,0.0,2.0,-2,0,2,5,0.5,1.0,-1,1,2,1.0,0.014
2022-04-06,고척,키움,LG,6,0.333,2.0,-1,1,3,1,1.0,0.0,3,3,3,1.0,0.021
2022-04-06,광주,KIA,한화,7,0.333,2.0,1,1,3,9,0.0,3.0,-3,0,3,1.0,0.021
2022-04-06,수원,KT,SSG,8,0.333,2.0,-2,1,3,2,1.0,0.0,3,3,3,1.0,0.021
2022-04-06,잠실,두산,삼성,5,0.667,1.0,-1,2,3,4,0.667,1.0,2,2,3,0.0,0.021
2022-04-06,창원,NC,롯데,10,0.0,3.0,-3,0,3,3,0.667,1.0,1,2,3,2.0,0.021
2022-04-07,고척,키움,LG,7,0.25,3.0,-2,1,4,1,1.0,0.0,4,4,4,1.0,0.028
2022-04-07,광주,KIA,한화,5,0.5,2.0,2,2,4,10,0.0,4.0,-4,0,4,0.0,0.028
2022-04-07,수원,KT,SSG,8,0.25,3.0,-3,1,4,2,1.0,0.0,4,4,4,1.0,0.028
2022-04-07,잠실,두산,삼성,6,0.5,2.0,-2,2,4,3,0.75,1.0,3,3,4,0.0,0.028
2022-04-07,창원,NC,롯데,9,0.25,3.0,1,1,4,4,0.5,2.0,-1,2,4,1.0,0.028
2022-04-08,대구,삼성,키움,5,0.6,2.0,-1,3,5,7,0.2,4.0,-3,1,5,0.0,0.035
2022-04-08,문학,SSG,KIA,2,1.0,0.0,5,5,5,4,0.6,2.0,3,3,5,-2.0,0.035
2022-04-08,사직,롯데,두산,3,0.6,2.0,1,3,5,6,0.6,2.0,1,3,5,0.0,0.035
2022-04-08,잠실,LG,NC,1,1.0,0.0,5,5,5,9,0.2,4.0,-1,1,5,-2.0,0.035
2022-04-08,한밭,한화,KT,10,0.0,5.0,-5,0,5,8,0.2,4.0,-4,1,5,3.0,0.035
2022-04-09,대구,삼성,키움,6,0.5,3.0,-2,3,6,7,0.333,4.0,1,2,6,0.0,0.042
2022-04-09,문학,SSG,KIA,1,1.0,0.0,6,6,6,5,0.5,3.0,-1,3,6,-3.0,0.042
2022-04-09,사직,롯데,두산,4,0.5,3.0,-1,3,6,3,0.667,2.0,2,4,6,0.0,0.042
2022-04-09,잠실,LG,NC,2,0.833,1.0,-1,5,6,9,0.333,4.0,1,2,6,-2.0,0.042
2022-04-09,한밭,한화,KT,10,0.0,6.0,-6,0,6,8,0.333,4.0,1,2,6,3.0,0.042
2022-04-10,대구,삼성,키움,7,0.429,4.0,-3,3,7,5,0.429,4.0,2,3,7,0.0,0.049
2022-04-10,문학,SSG,KIA,1,1.0,0.0,7,7,7,6,0.429,4.0,-2,3,7,-4.0,0.049
2022-04-10,사직,롯데,두산,3,0.571,3.0,1,4,7,4,0.571,3.0,-1,4,7,-1.0,0.049
2022-04-10,잠실,LG,NC,2,0.857,1.0,1,6,7,9,0.286,5.0,-1,2,7,-3.0,0.049
2022-04-10,한밭,한화,KT,10,0.143,6.0,1,1,7,8,0.286,5.0,-1,2,7,2.0,0.049
2022-04-12,고척,키움,NC,4,0.5,4.0,3,4,8,10,0.25,6.0,-2,2,8,0.0,0.056
2022-04-12,광주,KIA,롯데,6,0.375,5.0,-3,3,8,5,0.5,4.0,-1,4,8,1.0,0.056
2022-04-12,대구,삼성,한화,7,0.375,5.0,-4,3,8,9,0.25,6.0,2,2,8,1.0,0.056
2022-04-12,수원,KT,두산,8,0.25,6.0,-2,2,8,3,0.625,3.0,1,5,8,2.0,0.056
2022-04-12,잠실,LG,SSG,2,0.875,1.0,2,7,8,1,1.0,0.0,8,8,8,-3.0,0.056
2022-04-13,고척,키움,NC,4,0.556,4.0,4,5,9,10,0.222,7.0,-3,2,9,-1.0,0.062
2022-04-13,광주,KIA,롯데,6,0.444,5.0,1,4,9,5,0.444,5.0,-2,4,9,0.0,0.062
2022-04-13,대구,삼성,한화,7,0.444,5.0,1,4,9,9,0.222,7.0,-1,2,9,0.0,0.062
2022-04-13,수원,KT,두산,8,0.222,7.0,-3,2,9,3,0.667,3.0,2,6,9,2.0,0.062
2022-04-13,잠실,LG,SSG,2,0.778,2.0,-1,7,9,1,1.0,0.0,9,9,9,-3.0,0.062
2022-04-14,고척,키움,NC,4,0.6,4.0,5,6,10,10,0.2,8.0,-4,2,10,-1.0,0.067
2022-04-14,광주,KIA,롯데,7,0.444,5.5,1,4,9,6,0.444,5.5,-2,4,9,0.5,0.067
2022-04-14,대구,삼성,한화,5,0.5,5.0,2,5,10,9,0.2,8.0,-2,2,10,0.0,0.067
2022-04-14,수원,KT,두산,8,0.222,7.5,-3,2,9,3,0.667,3.5,2,6,9,2.5,0.067
2022-04-14,잠실,LG,SSG,2,0.7,3.0,-2,7,10,1,1.0,0.0,10,10,10,-2.0,0.067
2022-04-15,문학,SSG,삼성,1,0.909,0.0,-1,9,11,5,0.545,4.0,3,6,11,-4.0,0.074
2022-04-15,사직,롯데,KT,6,0.5,4.5,1,5,10,8,0.2,7.5,-4,2,10,0.5,0.074
2022-04-15,잠실,두산,키움,3,0.7,2.5,3,7,10,4,0.636,3.0,6,7,11,-1.5,0.074
2022-04-15,창원,NC,KIA,10,0.182,8.0,-5,2,11,7,0.4,5.5,-1,4,10,4.0,0.074
2022-04-15,한밭,한화,LG,9,0.182,8.0,-3,2,11,2,0.727,2.0,1,7,11,4.0,0.074
2022-04-16,문학,SSG,삼성,1,0.917,0.0,1,9,12,6,0.5,5.0,-1,5,12,-4.5,0.081
2022-04-16,사직,롯데,KT,5,0.545,4.5,2,5,11,10,0.182,8.5,-5,1,11,0.0,0.081
2022-04-16,잠실,두산,키움,4,0.636,3.5,-1,6,11,2,0.667,3.0,7,7,12,-1.0,0.081
2022-04-16,창원,NC,KIA,9,0.25,8.0,1,3,12,7,0.364,6.5,-2,4,11,3.5,0.081
2022-04-16,한밭,한화,LG,8,0.25,8.0,1,3,12,3,0.667,3.0,-1,6,12,3.5,0.081
2022-04-17,문학,SSG,삼성,1,0.923,0.0,2,9,13,6,0.462,6.0,-2,4,13,-5.5,0.087
2022-04-17,사직,롯데,KT,5,0.5,5.5,-1,5,12,8,0.25,8.5,1,2,12,0.0,0.087
2022-04-17,잠실,두산,키움,3,0.667,3.5,1,6,12,4,0.615,4.0,-1,7,13,-2.0,0.087
2022-04-17,창원,NC,KIA,10,0.231,9.0,-1,3,13,7,0.417,6.5,1,5,12,3.5,0.087
2022-04-17,한밭,한화,LG,9,0.231,9.0,-1,3,13,2,0.692,3.0,1,6,13,3.5,0.087
2022-04-19,광주,KIA,두산,6,0.462,6.5,2,5,13,4,0.615,4.5,-1,6,13,1.0,0.094
2022-04-19,문학,SSG,키움,1,0.929,0.0,3,9,14,3,0.643,4.0,1,8,14,-5.5,0.094
2022-04-19,사직,롯데,한화,5,0.538,5.5,1,5,13,9,0.214,10.0,-2,3,14,0.0,0.094
2022-04-19,잠실,LG,KT,2,0.714,3.0,2,6,14,8,0.231,9.5,-1,2,13,-2.5,0.094
2022-04-19,창원,NC,삼성,10,0.214,10.0,-2,2,14,7,0.429,7.0,-3,3,14,4.5,0.094
2022-04-20,광주,KIA,두산,6,0.5,5.5,3,5,14,4,0.571,4.5,-2,6,14,0.0,0.101
2022-04-20,문학,SSG,키움,1,0.867,0.0,-1,8,15,2,0.667,3.0,2,9,15,-5.5,0.101
2022-04-20,사직,롯데,한화,5,0.5,5.5,-1,5,14,9,0.267,9.0,1,4,15,0.0,0.101
2022-04-20,잠실,LG,KT,3,0.667,3.0,-1,5,15,8,0.286,8.5,1,3,14,-2.5,0.101
2022-04-20,창원,NC,삼성,10,0.267,9.0,1,3,15,7,0.4,7.0,-4,3,15,3.5,0.101
2022-04-21,광주,KIA,두산,6,0.467,6.5,-1,4,15,4,0.6,4.5,1,6,15,1.0,0.108
2022-04-21,문학,SSG,키움,1,0.875,0.0,1,8,16,2,0.625,4.0,-1,8,16,-5.5,0.108
2022-04-21,사직,롯데,한화,5,0.533,5.5,1,5,15,10,0.25,10.0,-1,4,16,0.0,0.108
2022-04-21,잠실,LG,KT,3,0.625,4.0,-2,5,16,8,0.333,8.5,2,4,15,-1.5,0.108
2022-04-21,창원,NC,삼성,9,0.312,9.0,2,3,16,7,0.375,8.0,-5,3,16,3.5,0.108
2022-04-22,고척,키움,KIA,3,0.588,5.0,-2,7,17,6,0.438,7.5,-2,4,16,-1.5,0.115
2022-04-22,대구,삼성,롯데,7,0.412,8.0,1,4,17,5,0.5,6.5,-1,5,16,1.5,0.115
2022-04-22,수원,KT,NC,8,0.375,8.5,3,4,16,10,0.294,10.0,-1,3,17,2.0,0.115
2022-04-22,잠실,두산,LG,2,0.625,4.5,2,6,16,4,0.588,5.0,-3,4,17,-2.0,0.115
2022-04-22,한밭,한화,SSG,9,0.294,10.0,1,4,17,1,0.882,0.0,2,8,17,3.5,0.115
2022-04-23,고척,키움,KIA,4,0.556,5.0,-3,6,18,6,0.471,6.5,1,5,17,-0.5,0.122
2022-04-23,대구,삼성,롯데,8,0.389,8.0,-1,4,18,5,0.529,5.5,1,5,17,2.5,0.122
2022-04-23,수원,KT,NC,7,0.412,7.5,4,5,17,10,0.278,10.0,-2,3,18,2.0,0.122
2022-04-23,잠실,두산,LG,3,0.588,4.5,-1,6,17,2,0.611,4.0,1,4,18,-1.0,0.122
2022-04-23,한밭,한화,SSG,9,0.333,9.0,2,4,18,1,0.833,0.0,-1,7,18,3.5,0.122
2022-04-24,고척,키움,KIA,3,0.579,4.0,1,6,19,6,0.444,6.5,-1,5,18,-0.5,0.129
2022-04-24,대구,삼성,롯데,8,0.368,8.0,-2,3,19,5,0.556,4.5,2,6,18,3.5,0.129
2022-04-24,수원,KT,NC,7,0.444,6.5,5,6,18,10,0.263,10.0,-3,3,19,2.0,0.129
2022-04-24,잠실,두산,LG,2,0.611,3.5,1,6,18,4,0.579,4.0,-1,4,19,-1.0,0.129
2022-04-24,한밭,한화,SSG,9,0.368,8.0,3,5,19,1,0.789,0.0,-2,6,19,3.5,0.129
2022-04-26,대구,삼성,LG,8,0.35,9.0,-3,2,20,2,0.6,4.0,1,5,20,4.0,0.136
2022-04-26,사직,롯데,SSG,3,0.579,4.5,3,7,19,1,0.8,0.0,1,6,20,-0.5,0.136
2022-04-26,수원,KT,KIA,7,0.421,7.5,-1,6,19,6,0.474,6.5,1,5,19,2.5,0.136
2022-04-26,잠실,두산,NC,4,0.579,4.5,-1,5,19,10,0.3,10.0,1,4,20,-0.5,0.136
2022-04-26,한밭,한화,키움,9,0.35,9.0,-1,5,20,5,0.55,5.0,-1,5,20,4.0,0.136
2022-04-27,대구,삼성,LG,8,0.381,9.0,1,2,21,3,0.571,5.0,-1,4,21,3.0,0.143
2022-04-27,사직,롯데,SSG,4,0.55,5.5,-1,6,20,1,0.81,0.0,2,7,21,-0.5,0.143
2022-04-27,수원,KT,KIA,7,0.4,8.5,-2,6,20,6,0.5,6.5,2,6,20,2.5,0.143
2022-04-27,잠실,두산,NC,2,0.6,4.5,1,5,20,10,0.286,11.0,-1,4,21,-1.5,0.143
2022-04-27,한밭,한화,키움,9,0.381,9.0,1,6,21,5,0.524,6.0,-2,4,21,3.0,0.143
2022-04-28,대구,삼성,LG,8,0.364,9.5,-1,2,22,3,0.591,4.5,1,5,22,4.0,0.15
2022-04-28,사직,롯데,SSG,4,0.55,5.5,-1,5,21,1,0.81,0.0,2,6,22,0.0,0.15
2022-04-28,수원,KT,KIA,7,0.429,8.0,1,7,21,6,0.476,7.0,-1,6,21,2.5,0.15
2022-04-28,잠실,두산,NC,2,0.619,4.0,2,6,21,10,0.273,11.5,-2,3,22,-1.5,0.15
2022-04-28,한밭,한화,키움,9,0.364,9.5,-1,5,22,5,0.545,5.5,1,4,22,4.0,0.15
2022-04-29,고척,키움,KT,5,0.565,4.5,2,5,23,7,0.455,7.0,2,7,22,0.0,0.157
2022-04-29,광주,KIA,삼성,6,0.455,7.0,-2,5,22,8,0.348,9.5,-2,2,23,2.5,0.157
2022-04-29,문학,SSG,두산,1,0.773,0.0,-1,5,23,3,0.591,4.0,-1,5,22,-4.5,0.157
2022-04-29,잠실,LG,롯데,2,0.609,3.5,2,5,23,4,0.571,4.5,1,6,22,-1.0,0.157
2022-04-29,창원,NC,한화,10,0.304,10.5,1,4,23,9,0.348,9.5,-2,5,23,6.0,0.157
2022-04-30,고척,키움,KT,5,0.542,5.5,-1,4,24,6,0.478,7.0,3,8,23,0.0,0.164
2022-04-30,광주,KIA,삼성,7,0.435,8.0,-3,4,23,8,0.375,9.5,1,3,24,2.5,0.164
2022-04-30,문학,SSG,두산,1,0.783,0.0,1,5,24,4,0.565,5.0,-2,5,23,-5.5,0.164
2022-04-30,잠실,LG,롯데,3,0.583,4.5,-1,4,24,2,0.591,4.5,2,6,23,-1.0,0.164
2022-04-30,창원,NC,한화,10,0.333,10.5,2,5,24,9,0.333,10.5,-3,5,24,5.0,0.164
2022-05-01,고척,키움,KT,3,0.56,5.5,1,4,25,6,0.458,8.0,-1,7,24,-0.5,0.171
2022-05-01,광주,KIA,삼성,7,0.417,9.0,-4,3,24,8,0.4,9.5,2,4,25,3.0,0.171
2022-05-01,문학,SSG,두산,1,0.792,0.0,2,6,25,5,0.542,6.0,-3,5,24,-6.0,0.171
2022-05-01,잠실,LG,롯데,4,0.56,5.5,-2,4,25,2,0.609,4.5,3,7,24,-0.5,0.171
2022-05-01,창원,NC,한화,10,0.32,11.5,-1,4,25,9,0.36,10.5,1,5,25,5.5,0.171
2022-05-03,광주,KIA,키움,8,0.4,9.0,-5,3,25,3,0.577,4.5,2,5,26,3.5,0.178
2022-05-03,대구,삼성,NC,7,0.423,8.5,3,5,26,10,0.308,11.5,-2,3,26,3.0,0.178
2022-05-03,문학,SSG,한화,1,0.76,0.0,-1,5,26,9,0.385,9.5,2,6,26,-5.5,0.178
2022-05-03,수원,KT,롯데,6,0.44,8.0,-2,6,25,2,0.625,3.5,4,7,25,2.5,0.178
2022-05-03,잠실,LG,두산,5,0.538,5.5,-3,4,26,4,0.56,5.0,1,5,25,0.0,0.178
2022-05-04,광주,KIA,키움,8,0.385,10.0,-6,3,26,3,0.593,4.5,3,6,27,4.0,0.185
2022-05-04,대구,삼성,NC,7,0.407,9.5,-1,4,27,10,0.333,11.5,1,4,27,3.5,0.185
2022-05-04,문학,SSG,한화,1,0.769,0.0,1,5,27,9,0.37,10.5,-1,5,27,-6.0,0.185
2022-05-04,수원,KT,롯데,6,0.462,8.0,1,6,26,2,0.6,4.5,-1,7,26,2.0,0.185
2022-05-04,잠실,LG,두산,4,0.556,5.5,1,5,27,5,0.538,6.0,-1,4,26,-0.5,0.185
2022-05-05,광주,KIA,키움,8,0.407,9.0,1,3,27,3,0.571,4.5,-1,6,28,3.5,0.192
2022-05-05,대구,삼성,NC,7,0.429,8.5,1,5,28,10,0.321,11.5,-1,4,28,3.0,0.192
2022-05-05,문학,SSG,한화,1,0.741,0.0,-1,5,28,9,0.393,9.5,1,5,28,-5.5,0.192
2022-05-05,수원,KT,롯데,6,0.444,8.0,-1,5,27,2,0.615,3.5,1,7,27,2.5,0.192
2022-05-05,잠실,LG,두산,5,0.536,5.5,-1,4,28,4,0.556,5.0,1,5,27,0.0,0.192
2022-05-06,고척,키움,SSG,4,0.552,5.5,-2,5,29,1,0.75,0.0,1,6,29,-1.0,0.199
2022-05-06,사직,롯데,삼성,2,0.593,4.5,-1,6,28,7,0.448,8.5,2,6,29,-2.0,0.199
2022-05-06,잠실,두산,KT,3,0.571,5.0,2,5,28,6,0.464,8.0,1,5,28,-1.5,0.199
2022-05-06,창원,NC,LG,10,0.31,12.5,-2,4,29,5,0.517,6.5,-2,4,29,6.0,0.199
2022-05-06,한밭,한화,KIA,9,0.379,10.5,-1,4,29,8,0.429,9.0,2,4,28,4.0,0.199
2022-05-07,고척,키움,SSG,3,0.567,4.5,1,6,30,1,0.724,0.0,-1,5,30,-1.0,0.206
2022-05-07,사직,롯데,삼성,2,0.571,4.5,-2,5,29,7,0.467,7.5,3,7,30,-1.0,0.206
2022-05-07,잠실,두산,KT,4,0.552,5.0,-1,5,29,6,0.483,7.0,2,6,29,-0.5,0.206
2022-05-07,창원,NC,LG,10,0.3,12.5,-3,3,30,5,0.533,5.5,1,4,30,7.0,0.206
2022-05-07,한밭,한화,KIA,9,0.367,10.5,-2,4,30,8,0.448,8.0,3,4,29,5.0,0.206
2022-05-08,고척,키움,SSG,4,0.548,5.5,-1,6,31,1,0.733,0.0,1,5,31,0.0,0.212
2022-05-08,사직,롯데,삼성,3,0.552,5.5,-3,5,30,6,0.484,7.5,4,7,31,0.0,0.212
2022-05-08,잠실,두산,KT,2,0.567,5.0,1,5,30,8,0.467,8.0,-1,6,30,-0.5,0.212
2022-05-08,창원,NC,LG,10,0.29,13.5,-4,3,31,5,0.548,5.5,2,5,31,8.0,0.212
2022-05-08,한밭,한화,KIA,9,0.355,11.5,-3,3,31,7,0.467,8.0,4,4,30,6.0,0.212
2022-05-10,고척,키움,두산,5,0.531,6.5,-2,5,32,3,0.548,6.0,-1,4,31,0.0,0.219
2022-05-10,광주,KIA,KT,7,0.484,8.0,5,5,31,8,0.484,8.0,1,6,31,1.5,0.219
2022-05-10,대구,삼성,SSG,6,0.5,7.5,5,8,32,1,0.742,0.0,2,6,32,1.0,0.219
2022-05-10,사직,롯데,NC,4,0.533,6.5,-4,5,31,10,0.281,14.5,-5,3,32,0.0,0.219
2022-05-10,잠실,LG,한화,2,0.562,5.5,3,5,32,9,0.344,12.5,-4,3,32,-1.0,0.219
2022-05-11,고척,키움,두산,5,0.515,7.5,-3,4,33,3,0.562,6.0,1,5,32,0.0,0.226
2022-05-11,광주,KIA,KT,6,0.5,8.0,6,6,32,8,0.469,9.0,-1,5,32,0.5,0.226
2022-05-11,대구,삼성,SSG,7,0.485,8.5,-1,8,33,1,0.75,0.0,3,7,33,1.0,0.226
2022-05-11,사직,롯데,NC,4,0.548,6.5,1,5,32,10,0.273,15.5,-6,2,33,-1.0,0.226
2022-05-11,잠실,LG,한화,2,0.576,5.5,4,5,33,9,0.333,13.5,-5,3,33,-2.0,0.226
2022-05-12,고척,키움,두산,5,0.5,7.5,-4,4,34,3,0.576,5.0,2,6,33,0.0,0.233
2022-05-12,광주,KIA,KT,7,0.485,8.0,-1,6,33,8,0.485,8.0,1,5,33,0.5,0.233
2022-05-12,대구,삼성,SSG,6,0.5,7.5,1,8,34,1,0.727,0.0,-1,6,34,0.0,0.233
2022-05-12,사직,롯데,NC,4,0.562,5.5,2,5,33,10,0.265,15.5,-7,1,34,-2.0,0.233
2022-05-12,잠실,LG,한화,2,0.588,4.5,5,6,34,9,0.324,13.5,-6,3,34,-3.0,0.233
2022-05-13,대구,삼성,두산,5,0.514,6.5,2,8,35,3,0.588,4.0,3,7,34,0.0,0.24
2022-05-13,문학,SSG,NC,1,0.706,0.0,-2,5,35,10,0.286,14.5,1,2,35,-6.5,0.24
2022-05-13,수원,KT,키움,8,0.471,8.0,-1,5,34,7,0.486,7.5,-5,3,35,1.5,0.24
2022-05-13,잠실,LG,KIA,2,0.6,3.5,6,7,35,6,0.5,7.0,1,7,34,-3.0,0.24
2022-05-13,한밭,한화,롯데,9,0.314,13.5,-7,2,35,4,0.545,5.5,-1,4,34,7.0,0.24
2022-05-14,대구,삼성,두산,6,0.514,6.0,2,8,35,2,0.588,3.5,3,7,34,0.0,0.246
2022-05-14,문학,SSG,NC,1,0.686,0.0,-3,5,36,10,0.306,13.5,2,3,36,-6.0,0.246
2022-05-14,수원,KT,키움,8,0.457,8.0,-2,5,35,7,0.5,6.5,1,3,36,2.0,0.246
2022-05-14,잠실,LG,KIA,3,0.583,3.5,-1,7,36,5,0.514,6.0,2,8,35,-2.5,0.246
2022-05-14,한밭,한화,롯데,9,0.306,13.5,-8,1,36,4,0.559,4.5,1,4,35,7.5,0.246
2022-05-15,대구,삼성,두산,5,0.528,6.0,3,8,36,4,0.571,4.5,-1,6,35,0.0,0.253
2022-05-15,문학,SSG,NC,1,0.694,0.0,1,5,37,10,0.297,14.5,-1,2,37,-6.0,0.253
2022-05-15,수원,KT,키움,8,0.444,9.0,-3,4,36,6,0.514,6.5,2,3,37,3.0,0.253
2022-05-15,잠실,LG,KIA,2,0.595,3.5,1,7,37,7,0.5,7.0,-1,8,36,-2.5,0.253
2022-05-15,한밭,한화,롯데,9,0.297,14.5,-9,1,37,3,0.571,4.5,2,5,36,8.5,0.253
2022-05-17,사직,롯데,KIA,3,0.556,4.5,-1,4,37,7,0.486,7.0,-2,7,37,-0.5,0.26
2022-05-17,수원,KT,LG,8,0.432,9.0,-4,4,37,2,0.605,2.5,2,8,38,4.0,0.26
2022-05-17,잠실,두산,SSG,4,0.556,4.5,-2,6,36,1,0.676,0.0,-1,5,38,-0.5,0.26
2022-05-17,창원,NC,키움,10,0.316,13.5,1,3,38,6,0.526,5.5,3,4,38,8.5,0.26
2022-05-17,한밭,한화,삼성,9,0.316,13.5,1,1,38,5,0.541,5.0,4,9,37,8.5,0.26
2022-05-18,사직,롯데,KIA,4,0.541,5.0,-2,4,38,7,0.5,6.5,1,7,38,0.0,0.267
2022-05-18,수원,KT,LG,8,0.447,8.5,1,4,38,2,0.59,3.0,-1,8,39,3.5,0.267
2022-05-18,잠실,두산,SSG,3,0.556,4.5,-2,5,37,1,0.676,0.0,-1,4,39,-0.5,0.267
2022-05-18,창원,NC,키움,10,0.308,14.0,-1,3,39,5,0.538,5.0,4,5,39,9.0,0.267
2022-05-18,한밭,한화,삼성,9,0.333,13.0,2,2,39,6,0.526,5.5,-1,8,38,8.0,0.267
2022-05-19,사직,롯데,KIA,5,0.526,6.0,-3,4,39,7,0.513,6.5,2,7,39,0.0,0.274
2022-05-19,수원,KT,LG,8,0.436,9.5,-1,3,39,2,0.6,3.0,1,8,40,3.5,0.274
2022-05-19,잠실,두산,SSG,3,0.541,5.5,-3,4,38,1,0.684,0.0,1,5,40,-0.5,0.274
2022-05-19,창원,NC,키움,10,0.325,14.0,1,4,40,6,0.525,6.0,-1,4,40,8.0,0.274
2022-05-19,한밭,한화,삼성,9,0.325,14.0,-1,2,40,4,0.538,5.5,1,8,39,8.0,0.274
2022-05-20,고척,키움,한화,4,0.537,6.0,1,5,41,9,0.317,15.0,-2,2,41,-0.5,0.281
2022-05-20,광주,KIA,NC,6,0.525,6.5,3,7,40,10,0.317,15.0,-1,4,41,0.0,0.281
2022-05-20,대구,삼성,KT,3,0.55,5.5,2,8,40,8,0.425,10.5,-2,3,40,-1.0,0.281
2022-05-20,문학,SSG,LG,1,0.692,0.0,2,5,41,2,0.61,3.0,2,8,41,-6.5,0.281
2022-05-20,잠실,두산,롯데,5,0.526,6.5,-4,4,39,7,0.513,7.0,-4,4,40,0.0,0.281
2022-05-21,고척,키움,한화,3,0.548,6.0,2,6,42,9,0.31,16.0,-3,2,42,-0.5,0.287
2022-05-21,광주,KIA,NC,4,0.537,6.5,4,7,41,10,0.31,16.0,-2,4,42,0.0,0.287
2022-05-21,대구,삼성,KT,5,0.537,6.5,-1,7,41,8,0.439,10.5,1,3,41,0.0,0.287
2022-05-21,문학,SSG,LG,1,0.7,0.0,3,5,42,2,0.595,4.0,-1,7,42,-6.5,0.287
2022-05-21,잠실,두산,롯데,7,0.513,7.5,-5,3,40,6,0.525,7.0,1,5,41,1.0,0.287
2022-05-22,고척,키움,한화,3,0.558,5.0,3,7,43,10,0.302,16.0,-4,2,43,-1.5,0.294
2022-05-22,광주,KIA,NC,5,0.524,6.5,-1,6,42,9,0.326,15.0,1,5,43,0.0,0.294
2022-05-22,대구,삼성,KT,6,0.524,6.5,-2,6,42,8,0.452,9.5,2,4,42,0.0,0.294
2022-05-22,문학,SSG,LG,1,0.683,0.0,-1,4,43,2,0.605,3.0,1,7,43,-6.5,0.294
2022-05-22,잠실,두산,롯데,4,0.525,6.5,1,4,41,7,0.512,7.0,-1,4,42,0.0,0.294
2022-05-24,대구,삼성,KIA,5,0.535,6.5,1,7,43,4,0.535,6.5,1,7,43,0.0,0.301
2022-05-24,문학,SSG,롯데,1,0.69,0.0,1,5,44,6,0.524,7.0,1,4,43,-6.5,0.301
2022-05-24,잠실,LG,키움,2,0.591,4.0,-1,6,44,3,0.545,6.0,-1,7,44,-2.5,0.301
2022-05-24,창원,NC,KT,10,0.318,16.0,-1,5,44,8,0.442,10.5,-1,3,43,9.5,0.301
2022-05-24,한밭,한화,두산,9,0.318,16.0,1,3,44,7,0.512,7.5,-1,3,42,9.5,0.301
2022-05-25,대구,삼성,KIA,5,0.523,7.5,-1,6,44,4,0.545,6.5,2,7,44,0.0,0.308
2022-05-25,문학,SSG,롯데,1,0.698,0.0,2,6,45,6,0.512,8.0,-1,4,44,-7.5,0.308
2022-05-25,잠실,LG,키움,2,0.578,5.0,-2,5,45,3,0.556,6.0,1,8,45,-2.5,0.308
2022-05-25,창원,NC,KT,10,0.333,16.0,1,5,45,8,0.432,11.5,-2,3,44,8.5,0.308
2022-05-25,한밭,한화,두산,9,0.333,16.0,2,4,45,7,0.5,8.5,-2,2,43,8.5,0.308
2022-05-26,대구,삼성,KIA,5,0.511,8.5,-2,5,45,4,0.556,6.5,3,7,45,0.0,0.315
2022-05-26,문학,SSG,롯데,1,0.705,0.0,3,7,46,6,0.5,9.0,-2,3,45,-8.5,0.315
2022-05-26,잠실,LG,키움,3,0.565,6.0,-3,5,46,2,0.565,6.0,2,8,46,-2.5,0.315
2022-05-26,창원,NC,KT,10,0.326,17.0,-1,4,46,8,0.444,11.5,1,4,45,8.5,0.315
2022-05-26,한밭,한화,두산,9,0.348,16.0,3,5,46,7,0.488,9.5,-3,1,44,7.5,0.315
2022-05-27,광주,KIA,SSG,3,0.565,6.5,4,8,46,1,0.711,0.0,4,7,47,-3.0,0.322
2022-05-27,사직,롯데,키움,7,0.489,10.0,-3,2,46,2,0.574,6.0,3,8,47,0.5,0.322
2022-05-27,수원,KT,한화,8,0.457,11.5,2,5,46,9,0.34,17.0,-1,5,47,2.0,0.322
2022-05-27,잠실,LG,삼성,4,0.553,7.0,-4,4,47,5,0.5,9.5,-3,4,46,-2.5,0.322
2022-05-27,창원,NC,두산,10,0.319,18.0,-2,4,47,6,0.5,9.5,1,2,45,8.5,0.322
2022-05-28,광주,KIA,SSG,4,0.553,7.5,-1,8,47,1,0.717,0.0,5,8,48,-2.0,0.329
2022-05-28,사직,롯데,키움,7,0.478,11.0,-4,2,47,2,0.583,6.0,4,8,48,1.5,0.329
2022-05-28,수원,KT,한화,8,0.447,12.5,-1,5,47,9,0.354,17.0,1,5,48,3.0,0.329
2022-05-28,잠실,LG,삼성,3,0.562,7.0,1,4,48,6,0.489,10.5,-4,3,47,-2.5,0.329
2022-05-28,창원,NC,두산,10,0.312,19.0,-3,3,48,5,0.511,9.5,2,3,46,9.5,0.329
2022-05-29,광주,KIA,SSG,4,0.562,6.5,1,8,48,1,0.702,0.0,-1,8,49,-3.0,0.336
2022-05-29,사직,롯데,키움,7,0.468,11.0,-5,2,48,2,0.592,5.0,5,8,49,1.5,0.336
2022-05-29,수원,KT,한화,8,0.438,12.5,-2,4,48,9,0.367,16.0,2,5,49,3.0,0.336
2022-05-29,잠실,LG,삼성,3,0.571,6.0,2,5,49,6,0.479,10.5,-5,3,48,-3.5,0.336
2022-05-29,창원,NC,두산,10,0.327,18.0,1,4,49,5,0.5,9.5,-1,3,47,8.5,0.336
2022-05-31,고척,키움,삼성,2,0.6,5.0,6,9,50,6,0.49,10.5,1,3,49,-4.5,0.343
2022-05-31,문학,SSG,KT,1,0.708,0.0,1,8,50,8,0.429,13.5,-3,4,49,-9.5,0.343
2022-05-31,사직,롯데,LG,7,0.458,12.0,-6,2,49,3,0.56,7.0,-1,4,50,2.5,0.343
2022-05-31,잠실,두산,KIA,5,0.511,9.5,1,4,48,4,0.551,7.5,-1,7,49,0.0,0.343
2022-05-31,한밭,한화,NC,9,0.38,16.0,3,6,50,10,0.32,19.0,-1,3,50,6.5,0.343
2022-06-01,고척,키움,삼성,2,0.608,4.0,7,9,51,6,0.48,10.5,-1,2,50,-5.5,0.35
2022-06-01,문학,SSG,KT,1,0.694,0.0,-1,7,51,8,0.44,12.5,1,5,50,-9.5,0.35
2022-06-01,사직,롯데,LG,7,0.469,11.0,1,3,50,4,0.549,7.0,-2,3,51,1.5,0.35
2022-06-01,잠실,두산,KIA,5,0.5,9.5,-1,4,49,3,0.56,6.5,1,7,50,0.0,0.35
2022-06-01,한밭,한화,NC,9,0.373,16.0,-1,6,51,10,0.333,18.0,1,4,51,6.5,0.35
2022-06-02,고척,키움,삼성,2,0.596,5.0,-1,8,52,5,0.49,10.5,1,3,51,-5.5,0.357
2022-06-02,문학,SSG,KT,1,0.7,0.0,1,7,52,8,0.431,13.5,-1,4,51,-10.5,0.357
2022-06-02,사직,롯데,LG,7,0.46,12.0,-1,2,51,4,0.558,7.0,1,4,52,1.5,0.357
2022-06-02,잠실,두산,KIA,6,0.49,10.5,-2,4,50,3,0.569,6.5,2,7,51,0.0,0.357
2022-06-02,한밭,한화,NC,9,0.385,16.0,1,7,52,10,0.327,19.0,-1,4,52,5.5,0.357
2022-06-03,대구,삼성,두산,5,0.481,10.5,-1,3,52,6,0.48,10.5,-3,3,51,0.0,0.364
2022-06-03,수원,KT,KIA,8,0.442,12.5,1,4,52,3,0.577,5.5,3,8,52,2.0,0.364
2022-06-03,잠실,LG,SSG,4,0.558,6.5,1,3,53,1,0.686,0.0,-1,7,53,-4.0,0.364
2022-06-03,창원,NC,롯데,10,0.34,18.0,1,4,53,7,0.46,11.5,-1,2,52,7.5,0.364
2022-06-03,한밭,한화,키움,9,0.377,16.0,-1,7,53,2,0.604,4.0,1,8,53,5.5,0.364
2022-06-04,대구,삼성,두산,5,0.491,9.5,1,3,53,6,0.471,10.5,-4,3,52,0.0,0.371
2022-06-04,수원,KT,KIA,7,0.453,11.5,2,5,53,3,0.566,5.5,-1,7,53,2.0,0.371
2022-06-04,잠실,LG,SSG,4,0.566,5.5,2,4,54,1,0.673,0.0,-2,6,54,-4.0,0.371
2022-06-04,창원,NC,롯데,10,0.352,17.0,2,5,54,8,0.451,11.5,-2,1,53,7.5,0.371
2022-06-04,한밭,한화,키움,9,0.389,15.0,1,7,54,2,0.593,4.0,-1,8,54,5.5,0.371
2022-06-05,대구,삼성,두산,5,0.481,9.5,-1,3,54,6,0.481,9.5,1,4,53,0.0,0.378
2022-06-05,수원,KT,KIA,7,0.463,10.5,3,6,54,4,0.556,5.5,-2,6,54,1.0,0.378
2022-06-05,잠실,LG,SSG,3,0.574,4.5,3,5,55,1,0.66,0.0,-3,5,55,-5.0,0.378
2022-06-05,창원,NC,롯데,10,0.345,17.0,-1,4,55,8,0.462,10.5,1,2,54,7.5,0.378
2022-06-05,한밭,한화,키움,9,0.382,15.0,-1,6,55,2,0.6,3.0,1,8,55,5.5,0.378
2022-06-07,고척,키움,KT,2,0.6,3.5,1,8,55,7,0.463,11.0,3,5,55,-6.5,0.381
2022-06-07,광주,KIA,LG,4,0.556,6.0,-2,5,55,3,0.564,5.5,-1,5,56,-4.0,0.381
2022-06-07,사직,롯데,삼성,8,0.462,11.0,1,2,54,5,0.481,10.0,-1,3,54,1.0,0.381
2022-06-07,잠실,두산,한화,6,0.481,10.0,1,4,53,9,0.382,15.5,-1,6,55,0.0,0.381
2022-06-07,창원,NC,SSG,10,0.345,17.5,-1,4,55,1,0.667,0.0,1,5,56,7.5,0.381
2022-06-08,고척,키움,KT,2,0.607,2.5,2,8,56,7,0.455,11.0,-1,4,56,-6.5,0.386
2022-06-08,광주,KIA,LG,4,0.556,5.5,-2,5,55,3,0.564,5.0,-1,5,56,-3.5,0.386
2022-06-08,사직,롯데,삼성,8,0.453,11.0,-1,2,55,5,0.491,9.0,1,4,55,2.0,0.386
2022-06-08,잠실,두산,한화,6,0.491,9.0,2,5,54,9,0.375,15.5,-2,5,56,0.0,0.386
2022-06-08,창원,NC,SSG,10,0.357,16.5,1,5,56,1,0.655,0.0,-1,4,57,7.5,0.386
2022-06-09,고척,키움,KT,2,0.607,2.5,2,7,57,7,0.455,11.0,-1,4,57,-6.0,0.393
2022-06-09,광주,KIA,LG,4,0.545,6.0,-3,4,56,3,0.571,4.5,1,6,57,-2.5,0.393
2022-06-09,사직,롯데,삼성,8,0.444,11.5,-2,2,56,5,0.5,8.5,2,5,56,3.0,0.393
2022-06-09,잠실,두산,한화,6,0.481,9.5,-1,4,55,9,0.386,15.0,1,6,57,1.0,0.393
2022-06-09,창원,NC,SSG,10,0.357,16.5,1,5,57,1,0.655,0.0,-1,3,58,8.0,0.393
2022-06-10,광주,KIA,키움,4,0.554,5.0,1,5,57,2,0.596,2.5,-1,6,58,-3.5,0.4
2022-06-10,대구,삼성,NC,5,0.491,8.5,-1,5,57,10,0.368,15.5,2,6,58,0.0,0.4
2022-06-10,문학,SSG,한화,1,0.643,0.0,-2,3,59,9,0.379,15.0,-1,5,58,-8.5,0.4
2022-06-10,사직,롯데,KT,8,0.455,10.5,1,3,57,7,0.464,10.0,1,5,58,2.0,0.4
2022-06-10,잠실,LG,두산,3,0.561,4.5,-1,5,58,6,0.491,8.5,1,4,56,-4.0,0.4
2022-06-11,광주,KIA,키움,4,0.544,6.0,-1,4,58,2,0.603,2.5,1,6,59,-3.5,0.407
2022-06-11,대구,삼성,NC,5,0.483,9.5,-2,5,58,9,0.379,15.5,3,6,59,0.0,0.407
2022-06-11,문학,SSG,한화,1,0.649,0.0,1,3,60,10,0.373,16.0,-2,4,59,-9.5,0.407
2022-06-11,사직,롯데,KT,8,0.446,11.5,-1,3,58,7,0.474,10.0,2,6,59,2.0,0.407
2022-06-11,잠실,LG,두산,3,0.569,4.5,1,5,59,6,0.482,9.5,-1,4,57,-5.0,0.407
2022-06-12,광주,KIA,키움,4,0.552,6.0,1,5,59,2,0.593,3.5,-1,5,60,-3.5,0.414
2022-06-12,대구,삼성,NC,7,0.475,10.5,-3,4,59,9,0.39,15.5,4,7,60,1.0,0.414
2022-06-12,문학,SSG,한화,1,0.655,0.0,2,4,61,10,0.367,17.0,-3,3,60,-9.5,0.414
2022-06-12,사직,롯데,KT,8,0.439,12.5,-2,3,59,6,0.483,10.0,3,6,60,3.0,0.414
2022-06-12,잠실,LG,두산,3,0.559,5.5,-1,5,60,5,0.491,9.5,1,4,58,-4.0,0.414
2022-06-14,고척,키움,두산,2,0.6,3.5,1,5,61,6,0.483,10.5,-1,4,59,-7.0,0.421
2022-06-14,수원,KT,SSG,7,0.475,11.0,-1,6,61,1,0.661,0.0,3,4,62,0.5,0.421
2022-06-14,잠실,LG,삼성,3,0.567,5.5,1,6,61,5,0.483,10.5,1,5,60,-5.0,0.421
2022-06-14,창원,NC,KIA,9,0.383,16.5,-1,6,61,4,0.542,7.0,-1,4,60,6.0,0.421
2022-06-14,한밭,한화,롯데,10,0.361,18.0,-4,3,61,8,0.448,12.5,1,3,60,7.5,0.421
2022-06-15,고척,키움,두산,2,0.607,2.5,2,6,62,7,0.475,10.5,-2,4,60,-7.5,0.425
2022-06-15,수원,KT,SSG,5,0.483,10.0,1,6,62,1,0.65,0.0,-1,4,63,0.0,0.425
2022-06-15,잠실,LG,삼성,3,0.574,4.5,2,6,62,6,0.475,10.5,-1,4,61,-5.5,0.425
2022-06-15,창원,NC,KIA,9,0.383,16.0,-1,6,61,4,0.542,6.5,-1,4,60,6.0,0.425
2022-06-15,한밭,한화,롯데,10,0.361,17.5,-4,3,61,8,0.448,12.0,1,3,60,7.5,0.425
2022-06-16,고척,키움,두산,2,0.597,2.5,-1,5,63,7,0.483,9.5,1,5,61,-6.5,0.432
2022-06-16,수원,KT,SSG,5,0.492,9.0,2,6,63,1,0.639,0.0,-2,4,64,0.0,0.432
2022-06-16,잠실,LG,삼성,3,0.565,4.5,-1,6,63,6,0.484,9.5,1,5,62,-4.5,0.432
2022-06-16,창원,NC,KIA,9,0.393,15.0,1,7,62,4,0.533,6.5,-2,3,61,6.0,0.432
2022-06-16,한밭,한화,롯데,10,0.355,17.5,-5,2,62,8,0.458,11.0,2,4,61,8.5,0.432
2022-06-17,고척,키움,LG,2,0.603,2.5,1,6,64,3,0.571,4.5,1,6,64,-7.5,0.439
2022-06-17,광주,KIA,삼성,4,0.541,6.5,1,3,62,6,0.476,10.5,-1,4,63,-3.5,0.439
2022-06-17,사직,롯데,SSG,8,0.467,11.0,3,5,62,1,0.645,0.0,1,5,65,1.0,0.439
2022-06-17,잠실,두산,KT,7,0.475,10.5,-1,5,62,5,0.484,10.0,-1,5,64,0.5,0.439
2022-06-17,창원,NC,한화,9,0.387,16.0,-1,6,63,10,0.349,18.5,-6,2,63,6.0,0.439
2022-06-18,고척,키움,LG,2,0.594,3.5,-1,5,65,3,0.578,4.5,2,6,65,-6.5,0.446
2022-06-18,광주,KIA,삼성,4,0.548,6.5,2,4,63,6,0.469,11.5,-2,4,64,-3.5,0.446
2022-06-18,사직,롯데,SSG,8,0.459,12.0,-1,5,63,1,0.651,0.0,2,5,66,2.0,0.446
2022-06-18,잠실,두산,KT,7,0.468,11.5,-2,4,63,5,0.492,10.0,1,6,65,1.5,0.446
2022-06-18,창원,NC,한화,9,0.387,16.5,-1,5,64,10,0.349,19.0,-6,1,64,6.5,0.446
2022-06-19,고척,키움,LG,2,0.6,3.5,1,5,66,3,0.569,5.5,-1,6,66,-7.5,0.453
2022-06-19,광주,KIA,삼성,4,0.54,7.5,-1,4,64,6,0.477,11.5,1,4,65,-3.5,0.453
2022-06-19,사직,롯데,SSG,8,0.452,13.0,-2,4,64,1,0.656,0.0,3,6,67,2.0,0.453
2022-06-19,잠실,두산,KT,7,0.476,11.5,1,4,64,5,0.484,11.0,-1,6,66,0.5,0.453
2022-06-19,창원,NC,한화,9,0.397,16.5,1,6,65,10,0.344,20.0,-7,1,65,5.5,0.453
2022-06-21,광주,KIA,롯데,4,0.531,7.5,-2,4,65,8,0.46,12.0,1,5,65,-2.5,0.46
2022-06-21,대구,삼성,키움,6,0.485,10.5,2,4,66,2,0.591,3.5,-1,5,67,0.5,0.46
2022-06-21,문학,SSG,두산,1,0.646,0.0,-1,6,68,7,0.469,11.5,-1,4,65,-10.0,0.46
2022-06-21,수원,KT,NC,5,0.492,10.0,1,7,67,9,0.406,15.5,2,6,66,0.0,0.46
2022-06-21,잠실,LG,한화,3,0.576,4.5,1,6,67,10,0.338,20.0,-8,1,66,-5.5,0.46
2022-06-22,광주,KIA,롯데,4,0.538,6.5,1,5,66,8,0.453,12.0,-1,5,66,-2.5,0.467
2022-06-22,대구,삼성,키움,6,0.478,10.5,-1,4,67,2,0.597,2.5,1,6,68,1.5,0.467
2022-06-22,문학,SSG,두산,1,0.636,0.0,-2,6,69,7,0.477,10.5,1,4,66,-9.0,0.467
2022-06-22,수원,KT,NC,5,0.5,9.0,2,7,68,9,0.4,15.5,-1,6,67,0.0,0.467
2022-06-22,잠실,LG,한화,3,0.582,3.5,2,7,68,10,0.333,20.0,-9,0,67,-5.5,0.467
2022-06-23,광주,KIA,롯데,4,0.53,7.5,-1,4,67,8,0.462,12.0,1,5,67,-2.5,0.474
2022-06-23,대구,삼성,키움,6,0.471,11.5,-2,4,68,2,0.603,2.5,2,6,69,1.5,0.474
2022-06-23,문학,SSG,두산,1,0.642,0.0,1,6,70,7,0.47,11.5,-1,4,67,-10.0,0.474
2022-06-23,수원,KT,NC,5,0.493,10.0,-1,6,69,9,0.409,15.5,1,6,68,0.0,0.474
2022-06-23,잠실,LG,한화,3,0.588,3.5,3,7,69,10,0.328,21.0,-10,0,68,-6.5,0.474
2022-06-24,문학,SSG,NC,1,0.642,0.0,1,6,70,9,0.409,15.5,1,6,68,-10.0,0.476
2022-06-24,사직,롯데,키움,8,0.455,12.5,-1,5,68,2,0.609,2.0,3,7,70,2.5,0.476
2022-06-24,수원,KT,LG,5,0.493,10.0,-1,6,69,3,0.588,3.5,3,7,69,0.0,0.476
2022-06-24,잠실,두산,KIA,6,0.47,11.5,-1,4,67,4,0.537,7.0,1,5,68,1.5,0.476
2022-06-24,한밭,한화,삼성,10,0.328,21.0,-10,0,68,7,0.464,12.0,-3,4,69,11.0,0.476
2022-06-25,문학,SSG,NC,1,0.647,0.0,2,6,71,9,0.403,16.5,-1,5,69,-10.0,0.483
2022-06-25,사직,롯데,키움,6,0.463,12.5,1,6,69,2,0.6,3.0,-1,6,71,2.5,0.483
2022-06-25,수원,KT,LG,5,0.5,10.0,1,6,70,3,0.58,4.5,-1,7,70,0.0,0.483
2022-06-25,잠실,두산,KIA,7,0.463,12.5,-2,3,68,4,0.544,7.0,2,5,69,2.5,0.483
2022-06-25,한밭,한화,삼성,10,0.338,21.0,1,1,69,8,0.457,13.0,-4,3,70,11.0,0.483
2022-06-26,문학,SSG,NC,1,0.652,0.0,3,6,72,9,0.397,17.5,-2,4,70,-11.0,0.49
2022-06-26,사직,롯데,키움,7,0.456,13.5,-1,5,70,2,0.606,3.0,1,6,72,2.5,0.49
2022-06-26,수원,KT,LG,5,0.493,11.0,-1,6,71,3,0.586,4.5,1,7,71,0.0,0.49
2022-06-26,잠실,두산,KIA,8,0.456,13.5,-3,3,69,4,0.551,7.0,3,6,70,2.5,0.49
2022-06-26,한밭,한화,삼성,10,0.333,22.0,-1,1,70,6,0.465,13.0,1,4,71,11.0,0.49
2022-06-28,고척,키움,KIA,2,0.611,3.0,2,7,73,4,0.543,8.0,-1,6,71,-9.0,0.497
2022-06-28,대구,삼성,KT,6,0.472,13.0,2,4,72,5,0.486,12.0,-2,5,72,1.0,0.497
2022-06-28,사직,롯데,두산,8,0.449,14.5,-2,4,71,7,0.464,13.5,1,4,70,2.5,0.497
2022-06-28,잠실,LG,NC,3,0.592,4.5,2,7,72,9,0.391,18.5,-3,4,71,-7.5,0.497
2022-06-28,한밭,한화,SSG,10,0.329,23.0,-2,1,71,1,0.657,0.0,4,7,73,11.0,0.497
2022-06-29,고척,키움,KIA,2,0.616,2.0,3,7,74,4,0.535,8.0,-2,5,72,-9.0,0.504
2022-06-29,대구,삼성,KT,6,0.466,13.0,-1,4,73,5,0.493,11.0,1,5,73,2.0,0.504
2022-06-29,사직,롯데,두산,8,0.449,14.0,-2,3,72,7,0.464,13.0,1,3,71,3.0,0.504
2022-06-29,잠실,LG,NC,3,0.597,3.5,3,8,73,9,0.386,18.5,-4,3,72,-7.5,0.504
2022-06-29,한밭,한화,SSG,10,0.338,22.0,1,2,72,1,0.648,0.0,-1,7,74,11.0,0.504
2022-06-30,고척,키움,KIA,2,0.622,2.0,4,8,75,4,0.528,9.0,-3,4,73,-10.0,0.508
2022-06-30,대구,삼성,KT,6,0.473,13.0,1,5,74,5,0.486,12.0,-1,5,74,1.0,0.508
2022-06-30,사직,롯데,두산,8,0.449,14.5,-2,3,72,7,0.464,13.5,1,3,71,2.5,0.508
2022-06-30,잠실,LG,NC,3,0.597,4.0,3,8,73,9,0.386,19.0,-4,3,72,-8.0,0.508
2022-06-30,한밭,한화,SSG,10,0.333,23.0,-1,2,73,1,0.653,0.0,1,7,75,11.0,0.508
2022-07-01,고척,키움,한화,2,0.627,1.5,5,8,76,10,0.333,23.0,-1,2,73,-10.0,0.512
2022-07-01,문학,SSG,KIA,1,0.653,0.0,1,7,75,4,0.521,9.5,-4,4,74,-11.5,0.512
2022-07-01,수원,KT,두산,5,0.493,11.5,1,5,75,8,0.457,14.0,-1,3,72,0.0,0.512
2022-07-01,잠실,LG,롯데,3,0.597,4.0,3,8,73,7,0.457,14.0,1,4,73,-7.5,0.512
2022-07-01,창원,NC,삼성,9,0.386,19.0,-4,3,72,6,0.467,13.5,-1,4,75,7.5,0.512
2022-07-02,고척,키움,한화,2,0.632,1.5,6,9,77,10,0.329,24.0,-2,2,74,-10.0,0.518
2022-07-02,문학,SSG,KIA,1,0.658,0.0,2,7,76,4,0.514,10.5,-5,4,75,-11.5,0.518
2022-07-02,수원,KT,두산,5,0.5,11.5,2,6,76,8,0.451,15.0,-2,3,73,0.0,0.518
2022-07-02,잠실,LG,롯데,3,0.603,4.0,4,8,74,7,0.451,15.0,-1,4,74,-7.5,0.518
2022-07-02,창원,NC,삼성,9,0.386,19.5,-4,3,72,6,0.467,14.0,-1,4,75,8.0,0.518
2022-07-03,고척,키움,한화,2,0.636,1.5,7,9,78,10,0.324,25.0,-3,2,75,-10.0,0.525
2022-07-03,문학,SSG,KIA,1,0.662,0.0,3,7,77,4,0.507,11.5,-6,3,76,-11.5,0.525
2022-07-03,수원,KT,두산,5,0.507,11.5,3,6,77,8,0.444,16.0,-3,2,74,0.0,0.525
2022-07-03,잠실,LG,롯데,3,0.595,5.0,-1,7,75,7,0.458,15.0,1,4,75,-6.5,0.525
2022-07-03,창원,NC,삼성,9,0.394,19.5,1,4,73,6,0.461,15.0,-2,3,76,8.0,0.525
2022-07-05,광주,KIA,KT,5,0.5,12.5,-7,3,77,4,0.513,11.5,4,6,78,0.0,0.532
2022-07-05,대구,삼성,LG,6,0.455,16.0,-3,3,77,3,0.6,5.0,1,8,76,3.5,0.532
2022-07-05,문학,SSG,롯데,1,0.667,0.0,4,8,78,7,0.452,16.0,-1,4,76,-12.5,0.532
2022-07-05,잠실,두산,키움,8,0.438,17.0,-4,2,75,2,0.641,1.5,8,9,79,4.5,0.532
2022-07-05,한밭,한화,NC,10,0.32,26.0,-4,2,76,9,0.403,19.5,2,5,74,13.5,0.532
2022-07-06,광주,KIA,KT,5,0.5,13.0,-7,3,77,4,0.513,12.0,4,6,78,0.0,0.537
2022-07-06,대구,삼성,LG,6,0.449,17.0,-4,3,78,3,0.605,5.0,2,8,77,4.0,0.537
2022-07-06,문학,SSG,롯데,1,0.671,0.0,5,9,79,7,0.446,17.0,-2,3,77,-13.0,0.537
2022-07-06,잠실,두산,키움,8,0.432,18.0,-5,1,76,2,0.646,1.5,9,9,80,5.0,0.537
2022-07-06,한밭,한화,NC,10,0.316,27.0,-5,2,77,9,0.411,19.5,3,5,75,14.0,0.537
2022-07-07,광주,KIA,KT,5,0.494,13.0,-8,2,78,4,0.519,11.0,5,7,79,0.0,0.544
2022-07-07,대구,삼성,LG,7,0.443,17.0,-5,3,79,3,0.61,4.0,3,8,78,4.0,0.544
2022-07-07,문학,SSG,롯데,1,0.662,0.0,-1,8,80,6,0.453,16.0,1,4,78,-13.0,0.544
2022-07-07,잠실,두산,키움,8,0.44,17.0,1,2,77,2,0.637,1.5,-1,9,81,4.0,0.544
2022-07-07,한밭,한화,NC,10,0.312,27.0,-6,2,78,9,0.419,18.5,4,5,76,14.0,0.544
2022-07-08,고척,키움,NC,2,0.63,2.5,-2,8,82,9,0.413,19.5,-1,5,77,-11.0,0.55
2022-07-08,광주,KIA,한화,5,0.494,13.5,-8,2,78,10,0.321,27.0,1,2,79,0.0,0.55
2022-07-08,대구,삼성,SSG,8,0.438,18.0,-6,3,80,1,0.667,0.0,1,8,81,4.5,0.55
2022-07-08,수원,KT,롯데,4,0.519,11.5,5,7,79,6,0.447,17.0,-1,3,79,-2.0,0.55
2022-07-08,잠실,두산,LG,7,0.447,17.0,2,3,78,3,0.615,4.0,4,8,79,3.5,0.55
2022-07-09,고척,키움,NC,2,0.634,2.5,1,8,83,9,0.408,20.5,-2,4,78,-11.0,0.557
2022-07-09,광주,KIA,한화,5,0.5,13.5,1,2,79,10,0.316,28.0,-1,2,80,0.0,0.557
2022-07-09,대구,삼성,SSG,8,0.432,19.0,-7,2,81,1,0.671,0.0,2,8,82,5.5,0.557
2022-07-09,수원,KT,롯데,4,0.526,11.5,6,7,80,6,0.442,18.0,-2,3,80,-2.0,0.557
2022-07-09,잠실,두산,LG,7,0.442,18.0,-1,3,79,3,0.62,4.0,5,9,80,4.5,0.557
2022-07-10,고척,키움,NC,2,0.639,2.5,2,8,84,9,0.403,21.5,-3,4,79,-11.0,0.564
2022-07-10,광주,KIA,한화,5,0.506,13.5,2,2,80,10,0.312,29.0,-2,2,81,0.0,0.564
2022-07-10,대구,삼성,SSG,8,0.427,20.0,-8,1,82,1,0.675,0.0,3,8,83,6.5,0.564
2022-07-10,수원,KT,롯데,4,0.532,11.5,7,8,81,6,0.436,19.0,-3,3,81,-2.0,0.564
2022-07-10,잠실,두산,LG,7,0.436,19.0,-2,2,80,3,0.625,4.0,6,9,81,5.5,0.564
2022-07-12,문학,SSG,키움,1,0.679,0.0,4,9,84,2,0.643,2.5,3,8,85,-13.5,0.571
2022-07-12,사직,롯데,한화,6,0.443,19.0,1,4,82,10,0.309,30.0,-3,1,82,5.5,0.571
2022-07-12,수원,KT,삼성,4,0.525,12.5,-1,8,82,8,0.422,21.0,-9,1,83,-1.0,0.571
2022-07-12,잠실,LG,KIA,3,0.63,4.0,7,9,82,5,0.512,13.5,3,3,81,-9.5,0.571
2022-07-12,창원,NC,두산,9,0.397,22.5,-4,4,80,7,0.43,20.0,-3,2,81,9.0,0.571
2022-07-13,문학,SSG,키움,1,0.683,0.0,5,9,85,2,0.635,3.5,-1,7,86,-13.5,0.578
2022-07-13,사직,롯데,한화,6,0.45,19.0,2,4,83,10,0.305,31.0,-4,1,83,5.5,0.578
2022-07-13,수원,KT,삼성,4,0.531,12.5,1,8,83,8,0.417,22.0,-10,0,84,-1.0,0.578
2022-07-13,잠실,LG,KIA,3,0.622,5.0,-1,8,83,5,0.519,13.5,4,4,82,-8.5,0.578
2022-07-13,창원,NC,두산,9,0.392,23.5,-5,4,81,7,0.438,20.0,1,3,82,10.0,0.578
2022-07-14,문학,SSG,키움,1,0.683,0.0,5,9,85,2,0.635,3.5,-1,7,86,-13.5,0.581
2022-07-14,사직,롯데,한화,6,0.457,18.5,3,5,84,10,0.301,31.5,-5,1,84,5.0,0.581
2022-07-14,수원,KT,삼성,4,0.531,12.5,1,8,83,8,0.417,22.0,-10,0,84,-1.0,0.581
2022-07-14,잠실,LG,KIA,3,0.622,5.0,-1,8,83,5,0.519,13.5,4,4,82,-8.5,0.581
2022-07-14,창원,NC,두산,9,0.4,23.0,1,5,82,7,0.432,20.5,-1,3,83,9.5,0.581
2022-07-22,고척,키움,삼성,2,0.628,4.5,-2,6,87,8,0.412,23.0,-11,0,85,-10.0,0.588
2022-07-22,사직,롯데,KIA,6,0.463,18.5,4,5,85,5,0.512,14.5,-1,4,83,4.0,0.588
2022-07-22,잠실,두산,SSG,7,0.439,20.5,1,4,84,1,0.687,0.0,6,9,86,6.0,0.588
2022-07-22,창원,NC,LG,9,0.395,24.0,-1,4,83,3,0.627,5.0,1,8,84,9.5,0.588
2022-07-22,한밭,한화,KT,10,0.298,32.5,-6,1,85,4,0.537,12.5,2,9,84,18.0,0.588
2022-07-23,고척,키움,삼성,2,0.632,4.5,1,6,88,8,0.407,24.0,-12,0,86,-10.0,0.594
2022-07-23,사직,롯데,KIA,6,0.458,19.5,-1,5,86,5,0.518,14.5,1,5,84,5.0,0.594
2022-07-23,잠실,두산,SSG,7,0.434,21.5,-1,4,85,1,0.69,0.0,7,9,87,7.0,0.594
2022-07-23,창원,NC,LG,9,0.402,24.0,1,4,84,3,0.619,6.0,-1,8,85,9.5,0.594
2022-07-23,한밭,한화,KT,10,0.306,32.5,1,2,86,4,0.53,13.5,-1,8,85,18.0,0.594
2022-07-24,고척,키움,삼성,2,0.636,4.0,2,6,89,8,0.402,24.5,-13,0,87,-10.0,0.6
2022-07-24,사직,롯데,KIA,6,0.452,20.0,-2,5,87,5,0.524,14.0,2,6,85,6.0,0.6
2022-07-24,잠실,두산,SSG,7,0.434,21.5,-1,4,85,1,0.69,0.0,7,9,87,7.5,0.6
2022-07-24,창원,NC,LG,9,0.398,24.5,-1,3,85,3,0.624,5.5,1,8,86,10.5,0.6
2022-07-24,한밭,한화,KT,10,0.302,33.0,-1,2,87,4,0.536,13.0,1,8,86,19.0,0.6
2022-07-26,광주,KIA,NC,5,0.529,14.0,3,7,86,9,0.405,24.5,1,3,86,0.0,0.607
2022-07-26,문학,SSG,LG,1,0.694,0.0,8,9,88,3,0.616,6.5,-1,7,87,-14.0,0.607
2022-07-26,수원,KT,키움,4,0.541,13.0,2,8,87,2,0.629,5.0,-1,5,90,-1.0,0.607
2022-07-26,잠실,두산,롯데,7,0.429,22.5,-2,4,86,6,0.447,21.0,-3,4,88,8.5,0.607
2022-07-26,포항,삼성,한화,8,0.409,24.5,1,1,88,10,0.299,34.0,-2,2,88,10.5,0.607
2022-07-27,광주,KIA,NC,5,0.523,14.0,-1,7,87,8,0.412,23.5,2,4,87,0.0,0.614
2022-07-27,문학,SSG,LG,1,0.686,0.0,-1,8,89,3,0.621,5.5,1,7,88,-14.0,0.614
2022-07-27,수원,KT,키움,4,0.535,13.0,-1,7,88,2,0.633,4.0,1,6,91,-1.0,0.614
2022-07-27,잠실,두산,롯데,7,0.435,21.5,1,4,87,6,0.442,21.0,-4,4,89,7.5,0.614
2022-07-27,포항,삼성,한화,9,0.404,24.5,-1,1,89,10,0.307,33.0,1,2,89,10.5,0.614
2022-07-28,광주,KIA,NC,5,0.529,14.0,1,8,88,9,0.407,24.5,-1,4,88,0.0,0.621
2022-07-28,문학,SSG,LG,1,0.69,0.0,1,9,90,3,0.614,6.5,-1,6,89,-14.0,0.621
2022-07-28,수원,KT,키움,4,0.54,13.0,1,7,89,2,0.626,5.0,-1,6,92,-1.0,0.621
2022-07-28,잠실,두산,롯데,6,0.442,21.5,2,4,88,7,0.437,22.0,-5,4,90,7.5,0.621
2022-07-28,포항,삼성,한화,8,0.411,24.5,1,2,90,10,0.303,34.0,-1,2,90,10.5,0.621
2022-07-29,광주,KIA,SSG,5,0.523,15.0,-1,7,89,1,0.693,0.0,2,9,91,0.0,0.628
2022-07-29,대구,삼성,롯데,9,0.411,25.0,1,2,91,7,0.432,23.0,-6,4,91,10.0,0.628
2022-07-29,잠실,LG,KT,3,0.607,7.5,-2,5,90,4,0.545,13.0,2,7,90,-7.5,0.628
2022-07-29,창원,NC,키움,8,0.414,24.5,1,5,89,2,0.62,6.0,-2,5,93,9.5,0.628
2022-07-29,한밭,한화,두산,10,0.303,34.5,-1,2,91,6,0.448,21.5,3,5,89,19.5,0.628
2022-07-30,광주,KIA,SSG,5,0.528,14.0,1,7,90,1,0.685,0.0,-1,8,92,0.0,0.635
2022-07-30,대구,삼성,롯데,9,0.418,24.0,2,3,92,7,0.427,23.0,-7,3,92,10.0,0.635
2022-07-30,잠실,LG,KT,3,0.6,7.5,-3,4,91,4,0.551,12.0,3,7,91,-6.5,0.635
2022-07-30,창원,NC,키움,8,0.42,23.5,2,6,90,2,0.613,6.0,-3,4,94,9.5,0.635
2022-07-30,한밭,한화,두산,10,0.3,34.5,-2,2,92,6,0.455,20.5,4,6,90,20.5,0.635
2022-07-31,광주,KIA,SSG,5,0.522,15.0,-1,6,91,1,0.689,0.0,1,8,93,0.0,0.642
2022-07-31,대구,삼성,롯데,9,0.413,25.0,-1,3,93,7,0.433,23.0,1,3,93,10.0,0.642
2022-07-31,잠실,LG,KT,3,0.604,7.5,1,4,92,4,0.544,13.0,-1,7,92,-7.5,0.642
2022-07-31,창원,NC,키움,8,0.42,24.0,2,6,91,2,0.613,6.5,-3,3,95,9.0,0.642
2022-07-31,한밭,한화,두산,10,0.308,34.5,1,3,93,6,0.449,21.5,-1,6,91,19.5,0.642
2022-08-02,고척,키움,SSG,2,0.613,7.0,-3,3,95,1,0.692,0.0,2,8,94,-9.0,0.644
2022-08-02,사직,롯데,LG,7,0.433,23.5,1,2,94,3,0.604,8.0,1,4,92,7.5,0.644
2022-08-02,잠실,두산,삼성,6,0.449,22.0,-1,6,91,9,0.413,25.5,-1,3,94,6.0,0.644
2022-08-02,창원,NC,KT,8,0.42,24.5,2,6,91,4,0.544,13.5,-1,7,92,8.5,0.644
2022-08-02,한밭,한화,KIA,10,0.308,35.0,1,3,93,5,0.516,16.0,-2,5,92,19.0,0.644
2022-08-03,고척,키움,SSG,2,0.606,8.0,-4,3,96,1,0.696,0.0,3,8,95,-9.0,0.649
2022-08-03,사직,롯데,LG,7,0.44,23.5,2,2,95,3,0.598,9.0,-1,4,93,6.5,0.649
2022-08-03,잠실,두산,삼성,6,0.449,22.5,-1,6,91,9,0.413,26.0,-1,3,94,5.5,0.649
2022-08-03,창원,NC,KT,8,0.42,25.0,2,6,91,4,0.544,14.0,-1,7,92,8.0,0.649
2022-08-03,한밭,한화,KIA,10,0.315,35.0,2,4,94,5,0.511,17.0,-3,5,93,18.0,0.649
2022-08-04,고척,키움,SSG,2,0.611,7.0,1,4,97,1,0.688,0.0,-1,7,96,-9.0,0.656
2022-08-04,사직,롯데,LG,7,0.435,23.5,-1,2,96,3,0.602,8.0,1,4,94,7.5,0.656
2022-08-04,잠실,두산,삼성,6,0.456,21.5,1,6,92,9,0.409,26.0,-2,3,95,5.5,0.656
2022-08-04,창원,NC,KT,8,0.416,25.0,-1,5,92,4,0.549,13.0,1,7,93,9.0,0.656
2022-08-04,한밭,한화,KIA,10,0.312,35.0,-1,4,95,5,0.516,16.0,1,5,94,19.0,0.656
2022-08-05,광주,KIA,두산,5,0.511,17.0,-1,4,95,6,0.451,22.5,-1,6,93,0.0,0.662
2022-08-05,문학,SSG,삼성,1,0.691,0.0,1,7,97,9,0.415,26.0,1,4,96,-17.0,0.662
2022-08-05,사직,롯데,NC,7,0.43,24.5,-2,2,97,8,0.422,25.0,1,6,93,7.5,0.662
2022-08-05,수원,KT,한화,4,0.543,14.0,-1,6,94,10,0.319,35.0,1,4,96,-3.0,0.662
2022-08-05,잠실,LG,키움,2,0.606,8.0,2,5,95,3,0.604,8.0,-1,3,98,-9.0,0.662
2022-08-06,광주,KIA,두산,5,0.505,17.0,-2,3,96,6,0.457,21.5,1,6,94,0.0,0.669
2022-08-06,문학,SSG,삼성,1,0.684,0.0,-1,6,98,8,0.421,25.0,2,5,97,-17.0,0.669
2022-08-06,사직,롯데,NC,7,0.436,23.5,1,3,98,9,0.418,25.0,-1,5,94,6.5,0.669
2022-08-06,수원,KT,한화,4,0.548,13.0,1,7,95,10,0.316,35.0,-1,4,97,-4.0,0.669
2022-08-06,잠실,LG,키움,3,0.6,8.0,-1,4,96,2,0.608,7.0,1,3,99,-9.0,0.669
2022-08-07,광주,KIA,두산,5,0.5,18.0,-3,3,97,6,0.462,21.5,2,7,95,0.0,0.676
2022-08-07,문학,SSG,삼성,1,0.688,0.0,1,7,99,9,0.417,26.0,-1,4,98,-18.0,0.676
2022-08-07,사직,롯데,NC,7,0.432,24.5,-1,3,99,8,0.424,25.0,1,6,95,6.5,0.676
2022-08-07,수원,KT,한화,4,0.553,13.0,2,7,96,10,0.312,36.0,-2,4,98,-5.0,0.676
2022-08-07,잠실,LG,키움,2,0.604,8.0,1,5,97,3,0.602,8.0,-1,3,100,-10.0,0.676
2022-08-10,고척,키움,롯데,3,0.596,9.0,-2,2,101,8,0.427,25.5,-2,3,100,-9.0,0.683
2022-08-10,대구,삼성,KIA,9,0.412,27.0,-2,4,99,5,0.505,18.0,1,3,98,9.0,0.683
2022-08-10,문학,SSG,KT,1,0.691,0.0,2,7,100,4,0.547,14.0,-1,6,97,-18.0,0.683
2022-08-10,잠실,두산,NC,6,0.457,22.5,-1,7,96,7,0.43,25.0,2,6,96,4.5,0.683
2022-08-10,한밭,한화,LG,10,0.32,36.0,1,4,99,2,0.608,8.0,2,5,98,18.0,0.683
2022-08-11,고척,키움,롯데,3,0.59,10.0,-3,2,102,8,0.433,25.5,1,4,101,-9.0,0.689
2022-08-11,대구,삼성,KIA,9,0.418,27.0,1,4,100,5,0.5,19.0,-1,3,99,8.0,0.689
2022-08-11,문학,SSG,KT,1,0.694,0.0,3,7,101,4,0.542,15.0,-2,6,98,-19.0,0.689
2022-08-11,잠실,두산,NC,6,0.453,23.5,-2,6,97,7,0.436,25.0,3,6,97,4.5,0.689
2022-08-11,한밭,한화,LG,10,0.32,36.5,1,4,99,2,0.608,8.5,2,5,98,17.5,0.689
2022-08-12,고척,키움,롯데,3,0.584,11.0,-4,2,103,8,0.439,25.5,2,5,102,-8.5,0.693
2022-08-12,대구,삼성,KIA,9,0.418,27.5,1,4,100,5,0.5,19.5,-1,3,99,8.0,0.693
2022-08-12,문학,SSG,KT,1,0.697,0.0,4,8,102,4,0.536,16.0,-3,5,99,-19.5,0.693
2022-08-12,잠실,두산,NC,6,0.448,24.5,-3,5,98,7,0.442,25.0,4,7,98,5.0,0.693
2022-08-12,한밭,한화,LG,10,0.32,37.0,1,4,99,2,0.608,9.0,2,5,98,17.5,0.693
2022-08-13,광주,KIA,롯데,5,0.495,19.5,-2,2,100,7,0.444,24.5,3,5,103,0.0,0.7
2022-08-13,수원,KT,삼성,4,0.541,15.0,1,5,100,9,0.424,26.5,2,5,101,-4.5,0.7
2022-08-13,잠실,두산,SSG,6,0.454,23.5,1,5,99,1,0.69,0.0,-1,7,103,4.0,0.7
2022-08-13,창원,NC,LG,8,0.438,25.0,-1,6,99,2,0.612,8.0,3,6,99,5.5,0.7
2022-08-13,한밭,한화,키움,10,0.316,37.0,-1,4,100,3,0.578,11.0,-5,2,104,17.5,0.7
2022-08-14,광주,KIA,롯데,5,0.5,19.5,1,3,101,7,0.44,25.5,-1,5,104,0.0,0.706
2022-08-14,수원,KT,삼성,4,0.545,15.0,2,5,101,9,0.42,27.5,-1,4,102,-4.5,0.706
2022-08-14,잠실,두산,SSG,6,0.449,24.5,-1,4,100,1,0.693,0.0,1,7,104,5.0,0.706
2022-08-14,창원,NC,LG,8,0.438,25.5,-1,6,99,2,0.612,8.5,3,6,99,6.0,0.706
2022-08-14,한밭,한화,키움,10,0.313,38.0,-2,4,101,3,0.583,11.0,1,3,105,18.5,0.706
2022-08-16,광주,KIA,SSG,5,0.495,20.5,-1,3,102,1,0.696,0.0,2,7,105,0.0,0.713
2022-08-16,사직,롯데,두산,6,0.446,25.5,1,5,105,7,0.444,25.5,-2,4,101,5.0,0.713
2022-08-16,수원,KT,키움,4,0.55,15.0,3,6,102,3,0.587,11.0,2,4,106,-5.5,0.713
2022-08-16,잠실,LG,삼성,2,0.606,9.5,-1,6,100,9,0.416,28.5,-2,4,103,-11.0,0.713
2022-08-16,창원,NC,한화,8,0.443,25.5,1,6,100,10,0.31,39.0,-3,4,102,5.0,0.713
2022-08-17,광주,KIA,SSG,5,0.495,20.5,-1,3,102,1,0.696,0.0,2,7,105,0.0,0.715
2022-08-17,사직,롯데,두산,6,0.446,25.5,1,5,105,7,0.444,25.5,-2,4,101,5.0,0.715
2022-08-17,수원,KT,키움,4,0.554,14.5,4,6,103,3,0.581,11.5,-1,3,107,-6.0,0.715
2022-08-17,잠실,LG,삼성,2,0.61,9.0,1,7,101,9,0.412,29.0,-3,4,104,-11.5,0.715
2022-08-17,창원,NC,한화,8,0.443,25.5,1,6,100,10,0.31,39.0,-3,4,102,5.0,0.715
2022-08-18,광주,KIA,NC,5,0.5,19.5,1,4,103,7,0.449,24.5,2,7,101,0.0,0.722
2022-08-18,문학,SSG,LG,1,0.689,0.0,-1,7,106,2,0.614,8.0,2,7,102,-19.5,0.722
2022-08-18,사직,롯데,KT,6,0.451,24.5,2,6,106,4,0.559,13.5,5,7,104,5.0,0.722
2022-08-18,잠실,두산,키움,8,0.44,25.5,-3,3,102,3,0.575,11.5,-2,3,108,6.0,0.722
2022-08-18,한밭,한화,삼성,10,0.307,39.0,-4,3,103,9,0.408,29.0,-4,4,105,19.5,0.722
2022-08-19,광주,KIA,NC,5,0.495,19.5,-1,3,104,7,0.455,23.5,3,8,102,0.0,0.729
2022-08-19,문학,SSG,LG,1,0.683,0.0,-2,6,107,2,0.618,7.0,3,8,103,-19.5,0.729
2022-08-19,사직,롯데,KT,6,0.456,23.5,3,7,107,4,0.553,13.5,-1,6,105,4.0,0.729
2022-08-19,잠실,두산,키움,8,0.446,24.5,1,4,103,3,0.57,11.5,-3,2,109,5.0,0.729
2022-08-19,한밭,한화,삼성,10,0.304,39.0,-5,2,104,9,0.413,28.0,1,4,106,19.5,0.729
2022-08-20,고척,키움,SSG,3,0.57,11.5,-3,2,109,1,0.683,0.0,-2,6,107,-7.5,0.733
2022-08-20,대구,삼성,NC,9,0.419,27.5,2,4,107,7,0.45,24.0,-1,7,103,8.5,0.733
2022-08-20,사직,롯데,한화,6,0.452,24.0,-1,6,108,10,0.301,39.5,-6,2,105,5.0,0.733
2022-08-20,수원,KT,KIA,4,0.558,13.0,1,6,106,5,0.5,19.0,1,4,105,-6.0,0.733
2022-08-20,잠실,LG,두산,2,0.618,7.0,3,8,103,8,0.446,24.5,1,4,103,-12.0,0.733
2022-08-21,고척,키움,SSG,3,0.565,12.5,-4,2,110,1,0.686,0.0,1,7,108,-6.5,0.739
2022-08-21,대구,삼성,NC,9,0.419,28.0,2,4,107,6,0.45,24.5,-1,7,103,9.0,0.739
2022-08-21,사직,롯데,한화,7,0.448,25.0,-2,6,109,10,0.308,39.5,1,2,106,6.0,0.739
2022-08-21,수원,KT,KIA,4,0.552,14.0,-1,6,107,5,0.505,19.0,2,5,106,-5.0,0.739
2022-08-21,잠실,LG,두산,2,0.621,7.0,4,8,104,8,0.441,25.5,-1,3,104,-12.0,0.739
2022-08-23,고척,키움,KIA,3,0.56,13.5,-5,2,111,5,0.5,20.0,-1,5,107,-6.5,0.746
2022-08-23,문학,SSG,삼성,1,0.689,0.0,2,7,109,9,0.415,29.0,-1,4,108,-20.0,0.746
2022-08-23,잠실,두산,KT,8,0.447,25.5,1,3,105,4,0.557,14.0,1,7,108,5.5,0.746
2022-08-23,창원,NC,롯데,6,0.455,24.5,1,8,104,7,0.453,25.0,1,7,110,4.5,0.746
2022-08-23,한밭,한화,LG,10,0.305,40.5,-1,2,107,2,0.615,8.0,-1,7,105,20.5,0.746
2022-08-24,고척,키움,KIA,4,0.555,14.5,-6,2,112,5,0.505,20.0,1,5,108,-5.5,0.753
2022-08-24,문학,SSG,삼성,1,0.692,0.0,3,7,110,9,0.411,30.0,-2,4,109,-20.0,0.753
2022-08-24,잠실,두산,KT,8,0.442,26.5,-1,3,106,3,0.561,14.0,2,8,109,6.5,0.753
2022-08-24,창원,NC,롯데,7,0.451,25.5,-1,7,105,6,0.458,25.0,2,7,111,5.5,0.753
2022-08-24,한밭,한화,LG,10,0.311,40.5,1,3,108,2,0.61,9.0,-2,7,106,20.5,0.753
2022-08-25,사직,롯데,삼성,6,0.463,25.0,3,7,112,9,0.407,31.0,-3,3,110,4.0,0.76
2022-08-25,수원,KT,SSG,3,0.565,14.0,3,8,110,1,0.694,0.0,4,7,111,-7.0,0.76
2022-08-25,잠실,LG,KIA,2,0.613,9.0,1,7,107,5,0.5,21.0,-1,5,109,-12.0,0.76
2022-08-25,창원,NC,키움,7,0.447,26.5,-2,6,106,4,0.559,14.5,1,3,113,5.5,0.76
2022-08-25,한밭,한화,두산,10,0.308,41.5,-1,2,109,8,0.438,27.5,-2,3,107,20.5,0.76
2022-08-26,사직,롯데,삼성,6,0.459,25.0,-1,6,113,9,0.413,30.0,1,3,111,5.0,0.767
2022-08-26,수원,KT,SSG,3,0.569,13.0,4,8,111,1,0.688,0.0,-1,6,112,-7.0,0.767
2022-08-26,잠실,LG,KIA,2,0.607,9.0,-1,6,108,5,0.505,20.0,1,6,110,-11.0,0.767
2022-08-26,창원,NC,키움,7,0.442,26.5,-3,5,107,4,0.562,13.5,2,4,114,6.5,0.767
2022-08-26,한밭,한화,두산,10,0.315,40.5,1,3,110,8,0.434,27.5,-3,3,108,20.5,0.767
2022-08-27,광주,KIA,두산,5,0.5,20.0,-1,5,111,8,0.43,27.5,-4,2,109,0.0,0.774
2022-08-27,대구,삼성,한화,9,0.409,30.0,-1,3,112,10,0.321,39.5,2,4,111,10.0,0.774
2022-08-27,문학,SSG,롯데,1,0.682,0.0,-2,6,113,6,0.464,24.0,1,7,114,-20.0,0.774
2022-08-27,잠실,LG,키움,2,0.611,8.0,1,6,109,4,0.566,12.5,3,4,115,-12.0,0.774
2022-08-27,창원,NC,KT,7,0.438,26.5,-4,4,108,3,0.573,12.0,5,8,112,6.5,0.774
2022-08-28,광주,KIA,두산,5,0.495,21.0,-2,5,112,8,0.435,27.5,1,3,110,0.0,0.781
2022-08-28,대구,삼성,한화,9,0.414,30.0,1,4,113,10,0.318,40.5,-1,4,112,9.0,0.781
2022-08-28,문학,SSG,롯데,1,0.685,0.0,1,6,114,6,0.459,25.0,-1,6,115,-21.0,0.781
2022-08-28,잠실,LG,키움,2,0.615,8.0,2,7,110,4,0.561,13.5,-1,3,116,-13.0,0.781
2022-08-28,창원,NC,KT,7,0.443,26.5,1,5,109,3,0.568,13.0,-1,7,113,5.5,0.781
2022-08-30,고척,키움,롯데,4,0.557,13.5,-2,3,117,6,0.464,24.0,1,6,116,-6.5,0.787
2022-08-30,대구,삼성,SSG,9,0.42,29.0,2,5,114,1,0.679,0.0,-1,5,115,9.0,0.787
2022-08-30,수원,KT,두산,3,0.562,13.0,-2,6,114,8,0.431,27.5,-1,3,111,-7.0,0.787
2022-08-30,잠실,LG,NC,2,0.618,7.0,3,7,111,7,0.449,25.5,2,5,110,-13.0,0.787
2022-08-30,한밭,한화,KIA,10,0.315,40.5,-2,4,113,5,0.5,20.0,1,5,113,20.5,0.787
2022-08-31,고척,키움,롯데,4,0.56,13.0,1,4,118,6,0.46,24.5,-1,5,117,-7.0,0.789
2022-08-31,대구,삼성,SSG,9,0.42,29.0,2,5,114,1,0.679,0.0,-1,5,115,9.0,0.789
2022-08-31,수원,KT,두산,3,0.562,13.0,-2,6,114,8,0.431,27.5,-1,3,111,-7.0,0.789
2022-08-31,잠실,LG,NC,2,0.618,7.0,3,7,111,7,0.449,25.5,2,5,110,-13.0,0.789
2022-08-31,한밭,한화,KIA,10,0.315,40.5,-2,4,113,5,0.5,20.0,1,5,113,20.5,0.789
2022-09-01,고척,키움,한화,4,0.564,12.0,2,5,119,10,0.312,40.5,-3,4,114,-7.0,0.796
2022-09-01,광주,KIA,삼성,5,0.504,19.0,2,6,114,9,0.425,28.0,3,6,115,0.0,0.796
2022-09-01,문학,SSG,NC,1,0.673,0.0,-2,5,116,7,0.444,25.5,-1,4,111,-19.0,0.796
2022-09-01,수원,KT,LG,3,0.566,12.0,1,7,115,2,0.622,6.0,4,7,112,-7.0,0.796
2022-09-01,잠실,두산,롯데,8,0.427,27.5,-2,3,112,6,0.456,24.5,-2,5,118,8.5,0.796
2022-09-02,고척,키움,한화,3,0.568,11.0,3,6,120,10,0.31,40.5,-4,4,115,-8.0,0.803
2022-09-02,광주,KIA,삼성,5,0.5,19.0,-1,5,115,9,0.43,27.0,4,6,116,0.0,0.803
2022-09-02,문학,SSG,NC,1,0.667,0.0,-3,5,117,7,0.45,24.5,1,4,112,-19.0,0.803
2022-09-02,수원,KT,LG,4,0.561,12.0,-1,6,116,2,0.625,5.0,5,7,113,-7.0,0.803
2022-09-02,잠실,두산,롯데,8,0.432,26.5,1,3,113,6,0.452,24.5,-3,5,119,7.5,0.803
2022-09-03,광주,KIA,KT,5,0.504,19.0,1,5,116,4,0.557,13.0,-2,6,117,0.0,0.81
2022-09-03,문학,SSG,키움,1,0.67,0.0,1,5,118,3,0.571,11.0,4,7,121,-19.0,0.81
2022-09-03,사직,롯데,LG,6,0.457,24.5,1,5,120,2,0.628,5.0,6,7,114,5.5,0.81
2022-09-03,잠실,두산,삼성,8,0.429,27.5,-1,3,114,9,0.426,28.0,-1,5,117,8.5,0.81
2022-09-03,한밭,한화,NC,10,0.307,41.5,-5,3,116,7,0.445,25.5,-1,4,113,22.5,0.81
2022-09-04,광주,KIA,KT,5,0.5,19.0,-1,5,117,4,0.56,12.0,1,6,118,0.0,0.815
2022-09-04,문학,SSG,키움,1,0.664,0.0,-1,4,119,3,0.575,10.0,5,8,122,-19.0,0.815
2022-09-04,사직,롯데,LG,6,0.457,24.0,1,5,120,2,0.628,4.5,6,7,114,5.0,0.815
2022-09-04,잠실,두산,삼성,9,0.425,27.5,-2,2,115,8,0.431,27.0,1,6,118,8.5,0.815
2022-09-04,한밭,한화,NC,10,0.313,40.5,1,4,117,7,0.441,25.5,-2,3,114,21.5,0.815
2022-09-06,대구,삼성,키움,8,0.431,27.0,1,6,118,3,0.575,10.0,5,8,122,7.5,0.819
2022-09-06,수원,KT,한화,4,0.564,11.5,2,6,119,10,0.319,40.0,2,4,118,-8.0,0.819
2022-09-06,울산,롯데,KIA,6,0.453,24.5,-1,4,121,5,0.496,19.5,-2,4,118,5.0,0.819
2022-09-06,잠실,LG,SSG,2,0.632,4.0,7,8,115,1,0.664,0.0,-1,4,119,-15.5,0.819
2022-09-06,창원,NC,두산,7,0.438,26.0,-3,3,115,9,0.425,27.5,-2,2,115,6.5,0.819
2022-09-07,대구,삼성,키움,8,0.436,27.0,2,7,119,3,0.57,11.0,-1,7,123,6.5,0.826
2022-09-07,수원,KT,한화,4,0.568,11.5,3,6,120,10,0.316,41.0,-1,4,119,-9.0,0.826
2022-09-07,울산,롯데,KIA,6,0.458,24.5,1,4,122,5,0.492,20.5,-3,4,119,4.0,0.826
2022-09-07,잠실,LG,SSG,2,0.626,5.0,-1,8,116,1,0.667,0.0,1,4,120,-15.5,0.826
2022-09-07,창원,NC,두산,7,0.442,26.0,1,4,116,9,0.421,28.5,-3,2,116,5.5,0.826
2022-09-08,고척,키움,LG,4,0.566,11.5,-2,6,124,2,0.626,5.0,-1,7,117,-8.5,0.833
2022-09-08,대구,삼성,롯데,8,0.441,26.5,3,8,120,6,0.454,25.0,-1,4,123,6.5,0.833
2022-09-08,문학,SSG,KIA,1,0.667,0.0,1,3,121,5,0.496,20.0,1,4,120,-20.0,0.833
2022-09-08,수원,KT,NC,3,0.571,11.0,4,6,121,7,0.447,25.5,2,5,117,-9.0,0.833
2022-09-08,잠실,두산,한화,9,0.417,29.0,-4,2,117,10,0.314,41.5,-2,3,120,9.0,0.833
2022-09-09,고척,키움,LG,3,0.569,10.5,1,6,125,2,0.621,5.0,-2,7,118,-8.5,0.84
2022-09-09,대구,삼성,롯데,8,0.437,26.5,-1,7,121,6,0.458,24.0,1,4,124,7.5,0.84
2022-09-09,문학,SSG,KIA,1,0.661,0.0,-1,3,122,5,0.5,19.0,2,5,121,-19.0,0.84
2022-09-09,수원,KT,NC,4,0.567,11.0,-1,5,122,7,0.452,24.5,3,6,118,-8.0,0.84
2022-09-09,잠실,두산,한화,9,0.414,29.0,-5,2,118,10,0.319,40.5,1,3,121,10.0,0.84
2022-09-10,고척,키움,KT,3,0.565,10.5,-1,6,126,4,0.562,11.0,-2,5,123,-7.5,0.847
2022-09-10,대구,삼성,LG,8,0.442,25.5,1,8,122,2,0.624,4.0,1,7,119,7.5,0.847
2022-09-10,사직,롯데,NC,7,0.455,24.0,-1,4,125,6,0.457,23.5,4,6,119,6.0,0.847
2022-09-10,잠실,두산,KIA,9,0.419,28.0,1,3,119,5,0.504,18.0,3,6,122,10.0,0.847
2022-09-10,한밭,한화,SSG,10,0.317,40.5,-1,3,122,1,0.655,0.0,-2,3,123,22.5,0.847
2022-09-11,고척,키움,KT,4,0.56,10.5,-2,6,127,3,0.566,10.0,1,6,124,-6.5,0.854
2022-09-11,대구,삼성,LG,8,0.438,25.5,-1,7,123,2,0.627,3.0,2,7,120,8.5,0.854
2022-09-11,사직,롯데,NC,7,0.451,24.0,-2,3,126,6,0.462,22.5,5,6,120,7.0,0.854
2022-09-11,잠실,두산,KIA,9,0.415,28.0,-1,2,120,5,0.508,17.0,4,6,123,11.0,0.854
2022-09-11,한밭,한화,SSG,10,0.322,39.5,1,4,123,1,0.65,0.0,-3,2,124,22.5,0.854
2022-09-13,광주,KIA,키움,5,0.504,18.0,-1,5,124,3,0.563,10.5,1,6,128,0.0,0.861
2022-09-13,사직,롯데,SSG,7,0.447,25.0,-3,3,127,1,0.653,0.0,1,3,125,7.0,0.861
2022-09-13,잠실,두산,LG,9,0.42,28.0,1,3,121,2,0.622,4.0,-1,6,121,10.0,0.861
2022-09-13,창원,NC,삼성,6,0.466,22.5,6,7,121,8,0.443,25.5,1,7,124,4.5,0.861
2022-09-13,한밭,한화,KT,10,0.32,40.5,-1,4,124,4,0.561,11.0,-1,5,125,22.5,0.861
2022-09-14,광주,KIA,키움,5,0.5,18.0,-2,5,125,3,0.567,9.5,2,6,129,0.0,0.868
2022-09-14,사직,롯데,SSG,7,0.452,24.0,1,4,128,1,0.648,0.0,-1,3,126,6.0,0.868
2022-09-14,잠실,두산,LG,9,0.417,28.0,-1,3,122,2,0.625,3.0,1,6,122,10.0,0.868
2022-09-14,창원,NC,삼성,6,0.462,22.5,-1,6,122,8,0.447,24.5,2,7,125,4.5,0.868
2022-09-14,한밭,한화,KT,10,0.317,40.5,-2,4,125,4,0.565,10.0,1,6,126,22.5,0.868
2022-09-15,광주,KIA,한화,5,0.496,19.0,-3,4,126,10,0.323,40.5,1,5,126,0.0,0.875
2022-09-15,대구,삼성,두산,8,0.444,25.5,-1,6,126,9,0.421,28.0,1,3,123,6.5,0.875
2022-09-15,사직,롯데,키움,7,0.448,25.0,-1,4,129,3,0.57,9.5,3,6,130,6.0,0.875
2022-09-15,잠실,LG,KT,2,0.62,4.0,-1,5,123,4,0.56,11.0,-1,6,127,-15.0,0.875
2022-09-15,창원,NC,SSG,6,0.467,22.5,1,7,123,1,0.65,0.0,1,4,127,3.5,0.875
2022-09-16,광주,KIA,한화,5,0.492,19.0,-4,4,127,10,0.328,39.5,2,5,127,0.0,0.882
2022-09-16,대구,삼성,두산,8,0.448,24.5,1,7,127,9,0.418,28.0,-1,3,124,5.5,0.882
2022-09-16,사직,롯데,키움,7,0.452,24.0,1,4,130,3,0.566,9.5,-1,5,131,5.0,0.882
2022-09-16,잠실,LG,KT,2,0.623,3.0,1,5,124,4,0.556,11.0,-2,5,128,-16.0,0.882
2022-09-16,창원,NC,SSG,6,0.471,21.5,2,8,124,1,0.645,0.0,-1,3,128,2.5,0.882
2022-09-17,고척,키움,NC,3,0.569,9.5,1,5,132,6,0.467,22.5,-1,8,125,-10.5,0.887
2022-09-17,대구,삼성,KIA,8,0.444,25.5,-1,6,128,5,0.488,20.0,-5,4,128,5.5,0.887
2022-09-17,문학,SSG,두산,1,0.648,0.0,1,4,129,9,0.423,28.0,1,4,125,-20.0,0.887
2022-09-17,수원,KT,롯데,4,0.556,11.5,-2,5,128,7,0.449,25.0,-1,4,131,-8.5,0.887
2022-09-17,잠실,LG,한화,2,0.623,3.5,1,5,124,10,0.333,39.5,3,5,128,-16.5,0.887
2022-09-18,고척,키움,NC,3,0.573,8.5,2,6,133,6,0.463,22.5,-2,7,126,-11.5,0.894
2022-09-18,대구,삼성,KIA,8,0.449,24.5,1,6,129,5,0.484,20.0,-6,4,129,4.5,0.894
2022-09-18,문학,SSG,두산,1,0.643,0.0,-1,3,130,9,0.427,27.0,2,5,126,-20.0,0.894
2022-09-18,수원,KT,롯데,4,0.551,11.5,-3,4,129,7,0.453,24.0,1,4,132,-8.5,0.894
2022-09-18,잠실,LG,한화,2,0.626,2.5,2,5,125,10,0.331,39.5,-1,5,129,-17.5,0.894
2022-09-20,고척,키움,삼성,3,0.568,9.5,-1,6,134,7,0.453,24.5,2,6,130,-11.5,0.901
2022-09-20,광주,KIA,LG,5,0.481,21.0,-7,3,130,2,0.621,3.5,-1,5,126,0.0,0.901
2022-09-20,문학,SSG,KT,1,0.646,0.0,1,4,131,4,0.555,11.5,1,4,130,-21.0,0.901
2022-09-20,잠실,두산,NC,9,0.424,28.0,-1,5,127,6,0.468,22.5,1,7,127,7.0,0.901
2022-09-20,한밭,한화,롯데,10,0.336,39.5,1,6,130,8,0.45,25.0,-1,4,133,18.5,0.901
2022-09-21,고척,키움,삼성,3,0.564,10.5,-2,5,135,7,0.457,24.5,3,7,131,-11.5,0.908
2022-09-21,광주,KIA,LG,5,0.477,22.0,-8,2,131,2,0.624,3.5,1,6,127,0.0,0.908
2022-09-21,문학,SSG,KT,1,0.648,0.0,2,5,132,4,0.55,12.5,-1,3,131,-22.0,0.908
2022-09-21,잠실,두산,NC,9,0.429,28.0,1,6,128,6,0.464,23.5,-1,6,128,6.0,0.908
2022-09-21,한밭,한화,롯데,10,0.333,40.5,-1,5,131,8,0.454,25.0,1,4,134,18.5,0.908
2022-09-22,고척,키움,두산,3,0.567,9.5,1,6,136,9,0.425,28.0,-1,5,129,-12.5,0.915
2022-09-22,대구,삼성,KT,8,0.454,24.5,-1,6,132,4,0.554,11.5,1,4,132,2.5,0.915
2022-09-22,문학,SSG,한화,1,0.643,0.0,-1,5,133,10,0.331,40.5,-2,5,132,-22.0,0.915
2022-09-22,잠실,LG,롯데,2,0.627,2.5,2,7,128,7,0.458,24.0,2,5,135,-19.5,0.915
2022-09-22,창원,NC,KIA,6,0.468,22.5,1,6,129,5,0.473,22.0,-9,1,132,0.5,0.915
2022-09-23,고척,키움,두산,3,0.563,10.5,-1,6,137,9,0.43,28.0,1,6,130,-11.5,0.922
2022-09-23,대구,삼성,KT,8,0.45,25.5,-2,6,133,4,0.557,11.5,2,5,133,3.5,0.922
2022-09-23,문학,SSG,한화,1,0.646,0.0,1,6,134,10,0.328,41.5,-3,4,133,-22.0,0.922
2022-09-23,잠실,LG,롯데,2,0.622,3.5,-1,6,129,7,0.462,24.0,3,6,136,-18.5,0.922
2022-09-23,창원,NC,KIA,6,0.465,23.5,-1,5,130,5,0.477,22.0,1,1,133,1.5,0.922
2022-09-24,고척,키움,롯데,3,0.566,10.5,1,6,138,7,0.459,25.0,-1,6,137,-12.5,0.929
2022-09-24,문학,SSG,두산,1,0.649,0.0,2,6,135,9,0.426,29.0,-1,5,131,-23.0,0.929
2022-09-24,잠실,LG,한화,2,0.625,3.5,1,6,130,10,0.326,42.5,-4,4,134,-19.5,0.929
2022-09-24,창원,NC,KIA,6,0.469,23.5,1,5,131,5,0.474,23.0,-1,1,134,0.5,0.929
2022-09-25,대구,삼성,KIA,8,0.455,26.0,1,6,134,5,0.478,23.0,1,2,135,3.0,0.935
2022-09-25,문학,SSG,LG,1,0.652,0.0,3,7,136,2,0.62,4.5,-1,6,131,-23.0,0.935
2022-09-25,잠실,두산,한화,9,0.423,30.0,-2,5,132,10,0.331,42.5,1,5,135,7.0,0.935
2022-09-25,창원,NC,KT,6,0.465,24.5,-1,5,132,4,0.553,13.0,-1,4,134,1.5,0.935
2022-09-27,수원,KT,두산,4,0.556,12.0,1,5,135,9,0.427,29.0,1,5,133,-10.0,0.94
2022-09-27,창원,NC,키움,6,0.462,24.5,-2,4,133,3,0.569,10.0,2,6,139,2.5,0.94
2022-09-27,한밭,한화,LG,10,0.328,42.5,-1,4,136,2,0.623,3.5,1,6,132,20.5,0.94
2022-09-28,수원,KT,두산,4,0.56,11.5,2,5,136,9,0.424,29.5,-1,5,134,-10.5,0.944
2022-09-28,창원,NC,삼성,6,0.466,24.0,1,4,134,8,0.451,26.0,-1,5,135,2.0,0.944
2022-09-28,한밭,한화,LG,10,0.326,43.0,-2,3,137,2,0.626,3.0,2,7,133,21.0,0.944
2022-09-29,광주,KIA,롯데,5,0.481,22.0,2,3,136,7,0.455,25.5,-2,5,138,0.0,0.949
2022-09-29,대구,삼성,NC,8,0.448,26.5,-2,5,136,6,0.47,23.5,2,5,135,4.5,0.949
2022-09-29,문학,SSG,키움,1,0.647,0.0,-1,6,137,3,0.565,10.5,-1,5,140,-22.0,0.949
2022-09-29,잠실,LG,KT,2,0.629,2.5,3,7,134,4,0.563,11.0,3,6,137,-19.5,0.949
2022-09-29,한밭,한화,두산,10,0.324,43.5,-3,2,138,9,0.421,30.0,-2,4,135,21.5,0.949
2022-09-30,대구,삼성,두산,8,0.452,25.5,1,5,137,9,0.425,29.0,1,4,136,4.5,0.956
2022-09-30,문학,SSG,키움,1,0.642,0.0,-2,6,138,3,0.568,9.5,1,6,141,-21.0,0.956
2022-09-30,잠실,LG,NC,2,0.624,2.5,-1,6,135,6,0.466,23.5,-1,5,136,-18.5,0.956
2022-09-30,한밭,한화,롯데,10,0.321,43.5,-4,2,139,7,0.452,25.5,-3,5,139,22.5,0.956
2022-10-01,광주,KIA,SSG,5,0.485,21.5,3,4,137,1,0.644,0.0,1,6,139,0.0,0.961
2022-10-01,대구,삼성,두산,8,0.456,25.5,2,6,138,9,0.422,30.0,-1,4,137,4.0,0.961
2022-10-01,잠실,LG,NC,2,0.627,2.5,1,7,136,6,0.463,24.5,-2,4,137,-19.0,0.961
2022-10-02,사직,롯데,두산,8,0.456,26.0,1,5,140,9,0.419,31.0,-2,3,138,3.5,0.965
2022-10-02,잠실,LG,NC,2,0.622,3.5,-1,6,137,6,0.467,24.5,1,5,138,-19.0,0.965
2022-10-02,한밭,한화,KIA,10,0.319,45.0,-5,1,140,5,0.482,22.5,-1,4,138,22.5,0.965
2022-10-03,사직,롯데,두산,7,0.46,25.5,2,6,141,9,0.416,31.5,-3,3,139,3.5,0.969
2022-10-03,수원,KT,NC,3,0.566,11.0,4,7,138,6,0.471,24.0,2,5,139,-11.0,0.969
2022-10-03,잠실,LG,KIA,2,0.618,4.0,-2,5,138,5,0.486,22.0,1,5,139,-18.0,0.969
2022-10-03,한밭,한화,SSG,10,0.317,45.5,-6,1,141,1,0.647,0.0,2,7,140,23.5,0.969
2022-10-04,수원,KT,삼성,3,0.566,10.5,4,7,138,7,0.46,25.0,3,6,139,-11.0,0.972
2022-10-04,잠실,LG,KIA,2,0.618,3.5,-2,5,138,5,0.486,21.5,1,5,139,-18.0,0.972
2022-10-05,광주,KIA,LG,5,0.489,21.0,2,6,140,2,0.613,4.0,-3,5,139,0.0,0.975
2022-10-05,수원,KT,삼성,3,0.569,10.0,5,8,139,8,0.457,25.5,-1,5,140,-11.0,0.975
2022-10-05,잠실,두산,SSG,9,0.42,30.5,1,3,140,1,0.642,0.0,-1,6,141,9.5,0.975
2022-10-05,창원,NC,롯데,6,0.471,23.5,2,5,139,7,0.457,25.5,-1,5,142,2.5,0.975
2022-10-06,광주,KIA,LG,5,0.486,21.0,-1,6,141,2,0.616,3.0,1,5,140,0.0,0.981
2022-10-06,잠실,두산,삼성,9,0.424,29.5,2,4,141,7,0.46,24.5,1,5,141,8.5,0.981
2022-10-06,창원,NC,SSG,6,0.474,22.5,3,6,140,1,0.638,0.0,-2,5,142,1.5,0.981
2022-10-06,한밭,한화,키움,10,0.321,44.0,1,2,142,4,0.564,10.0,-1,5,142,23.0,0.981
2022-10-07,광주,KIA,KT,5,0.489,20.0,1,7,142,3,0.565,9.5,-1,7,140,0.0,0.986
2022-10-07,잠실,두산,삼성,9,0.429,28.5,3,5,142,7,0.457,24.5,-1,5,142,8.5,0.986
2022-10-07,창원,NC,LG,6,0.478,21.5,4,6,141,2,0.612,3.0,-1,5,141,1.5,0.986
2022-10-08,광주,KIA,KT,5,0.493,19.5,2,7,143,3,0.561,10.0,-2,7,141,0.0,0.99
2022-10-08,대구,삼성,SSG,7,0.461,24.0,1,6,143,1,0.633,0.0,-3,5,143,4.5,0.99
2022-10-08,사직,롯데,LG,8,0.453,25.0,-2,5,143,2,0.614,2.5,1,5,142,5.5,0.99
2022-10-08,잠실,두산,키움,9,0.426,29.0,-1,4,143,4,0.56,10.0,-2,4,143,9.5,0.99
2022-10-08,창원,NC,한화,6,0.475,22.0,-1,6,142,10,0.326,43.0,2,3,143,2.5,0.99
2022-10-09,잠실,LG,KT,2,0.61,2.5,-1,4,143,3,0.564,9.0,1,7,142,-17.0,0.997
2022-10-10,수원,KT,NC,3,0.564,9.0,1,7,142,6,0.479,21.0,1,7,143,-10.5,0.997
2022-10-11,잠실,LG,KT,2,0.61,2.5,-1,4,143,3,0.567,8.5,2,7,143,-17.0,0.999
2023-04-01,고척,키움,한화,,,,0,,0,,,,0,,0,,0.0
2023-04-01,대구,삼성,NC,,,,0,,0,,,,0,,0,,0.0
2023-04-01,문학,SSG,KIA,,,,0,,0,,,,0,,0,,0.0
2023-04-01,수원,KT,LG,,,,0,,0,,,,0,,0,,0.0
2023-04-01,잠실,두산,롯데,,,,0,,0,,,,0,,0,,0.0
2023-04-02,고척,키움,한화,1,1.0,0.0,1,1,1,6,0.0,1.0,-1,0,1,0.0,0.007
2023-04-02,대구,삼성,NC,7,0.0,1.0,-1,0,1,2,1.0,0.0,1,1,1,1.0,0.007
2023-04-02,문학,SSG,KIA,3,1.0,0.0,1,1,1,8,0.0,1.0,-1,0,1,0.0,0.007
2023-04-02,수원,KT,LG,4,1.0,0.0,1,1,1,9,0.0,1.0,-1,0,1,0.0,0.007
2023-04-02,잠실,두산,롯데,5,1.0,0.0,1,1,1,10,0.0,1.0,-1,0,1,0.0,0.007
2023-04-04,고척,키움,LG,1,1.0,0.0,2,2,2,7,0.5,1.0,1,1,2,-1.0,0.014
2023-04-04,대구,삼성,한화,2,0.5,1.0,1,1,2,10,0.0,2.0,-2,0,2,0.0,0.014
2023-04-04,문학,SSG,롯데,4,0.5,1.0,-1,1,2,9,0.5,1.0,1,1,2,0.0,0.014
2023-04-04,수원,KT,KIA,6,0.5,1.0,-1,1,2,5,0.5,1.0,1,1,2,0.0,0.014
2023-04-04,잠실,두산,NC,8,0.5,1.0,-1,1,2,3,0.5,1.0,-1,1,2,0.0,0.014
2023-04-05,고척,키움,LG,1,0.667,0.0,-1,2,3,4,0.667,0.0,2,2,3,0.0,0.019
2023-04-05,대구,삼성,한화,2,0.667,0.0,2,2,3,10,0.0,2.0,-3,0,3,0.0,0.019
2023-04-05,문학,SSG,롯데,3,0.667,0.0,1,2,3,9,0.333,1.0,-1,1,3,0.0,0.019
2023-04-05,수원,KT,KIA,7,0.5,0.5,-1,1,2,6,0.5,0.5,1,1,2,0.5,0.019
2023-04-05,잠실,두산,NC,5,0.667,0.0,1,2,3,8,0.333,1.0,-2,1,3,0.0,0.019
2023-04-06,고척,키움,LG,1,0.75,0.0,1,3,4,5,0.5,1.0,-1,2,4,-1.0,0.022
2023-04-06,대구,삼성,한화,2,0.667,0.5,2,2,3,10,0.0,2.5,-3,0,3,-0.5,0.022
2023-04-06,문학,SSG,롯데,3,0.667,0.5,1,2,3,9,0.333,1.5,-1,1,3,-0.5,0.022
2023-04-06,수원,KT,KIA,8,0.5,1.0,-1,1,2,7,0.5,1.0,1,1,2,0.0,0.022
2023-04-06,잠실,두산,NC,6,0.5,1.0,-1,2,4,4,0.5,1.0,1,2,4,0.0,0.022
2023-04-07,광주,KIA,두산,6,0.5,0.5,1,1,2,4,0.6,0.0,1,3,5,0.0,0.026
2023-04-07,사직,롯데,KT,9,0.333,1.0,-1,1,3,7,0.5,0.5,-1,1,2,0.5,0.026
2023-04-07,잠실,LG,삼성,3,0.6,0.0,1,3,5,5,0.5,0.5,-1,2,4,-0.5,0.026
2023-04-07,창원,NC,키움,8,0.4,1.0,-1,2,5,2,0.6,0.0,-1,3,5,0.5,0.026
2023-04-07,한밭,한화,SSG,10,0.25,1.5,1,1,4,1,0.667,0.0,1,2,3,1.0,0.026
2023-04-08,광주,KIA,두산,8,0.333,1.5,-1,1,3,3,0.667,0.0,2,4,6,0.5,0.033
2023-04-08,사직,롯데,KT,9,0.25,2.0,-2,1,4,4,0.667,0.5,1,2,3,1.0,0.033
2023-04-08,잠실,LG,삼성,2,0.667,0.0,2,4,6,7,0.4,1.5,-2,2,5,-1.0,0.033
2023-04-08,창원,NC,키움,6,0.5,1.0,1,3,6,5,0.5,1.0,-2,3,6,0.0,0.033
2023-04-08,한밭,한화,SSG,10,0.2,2.5,-1,1,5,1,0.75,0.0,2,3,4,1.5,0.033
2023-04-09,광주,KIA,두산,6,0.5,1.5,1,2,4,5,0.571,1.0,-1,4,7,0.5,0.04
2023-04-09,사직,롯데,KT,9,0.2,3.0,-3,1,5,2,0.75,0.5,2,3,4,2.0,0.04
2023-04-09,잠실,LG,삼성,3,0.714,0.0,3,5,7,8,0.333,2.5,-3,2,6,-1.0,0.04
2023-04-09,창원,NC,키움,4,0.571,1.0,2,4,7,7,0.429,2.0,-3,3,7,0.0,0.04
2023-04-09,한밭,한화,SSG,10,0.167,3.5,-2,1,6,1,0.8,0.0,3,4,5,2.5,0.04
2023-04-11,광주,KIA,한화,6,0.4,2.5,-1,2,5,10,0.143,4.5,-3,1,7,1.0,0.047
2023-04-11,대구,삼성,SSG,9,0.286,3.5,-4,2,7,1,0.833,0.0,4,5,6,2.0,0.047
2023-04-11,사직,롯데,LG,8,0.333,3.0,1,2,6,2,0.75,0.0,4,6,8,1.5,0.047
2023-04-11,잠실,두산,키움,4,0.625,1.0,1,5,8,7,0.375,3.0,-4,3,8,-0.5,0.047
2023-04-11,창원,NC,KT,3,0.625,1.0,3,5,8,5,0.6,1.5,-1,3,5,-0.5,0.047
2023-04-12,광주,KIA,한화,8,0.333,3.5,-2,2,6,9,0.25,4.5,1,2,8,1.0,0.054
2023-04-12,대구,삼성,SSG,10,0.25,4.5,-5,2,8,1,0.857,0.0,5,6,7,2.0,0.054
2023-04-12,사직,롯데,LG,6,0.429,3.0,2,3,7,3,0.667,1.0,-1,6,9,0.5,0.054
2023-04-12,잠실,두산,키움,4,0.667,1.0,2,6,9,7,0.333,4.0,-5,3,9,-1.5,0.054
2023-04-12,창원,NC,KT,2,0.667,1.0,4,6,9,5,0.5,2.5,-2,3,6,-1.5,0.054
2023-04-13,광주,KIA,한화,5,0.429,3.5,1,3,7,9,0.222,5.5,-1,2,9,0.0,0.06
2023-04-13,대구,삼성,SSG,10,0.222,5.5,-6,2,9,1,0.875,0.0,6,7,8,2.0,0.06
2023-04-13,사직,롯데,LG,7,0.375,4.0,-1,3,8,3,0.7,1.0,1,7,10,0.5,0.06
2023-04-13,잠실,두산,키움,4,0.667,1.5,2,6,9,8,0.333,4.5,-5,3,9,-2.0,0.06
2023-04-13,창원,NC,KT,2,0.7,1.0,5,7,10,6,0.429,3.5,-3,3,7,-2.5,0.06
2023-04-14,고척,키움,KIA,7,0.4,3.5,1,4,10,8,0.375,3.5,-1,3,8,1.0,0.067
2023-04-14,대구,삼성,롯데,10,0.3,4.5,1,3,10,6,0.444,3.0,1,4,9,2.0,0.067
2023-04-14,문학,SSG,NC,1,0.778,0.0,-1,7,9,2,0.636,1.0,-1,6,11,-2.5,0.067
2023-04-14,수원,KT,한화,5,0.5,2.5,1,4,8,9,0.3,4.5,1,3,10,0.0,0.067
2023-04-14,잠실,LG,두산,3,0.636,1.0,-1,7,11,4,0.6,1.5,-1,6,10,-1.5,0.067
2023-04-15,고척,키움,KIA,6,0.455,3.5,2,4,11,9,0.333,4.5,-2,3,9,0.5,0.074
2023-04-15,대구,삼성,롯데,8,0.364,4.5,2,4,11,7,0.4,4.0,-1,4,10,1.5,0.074
2023-04-15,문학,SSG,NC,1,0.8,0.0,1,8,10,3,0.583,2.0,-2,6,12,-3.0,0.074
2023-04-15,수원,KT,한화,5,0.5,3.0,1,4,9,10,0.3,5.0,1,3,11,0.0,0.074
2023-04-15,잠실,LG,두산,2,0.667,1.0,1,7,12,4,0.545,2.5,-2,5,11,-2.0,0.074
2023-04-16,고척,키움,KIA,4,0.5,2.5,3,4,12,10,0.3,4.5,-3,3,10,0.0,0.081
2023-04-16,대구,삼성,롯데,9,0.333,4.5,-1,3,12,6,0.455,3.0,1,5,11,2.0,0.081
2023-04-16,문학,SSG,NC,1,0.727,0.0,-1,7,11,3,0.615,1.0,1,7,13,-2.5,0.081
2023-04-16,수원,KT,한화,7,0.444,3.0,-1,4,10,8,0.364,4.0,2,4,12,0.5,0.081
2023-04-16,잠실,LG,두산,2,0.692,0.0,2,7,13,5,0.5,2.5,-3,5,12,-2.5,0.081
2023-04-18,고척,키움,삼성,4,0.538,1.5,4,5,13,8,0.385,3.5,1,3,13,0.0,0.087
2023-04-18,사직,롯데,KIA,7,0.417,3.0,-1,4,12,10,0.273,4.5,-4,3,11,1.5,0.087
2023-04-18,수원,KT,SSG,6,0.5,2.0,1,4,11,1,0.667,0.0,-2,7,12,0.5,0.087
2023-04-18,잠실,LG,NC,3,0.643,0.0,-1,7,14,2,0.643,0.0,2,7,14,-1.5,0.087
2023-04-18,한밭,한화,두산,9,0.333,4.0,-1,4,13,5,0.538,1.5,1,5,13,2.5,0.087
2023-04-19,고척,키움,삼성,6,0.5,2.5,-1,4,14,8,0.429,3.5,2,4,14,0.5,0.094
2023-04-19,사직,롯데,KIA,7,0.462,3.0,1,5,13,10,0.25,5.5,-5,2,12,1.0,0.094
2023-04-19,수원,KT,SSG,5,0.545,2.0,2,5,12,2,0.615,1.0,-3,6,13,0.0,0.094
2023-04-19,잠실,LG,NC,3,0.6,1.0,-2,6,15,1,0.667,0.0,3,8,15,-1.0,0.094
2023-04-19,한밭,한화,두산,9,0.308,5.0,-2,3,14,4,0.571,1.5,2,6,14,3.0,0.094
2023-04-20,고척,키움,삼성,6,0.467,2.5,-2,4,15,7,0.467,2.5,3,5,15,1.0,0.101
2023-04-20,사직,롯데,KIA,8,0.429,3.0,-1,5,14,10,0.308,4.5,1,3,13,1.5,0.101
2023-04-20,수원,KT,SSG,3,0.583,1.0,3,5,13,4,0.571,1.0,-4,5,14,-0.5,0.101
2023-04-20,잠실,LG,NC,2,0.625,0.0,1,6,16,1,0.625,0.0,-1,7,16,-1.5,0.101
2023-04-20,한밭,한화,두산,9,0.357,4.0,1,4,15,5,0.533,1.5,-1,5,15,2.5,0.101
2023-04-21,광주,KIA,삼성,10,0.286,5.5,-1,2,14,8,0.438,3.5,-1,5,16,3.5,0.108
2023-04-21,문학,SSG,키움,2,0.6,1.0,1,5,15,6,0.5,2.5,1,5,16,-1.0,0.108
2023-04-21,잠실,두산,KT,4,0.562,1.5,1,5,16,5,0.538,2.0,-1,4,14,-0.5,0.108
2023-04-21,창원,NC,롯데,3,0.588,1.0,-2,6,17,7,0.467,3.0,1,6,15,-1.0,0.108
2023-04-21,한밭,한화,LG,9,0.333,5.0,-1,4,16,1,0.647,0.0,2,6,17,3.0,0.108
2023-04-22,광주,KIA,삼성,9,0.333,5.5,1,3,15,8,0.412,4.5,-2,5,17,2.5,0.115
2023-04-22,문학,SSG,키움,2,0.625,1.0,2,5,16,7,0.471,3.5,-1,5,17,-2.0,0.115
2023-04-22,잠실,두산,KT,3,0.588,1.5,2,6,17,6,0.5,3.0,-2,4,15,-1.5,0.115
2023-04-22,창원,NC,롯데,4,0.556,2.0,-3,5,18,5,0.5,3.0,2,6,16,-1.0,0.115
2023-04-22,한밭,한화,LG,10,0.312,6.0,-2,4,17,1,0.667,0.0,3,6,18,3.0,0.115
2023-04-23,광주,KIA,삼성,9,0.375,5.5,2,4,16,8,0.389,5.5,-3,5,18,2.5,0.122
2023-04-23,문학,SSG,키움,2,0.647,1.0,3,5,17,7,0.444,4.5,-2,5,18,-2.0,0.122
2023-04-23,잠실,두산,KT,3,0.611,1.5,3,6,18,6,0.467,4.0,-3,4,16,-1.5,0.122
2023-04-23,창원,NC,롯데,5,0.526,3.0,-4,4,19,4,0.529,3.0,3,6,17,0.0,0.122
2023-04-23,한밭,한화,LG,10,0.294,7.0,-3,3,18,1,0.684,0.0,4,7,19,4.0,0.122
2023-04-25,고척,키움,KT,7,0.421,4.5,-3,5,19,6,0.467,3.5,-3,4,17,1.5,0.129
2023-04-25,광주,KIA,NC,8,0.412,4.5,3,4,17,5,0.5,3.0,-5,3,20,1.5,0.129
2023-04-25,대구,삼성,두산,9,0.368,5.5,-4,5,19,3,0.611,1.0,3,5,19,2.5,0.129
2023-04-25,사직,롯데,한화,4,0.556,2.0,4,7,18,10,0.333,6.0,1,4,19,-1.0,0.129
2023-04-25,잠실,LG,SSG,2,0.65,0.0,-1,6,20,1,0.667,0.0,4,5,18,-3.0,0.129
2023-04-26,고척,키움,KT,6,0.45,4.5,1,5,20,7,0.438,4.5,-4,3,18,1.5,0.133
2023-04-26,광주,KIA,NC,8,0.389,5.5,-1,4,18,5,0.524,3.0,1,4,21,2.5,0.133
2023-04-26,대구,삼성,두산,9,0.368,6.0,-4,5,19,3,0.611,1.5,3,5,19,3.0,0.133
2023-04-26,사직,롯데,한화,4,0.556,2.5,4,7,18,10,0.333,6.5,1,4,19,-0.5,0.133
2023-04-26,잠실,LG,SSG,1,0.667,0.0,1,7,21,2,0.632,1.0,-1,5,19,-3.0,0.133
2023-04-27,고척,키움,KT,6,0.476,3.5,2,5,21,8,0.412,4.5,-5,3,19,0.5,0.14
2023-04-27,광주,KIA,NC,7,0.421,4.5,1,5,19,5,0.5,3.0,-1,4,22,1.5,0.14
2023-04-27,대구,삼성,두산,9,0.4,5.0,1,5,20,3,0.579,1.5,-1,5,20,2.0,0.14
2023-04-27,사직,롯데,한화,4,0.579,1.5,5,7,19,10,0.316,6.5,-1,3,20,-1.5,0.14
2023-04-27,잠실,LG,SSG,2,0.636,0.0,-1,6,22,1,0.65,0.0,1,5,20,-3.0,0.14
2023-04-28,문학,SSG,두산,2,0.619,1.0,-1,5,21,4,0.55,2.5,-2,5,21,-2.5,0.147
2023-04-28,사직,롯데,키움,3,0.6,1.5,6,8,20,5,0.5,3.5,3,5,22,-2.0,0.147
2023-04-28,수원,KT,삼성,9,0.389,5.5,-6,3,20,8,0.429,5.0,2,5,21,2.0,0.147
2023-04-28,잠실,LG,KIA,1,0.652,0.0,1,6,23,7,0.45,4.5,2,6,20,-3.5,0.147
2023-04-28,한밭,한화,NC,10,0.3,7.5,-2,3,21,6,0.478,4.0,-2,3,23,4.0,0.147
2023-04-29,문학,SSG,두산,1,0.636,0.0,1,6,22,4,0.524,2.5,-3,5,22,-3.0,0.154
2023-04-29,사직,롯데,키움,3,0.619,0.5,7,8,21,6,0.478,3.5,-1,4,23,-2.5,0.154
2023-04-29,수원,KT,삼성,9,0.368,5.5,-7,2,21,8,0.455,4.0,3,6,22,2.5,0.154
2023-04-29,잠실,LG,KIA,2,0.625,0.0,-1,6,24,7,0.476,3.5,3,7,21,-3.0,0.154
2023-04-29,한밭,한화,NC,10,0.286,7.5,-3,2,22,5,0.5,3.0,1,3,24,4.5,0.154
2023-04-30,문학,SSG,두산,1,0.652,0.0,2,7,23,6,0.5,3.5,-4,4,23,-3.5,0.16
2023-04-30,사직,롯데,키움,2,0.619,1.0,7,8,21,7,0.478,4.0,-1,4,23,-2.5,0.16
2023-04-30,수원,KT,삼성,9,0.35,6.5,-8,1,22,8,0.478,4.0,4,6,23,3.0,0.16
2023-04-30,잠실,LG,KIA,3,0.6,1.0,-2,6,25,5,0.5,3.5,4,8,22,-2.5,0.16
2023-04-30,한밭,한화,NC,10,0.273,8.5,-4,2,23,4,0.52,3.0,2,3,25,5.0,0.16
2023-05-02,광주,KIA,롯데,5,0.522,2.5,5,8,23,1,0.636,0.0,8,9,22,0.0,0.167
2023-05-02,대구,삼성,키움,7,0.5,3.0,5,6,24,8,0.458,4.0,-2,4,24,0.5,0.167
2023-05-02,문학,SSG,KT,2,0.625,0.0,-1,7,24,9,0.333,6.5,-9,0,23,-2.5,0.167
2023-05-02,잠실,두산,한화,6,0.522,2.5,1,4,24,10,0.261,8.5,-5,2,24,0.0,0.167
2023-05-02,창원,NC,LG,4,0.538,2.0,3,4,26,3,0.577,1.0,-3,5,26,-0.5,0.167
2023-05-03,광주,KIA,롯데,6,0.5,3.5,-1,8,24,1,0.652,0.0,9,9,23,0.5,0.174
2023-05-03,대구,삼성,키움,8,0.48,4.0,-1,5,25,7,0.48,4.0,1,5,25,1.0,0.174
2023-05-03,문학,SSG,KT,2,0.6,1.0,-2,6,25,9,0.364,6.5,1,1,24,-2.0,0.174
2023-05-03,잠실,두산,한화,4,0.542,2.5,2,5,25,10,0.25,9.5,-6,1,25,-0.5,0.174
2023-05-03,창원,NC,LG,5,0.519,3.0,-1,4,27,3,0.593,1.0,1,5,27,0.0,0.174
2023-05-04,광주,KIA,롯데,4,0.52,2.5,1,8,25,1,0.625,0.0,-1,9,24,0.0,0.181
2023-05-04,대구,삼성,키움,8,0.462,4.0,-2,5,26,7,0.5,3.0,2,5,26,1.5,0.181
2023-05-04,문학,SSG,KT,2,0.615,0.0,1,6,26,9,0.348,6.5,-1,1,25,-2.5,0.181
2023-05-04,잠실,두산,한화,5,0.52,2.5,-1,4,26,10,0.28,8.5,1,2,26,0.0,0.181
2023-05-04,창원,NC,LG,6,0.5,3.0,-2,4,28,3,0.607,0.0,2,5,28,0.5,0.181
2023-05-05,고척,키움,SSG,7,0.481,4.0,-1,5,27,1,0.63,0.0,2,6,27,0.5,0.185
2023-05-05,사직,롯데,삼성,2,0.625,0.5,-1,9,24,8,0.481,4.0,1,6,27,-3.0,0.185
2023-05-05,잠실,두산,LG,6,0.5,3.5,-2,3,27,3,0.607,0.5,2,5,28,0.0,0.185
2023-05-05,창원,NC,KIA,5,0.5,3.5,-2,4,28,4,0.52,3.0,1,8,25,0.0,0.185
2023-05-05,한밭,한화,KT,10,0.308,8.5,2,3,27,9,0.333,7.5,-2,1,26,5.0,0.185
2023-05-06,고척,키움,SSG,8,0.464,5.0,-2,5,28,1,0.643,0.0,3,6,28,1.0,0.186
2023-05-06,사직,롯데,삼성,2,0.625,1.0,-1,9,24,7,0.481,4.5,1,6,27,-3.0,0.186
2023-05-06,잠실,두산,LG,6,0.5,4.0,-2,3,27,3,0.607,1.0,2,5,28,0.0,0.186
2023-05-06,창원,NC,KIA,5,0.5,4.0,-2,4,28,4,0.52,3.5,1,8,25,0.0,0.186
2023-05-06,한밭,한화,KT,10,0.308,9.0,2,3,27,9,0.333,8.0,-2,1,26,5.0,0.186
2023-05-07,고척,키움,SSG,8,0.448,6.0,-3,5,29,1,0.655,0.0,4,7,29,1.5,0.188
2023-05-07,사직,롯데,삼성,2,0.625,1.5,-1,9,24,7,0.481,5.0,1,6,27,-3.0,0.188
2023-05-07,잠실,두산,LG,6,0.5,4.5,-2,3,27,3,0.607,1.5,2,5,28,0.0,0.188
2023-05-07,창원,NC,KIA,5,0.5,4.5,-2,4,28,4,0.52,4.0,1,8,25,0.0,0.188
2023-05-07,한밭,한화,KT,10,0.308,9.5,2,3,27,9,0.333,8.5,-2,1,26,5.0,0.188
2023-05-09,광주,KIA,SSG,4,0.52,4.5,1,8,25,1,0.667,0.0,5,7,30,-0.5,0.192
2023-05-09,사직,롯데,두산,2,0.625,2.0,-1,9,24,7,0.481,5.5,-3,2,28,-3.0,0.192
2023-05-09,수원,KT,NC,10,0.32,9.5,-3,1,27,5,0.5,5.0,-2,4,28,4.5,0.192
2023-05-09,잠실,LG,키움,3,0.621,1.5,3,5,29,8,0.433,7.0,-4,4,30,-3.5,0.192
2023-05-09,한밭,한화,삼성,9,0.333,9.5,3,4,28,6,0.481,5.5,1,6,27,4.5,0.192
2023-05-10,광주,KIA,SSG,4,0.538,3.5,2,8,26,1,0.645,0.0,-1,7,31,-0.5,0.199
2023-05-10,사직,롯데,두산,3,0.6,2.0,-2,8,25,7,0.5,4.5,1,3,29,-2.0,0.199
2023-05-10,수원,KT,NC,10,0.308,9.5,-4,1,28,5,0.517,4.0,1,5,29,5.5,0.199
2023-05-10,잠실,LG,키움,2,0.633,0.5,4,6,30,8,0.419,7.0,-5,3,31,-3.5,0.199
2023-05-10,한밭,한화,삼성,9,0.321,9.5,-1,3,29,6,0.5,4.5,2,7,28,5.5,0.199
2023-05-11,광주,KIA,SSG,5,0.519,4.5,-1,7,27,1,0.656,0.0,1,7,32,0.0,0.206
2023-05-11,사직,롯데,두산,2,0.615,2.0,1,8,26,7,0.483,5.5,-1,3,30,-2.5,0.206
2023-05-11,수원,KT,NC,10,0.296,10.5,-5,1,29,4,0.533,4.0,2,6,30,6.0,0.206
2023-05-11,잠실,LG,키움,3,0.613,1.5,-1,5,31,8,0.438,7.0,1,3,32,-3.0,0.206
2023-05-11,한밭,한화,삼성,9,0.345,9.5,1,4,30,6,0.483,5.5,-1,7,29,5.0,0.206
2023-05-12,고척,키움,NC,8,0.424,8.0,-1,3,33,4,0.548,4.0,3,6,31,2.5,0.212
2023-05-12,대구,삼성,LG,6,0.467,6.5,-2,6,30,3,0.625,1.5,1,6,32,1.0,0.212
2023-05-12,문학,SSG,한화,1,0.667,0.0,2,7,33,9,0.367,9.5,2,5,31,-5.5,0.212
2023-05-12,수원,KT,롯데,10,0.286,11.5,-6,1,30,2,0.63,2.0,2,8,27,6.0,0.212
2023-05-12,잠실,두산,KIA,7,0.467,6.5,-2,3,31,5,0.5,5.5,-2,7,28,1.0,0.212
2023-05-13,고척,키움,NC,8,0.441,7.0,1,4,34,4,0.531,4.0,-1,6,32,1.5,0.219
2023-05-13,대구,삼성,LG,5,0.484,5.5,1,6,31,3,0.606,1.5,-1,5,33,0.0,0.219
2023-05-13,문학,SSG,한화,1,0.647,0.0,-1,7,34,9,0.387,8.5,3,6,32,-5.5,0.219
2023-05-13,수원,KT,롯데,10,0.31,10.5,1,2,31,2,0.607,2.0,-1,7,28,5.0,0.219
2023-05-13,잠실,두산,KIA,6,0.484,5.5,1,4,32,7,0.483,5.5,-3,6,29,0.0,0.219
2023-05-14,고척,키움,NC,8,0.457,7.0,2,4,35,4,0.515,5.0,-2,6,33,1.5,0.226
2023-05-14,대구,삼성,LG,6,0.469,6.5,-1,5,32,3,0.618,1.5,1,6,34,1.0,0.226
2023-05-14,문학,SSG,한화,1,0.657,0.0,1,8,35,9,0.375,9.5,-1,6,33,-5.5,0.226
2023-05-14,수원,KT,롯데,10,0.3,11.5,-1,2,32,2,0.621,2.0,1,7,29,6.0,0.226
2023-05-14,잠실,두산,KIA,5,0.5,5.5,2,5,33,7,0.467,6.5,-4,5,30,0.0,0.226
2023-05-16,고척,키움,두산,8,0.444,7.5,-1,3,36,5,0.515,5.0,3,5,34,2.5,0.233
2023-05-16,대구,삼성,KIA,6,0.455,7.0,-2,4,33,7,0.452,7.0,-5,4,31,2.0,0.233
2023-05-16,잠실,LG,KT,3,0.629,1.0,2,7,35,10,0.29,12.0,-2,2,33,-4.0,0.233
2023-05-16,창원,NC,SSG,4,0.529,4.5,1,6,34,1,0.657,0.0,1,7,36,-0.5,0.233
2023-05-16,한밭,한화,롯데,9,0.375,9.5,-1,6,34,2,0.633,1.5,2,7,30,4.5,0.233
2023-05-17,고척,키움,두산,8,0.432,7.0,-2,3,37,5,0.529,3.5,4,5,35,3.5,0.24
2023-05-17,대구,삼성,KIA,7,0.441,6.5,-3,3,34,6,0.469,5.5,1,4,32,3.0,0.24
2023-05-17,잠실,LG,KT,3,0.611,0.5,-1,7,36,10,0.312,10.5,1,2,34,-3.0,0.24
2023-05-17,창원,NC,SSG,4,0.543,3.0,2,6,35,2,0.639,-0.5,-1,6,37,-0.5,0.24
2023-05-17,한밭,한화,롯데,9,0.364,9.0,-2,6,35,1,0.645,0.0,3,7,31,5.5,0.24
2023-05-18,고척,키움,두산,8,0.421,8.5,-3,3,38,4,0.543,4.0,5,6,36,4.0,0.247
2023-05-18,대구,삼성,KIA,7,0.429,8.0,-4,3,35,6,0.485,6.0,2,4,33,3.5,0.247
2023-05-18,잠실,LG,KT,3,0.622,1.0,1,7,37,10,0.303,12.0,-1,2,35,-3.5,0.247
2023-05-18,창원,NC,SSG,5,0.528,4.5,-1,5,36,1,0.649,0.0,1,6,38,0.0,0.247
2023-05-18,한밭,한화,롯데,9,0.382,9.5,1,6,36,2,0.625,1.5,-1,6,32,5.0,0.247
2023-05-19,광주,KIA,키움,6,0.485,6.0,2,4,33,7,0.436,8.0,1,4,39,1.5,0.251
2023-05-19,사직,롯데,SSG,2,0.636,1.0,1,6,33,1,0.649,0.0,1,6,38,-3.5,0.251
2023-05-19,수원,KT,두산,10,0.294,12.5,-2,2,36,5,0.528,4.5,-1,6,37,8.0,0.251
2023-05-19,잠실,LG,한화,3,0.632,0.5,2,7,38,9,0.371,10.0,-1,5,37,-4.0,0.251
2023-05-19,창원,NC,삼성,4,0.528,4.5,-1,5,36,8,0.429,8.0,-4,3,35,0.0,0.251
2023-05-20,광주,KIA,키움,6,0.5,5.0,3,5,34,8,0.425,8.0,-1,4,40,0.5,0.258
2023-05-20,사직,롯데,SSG,1,0.647,0.0,2,7,34,3,0.632,0.0,-1,5,39,-4.5,0.258
2023-05-20,수원,KT,두산,10,0.314,11.5,1,3,37,5,0.514,4.5,-2,6,38,7.0,0.258
2023-05-20,잠실,LG,한화,2,0.641,-0.5,3,7,39,9,0.361,10.0,-2,4,38,-5.0,0.258
2023-05-20,창원,NC,삼성,4,0.514,4.5,-2,5,37,7,0.444,7.0,1,4,36,0.0,0.258
2023-05-21,광주,KIA,키움,6,0.514,5.0,4,5,35,8,0.415,9.0,-2,4,41,0.5,0.265
2023-05-21,사직,롯데,SSG,3,0.629,1.0,-1,7,35,1,0.641,0.0,1,5,40,-3.5,0.265
2023-05-21,수원,KT,두산,10,0.306,12.5,-1,3,38,5,0.526,4.5,1,6,39,8.0,0.265
2023-05-21,잠실,LG,한화,2,0.641,0.0,3,6,40,9,0.361,10.5,-2,4,39,-4.5,0.265
2023-05-21,창원,NC,삼성,4,0.526,4.5,1,6,38,7,0.432,8.0,-1,3,37,0.0,0.265
2023-05-23,문학,SSG,LG,1,0.65,0.0,2,6,41,2,0.65,0.0,4,7,41,-5.5,0.272
2023-05-23,사직,롯데,NC,3,0.611,2.0,-2,6,36,4,0.513,5.5,-1,5,39,-3.5,0.272
2023-05-23,수원,KT,키움,10,0.324,12.5,1,4,39,8,0.429,9.0,1,4,42,7.0,0.272
2023-05-23,잠실,두산,삼성,5,0.513,5.5,-1,6,40,7,0.447,8.0,1,3,38,0.0,0.272
2023-05-23,한밭,한화,KIA,9,0.351,11.5,-3,3,40,6,0.5,6.0,-1,4,36,6.0,0.272
2023-05-24,문학,SSG,LG,2,0.634,1.0,-1,5,42,1,0.659,0.0,5,7,42,-5.5,0.279
2023-05-24,사직,롯데,NC,3,0.622,2.0,1,6,37,5,0.5,6.5,-2,4,40,-4.5,0.279
2023-05-24,수원,KT,키움,10,0.316,13.5,-1,4,40,7,0.442,9.0,2,5,43,7.0,0.279
2023-05-24,잠실,두산,삼성,4,0.525,5.5,1,7,41,8,0.436,9.0,-1,3,39,-1.0,0.279
2023-05-24,한밭,한화,KIA,9,0.368,11.5,1,3,41,6,0.486,7.0,-2,4,37,5.0,0.279
2023-05-25,문학,SSG,LG,1,0.643,0.0,1,5,43,2,0.643,0.0,-1,7,43,-5.5,0.286
2023-05-25,사직,롯데,NC,3,0.605,2.0,-1,6,38,4,0.512,5.5,1,4,41,-3.5,0.286
2023-05-25,수원,KT,키움,10,0.333,12.5,1,4,41,8,0.432,9.0,-1,4,44,7.0,0.286
2023-05-25,잠실,두산,삼성,5,0.512,5.5,-1,6,42,7,0.45,8.0,1,4,40,0.0,0.286
2023-05-25,한밭,한화,KIA,9,0.359,11.5,-1,2,42,6,0.5,6.0,1,5,38,6.0,0.286
2023-05-26,고척,키움,롯데,8,0.422,10.0,-2,3,45,3,0.615,2.0,1,6,39,3.5,0.293
2023-05-26,광주,KIA,LG,6,0.487,7.0,-1,5,39,1,0.651,0.0,1,7,44,0.5,0.293
2023-05-26,대구,삼성,KT,7,0.439,9.0,-1,3,41,10,0.35,12.5,2,5,42,2.5,0.293
2023-05-26,잠실,두산,SSG,4,0.524,5.5,1,6,43,2,0.628,1.0,-1,5,44,-1.0,0.293
2023-05-26,창원,NC,한화,5,0.5,6.5,-1,4,42,9,0.375,11.5,1,3,43,0.0,0.293
2023-05-27,고척,키움,롯데,8,0.413,11.0,-3,3,46,3,0.625,2.0,2,6,40,4.5,0.3
2023-05-27,광주,KIA,LG,6,0.475,8.0,-2,5,40,1,0.659,0.0,2,7,45,1.5,0.3
2023-05-27,대구,삼성,KT,7,0.429,10.0,-2,3,42,10,0.366,12.5,3,6,43,3.5,0.3
2023-05-27,잠실,두산,SSG,5,0.512,6.5,-1,5,44,2,0.636,1.0,1,5,45,0.0,0.3
2023-05-27,창원,NC,한화,4,0.512,6.5,1,5,43,9,0.366,12.5,-1,3,44,0.0,0.3
2023-05-28,고척,키움,롯데,8,0.404,11.0,-4,3,47,3,0.634,1.0,3,6,41,4.5,0.306
2023-05-28,광주,KIA,LG,6,0.488,7.0,1,6,41,1,0.644,0.0,-1,7,46,0.5,0.306
2023-05-28,대구,삼성,KT,7,0.419,10.0,-3,3,43,10,0.381,11.5,4,6,44,3.5,0.306
2023-05-28,잠실,두산,SSG,4,0.512,6.0,-1,5,44,2,0.636,0.5,1,5,45,-0.5,0.306
2023-05-28,창원,NC,한화,5,0.5,6.5,-1,4,44,9,0.381,11.5,1,4,45,0.0,0.306
2023-05-30,광주,KIA,KT,6,0.476,8.0,-1,5,42,10,0.372,12.5,-1,6,45,1.0,0.31
2023-05-30,문학,SSG,삼성,2,0.636,1.0,1,5,45,7,0.432,10.0,1,4,44,-6.0,0.31
2023-05-30,잠실,LG,롯데,1,0.652,0.0,1,7,47,3,0.619,2.0,-1,6,42,-7.0,0.31
2023-05-30,창원,NC,두산,5,0.5,7.0,-1,4,44,4,0.512,6.5,-1,5,44,0.0,0.31
2023-05-30,한밭,한화,키움,9,0.381,12.0,1,4,45,8,0.417,11.0,1,4,48,5.0,0.31
2023-05-31,광주,KIA,KT,6,0.488,8.0,1,5,43,10,0.364,13.5,-2,6,46,0.5,0.317
2023-05-31,문학,SSG,삼성,2,0.644,1.0,2,6,46,7,0.422,11.0,-1,4,45,-6.5,0.317
2023-05-31,잠실,LG,롯데,1,0.66,0.0,2,7,48,3,0.605,3.0,-2,5,43,-7.5,0.317
2023-05-31,창원,NC,두산,4,0.511,7.0,1,4,45,5,0.5,7.5,-2,4,45,-0.5,0.317
2023-05-31,한밭,한화,키움,9,0.395,12.0,2,4,46,8,0.408,12.0,-1,3,49,4.5,0.317
2023-06-01,광주,KIA,KT,6,0.5,7.0,2,5,44,10,0.356,13.5,-3,5,47,0.0,0.324
2023-06-01,문학,SSG,삼성,2,0.63,1.0,-1,6,47,7,0.435,10.0,1,4,46,-6.0,0.324
2023-06-01,잠실,LG,롯데,1,0.646,0.0,-1,6,49,3,0.614,2.0,1,5,44,-7.0,0.324
2023-06-01,창원,NC,두산,5,0.5,7.0,-1,4,46,4,0.511,6.5,1,4,46,0.0,0.324
2023-06-01,한밭,한화,키움,9,0.386,12.0,-1,4,47,8,0.42,11.0,1,4,50,5.0,0.324
2023-06-02,문학,SSG,키움,2,0.638,1.0,1,6,48,8,0.412,12.0,-1,4,51,-6.5,0.328
2023-06-02,사직,롯데,KIA,3,0.6,3.0,-1,5,45,6,0.5,7.5,2,5,44,-4.5,0.328
2023-06-02,수원,KT,두산,10,0.356,14.0,-3,5,47,4,0.511,7.0,1,4,46,6.5,0.328
2023-06-02,잠실,LG,NC,1,0.653,0.0,1,7,50,5,0.5,7.5,-1,4,46,-7.5,0.328
2023-06-02,한밭,한화,삼성,9,0.4,12.0,1,5,48,7,0.426,11.0,-1,4,47,4.5,0.328
2023-06-03,문학,SSG,키움,1,0.646,0.0,2,7,49,8,0.404,12.0,-2,3,52,-6.5,0.335
2023-06-03,사직,롯데,KIA,3,0.609,2.0,1,6,46,6,0.489,7.5,-1,4,45,-4.5,0.335
2023-06-03,수원,KT,두산,10,0.348,14.0,-4,5,48,4,0.522,6.0,2,5,47,7.5,0.335
2023-06-03,잠실,LG,NC,2,0.64,0.0,-1,6,51,5,0.511,6.5,1,5,47,-6.5,0.335
2023-06-03,한밭,한화,삼성,9,0.391,12.0,-1,5,49,7,0.438,10.0,1,4,48,5.5,0.335
2023-06-04,문학,SSG,키움,1,0.653,0.0,3,7,50,8,0.396,13.0,-3,2,53,-7.0,0.342
2023-06-04,사직,롯데,KIA,3,0.617,2.0,2,6,47,6,0.478,8.5,-2,4,46,-5.0,0.342
2023-06-04,수원,KT,두산,10,0.362,14.0,1,5,49,5,0.511,7.0,-1,5,48,7.0,0.342
2023-06-04,잠실,LG,NC,2,0.627,1.0,-2,5,52,4,0.521,6.5,2,5,48,-6.0,0.342
2023-06-04,한밭,한화,삼성,9,0.383,13.0,-2,5,50,7,0.449,10.0,2,5,49,6.0,0.342
2023-06-06,고척,키움,LG,8,0.407,12.0,1,3,54,2,0.615,1.0,-3,5,53,5.0,0.349
2023-06-06,광주,KIA,SSG,6,0.489,7.5,1,5,47,1,0.64,0.0,-1,6,51,0.5,0.349
2023-06-06,대구,삼성,NC,7,0.44,10.0,-1,4,50,4,0.531,5.5,3,6,49,3.0,0.349
2023-06-06,사직,롯데,KT,3,0.604,2.0,-1,6,48,10,0.375,13.0,2,6,50,-5.0,0.349
2023-06-06,잠실,두산,한화,5,0.5,7.0,-2,4,49,9,0.396,12.0,1,5,51,0.0,0.349
2023-06-07,고척,키움,LG,8,0.4,13.0,-1,3,55,2,0.623,1.0,1,5,54,6.0,0.356
2023-06-07,광주,KIA,SSG,6,0.479,8.5,-1,4,48,1,0.647,0.0,1,7,52,1.5,0.356
2023-06-07,대구,삼성,NC,7,0.451,10.0,1,5,51,4,0.52,6.5,-1,6,50,3.0,0.356
2023-06-07,사직,롯데,KT,3,0.592,3.0,-2,5,49,10,0.388,13.0,3,6,51,-4.0,0.356
2023-06-07,잠실,두산,한화,5,0.51,7.0,1,5,50,9,0.388,13.0,-1,5,52,0.0,0.356
2023-06-08,고척,키움,LG,8,0.4,13.5,-1,3,56,2,0.623,1.5,1,4,55,6.5,0.362
2023-06-08,광주,KIA,SSG,6,0.469,9.5,-2,4,49,1,0.654,0.0,2,7,53,2.5,0.362
2023-06-08,대구,삼성,NC,7,0.442,11.0,-1,5,52,4,0.529,6.5,1,6,51,4.0,0.362
2023-06-08,사직,롯데,KT,3,0.58,4.0,-3,4,50,9,0.4,13.0,4,6,52,-3.0,0.362
2023-06-08,잠실,두산,한화,5,0.52,7.0,2,5,51,10,0.38,14.0,-2,4,53,0.0,0.362
2023-06-09,대구,삼성,롯데,7,0.434,12.0,-2,5,53,3,0.569,5.0,-4,3,51,5.0,0.369
2023-06-09,수원,KT,키움,8,0.412,13.0,5,6,53,9,0.411,13.5,1,4,57,6.0,0.369
2023-06-09,잠실,두산,KIA,5,0.529,7.0,3,6,52,6,0.46,10.5,-3,4,50,0.0,0.369
2023-06-09,창원,NC,SSG,4,0.538,6.5,2,7,52,1,0.66,0.0,3,8,54,-0.5,0.369
2023-06-09,한밭,한화,LG,10,0.373,15.0,-3,4,54,2,0.611,2.5,-1,4,56,8.0,0.369
2023-06-10,대구,삼성,롯데,7,0.426,12.0,-3,4,54,3,0.577,4.0,1,4,52,5.0,0.376
2023-06-10,수원,KT,키움,8,0.423,12.0,6,6,54,9,0.404,13.5,-1,3,58,5.0,0.376
2023-06-10,잠실,두산,KIA,5,0.519,7.0,-1,5,53,6,0.471,9.5,1,4,51,0.0,0.376
2023-06-10,창원,NC,SSG,4,0.547,5.5,3,7,53,1,0.648,0.0,-1,7,55,-1.5,0.376
2023-06-10,한밭,한화,LG,10,0.385,14.0,1,4,55,2,0.6,2.5,-2,3,57,7.0,0.376
2023-06-11,대구,삼성,롯데,7,0.436,11.0,1,5,55,3,0.566,4.0,-1,4,53,4.0,0.383
2023-06-11,수원,KT,키움,8,0.415,12.0,-1,6,55,9,0.414,12.5,1,4,59,5.0,0.383
2023-06-11,잠실,두산,KIA,5,0.509,7.0,-2,5,54,6,0.481,8.5,2,5,52,0.0,0.383
2023-06-11,창원,NC,SSG,4,0.556,4.5,4,8,54,1,0.636,0.0,-2,6,56,-2.5,0.383
2023-06-11,한밭,한화,LG,10,0.396,13.0,2,4,56,2,0.589,2.5,-3,2,58,6.0,0.383
2023-06-13,고척,키움,KIA,8,0.424,11.5,2,4,60,6,0.472,8.5,-1,4,53,5.5,0.39
2023-06-13,문학,SSG,KT,1,0.625,0.0,-3,6,57,9,0.407,12.0,-2,6,56,-6.0,0.39
2023-06-13,사직,롯데,한화,4,0.556,4.0,-2,3,54,10,0.389,13.0,-1,4,57,-2.0,0.39
2023-06-13,잠실,LG,삼성,2,0.596,1.5,1,3,59,7,0.446,10.0,2,5,56,-4.5,0.39
2023-06-13,창원,NC,두산,3,0.564,3.5,5,8,55,5,0.519,6.0,1,6,55,-2.5,0.39
2023-06-14,고척,키움,KIA,8,0.433,11.5,3,5,61,6,0.463,9.5,-2,3,54,5.5,0.397
2023-06-14,문학,SSG,KT,1,0.632,0.0,1,6,58,9,0.4,13.0,-3,6,57,-6.0,0.397
2023-06-14,사직,롯데,한화,3,0.564,4.0,1,4,55,10,0.382,14.0,-2,3,58,-2.0,0.397
2023-06-14,잠실,LG,삼성,2,0.603,1.5,2,3,60,7,0.439,11.0,-1,5,57,-4.5,0.397
2023-06-14,창원,NC,두산,4,0.554,4.5,-1,8,56,5,0.527,6.0,2,6,56,-1.5,0.397
2023-06-15,고척,키움,KIA,7,0.443,10.5,4,6,62,6,0.455,9.5,-3,3,55,4.5,0.404
2023-06-15,문학,SSG,KT,1,0.621,0.0,-1,5,59,9,0.411,12.0,1,7,58,-6.0,0.404
2023-06-15,사직,롯데,한화,4,0.554,4.0,-1,3,56,10,0.393,13.0,1,4,59,-2.0,0.404
2023-06-15,잠실,LG,삼성,2,0.61,0.5,3,4,61,8,0.431,11.0,-2,4,58,-5.5,0.404
2023-06-15,창원,NC,두산,3,0.561,3.5,1,8,57,5,0.518,6.0,-1,5,57,-2.5,0.404
2023-06-16,광주,KIA,NC,6,0.464,9.0,1,4,56,3,0.569,3.0,2,8,58,2.5,0.411
2023-06-16,문학,SSG,롯데,2,0.61,0.5,-2,4,60,4,0.544,4.5,-2,2,57,-6.0,0.411
2023-06-16,수원,KT,삼성,9,0.421,11.5,2,7,59,8,0.424,11.5,-3,3,59,5.0,0.411
2023-06-16,잠실,LG,두산,1,0.617,0.0,4,5,62,5,0.509,6.5,-2,5,58,-6.5,0.411
2023-06-16,한밭,한화,키움,10,0.404,12.5,2,5,60,7,0.435,11.0,-1,6,63,6.0,0.411
2023-06-17,광주,KIA,NC,6,0.474,9.0,2,4,57,3,0.559,4.0,-1,7,59,1.5,0.418
2023-06-17,문학,SSG,롯데,2,0.617,0.5,1,5,61,4,0.534,5.5,-3,2,58,-7.0,0.418
2023-06-17,수원,KT,삼성,8,0.431,11.5,3,7,60,9,0.417,12.5,-4,3,60,4.0,0.418
2023-06-17,잠실,LG,두산,1,0.623,0.0,5,6,63,5,0.5,7.5,-3,5,59,-7.5,0.418
2023-06-17,한밭,한화,키움,10,0.404,13.0,2,4,61,7,0.435,11.5,-1,5,64,5.5,0.418
2023-06-18,광주,KIA,NC,6,0.466,9.5,-1,4,58,3,0.567,3.5,1,8,60,2.5,0.425
2023-06-18,문학,SSG,롯데,1,0.623,0.0,2,5,62,4,0.525,6.0,-4,2,59,-7.0,0.425
2023-06-18,수원,KT,삼성,8,0.441,11.0,4,7,61,9,0.41,13.0,-5,2,61,4.0,0.425
2023-06-18,잠실,LG,두산,2,0.613,0.5,-1,5,64,5,0.508,7.0,1,5,60,-6.5,0.425
2023-06-18,한밭,한화,키움,10,0.397,13.5,-1,4,62,7,0.444,11.0,1,6,65,6.5,0.425
2023-06-20,대구,삼성,키움,9,0.419,12.5,1,3,62,7,0.453,10.5,2,7,66,5.0,0.432
2023-06-20,수원,KT,롯데,8,0.433,11.5,-1,6,62,4,0.533,5.5,1,3,60,4.0,0.432
2023-06-20,잠실,두산,SSG,5,0.5,7.5,-1,4,61,2,0.613,0.5,-1,4,63,0.0,0.432
2023-06-20,창원,NC,LG,3,0.567,3.5,1,7,61,1,0.619,0.0,1,6,65,-4.0,0.432
2023-06-20,한밭,한화,KIA,10,0.39,14.0,-2,4,63,6,0.466,9.5,-1,4,59,6.5,0.432
2023-06-21,대구,삼성,키움,9,0.413,13.0,-1,3,63,7,0.462,10.0,3,7,67,5.0,0.439
2023-06-21,수원,KT,롯데,8,0.443,11.0,1,6,63,4,0.525,6.0,-1,3,61,3.0,0.439
2023-06-21,잠실,두산,SSG,5,0.492,8.0,-2,3,62,1,0.619,0.0,1,4,64,0.0,0.439
2023-06-21,창원,NC,LG,3,0.574,3.0,2,7,62,2,0.609,0.5,-1,6,66,-5.0,0.439
2023-06-21,한밭,한화,KIA,10,0.383,14.5,-3,4,64,6,0.475,9.0,1,5,60,6.5,0.439
2023-06-22,대구,삼성,키움,9,0.406,14.0,-2,3,64,6,0.47,10.0,4,8,68,5.0,0.446
2023-06-22,수원,KT,롯데,8,0.452,11.0,2,6,64,4,0.516,7.0,-2,2,62,2.0,0.446
2023-06-22,잠실,두산,SSG,5,0.484,9.0,-3,3,63,1,0.625,0.0,2,5,65,0.0,0.446
2023-06-22,창원,NC,LG,3,0.565,4.0,-1,6,63,2,0.615,0.5,1,7,67,-5.0,0.446
2023-06-22,한밭,한화,KIA,10,0.393,14.5,1,4,65,7,0.467,10.0,-1,4,61,5.5,0.446
2023-06-23,고척,키움,두산,5,0.478,10.0,5,8,69,6,0.476,10.0,-4,3,64,0.0,0.453
2023-06-23,광주,KIA,KT,8,0.459,11.0,-2,3,62,7,0.46,11.0,3,7,65,1.0,0.453
2023-06-23,문학,SSG,삼성,1,0.631,0.0,3,6,66,10,0.4,15.0,-3,2,65,-10.0,0.453
2023-06-23,잠실,LG,롯데,2,0.621,0.5,2,8,68,4,0.508,8.0,-3,2,63,-9.5,0.453
2023-06-23,창원,NC,한화,3,0.556,5.0,-2,5,64,9,0.403,14.5,2,4,66,-5.0,0.453
2023-06-24,고척,키움,두산,6,0.471,11.0,-1,7,70,5,0.484,10.0,1,3,65,1.0,0.46
2023-06-24,광주,KIA,KT,8,0.452,12.0,-3,3,63,7,0.469,11.0,4,8,66,2.0,0.46
2023-06-24,문학,SSG,삼성,1,0.636,0.0,4,7,67,10,0.394,16.0,-4,1,66,-10.0,0.46
2023-06-24,잠실,LG,롯데,2,0.612,1.5,-1,7,69,4,0.516,8.0,1,3,64,-8.5,0.46
2023-06-24,창원,NC,한화,3,0.547,6.0,-3,4,65,9,0.413,14.5,3,5,67,-4.0,0.46
2023-06-25,고척,키움,두산,5,0.478,11.0,1,7,71,6,0.477,11.0,-1,2,66,0.0,0.467
2023-06-25,광주,KIA,KT,8,0.46,12.0,1,4,64,7,0.462,12.0,-1,8,67,1.0,0.467
2023-06-25,문학,SSG,삼성,1,0.642,0.0,5,7,68,10,0.388,17.0,-5,1,67,-11.0,0.467
2023-06-25,잠실,LG,롯데,2,0.618,1.5,1,7,70,4,0.508,9.0,-1,2,65,-9.5,0.467
2023-06-25,창원,NC,한화,3,0.538,7.0,-4,4,66,9,0.422,14.5,4,6,68,-4.0,0.467
2023-06-27,광주,KIA,키움,8,0.46,11.5,1,4,64,6,0.471,11.0,-1,6,72,1.5,0.471
2023-06-27,문학,SSG,LG,1,0.632,0.0,-1,7,69,2,0.623,0.5,2,7,71,-10.0,0.471
2023-06-27,사직,롯데,삼성,4,0.5,9.0,-2,2,66,10,0.397,16.0,1,2,68,-1.0,0.471
2023-06-27,잠실,두산,NC,5,0.485,10.0,1,3,67,3,0.538,6.5,-4,4,66,0.0,0.471
2023-06-27,한밭,한화,KT,9,0.422,14.0,4,6,68,7,0.462,11.5,-1,8,67,4.0,0.471
2023-06-28,광주,KIA,키움,8,0.453,12.0,-1,4,65,6,0.479,10.5,1,7,73,2.5,0.478
2023-06-28,문학,SSG,LG,2,0.623,0.5,-2,7,70,1,0.629,0.0,3,7,72,-9.0,0.478
2023-06-28,사직,롯데,삼성,4,0.507,8.5,1,3,67,10,0.391,16.5,-1,2,69,-1.0,0.478
2023-06-28,잠실,두산,NC,5,0.493,9.5,2,4,68,3,0.53,7.0,-5,3,67,0.0,0.478
2023-06-28,한밭,한화,KT,9,0.431,13.5,5,6,69,7,0.455,12.0,-2,7,68,4.0,0.478
2023-06-29,광주,KIA,키움,8,0.446,13.0,-2,3,66,5,0.486,10.5,2,8,74,2.5,0.485
2023-06-29,문학,SSG,LG,2,0.614,1.5,-3,6,71,1,0.634,0.0,4,7,73,-9.0,0.485
2023-06-29,사직,롯데,삼성,4,0.515,8.5,2,4,68,10,0.386,17.5,-2,2,70,-2.0,0.485
2023-06-29,잠실,두산,NC,6,0.485,10.5,-1,4,69,3,0.537,7.0,1,3,68,0.0,0.485
2023-06-29,한밭,한화,KT,9,0.439,13.5,6,6,70,7,0.448,13.0,-3,6,69,3.0,0.485
2023-06-30,고척,키움,SSG,5,0.486,10.5,2,8,74,2,0.614,1.5,-3,6,71,0.0,0.485
2023-06-30,대구,삼성,한화,10,0.386,17.5,-2,2,70,9,0.439,13.5,6,6,70,7.0,0.485
2023-06-30,수원,KT,NC,7,0.448,13.0,-3,6,69,3,0.537,7.0,1,3,68,2.5,0.485
2023-06-30,울산,롯데,두산,4,0.515,8.5,2,4,68,6,0.485,10.5,-1,4,69,-2.0,0.485
2023-06-30,잠실,LG,KIA,1,0.634,0.0,4,7,73,8,0.446,13.0,-2,3,66,-10.5,0.485
2023-07-01,고척,키움,SSG,5,0.479,11.5,-1,7,75,2,0.62,1.5,1,6,72,0.0,0.492
2023-07-01,대구,삼성,한화,10,0.38,18.5,-3,2,71,8,0.448,13.5,7,7,71,7.0,0.492
2023-07-01,수원,KT,NC,7,0.456,13.0,1,6,70,3,0.529,8.0,-1,3,69,1.5,0.492
2023-07-01,울산,롯데,두산,4,0.522,8.5,3,5,69,6,0.478,11.5,-2,3,70,-3.0,0.492
2023-07-01,잠실,LG,KIA,1,0.639,0.0,5,8,74,9,0.439,14.0,-3,2,67,-11.5,0.492
2023-07-02,고척,키움,SSG,5,0.486,10.5,1,7,76,2,0.611,1.5,-1,6,73,0.0,0.499
2023-07-02,대구,삼성,한화,10,0.375,18.5,-4,1,72,8,0.456,12.5,8,8,72,8.0,0.499
2023-07-02,수원,KT,NC,7,0.464,12.0,2,6,71,3,0.522,8.0,-2,2,70,1.5,0.499
2023-07-02,울산,롯데,두산,4,0.514,8.5,-1,4,70,6,0.486,10.5,1,4,71,-2.0,0.499
2023-07-02,잠실,LG,KIA,1,0.63,0.0,-1,7,75,9,0.448,13.0,1,3,68,-10.5,0.499
2023-07-04,고척,키움,NC,6,0.48,11.5,-1,6,77,3,0.514,9.0,-3,2,71,1.0,0.506
2023-07-04,문학,SSG,KIA,2,0.616,1.5,1,6,74,9,0.441,14.0,-1,3,69,-9.0,0.506
2023-07-04,잠실,LG,KT,1,0.635,0.0,1,8,76,7,0.471,12.0,3,7,72,-10.5,0.506
2023-07-04,포항,삼성,두산,10,0.384,18.5,1,2,73,5,0.493,10.5,2,5,72,8.0,0.506
2023-07-04,한밭,한화,롯데,8,0.449,13.5,-1,8,73,4,0.507,9.5,-2,4,71,3.0,0.506
2023-07-05,고척,키움,NC,6,0.487,11.0,1,6,78,3,0.507,9.5,-4,1,72,1.0,0.508
2023-07-05,문학,SSG,KIA,2,0.616,1.5,1,6,74,9,0.441,14.0,-1,3,69,-8.5,0.508
2023-07-05,잠실,LG,KT,1,0.635,0.0,1,8,76,7,0.471,12.0,3,7,72,-10.0,0.508
2023-07-05,포항,삼성,두산,10,0.378,19.0,-1,2,74,5,0.5,10.0,3,6,73,9.0,0.508
2023-07-05,한밭,한화,롯데,8,0.449,13.5,-1,8,73,4,0.507,9.5,-2,4,71,3.5,0.508
2023-07-06,고척,키움,NC,6,0.494,10.0,2,6,79,4,0.5,9.5,-5,1,73,0.5,0.515
2023-07-06,문학,SSG,KIA,2,0.608,1.5,-1,5,75,9,0.449,13.0,1,3,70,-8.0,0.515
2023-07-06,잠실,LG,KT,1,0.627,0.0,-1,7,77,7,0.479,11.0,4,7,73,-9.5,0.515
2023-07-06,포항,삼성,두산,10,0.373,19.0,-2,2,75,3,0.507,9.0,4,7,74,9.5,0.515
2023-07-06,한밭,한화,롯데,8,0.457,12.5,1,9,74,5,0.5,9.5,-3,4,72,3.0,0.515
2023-07-07,사직,롯데,LG,5,0.507,9.5,1,5,73,1,0.632,0.0,1,7,78,0.0,0.522
2023-07-07,수원,KT,KIA,7,0.472,12.0,-1,6,74,8,0.457,13.0,2,4,71,2.5,0.522
2023-07-07,잠실,두산,키움,3,0.514,9.0,5,7,75,6,0.487,11.0,-1,6,80,-0.5,0.522
2023-07-07,창원,NC,삼성,4,0.507,9.5,1,2,74,10,0.368,20.0,-3,2,76,0.0,0.522
2023-07-07,한밭,한화,SSG,9,0.451,13.5,-1,8,75,2,0.6,2.5,-2,4,76,4.0,0.522
2023-07-08,사직,롯데,LG,5,0.507,9.5,1,5,73,1,0.632,0.0,1,7,78,0.0,0.525
2023-07-08,수원,KT,KIA,7,0.466,12.5,-2,5,75,8,0.465,12.5,3,5,72,3.0,0.525
2023-07-08,잠실,두산,키움,3,0.52,8.5,6,8,76,6,0.481,11.5,-2,5,81,-1.0,0.525
2023-07-08,창원,NC,삼성,4,0.507,9.5,1,2,74,10,0.368,20.0,-3,2,76,0.0,0.525
2023-07-08,한밭,한화,SSG,9,0.451,13.5,-1,8,75,2,0.6,2.5,-2,4,76,4.0,0.525
2023-07-09,사직,롯데,LG,5,0.5,10.5,-1,4,74,1,0.636,0.0,2,8,79,0.0,0.532
2023-07-09,수원,KT,KIA,8,0.459,13.5,-3,4,76,7,0.472,12.5,4,6,73,3.0,0.532
2023-07-09,잠실,두산,키움,3,0.526,8.5,7,8,77,6,0.475,12.5,-3,5,82,-2.0,0.532
2023-07-09,창원,NC,삼성,4,0.5,10.5,-1,2,75,10,0.377,20.0,1,3,77,0.0,0.532
2023-07-09,한밭,한화,SSG,9,0.444,14.5,-2,7,76,2,0.605,2.5,1,4,77,4.0,0.532
2023-07-11,고척,키움,KT,7,0.469,12.5,-4,4,83,8,0.453,13.5,-4,4,77,2.0,0.539
2023-07-11,광주,KIA,삼성,6,0.479,11.5,5,6,74,10,0.385,19.0,2,3,78,1.0,0.539
2023-07-11,문학,SSG,두산,2,0.597,2.5,-1,3,78,3,0.532,7.5,8,8,78,-8.0,0.539
2023-07-11,잠실,LG,한화,1,0.628,0.0,-1,7,80,9,0.452,13.5,1,7,77,-10.5,0.539
2023-07-11,창원,NC,롯데,5,0.493,10.5,-2,2,76,4,0.507,9.5,1,5,75,0.0,0.539
2023-07-12,고척,키움,KT,7,0.463,13.0,-5,3,84,8,0.461,13.0,1,5,78,2.5,0.54
2023-07-12,광주,KIA,삼성,6,0.479,11.5,5,6,74,10,0.385,19.0,2,3,78,1.0,0.54
2023-07-12,문학,SSG,두산,2,0.597,2.5,-1,3,78,3,0.532,7.5,8,8,78,-8.0,0.54
2023-07-12,잠실,LG,한화,1,0.628,0.0,-1,7,80,9,0.452,13.5,1,7,77,-10.5,0.54
2023-07-12,창원,NC,롯데,5,0.493,10.5,-2,2,76,4,0.507,9.5,1,5,75,0.0,0.54
2023-07-13,고척,키움,KT,9,0.458,13.0,-6,3,85,7,0.468,12.0,2,6,79,3.5,0.547
2023-07-13,광주,KIA,삼성,6,0.486,10.5,6,7,75,10,0.38,19.0,-1,3,79,1.0,0.547
2023-07-13,문학,SSG,두산,2,0.59,2.5,-2,3,79,3,0.538,6.5,9,9,79,-7.0,0.547
2023-07-13,잠실,LG,한화,1,0.62,0.0,-2,6,81,8,0.459,12.5,2,7,78,-9.5,0.547
2023-07-13,창원,NC,롯데,4,0.5,9.5,1,3,77,5,0.5,9.5,-1,5,76,0.0,0.547
2023-07-21,광주,KIA,두산,6,0.48,11.0,-1,7,76,3,0.538,6.5,9,9,79,1.0,0.551
2023-07-21,대구,삼성,KT,10,0.388,18.5,1,4,80,7,0.474,11.5,3,6,80,8.5,0.551
2023-07-21,사직,롯데,키움,5,0.494,10.0,-2,4,77,9,0.452,13.5,-7,2,86,0.0,0.551
2023-07-21,잠실,LG,SSG,1,0.62,0.0,-2,6,81,2,0.59,2.5,-2,3,79,-10.0,0.551
2023-07-21,한밭,한화,NC,8,0.459,12.5,2,7,78,4,0.506,9.0,2,3,78,2.5,0.551
2023-07-22,광주,KIA,두산,7,0.474,11.0,-2,7,77,3,0.544,5.5,10,10,80,2.0,0.558
2023-07-22,대구,삼성,KT,10,0.383,18.5,-1,4,81,6,0.481,10.5,4,6,81,9.5,0.558
2023-07-22,사직,롯데,키움,5,0.5,9.0,1,4,78,9,0.447,13.5,-8,2,87,0.0,0.558
2023-07-22,잠실,LG,SSG,1,0.613,0.0,-3,5,82,2,0.595,1.5,1,4,80,-9.0,0.558
2023-07-22,한밭,한화,NC,8,0.453,12.5,-1,6,79,4,0.513,8.0,3,4,79,3.5,0.558
2023-07-23,광주,KIA,두산,7,0.474,11.0,-2,7,77,3,0.544,5.5,10,10,80,1.5,0.562
2023-07-23,대구,삼성,KT,10,0.39,18.0,1,5,82,6,0.475,11.0,-1,5,82,8.5,0.562
2023-07-23,사직,롯데,키움,5,0.494,9.5,-1,3,79,8,0.453,13.0,1,2,88,0.0,0.562
2023-07-23,잠실,LG,SSG,1,0.613,0.0,-3,5,82,2,0.595,1.5,1,4,80,-9.5,0.562
2023-07-23,한밭,한화,NC,9,0.447,13.0,-2,5,80,4,0.519,7.5,4,5,80,3.5,0.562
2023-07-25,고척,키움,한화,8,0.46,12.5,2,2,89,9,0.447,13.0,-2,5,80,2.5,0.565
2023-07-25,대구,삼성,SSG,10,0.386,18.5,-1,4,83,2,0.595,1.5,1,4,80,8.5,0.565
2023-07-25,수원,KT,LG,6,0.481,10.5,1,5,83,1,0.613,0.0,-3,5,82,0.5,0.565
2023-07-25,잠실,두산,롯데,3,0.544,5.5,10,10,80,5,0.487,10.0,-2,3,80,-4.5,0.565
2023-07-25,창원,NC,KIA,4,0.519,7.5,4,5,80,7,0.474,11.0,-2,7,77,-2.5,0.565
2023-07-26,고척,키움,한화,8,0.455,12.5,-1,2,90,9,0.455,12.0,1,5,81,3.0,0.572
2023-07-26,대구,삼성,SSG,10,0.393,17.5,1,5,84,2,0.588,1.5,-1,4,81,8.0,0.572
2023-07-26,수원,KT,LG,5,0.488,9.5,2,6,84,1,0.605,0.0,-4,4,83,0.0,0.572
2023-07-26,잠실,두산,롯데,3,0.55,4.5,11,10,81,6,0.481,10.0,-3,3,81,-5.0,0.572
2023-07-26,창원,NC,KIA,4,0.525,6.5,5,6,81,7,0.468,11.0,-3,6,78,-3.0,0.572
2023-07-27,고척,키움,한화,9,0.449,12.5,-2,2,91,8,0.462,11.0,2,5,82,4.0,0.579
2023-07-27,대구,삼성,SSG,10,0.388,17.5,-1,5,85,2,0.593,0.5,1,4,82,9.0,0.579
2023-07-27,수원,KT,LG,5,0.494,8.5,3,7,85,1,0.598,0.0,-5,3,84,0.0,0.579
2023-07-27,잠실,두산,롯데,3,0.543,4.5,-1,9,82,6,0.488,9.0,1,4,82,-4.0,0.579
2023-07-27,창원,NC,KIA,4,0.519,6.5,-1,6,82,7,0.474,10.0,1,7,79,-2.0,0.579
2023-07-28,고척,키움,삼성,9,0.456,12.5,1,3,92,10,0.395,17.5,1,6,86,3.5,0.586
2023-07-28,광주,KIA,롯데,7,0.468,11.0,-1,6,80,5,0.494,9.0,2,4,83,2.0,0.586
2023-07-28,문학,SSG,한화,2,0.585,1.5,-1,4,83,8,0.456,12.0,-1,5,83,-7.5,0.586
2023-07-28,잠실,두산,LG,3,0.537,5.5,-2,8,83,1,0.602,0.0,1,4,85,-3.5,0.586
2023-07-28,창원,NC,KT,4,0.524,6.5,1,7,83,6,0.488,9.5,-1,7,86,-2.5,0.586
2023-07-29,고척,키움,삼성,9,0.456,13.0,1,3,93,10,0.395,18.0,1,5,87,3.5,0.593
2023-07-29,광주,KIA,롯데,7,0.475,11.0,1,6,81,6,0.488,10.0,-1,4,84,1.5,0.593
2023-07-29,문학,SSG,한화,2,0.578,2.5,-2,3,84,8,0.463,12.0,1,5,84,-7.0,0.593
2023-07-29,잠실,두산,LG,3,0.53,6.5,-3,7,84,1,0.607,0.0,2,4,86,-3.0,0.593
2023-07-29,창원,NC,KT,4,0.518,7.5,-1,6,84,5,0.494,9.5,1,8,87,-2.0,0.593
2023-07-30,고척,키움,삼성,9,0.451,14.0,-1,3,94,10,0.402,18.0,2,5,88,4.5,0.6
2023-07-30,광주,KIA,롯데,7,0.481,11.0,2,6,82,6,0.482,11.0,-2,3,85,1.5,0.6
2023-07-30,문학,SSG,한화,2,0.583,2.5,1,4,85,8,0.457,13.0,-1,5,85,-7.0,0.6
2023-07-30,잠실,두산,LG,3,0.524,7.5,-4,6,85,1,0.612,0.0,3,5,87,-2.0,0.6
2023-07-30,창원,NC,KT,4,0.512,8.5,-2,6,85,5,0.5,9.5,2,8,88,-1.0,0.6
2023-08-01,사직,롯데,NC,7,0.477,12.0,-3,3,86,4,0.506,9.5,-3,6,86,2.5,0.607
2023-08-01,수원,KT,SSG,5,0.506,9.5,3,8,89,2,0.588,2.5,2,5,86,0.0,0.607
2023-08-01,잠실,LG,키움,1,0.616,0.0,4,5,88,9,0.446,15.0,-2,3,95,-9.5,0.607
2023-08-01,포항,삼성,KIA,10,0.409,18.0,3,6,89,6,0.488,11.0,3,6,83,8.5,0.607
2023-08-01,한밭,한화,두산,8,0.451,14.0,-2,5,86,3,0.518,8.5,-5,5,86,4.5,0.607
2023-08-02,사직,롯데,NC,7,0.471,13.0,-4,3,87,4,0.512,9.5,1,6,87,3.5,0.614
2023-08-02,수원,KT,SSG,5,0.511,9.5,4,8,90,2,0.581,3.5,-1,4,87,0.0,0.614
2023-08-02,잠실,LG,키움,1,0.621,0.0,5,5,89,9,0.441,16.0,-3,3,96,-9.5,0.614
2023-08-02,포항,삼성,KIA,10,0.404,19.0,-1,5,90,6,0.494,11.0,4,6,84,9.5,0.614
2023-08-02,한밭,한화,두산,8,0.446,15.0,-3,4,87,3,0.523,8.5,1,5,87,5.5,0.614
2023-08-03,사직,롯데,NC,7,0.477,13.0,1,3,88,5,0.506,10.5,-1,5,88,2.5,0.621
2023-08-03,수원,KT,SSG,4,0.517,9.5,5,8,91,2,0.575,4.5,-2,4,88,-1.0,0.621
2023-08-03,잠실,LG,키움,1,0.625,0.0,6,6,90,9,0.436,17.0,-4,3,97,-10.5,0.621
2023-08-03,포항,삼성,KIA,10,0.411,19.0,1,6,91,6,0.488,12.0,-1,5,85,8.5,0.621
2023-08-03,한밭,한화,두산,8,0.44,16.0,-4,3,88,3,0.529,8.5,2,5,88,5.5,0.621
2023-08-04,광주,KIA,한화,6,0.494,12.0,1,6,86,8,0.447,16.0,1,4,89,1.5,0.628
2023-08-04,대구,삼성,LG,10,0.407,20.0,-1,5,92,1,0.629,0.0,7,7,91,9.5,0.628
2023-08-04,사직,롯데,SSG,7,0.472,14.0,-1,3,89,2,0.568,5.5,-3,4,89,3.5,0.628
2023-08-04,잠실,두산,KT,3,0.523,9.5,-1,4,89,4,0.522,9.5,6,9,92,-1.0,0.628
2023-08-04,창원,NC,키움,5,0.511,10.5,1,5,89,9,0.432,18.0,-5,2,98,0.0,0.628
2023-08-05,광주,KIA,한화,6,0.5,11.0,2,7,87,8,0.442,16.0,-1,4,90,1.5,0.635
2023-08-05,대구,삼성,LG,10,0.413,19.0,1,6,93,1,0.622,0.0,-1,7,92,9.5,0.635
2023-08-05,사직,롯데,SSG,7,0.467,14.0,-2,3,90,2,0.573,4.5,1,4,90,4.5,0.635
2023-08-05,잠실,두산,KT,5,0.517,9.5,-2,3,90,3,0.527,8.5,7,9,93,0.0,0.635
2023-08-05,창원,NC,키움,4,0.517,9.5,2,5,90,9,0.427,18.0,-6,1,99,0.0,0.635
2023-08-06,광주,KIA,한화,6,0.506,10.0,3,8,88,8,0.437,16.0,-2,3,91,1.5,0.642
2023-08-06,대구,삼성,LG,10,0.419,18.0,2,6,94,1,0.615,0.0,-2,7,93,9.5,0.642
2023-08-06,사직,롯데,SSG,7,0.462,14.0,-3,3,91,2,0.578,3.5,2,5,91,5.5,0.642
2023-08-06,잠실,두산,KT,4,0.522,8.5,1,3,91,5,0.522,8.5,-1,8,94,0.0,0.642
2023-08-06,창원,NC,키움,3,0.522,8.5,3,5,91,9,0.423,18.0,-7,1,100,0.0,0.642
2023-08-08,고척,키움,롯데,9,0.418,19.0,-8,1,101,7,0.467,14.0,1,3,92,9.5,0.649
2023-08-08,광주,KIA,LG,6,0.506,10.5,3,7,89,1,0.62,0.0,1,8,94,1.0,0.649
2023-08-08,문학,SSG,NC,2,0.571,4.5,-1,4,92,3,0.527,8.5,4,6,92,-5.0,0.649
2023-08-08,수원,KT,한화,4,0.527,8.5,1,8,95,8,0.437,16.5,-2,2,92,-1.0,0.649
2023-08-08,잠실,두산,삼성,5,0.516,9.5,-1,3,92,10,0.415,19.0,-1,6,95,0.0,0.649
2023-08-09,고척,키움,롯데,9,0.414,19.5,-9,0,102,7,0.473,13.5,2,3,93,10.5,0.654
2023-08-09,광주,KIA,LG,6,0.506,10.5,3,7,89,1,0.62,0.0,1,8,94,1.5,0.654
2023-08-09,문학,SSG,NC,2,0.565,5.0,-2,4,93,3,0.533,8.0,5,6,93,-4.0,0.654
2023-08-09,수원,KT,한화,4,0.532,8.0,2,9,96,8,0.432,17.0,-3,2,93,-1.0,0.654
2023-08-09,잠실,두산,삼성,5,0.522,9.0,1,4,93,10,0.411,19.5,-2,5,96,0.0,0.654
2023-08-10,고척,키움,롯데,9,0.42,19.5,1,1,103,7,0.468,14.5,-1,3,94,9.5,0.661
2023-08-10,광주,KIA,LG,6,0.5,11.5,-1,7,90,1,0.624,0.0,2,8,95,1.5,0.661
2023-08-10,문학,SSG,NC,2,0.57,5.0,1,5,94,4,0.527,9.0,-1,6,94,-5.0,0.661
2023-08-10,수원,KT,한화,3,0.537,8.0,3,9,97,8,0.427,18.0,-4,1,94,-2.0,0.661
2023-08-10,잠실,두산,삼성,5,0.516,10.0,-1,4,94,10,0.417,19.5,1,6,97,0.0,0.661
2023-08-11,문학,SSG,삼성,2,0.57,5.0,1,5,94,9,0.417,19.5,1,6,97,-5.0,0.662
2023-08-11,사직,롯데,KIA,7,0.474,14.0,1,4,95,6,0.5,11.5,-1,7,90,4.0,0.662
2023-08-11,수원,KT,NC,3,0.537,8.0,3,9,97,4,0.527,9.0,-1,6,94,-2.0,0.662
2023-08-11,잠실,LG,키움,1,0.624,0.0,2,8,95,10,0.416,20.0,-1,1,104,-10.0,0.662
2023-08-11,한밭,한화,두산,8,0.427,18.0,-4,1,94,5,0.516,10.0,-1,4,94,8.0,0.662
2023-08-12,문학,SSG,삼성,2,0.564,6.0,-1,4,95,8,0.423,19.5,2,6,98,-4.0,0.669
2023-08-12,사직,롯데,KIA,7,0.479,14.0,2,5,96,6,0.494,12.5,-2,6,91,4.0,0.669
2023-08-12,수원,KT,NC,4,0.531,9.0,-1,8,98,3,0.532,9.0,1,7,95,-1.0,0.669
2023-08-12,잠실,LG,키움,1,0.628,0.0,3,8,96,10,0.412,21.0,-2,1,105,-10.0,0.669
2023-08-12,한밭,한화,두산,9,0.422,19.0,-5,1,95,5,0.521,10.0,1,5,95,9.0,0.669
2023-08-13,문학,SSG,삼성,2,0.568,6.0,1,4,96,9,0.418,20.5,-1,5,99,-5.0,0.676
2023-08-13,사직,롯데,KIA,7,0.474,15.0,-1,5,97,6,0.5,12.5,1,6,92,4.0,0.676
2023-08-13,수원,KT,NC,3,0.536,9.0,1,8,99,4,0.526,10.0,-1,7,96,-2.0,0.676
2023-08-13,잠실,LG,키움,1,0.632,0.0,4,8,97,10,0.408,22.0,-3,1,106,-11.0,0.676
2023-08-13,한밭,한화,두산,8,0.429,19.0,1,2,96,5,0.516,11.0,-1,5,96,8.0,0.676
2023-08-15,광주,KIA,키움,6,0.495,13.5,-1,5,93,10,0.404,23.0,-4,1,107,1.5,0.683
2023-08-15,대구,삼성,LG,9,0.414,21.5,-2,5,100,1,0.635,0.0,5,8,98,9.5,0.683
2023-08-15,사직,롯데,SSG,7,0.48,15.0,1,5,98,2,0.573,6.0,2,5,97,3.0,0.683
2023-08-15,잠실,두산,KT,5,0.51,12.0,-2,4,97,3,0.541,9.0,2,8,100,0.0,0.683
2023-08-15,창원,NC,한화,4,0.521,11.0,-2,6,97,8,0.435,19.0,2,3,97,-1.0,0.683
2023-08-16,광주,KIA,키움,6,0.489,13.5,-2,4,94,10,0.41,22.0,1,2,108,1.5,0.69
2023-08-16,대구,삼성,LG,9,0.42,20.5,1,5,101,1,0.629,0.0,-1,7,99,8.5,0.69
2023-08-16,사직,롯데,SSG,7,0.485,14.0,2,6,99,2,0.567,6.0,-1,5,98,2.0,0.69
2023-08-16,잠실,두산,KT,5,0.505,12.0,-3,3,98,3,0.545,8.0,3,8,101,0.0,0.69
2023-08-16,창원,NC,한화,4,0.521,10.5,-2,6,98,8,0.435,18.5,2,3,98,-1.5,0.69
2023-08-17,광주,KIA,키움,6,0.495,13.5,1,5,95,10,0.406,23.0,-1,2,109,0.5,0.697
2023-08-17,대구,삼성,LG,9,0.416,21.5,-1,5,102,1,0.633,0.0,1,7,100,8.5,0.697
2023-08-17,사직,롯데,SSG,7,0.49,14.0,3,7,100,2,0.561,7.0,-2,5,99,1.0,0.697
2023-08-17,잠실,두산,KT,5,0.5,13.0,-4,3,99,3,0.55,8.0,4,8,102,0.0,0.697
2023-08-17,창원,NC,한화,4,0.515,11.5,-3,5,99,8,0.441,18.5,3,3,99,-1.5,0.697
2023-08-18,고척,키움,롯데,10,0.402,23.0,-2,2,110,6,0.495,13.0,4,8,101,10.5,0.704
2023-08-18,대구,삼성,KIA,9,0.422,20.5,1,5,103,5,0.5,12.5,2,5,96,8.0,0.704
2023-08-18,문학,SSG,LG,2,0.556,7.0,-3,4,100,1,0.626,0.0,-1,6,101,-5.5,0.704
2023-08-18,잠실,두산,NC,7,0.495,13.0,-5,3,100,4,0.52,10.5,1,5,100,0.5,0.704
2023-08-18,한밭,한화,KT,8,0.436,18.5,-1,3,100,3,0.554,7.0,5,8,103,6.0,0.704
2023-08-19,고척,키움,롯데,10,0.407,23.0,1,3,111,7,0.49,14.0,-1,7,102,9.5,0.71
2023-08-19,대구,삼성,KIA,9,0.427,20.5,2,5,104,6,0.495,13.5,-1,4,97,7.0,0.71
2023-08-19,문학,SSG,LG,2,0.55,8.0,-4,3,101,1,0.63,0.0,1,7,102,-5.5,0.71
2023-08-19,잠실,두산,NC,5,0.495,13.5,-5,3,100,4,0.52,11.0,1,5,100,0.0,0.71
2023-08-19,한밭,한화,KT,8,0.442,18.5,1,4,101,3,0.549,8.0,-1,8,104,5.0,0.71
2023-08-20,고척,키움,롯데,10,0.413,23.0,2,4,112,7,0.485,15.0,-2,6,103,9.5,0.717
2023-08-20,대구,삼성,KIA,9,0.423,21.5,-1,5,105,6,0.5,13.5,1,4,98,8.0,0.717
2023-08-20,문학,SSG,LG,3,0.545,9.0,-5,3,102,1,0.634,0.0,2,8,103,-4.5,0.717
2023-08-20,잠실,두산,NC,5,0.5,13.5,1,3,101,4,0.515,12.0,-1,4,101,0.0,0.717
2023-08-20,한밭,한화,KT,8,0.438,19.5,-1,4,102,2,0.553,8.0,1,8,105,6.0,0.717
2023-08-22,고척,키움,두산,10,0.418,22.0,3,4,113,5,0.495,13.5,-1,3,102,8.5,0.724
2023-08-22,문학,SSG,NC,3,0.549,8.0,1,4,103,4,0.52,11.0,1,4,102,-5.5,0.724
2023-08-22,수원,KT,KIA,2,0.558,7.0,2,8,106,6,0.495,13.5,-1,4,99,-6.5,0.724
2023-08-22,잠실,LG,롯데,1,0.627,0.0,-1,7,104,7,0.481,15.0,-3,6,104,-13.5,0.724
2023-08-22,한밭,한화,삼성,8,0.433,19.5,-2,4,103,9,0.429,20.5,1,6,106,6.0,0.724
2023-08-23,고척,키움,두산,10,0.414,22.5,-1,4,114,5,0.5,13.0,1,3,103,9.5,0.728
2023-08-23,문학,SSG,NC,3,0.549,8.0,1,4,103,4,0.52,11.0,1,4,102,-5.0,0.728
2023-08-23,수원,KT,KIA,2,0.562,6.5,3,8,107,6,0.49,14.0,-2,4,100,-6.5,0.728
2023-08-23,잠실,LG,롯데,1,0.627,0.0,-1,7,104,7,0.481,15.0,-3,6,104,-13.0,0.728
2023-08-23,한밭,한화,삼성,9,0.429,20.0,-3,4,104,8,0.434,20.0,2,6,107,7.0,0.728
2023-08-24,고척,키움,두산,10,0.411,23.0,-2,4,115,5,0.505,12.5,2,4,104,10.5,0.729
2023-08-24,문학,SSG,NC,3,0.549,8.0,1,4,103,4,0.52,11.0,1,4,102,-4.5,0.729
2023-08-24,수원,KT,KIA,2,0.562,6.5,3,8,107,6,0.49,14.0,-2,4,100,-6.0,0.729
2023-08-24,잠실,LG,롯데,1,0.627,0.0,-1,7,104,7,0.481,15.0,-3,6,104,-12.5,0.729
2023-08-24,한밭,한화,삼성,9,0.429,20.0,-3,4,104,8,0.434,20.0,2,6,107,7.5,0.729
2023-08-25,광주,KIA,한화,6,0.495,14.0,1,5,101,9,0.429,20.5,-3,4,104,1.5,0.735
2023-08-25,대구,삼성,키움,8,0.434,20.5,2,6,107,10,0.407,24.0,-3,4,116,8.0,0.735
2023-08-25,사직,롯데,KT,7,0.476,16.0,-4,5,105,2,0.557,7.5,-1,8,108,3.5,0.735
2023-08-25,잠실,두산,SSG,5,0.51,12.5,3,4,105,3,0.553,8.0,2,4,104,0.0,0.735
2023-08-25,창원,NC,LG,4,0.515,12.0,-1,3,103,1,0.631,0.0,1,7,105,-0.5,0.735
2023-08-26,광주,KIA,한화,6,0.5,13.0,2,5,102,9,0.424,20.5,-4,4,105,1.5,0.742
2023-08-26,대구,삼성,키움,8,0.43,20.5,-1,5,108,10,0.412,23.0,1,5,117,9.0,0.742
2023-08-26,사직,롯데,KT,7,0.472,16.0,-5,4,106,2,0.561,6.5,1,8,109,4.5,0.742
2023-08-26,잠실,두산,SSG,5,0.514,11.5,4,5,106,3,0.548,8.0,-1,4,105,0.0,0.742
2023-08-26,창원,NC,LG,4,0.52,11.0,1,4,104,1,0.625,0.0,-1,6,106,-0.5,0.742
2023-08-27,광주,KIA,한화,6,0.505,12.0,3,6,103,9,0.42,20.5,-5,3,106,0.5,0.749
2023-08-27,대구,삼성,키움,8,0.435,19.5,1,6,109,10,0.409,23.0,-1,4,118,8.0,0.749
2023-08-27,사직,롯데,KT,7,0.467,16.0,-6,4,107,2,0.565,5.5,2,8,110,4.5,0.749
2023-08-27,잠실,두산,SSG,5,0.509,11.5,-1,5,107,3,0.552,7.0,1,4,106,0.0,0.749
2023-08-27,창원,NC,LG,4,0.524,10.0,2,4,105,1,0.619,0.0,-2,5,107,-1.5,0.749
2023-08-29,광주,KIA,NC,5,0.51,11.0,4,7,104,4,0.529,9.0,3,5,106,0.0,0.756
2023-08-29,문학,SSG,키움,3,0.557,6.0,2,4,107,10,0.405,23.0,-2,4,119,-5.0,0.756
2023-08-29,수원,KT,삼성,2,0.569,4.5,3,8,111,8,0.44,18.5,2,7,110,-6.5,0.756
2023-08-29,잠실,LG,두산,1,0.613,0.0,-3,4,108,6,0.505,11.5,-2,5,108,-11.0,0.756
2023-08-29,한밭,한화,롯데,9,0.416,20.5,-6,2,107,7,0.463,16.0,-7,3,108,9.5,0.756
2023-08-30,광주,KIA,NC,5,0.51,11.0,4,7,104,4,0.529,9.0,3,5,106,0.0,0.756
2023-08-30,문학,SSG,키움,3,0.557,6.0,2,4,107,10,0.405,23.0,-2,4,119,-5.0,0.756
2023-08-30,수원,KT,삼성,2,0.569,4.5,3,8,111,8,0.44,18.5,2,7,110,-6.5,0.756
2023-08-30,잠실,LG,두산,1,0.613,0.0,-3,4,108,6,0.505,11.5,-2,5,108,-11.0,0.756
2023-08-30,한밭,한화,롯데,9,0.416,20.5,-6,2,107,7,0.463,16.0,-7,3,108,9.5,0.756
2023-08-31,광주,KIA,NC,5,0.51,11.0,4,7,104,4,0.529,9.0,3,5,106,0.0,0.757
2023-08-31,문학,SSG,키움,3,0.561,5.5,3,5,108,10,0.402,23.5,-3,4,120,-5.5,0.757
2023-08-31,수원,KT,삼성,2,0.569,4.5,3,8,111,8,0.44,18.5,2,7,110,-6.5,0.757
2023-08-31,잠실,LG,두산,1,0.613,0.0,-3,4,108,6,0.505,11.5,-2,5,108,-11.0,0.757
2023-08-31,한밭,한화,롯데,9,0.416,20.5,-6,2,107,7,0.463,16.0,-7,3,108,9.5,0.757
2023-09-01,고척,키움,KT,10,0.407,23.5,1,4,121,2,0.573,4.5,4,8,112,12.5,0.764
2023-09-01,대구,삼성,NC,8,0.436,19.5,-1,6,111,4,0.524,10.0,-1,5,107,8.5,0.764
2023-09-01,문학,SSG,KIA,3,0.556,6.5,-1,5,109,5,0.515,11.0,5,7,105,-4.5,0.764
2023-09-01,사직,롯데,두산,7,0.468,16.0,1,3,109,6,0.5,12.5,-3,5,109,5.0,0.764
2023-09-01,잠실,LG,한화,1,0.617,0.0,1,5,109,9,0.412,21.5,-7,2,108,-11.0,0.764
2023-09-02,고척,키움,KT,9,0.412,23.5,2,4,122,2,0.568,5.5,-1,7,113,12.5,0.769
2023-09-02,대구,삼성,NC,8,0.432,20.5,-2,6,112,4,0.528,10.0,1,6,108,9.5,0.769
2023-09-02,문학,SSG,KIA,3,0.55,7.5,-2,5,110,5,0.519,11.0,6,7,106,-3.5,0.769
2023-09-02,사직,롯데,두산,7,0.468,16.5,1,3,109,6,0.5,13.0,-3,5,109,5.5,0.769
2023-09-02,잠실,LG,한화,1,0.62,0.0,2,5,110,10,0.408,22.5,-8,1,109,-11.0,0.769
2023-09-03,고척,키움,KT,9,0.417,22.5,3,4,123,2,0.562,5.5,-2,7,114,12.5,0.775
2023-09-03,대구,삼성,NC,8,0.429,20.5,-3,5,113,4,0.533,9.0,2,7,109,10.5,0.775
2023-09-03,문학,SSG,KIA,3,0.545,7.5,-3,5,111,5,0.524,10.0,7,8,107,-2.5,0.775
2023-09-03,사직,롯데,두산,7,0.468,16.0,1,3,109,6,0.5,12.5,-3,5,109,6.0,0.775
2023-09-03,잠실,LG,한화,1,0.615,0.0,-1,5,111,10,0.413,21.5,1,2,110,-10.0,0.775
2023-09-04,사직,롯데,두산,7,0.464,16.0,-1,2,110,6,0.505,11.5,1,6,110,7.0,0.782
2023-09-05,수원,KT,LG,2,0.558,5.5,-3,6,115,1,0.609,0.0,-2,4,112,-3.5,0.783
2023-09-05,울산,롯데,삼성,7,0.468,15.5,1,2,111,8,0.434,19.5,1,5,114,6.5,0.783
2023-09-05,잠실,두산,KIA,6,0.5,12.0,-1,5,111,4,0.528,9.0,8,8,108,3.0,0.783
2023-09-05,창원,NC,키움,5,0.528,9.0,-1,6,110,9,0.421,21.5,4,5,124,0.0,0.783
2023-09-05,한밭,한화,SSG,10,0.419,20.5,2,2,111,3,0.541,7.5,-4,5,112,11.5,0.783
2023-09-06,수원,KT,LG,2,0.553,6.5,-4,5,116,1,0.613,0.0,1,4,113,-3.0,0.789
2023-09-06,울산,롯데,삼성,7,0.473,15.5,2,3,112,8,0.43,20.5,-1,5,115,6.0,0.789
2023-09-06,잠실,두산,KIA,6,0.5,12.5,-1,5,111,5,0.528,9.5,8,8,108,3.0,0.789
2023-09-06,창원,NC,키움,4,0.532,9.0,1,7,111,9,0.418,22.5,-1,5,125,-0.5,0.789
2023-09-06,한밭,한화,SSG,10,0.415,21.5,-1,2,112,3,0.545,7.5,1,5,113,12.0,0.789
2023-09-07,수원,KT,LG,2,0.557,5.5,1,5,117,1,0.607,0.0,-1,4,114,-3.0,0.796
2023-09-07,울산,롯데,삼성,7,0.469,15.5,-1,3,113,8,0.435,19.5,1,5,116,7.0,0.796
2023-09-07,잠실,두산,KIA,6,0.495,12.5,-2,5,112,5,0.533,8.5,9,9,109,4.0,0.796
2023-09-07,창원,NC,키움,4,0.536,8.0,2,7,112,10,0.415,22.5,-2,5,126,-0.5,0.796
2023-09-07,한밭,한화,SSG,9,0.421,20.5,1,3,113,3,0.54,7.5,-1,4,114,12.0,0.796
2023-09-08,고척,키움,한화,10,0.411,23.5,-3,4,127,9,0.426,20.5,2,4,114,14.0,0.803
2023-09-08,광주,KIA,LG,5,0.528,9.5,-1,9,110,1,0.611,0.0,1,4,115,0.0,0.803
2023-09-08,수원,KT,SSG,2,0.552,6.5,-1,5,118,4,0.535,8.5,-2,4,115,-3.0,0.803
2023-09-08,잠실,두산,삼성,6,0.5,12.5,1,5,113,8,0.431,20.5,-1,4,117,3.0,0.803
2023-09-08,창원,NC,롯데,3,0.541,8.0,3,8,113,7,0.474,15.5,1,4,114,-1.5,0.803
2023-09-09,고척,키움,한화,10,0.408,24.5,-4,4,128,8,0.431,20.5,3,5,115,14.0,0.81
2023-09-09,고척,키움,한화,10,0.408,24.5,-4,4,128,8,0.431,20.5,3,5,115,14.0,0.81
2023-09-09,광주,KIA,LG,5,0.523,10.5,-2,8,111,1,0.614,0.0,2,5,116,0.0,0.81
2023-09-09,광주,KIA,LG,5,0.523,10.5,-2,8,111,1,0.614,0.0,2,5,116,0.0,0.81
2023-09-09,수원,KT,SSG,2,0.556,6.5,1,5,119,4,0.53,9.5,-3,3,116,-4.0,0.81
2023-09-09,잠실,두산,삼성,6,0.504,12.5,2,5,114,9,0.427,21.5,-2,4,118,2.0,0.81
2023-09-09,잠실,두산,삼성,6,0.504,12.5,2,5,114,9,0.427,21.5,-2,4,118,2.0,0.81
2023-09-09,창원,NC,롯데,3,0.545,8.0,4,8,114,7,0.47,16.5,-1,4,115,-2.5,0.81
2023-09-09,창원,NC,롯데,3,0.545,8.0,4,8,114,7,0.47,16.5,-1,4,115,-2.5,0.81
2023-09-10,고척,키움,한화,10,0.402,24.5,-6,4,130,8,0.441,18.5,5,7,117,16.0,0.822
2023-09-10,광주,KIA,LG,4,0.532,8.5,2,8,113,1,0.603,0.0,-2,5,118,0.0,0.822
2023-09-10,수원,KT,SSG,2,0.556,5.5,1,4,120,5,0.53,8.5,-3,2,117,-3.0,0.822
2023-09-10,잠실,두산,삼성,6,0.504,11.5,1,4,116,9,0.429,20.5,-1,3,120,3.0,0.822
2023-09-10,창원,NC,롯데,3,0.544,7.0,1,7,116,7,0.47,15.5,-1,5,117,-1.5,0.822
2023-09-12,대구,삼성,KIA,9,0.425,20.5,-2,3,121,4,0.536,7.5,3,8,114,13.0,0.829
2023-09-12,문학,SSG,KT,5,0.534,7.5,1,2,118,2,0.551,5.5,-1,3,121,0.0,0.829
2023-09-12,사직,롯데,NC,7,0.466,15.5,-2,5,118,3,0.548,6.0,2,8,117,8.0,0.829
2023-09-12,잠실,두산,한화,6,0.509,10.5,2,5,117,8,0.446,17.5,6,8,118,3.0,0.829
2023-09-13,광주,KIA,롯데,4,0.531,8.0,-1,7,115,7,0.462,16.0,-3,4,119,0.0,0.835
2023-09-13,잠실,두산,SSG,6,0.513,10.0,3,6,118,5,0.53,8.0,-1,2,119,2.0,0.835
2023-09-13,창원,NC,KT,3,0.552,5.5,3,8,118,2,0.555,5.0,1,3,122,-2.5,0.835
2023-09-14,광주,KIA,롯데,5,0.526,8.5,-2,6,116,7,0.467,15.5,1,5,120,0.0,0.838
2023-09-14,대구,삼성,KT,9,0.43,20.0,1,4,122,2,0.558,4.5,2,4,123,11.5,0.838
2023-09-14,잠실,두산,SSG,6,0.513,10.0,3,6,118,4,0.53,8.0,-1,2,119,1.5,0.838
2023-09-14,창원,NC,LG,3,0.547,6.0,-1,7,119,1,0.598,0.0,-3,4,119,-2.5,0.838
2023-09-15,광주,KIA,두산,4,0.526,8.5,-2,6,116,6,0.517,9.5,4,7,119,0.0,0.84
2023-09-15,사직,롯데,키움,7,0.467,15.5,1,5,120,10,0.398,24.5,-7,3,131,7.0,0.84
2023-09-15,창원,NC,삼성,3,0.547,6.0,-1,7,119,9,0.434,19.5,2,5,123,-2.5,0.84
2023-09-15,한밭,한화,LG,8,0.442,18.0,-1,8,119,1,0.598,0.0,-3,4,119,9.5,0.84
2023-09-16,광주,KIA,두산,5,0.522,9.5,-3,5,117,6,0.521,9.5,5,7,120,0.0,0.846
2023-09-16,사직,롯데,키움,7,0.471,15.5,2,5,121,10,0.395,25.5,-8,2,132,6.0,0.846
2023-09-16,잠실,LG,SSG,1,0.602,0.0,1,4,120,4,0.525,9.0,-2,2,120,-9.5,0.846
2023-09-16,창원,NC,삼성,3,0.551,6.0,1,8,120,9,0.431,20.5,-1,4,124,-3.5,0.846
2023-09-16,한밭,한화,KT,8,0.439,19.0,-2,7,120,2,0.554,5.5,-1,4,124,9.5,0.846
2023-09-17,광주,KIA,두산,4,0.522,10.0,-3,5,117,6,0.521,10.0,5,7,120,0.0,0.847
2023-09-17,대구,삼성,롯데,9,0.431,21.0,-1,4,124,7,0.471,16.0,2,5,121,11.0,0.847
2023-09-17,잠실,LG,SSG,1,0.605,0.0,2,5,121,5,0.521,10.0,-3,2,121,-10.0,0.847
2023-09-17,잠실,LG,SSG,1,0.605,0.0,2,5,121,5,0.521,10.0,-3,2,121,-10.0,0.847
2023-09-17,한밭,한화,KT,8,0.439,19.5,-2,7,120,2,0.554,6.0,-1,4,124,9.5,0.847
2023-09-17,한밭,한화,KT,8,0.439,19.5,-2,7,120,2,0.554,6.0,-1,4,124,9.5,0.847
2023-09-18,광주,KIA,두산,5,0.517,11.5,-4,4,118,4,0.525,10.5,6,8,121,0.0,0.856
2023-09-18,한밭,한화,KT,8,0.431,21.5,-4,6,122,2,0.561,6.0,2,6,126,10.0,0.856
2023-09-19,광주,KIA,LG,5,0.513,12.0,-5,3,119,1,0.612,0.0,4,6,123,0.0,0.858
2023-09-19,사직,롯데,키움,7,0.475,16.5,3,5,122,10,0.395,27.0,-8,2,132,4.5,0.858
2023-09-19,수원,KT,삼성,2,0.556,6.5,-1,5,127,9,0.427,22.5,-2,4,125,-5.5,0.858
2023-09-19,잠실,두산,NC,4,0.529,10.0,7,9,122,3,0.551,7.5,1,8,120,-2.0,0.858
2023-09-19,한밭,한화,SSG,8,0.436,21.0,1,6,123,6,0.512,12.0,-5,1,123,9.0,0.858
2023-09-20,광주,KIA,키움,6,0.508,13.0,-6,3,120,10,0.4,27.0,1,2,133,1.0,0.865
2023-09-20,대구,삼성,SSG,9,0.424,23.5,-3,3,126,5,0.516,12.0,1,2,124,11.5,0.865
2023-09-20,수원,KT,LG,2,0.56,6.5,1,6,128,1,0.615,0.0,5,7,124,-5.5,0.865
2023-09-20,잠실,두산,NC,4,0.525,11.0,-1,8,123,3,0.555,7.5,2,8,121,-1.0,0.865
2023-09-20,한밭,한화,롯데,8,0.432,22.0,-1,5,124,7,0.472,17.5,-1,5,123,10.0,0.865
2023-09-21,고척,키움,NC,10,0.4,27.0,1,2,133,3,0.555,7.5,2,8,121,15.0,0.865
2023-09-21,대구,삼성,두산,9,0.424,23.5,-3,3,126,4,0.525,11.0,-1,8,123,11.5,0.865
2023-09-21,문학,SSG,LG,5,0.516,12.0,1,2,124,1,0.615,0.0,5,7,124,0.0,0.865
2023-09-21,수원,KT,롯데,2,0.56,6.5,1,6,128,7,0.472,17.5,-1,5,123,-5.5,0.865
2023-09-21,한밭,한화,KIA,8,0.432,22.0,-1,5,124,6,0.508,13.0,-6,3,120,10.0,0.865
2023-09-22,광주,KIA,KT,6,0.504,14.0,-7,3,121,2,0.563,6.5,2,6,129,1.0,0.872
2023-09-22,대구,삼성,두산,9,0.421,24.5,-4,3,127,4,0.528,11.0,1,8,124,11.5,0.872
2023-09-22,문학,SSG,롯데,5,0.512,13.0,-1,2,125,7,0.468,18.5,-2,4,124,0.0,0.872
2023-09-22,잠실,LG,NC,1,0.618,0.0,6,7,125,3,0.55,8.5,-1,7,122,-13.0,0.872
2023-09-22,한밭,한화,키움,8,0.437,22.0,1,5,125,10,0.405,27.0,2,2,134,9.0,0.872
2023-09-23,광주,KIA,KT,5,0.508,13.0,1,3,122,2,0.559,6.5,-1,6,130,0.0,0.879
2023-09-23,문학,SSG,롯데,6,0.508,13.0,-2,2,126,7,0.472,17.5,1,5,125,0.0,0.879
2023-09-23,잠실,LG,한화,1,0.613,0.0,-1,6,126,8,0.433,22.0,-1,4,126,-13.0,0.879
2023-09-23,창원,NC,두산,3,0.554,7.5,1,7,123,4,0.532,10.0,2,9,125,-5.5,0.879
2023-09-24,광주,KIA,KT,6,0.504,14.0,-1,2,123,2,0.562,6.5,1,7,131,1.0,0.885
2023-09-24,문학,SSG,롯데,5,0.512,13.0,1,3,127,7,0.468,18.5,-1,4,126,0.0,0.885
2023-09-24,잠실,LG,한화,1,0.616,0.0,1,7,127,8,0.43,23.0,-2,3,127,-13.0,0.885
2023-09-24,창원,NC,두산,3,0.549,8.5,-1,6,124,4,0.536,10.0,3,9,126,-4.5,0.885
2023-09-26,문학,SSG,두산,5,0.508,14.0,-1,2,128,4,0.532,11.0,-1,8,127,0.0,0.89
2023-09-26,잠실,LG,KT,1,0.619,0.0,2,8,128,2,0.566,6.5,2,7,132,-14.0,0.89
2023-09-26,창원,NC,KIA,3,0.553,8.5,1,7,125,6,0.5,15.0,-2,1,124,-5.5,0.89
2023-09-26,한밭,한화,삼성,8,0.426,24.0,-3,2,128,9,0.417,25.5,-5,3,128,10.0,0.89
2023-09-27,문학,SSG,두산,5,0.508,14.0,-1,2,128,4,0.532,11.0,-1,8,127,0.0,0.892
2023-09-27,문학,SSG,두산,5,0.508,14.0,-1,2,128,4,0.532,11.0,-1,8,127,0.0,0.892
2023-09-27,잠실,LG,KT,1,0.619,0.0,2,8,128,2,0.566,6.5,2,7,132,-14.0,0.892
2023-09-27,잠실,LG,KT,1,0.619,0.0,2,8,128,2,0.566,6.5,2,7,132,-14.0,0.892
2023-09-27,창원,NC,KIA,3,0.548,9.0,-1,6,126,6,0.504,14.5,1,2,125,-5.0,0.892
2023-09-27,창원,NC,KIA,3,0.548,9.0,-1,6,126,6,0.504,14.5,1,2,125,-5.0,0.892
2023-09-27,한밭,한화,삼성,8,0.426,24.0,-3,2,128,9,0.417,25.5,-5,3,128,10.0,0.892
2023-09-27,한밭,한화,삼성,8,0.426,24.0,-3,2,128,9,0.417,25.5,-5,3,128,10.0,0.892
2023-09-28,고척,키움,SSG,10,0.409,28.0,3,3,135,5,0.512,14.5,1,3,130,13.5,0.903
2023-09-28,사직,롯데,한화,7,0.472,19.5,1,5,127,8,0.427,25.0,1,3,130,5.0,0.903
2023-09-28,잠실,LG,삼성,1,0.625,0.0,4,9,130,9,0.419,26.5,-1,3,130,-14.5,0.903
2023-09-28,창원,NC,KIA,3,0.548,10.0,-1,5,128,6,0.504,15.5,1,3,127,-4.5,0.903
2023-09-29,고척,키움,KIA,10,0.414,27.0,4,4,136,6,0.5,15.5,-1,3,128,12.5,0.908
2023-09-29,사직,롯데,한화,7,0.477,18.5,2,6,128,8,0.424,25.0,-1,3,131,4.0,0.908
2023-09-29,잠실,두산,LG,4,0.528,12.0,-2,6,129,1,0.62,0.0,-1,8,131,-2.5,0.908
2023-09-30,대구,삼성,NC,8,0.423,25.0,1,4,131,3,0.551,8.5,1,6,129,11.0,0.912
2023-09-30,문학,SSG,KIA,5,0.508,14.0,-1,3,131,6,0.504,14.5,1,4,129,0.0,0.912
2023-09-30,잠실,두산,LG,4,0.531,11.0,1,6,130,1,0.615,0.0,-2,7,132,-3.0,0.912
2023-10-01,문학,SSG,KIA,5,0.512,13.0,1,4,132,6,0.5,14.5,-1,4,130,0.0,0.917
2023-10-01,사직,롯데,삼성,7,0.481,17.0,3,7,129,8,0.427,24.0,2,4,132,4.0,0.917
2023-10-01,수원,KT,키움,2,0.557,7.0,-2,6,134,10,0.41,26.5,-1,4,137,-6.0,0.917
2023-10-01,잠실,두산,LG,4,0.535,10.0,2,6,131,1,0.611,0.0,-3,6,133,-3.0,0.917
2023-10-01,한밭,한화,NC,9,0.421,24.5,-2,3,132,3,0.547,8.5,-1,5,130,11.5,0.917
2023-10-02,사직,롯데,삼성,7,0.485,17.0,4,7,130,9,0.424,25.0,-1,3,133,4.0,0.924
2023-10-02,사직,롯데,삼성,7,0.485,17.0,4,7,130,9,0.424,25.0,-1,3,133,4.0,0.924
2023-10-02,수원,KT,LG,2,0.561,7.0,1,6,135,1,0.614,0.0,1,6,134,-6.0,0.924
2023-10-02,잠실,두산,키움,4,0.531,11.0,-1,5,132,10,0.407,27.5,-2,4,138,-2.0,0.924
2023-10-02,한밭,한화,NC,8,0.425,24.5,1,3,133,3,0.543,9.5,-2,4,131,11.5,0.924
2023-10-03,문학,SSG,NC,5,0.515,13.5,2,5,133,3,0.538,10.5,-3,4,132,0.0,0.931
2023-10-03,사직,롯데,삼성,7,0.477,18.5,-2,5,132,8,0.433,24.5,2,5,135,5.0,0.931
2023-10-03,수원,KT,KIA,2,0.556,8.0,-1,5,136,6,0.496,16.0,-2,4,131,-5.5,0.931
2023-10-03,잠실,두산,키움,4,0.534,11.0,1,6,133,10,0.404,28.5,-3,4,139,-2.5,0.931
2023-10-04,대구,삼성,한화,9,0.43,25.0,-1,5,136,8,0.43,24.5,2,4,134,12.0,0.936
2023-10-04,문학,SSG,NC,5,0.519,13.0,3,5,134,3,0.534,11.0,-4,3,133,0.0,0.936
2023-10-04,사직,롯데,LG,7,0.481,18.0,1,6,133,1,0.617,0.0,2,6,135,5.0,0.936
2023-10-04,수원,KT,KIA,2,0.552,8.5,-2,5,137,6,0.5,15.5,1,4,132,-4.5,0.936
2023-10-04,수원,KT,KIA,2,0.552,8.5,-2,5,137,6,0.5,15.5,1,4,132,-4.5,0.936
2023-10-05,대구,삼성,한화,9,0.426,26.0,-2,5,137,8,0.434,24.5,3,4,135,13.0,0.943
2023-10-05,문학,SSG,NC,5,0.523,13.0,4,6,135,3,0.53,12.0,-5,3,134,0.0,0.943
2023-10-05,사직,롯데,LG,7,0.478,19.0,-1,6,134,1,0.619,0.0,3,7,136,6.0,0.943
2023-10-05,수원,KT,KIA,2,0.551,9.0,1,4,139,6,0.5,16.0,-1,5,134,-4.0,0.943
2023-10-06,문학,SSG,한화,5,0.526,13.0,5,7,136,8,0.431,25.5,-1,4,136,0.0,0.949
2023-10-06,수원,KT,삼성,2,0.555,9.0,2,5,140,9,0.431,26.0,1,6,138,-4.0,0.949
2023-10-06,잠실,LG,KIA,1,0.622,0.0,4,7,137,6,0.496,17.0,-2,4,135,-13.0,0.949
2023-10-07,고척,키움,LG,10,0.409,28.5,1,5,140,1,0.618,0.0,-1,6,138,16.0,0.953
2023-10-07,수원,KT,한화,2,0.551,9.0,-1,4,141,9,0.427,25.5,-2,4,137,-3.5,0.953
2023-10-07,잠실,두산,롯데,3,0.53,12.0,-1,5,134,7,0.474,19.5,-2,5,135,-0.5,0.953
2023-10-07,창원,NC,SSG,5,0.526,12.5,-6,2,135,4,0.53,12.0,6,7,137,0.0,0.953
2023-10-08,광주,KIA,삼성,6,0.5,15.5,1,5,136,8,0.435,24.5,2,6,139,3.5,0.958
2023-10-08,수원,KT,한화,2,0.554,8.0,1,4,142,9,0.424,25.5,-3,4,138,-4.0,0.958
2023-10-08,잠실,두산,롯데,4,0.526,12.0,-2,4,135,7,0.478,18.5,1,6,136,0.0,0.958
2023-10-08,창원,NC,SSG,3,0.53,11.5,1,3,136,5,0.526,12.0,-1,7,138,-0.5,0.958
2023-10-09,광주,KIA,삼성,6,0.504,15.0,2,5,137,8,0.432,25.0,-1,6,140,3.0,0.964
2023-10-09,잠실,LG,롯데,1,0.613,0.0,-2,5,139,7,0.474,19.0,-1,5,137,-12.0,0.964
2023-10-09,창원,NC,한화,5,0.526,12.0,-1,2,137,9,0.421,26.0,-4,4,139,0.0,0.964
2023-10-10,고척,키움,삼성,10,0.413,27.0,2,6,141,8,0.429,25.0,-2,5,141,16.0,0.968
2023-10-10,광주,KIA,SSG,6,0.507,14.0,3,6,138,5,0.529,11.0,1,8,139,3.0,0.968
2023-10-10,수원,KT,두산,2,0.557,7.0,2,5,143,3,0.53,11.0,1,4,136,-4.0,0.968
2023-10-10,잠실,LG,롯데,1,0.609,0.0,-3,4,140,7,0.478,18.0,1,5,138,-11.0,0.968
2023-10-10,창원,NC,한화,4,0.529,11.0,1,3,138,9,0.418,26.0,-5,3,140,0.0,0.968
2023-10-11,광주,KIA,키움,6,0.504,15.0,-1,5,139,9,0.417,27.0,3,7,142,3.0,0.975
2023-10-11,사직,롯데,두산,7,0.475,19.0,-1,4,139,5,0.526,12.0,-1,4,137,7.0,0.975
2023-10-12,광주,KIA,롯데,6,0.507,14.5,1,6,140,7,0.479,18.5,1,4,140,2.0,0.978
2023-10-12,잠실,두산,NC,5,0.522,12.5,-2,4,138,3,0.533,11.0,2,3,139,0.0,0.978
2023-10-13,문학,SSG,키움,3,0.533,11.0,2,8,140,10,0.414,27.5,-1,6,143,-1.0,0.981
2023-10-13,잠실,두산,KIA,5,0.526,12.0,1,5,139,6,0.511,14.0,2,7,141,0.0,0.981
2023-10-13,창원,NC,LG,4,0.529,11.5,-1,3,140,1,0.612,0.0,1,5,141,-0.5,0.981
2023-10-14,대구,삼성,SSG,8,0.426,25.5,-3,4,142,3,0.536,10.0,3,9,141,14.5,0.985
2023-10-14,잠실,LG,두산,1,0.607,0.0,-1,5,142,5,0.529,11.0,2,5,140,-11.0,0.985
2023-10-14,한밭,한화,롯데,9,0.415,26.5,-6,3,141,7,0.475,18.5,-1,4,141,15.5,0.985
2023-10-15,잠실,LG,두산,1,0.603,0.0,-2,5,143,5,0.532,10.0,3,5,141,-10.0,0.989
2023-10-15,창원,NC,삼성,3,0.532,10.0,1,4,141,8,0.43,24.5,1,5,143,0.0,0.989
2023-10-15,한밭,한화,롯데,9,0.419,25.5,1,4,142,7,0.472,18.5,-2,4,142,15.5,0.989
2023-10-16,광주,KIA,NC,6,0.507,14.0,-1,6,142,3,0.536,10.0,2,5,142,3.0,0.993
2023-10-16,잠실,두산,SSG,5,0.529,11.0,-1,5,142,4,0.532,10.5,-1,8,142,0.0,0.993
2023-10-16,한밭,한화,롯데,9,0.423,25.5,2,4,143,7,0.469,19.5,-3,3,143,14.5,0.993
2023-10-17,광주,KIA,NC,6,0.511,13.5,1,6,143,4,0.532,10.5,-1,5,143,2.0,0.997
2023-10-17,문학,SSG,두산,3,0.536,10.0,1,8,143,5,0.525,11.5,-2,4,143,-1.5,0.997
2024-03-23,광주,KIA,키움,,,,0,,0,,,,0,,0,,0.0
2024-03-23,문학,SSG,롯데,,,,0,,0,,,,0,,0,,0.0
2024-03-23,수원,KT,삼성,,,,0,,0,,,,0,,0,,0.0
2024-03-23,잠실,LG,한화,,,,0,,0,,,,0,,0,,0.0
2024-03-23,창원,NC,두산,,,,0,,0,,,,0,,0,,0.0
2024-03-24,광주,KIA,키움,1,1.0,0.0,1,1,1,6,0.0,1.0,-1,0,1,0.0,0.007
2024-03-24,문학,SSG,롯데,2,1.0,0.0,1,1,1,7,0.0,1.0,-1,0,1,0.0,0.007
2024-03-24,수원,KT,삼성,8,0.0,1.0,-1,0,1,3,1.0,0.0,1,1,1,1.0,0.007
2024-03-24,잠실,LG,한화,4,1.0,0.0,1,1,1,9,0.0,1.0,-1,0,1,0.0,0.007
2024-03-24,창원,NC,두산,5,1.0,0.0,1,1,1,10,0.0,1.0,-1,0,1,0.0,0.007
2024-03-26,광주,KIA,롯데,3,1.0,0.5,1,1,1,9,0.0,2.0,-2,0,2,-0.5,0.013
2024-03-26,문학,SSG,한화,1,1.0,0.0,2,2,2,5,0.5,1.0,1,1,2,-1.0,0.013
2024-03-26,수원,KT,두산,10,0.0,2.0,-2,0,2,7,0.5,1.0,1,1,2,1.0,0.013
2024-03-26,잠실,LG,삼성,4,0.5,1.0,-1,1,2,2,1.0,0.0,2,2,2,0.0,0.013
2024-03-26,창원,NC,키움,6,0.5,1.0,-1,1,2,8,0.0,1.5,-1,0,1,0.0,0.013
2024-03-27,광주,KIA,롯데,1,1.0,0.0,2,2,2,9,0.0,2.5,-3,0,3,-0.5,0.019
2024-03-27,문학,SSG,한화,2,0.667,0.5,-1,2,3,5,0.667,0.5,2,2,3,0.0,0.019
2024-03-27,수원,KT,두산,10,0.0,2.5,-3,0,3,7,0.667,0.5,2,2,3,2.0,0.019
2024-03-27,잠실,LG,삼성,4,0.667,0.5,1,2,3,3,0.667,0.5,-1,2,3,0.0,0.019
2024-03-27,창원,NC,키움,6,0.667,0.5,1,2,3,8,0.0,2.0,-2,0,2,0.0,0.019
2024-03-28,광주,KIA,롯데,1,1.0,0.0,3,3,3,9,0.0,3.5,-4,0,4,-1.0,0.026
2024-03-28,문학,SSG,한화,7,0.5,1.5,-2,2,4,2,0.75,0.5,3,3,4,0.5,0.026
2024-03-28,수원,KT,두산,10,0.0,3.5,-4,0,4,4,0.75,0.5,3,3,4,2.5,0.026
2024-03-28,잠실,LG,삼성,6,0.667,1.0,1,2,4,5,0.667,1.0,-1,2,4,0.0,0.026
2024-03-28,창원,NC,키움,3,0.75,0.5,2,3,4,8,0.0,3.0,-3,0,3,-0.5,0.026
2024-03-29,고척,키움,LG,9,0.0,3.0,-3,0,3,3,0.75,0.5,2,3,5,2.0,0.031
2024-03-29,대구,삼성,SSG,6,0.5,1.5,-2,2,5,7,0.4,2.0,-3,2,5,0.5,0.031
2024-03-29,사직,롯데,NC,10,0.0,3.5,-4,0,4,4,0.75,0.5,2,3,4,2.5,0.031
2024-03-29,잠실,두산,KIA,5,0.6,1.0,-1,3,5,1,1.0,0.0,3,3,3,0.0,0.031
2024-03-29,한밭,한화,KT,2,0.8,0.0,4,4,5,8,0.2,3.0,1,1,5,-1.0,0.031
2024-03-30,고척,키움,LG,10,0.0,4.0,-4,0,4,3,0.8,0.5,3,4,6,2.0,0.037
2024-03-30,대구,삼성,SSG,7,0.4,2.5,-3,2,6,5,0.5,2.0,1,3,6,0.5,0.037
2024-03-30,사직,롯데,NC,8,0.2,3.5,1,1,5,4,0.6,1.5,-1,3,5,1.5,0.037
2024-03-30,잠실,두산,KIA,6,0.5,2.0,-2,3,6,1,1.0,0.0,4,4,4,0.0,0.037
2024-03-30,한밭,한화,KT,2,0.833,0.0,5,5,6,9,0.167,4.0,-1,1,6,-2.0,0.037
2024-03-31,고척,키움,LG,8,0.2,4.0,1,1,5,3,0.667,1.5,-1,4,7,2.0,0.044
2024-03-31,대구,삼성,SSG,7,0.333,3.5,-4,2,7,5,0.571,2.0,2,4,7,1.5,0.044
2024-03-31,사직,롯데,NC,9,0.167,4.5,-1,1,6,4,0.667,1.5,1,4,6,2.5,0.044
2024-03-31,잠실,두산,KIA,6,0.571,2.0,1,4,7,2,0.8,1.0,-1,4,5,0.0,0.044
2024-03-31,한밭,한화,KT,1,0.857,0.0,6,6,7,10,0.143,5.0,-2,1,7,-2.0,0.044
2024-04-02,대구,삼성,키움,8,0.286,4.5,-5,2,8,7,0.333,4.0,2,2,6,2.0,0.051
2024-04-02,문학,SSG,두산,4,0.625,2.0,3,5,8,6,0.5,3.0,-1,4,8,-0.5,0.051
2024-04-02,수원,KT,KIA,10,0.125,6.0,-3,1,8,2,0.833,1.0,1,5,6,3.5,0.051
2024-04-02,잠실,LG,NC,5,0.571,2.5,-2,4,8,3,0.714,1.5,2,5,7,0.0,0.051
2024-04-02,한밭,한화,롯데,1,0.875,0.0,7,7,8,9,0.143,5.5,-2,1,7,-2.5,0.051
2024-04-03,대구,삼성,키움,9,0.25,4.5,-6,2,9,7,0.429,3.0,3,3,7,2.0,0.058
2024-04-03,문학,SSG,두산,4,0.667,1.0,4,6,9,6,0.444,3.0,-2,4,9,-1.5,0.058
2024-04-03,수원,KT,KIA,10,0.222,5.0,1,2,9,3,0.714,1.0,-1,5,7,2.5,0.058
2024-04-03,잠실,LG,NC,5,0.5,2.5,-3,4,9,2,0.75,0.5,3,6,8,0.0,0.058
2024-04-03,한밭,한화,롯데,1,0.778,0.0,-1,7,9,8,0.25,4.5,1,2,8,-2.5,0.058
2024-04-04,대구,삼성,키움,9,0.25,4.5,-6,2,9,6,0.429,3.0,3,3,7,2.5,0.062
2024-04-04,문학,SSG,두산,3,0.7,0.5,5,7,10,7,0.4,3.5,-3,4,10,-1.5,0.062
2024-04-04,수원,KT,KIA,10,0.2,5.5,-1,2,10,2,0.75,0.5,1,6,8,3.5,0.062
2024-04-04,잠실,LG,NC,5,0.556,2.0,1,5,10,4,0.667,1.0,-1,6,9,0.0,0.062
2024-04-04,한밭,한화,롯데,1,0.778,0.0,-1,7,9,8,0.25,4.5,1,2,8,-2.0,0.062
2024-04-05,고척,키움,한화,6,0.5,3.0,4,4,8,1,0.8,0.0,1,8,10,1.0,0.069
2024-04-05,광주,KIA,삼성,2,0.778,0.5,2,7,9,9,0.222,5.5,-7,2,10,-1.5,0.069
2024-04-05,사직,롯데,두산,8,0.222,5.5,-1,2,9,7,0.364,4.5,-4,4,11,3.5,0.069
2024-04-05,잠실,LG,KT,4,0.6,2.0,2,5,11,10,0.182,6.5,-2,2,11,0.0,0.069
2024-04-05,창원,NC,SSG,5,0.6,2.0,-2,6,10,3,0.727,0.5,6,7,11,0.0,0.069
2024-04-06,고척,키움,한화,5,0.556,2.5,5,5,9,2,0.727,0.5,-1,8,11,0.0,0.076
2024-04-06,광주,KIA,삼성,1,0.8,0.0,3,8,10,10,0.2,6.0,-8,1,11,-2.5,0.076
2024-04-06,사직,롯데,두산,9,0.2,6.0,-2,2,10,7,0.417,4.0,1,4,12,3.5,0.076
2024-04-06,잠실,LG,KT,6,0.545,2.5,-1,5,12,8,0.25,6.0,1,3,12,0.0,0.076
2024-04-06,창원,NC,SSG,4,0.636,1.5,1,6,11,3,0.667,1.0,-1,6,12,-1.0,0.076
2024-04-07,고척,키움,한화,5,0.6,1.5,6,6,10,2,0.667,0.5,-2,7,12,0.0,0.083
2024-04-07,광주,KIA,삼성,1,0.727,0.0,-1,7,11,9,0.273,5.0,1,1,12,-1.5,0.083
2024-04-07,사직,롯데,두산,8,0.273,5.0,1,3,11,7,0.385,4.0,-1,3,13,3.5,0.083
2024-04-07,잠실,LG,KT,6,0.583,1.5,1,5,13,10,0.231,6.0,-1,3,13,0.0,0.083
2024-04-07,창원,NC,SSG,3,0.667,0.5,2,7,12,4,0.615,1.0,-2,6,13,-1.0,0.083
2024-04-09,광주,KIA,LG,2,0.667,0.5,-2,6,12,4,0.615,1.0,2,6,14,-0.5,0.09
2024-04-09,문학,SSG,키움,6,0.571,1.5,-3,6,14,3,0.636,1.0,7,7,11,0.5,0.09
2024-04-09,사직,롯데,삼성,8,0.333,4.5,2,4,12,9,0.333,4.5,2,2,13,3.5,0.09
2024-04-09,잠실,두산,한화,7,0.357,4.5,-2,2,14,5,0.615,1.0,-3,6,13,3.5,0.09
2024-04-09,창원,NC,KT,1,0.692,0.0,3,7,13,10,0.214,6.5,-2,3,14,-1.0,0.09
2024-04-10,광주,KIA,LG,1,0.692,0.0,1,6,13,5,0.571,1.5,-1,5,15,-1.5,0.097
2024-04-10,문학,SSG,키움,3,0.6,1.0,1,7,15,4,0.583,1.5,-1,7,12,-0.5,0.097
2024-04-10,사직,롯데,삼성,9,0.308,5.0,-1,4,13,8,0.385,4.0,3,3,14,3.5,0.097
2024-04-10,잠실,두산,한화,7,0.4,4.0,1,3,15,6,0.571,1.5,-4,5,14,2.5,0.097
2024-04-10,창원,NC,KT,2,0.643,0.5,-1,6,14,10,0.267,6.0,1,3,15,-1.0,0.097
2024-04-11,광주,KIA,LG,1,0.714,0.0,2,6,14,5,0.533,2.5,-2,4,16,-2.5,0.104
2024-04-11,문학,SSG,키움,3,0.625,1.0,2,7,16,4,0.538,2.5,-2,7,13,-1.5,0.104
2024-04-11,사직,롯데,삼성,9,0.286,6.0,-2,4,14,8,0.429,4.0,4,4,15,3.5,0.104
2024-04-11,잠실,두산,한화,7,0.438,4.0,2,4,16,6,0.533,2.5,-5,4,15,1.5,0.104
2024-04-11,창원,NC,KT,2,0.667,0.5,1,7,15,10,0.25,7.0,-1,3,16,-2.0,0.104
2024-04-12,고척,키움,롯데,4,0.571,2.5,1,8,14,9,0.267,7.0,-3,3,15,0.0,0.111
2024-04-12,대구,삼성,NC,7,0.467,4.0,5,5,16,2,0.688,0.5,2,7,16,1.5,0.111
2024-04-12,수원,KT,SSG,10,0.235,8.0,-2,3,17,3,0.588,2.0,-1,6,17,5.5,0.111
2024-04-12,잠실,두산,LG,8,0.412,5.0,-1,3,17,6,0.5,3.5,-3,4,17,2.5,0.111
2024-04-12,한밭,한화,KIA,5,0.562,2.5,1,4,16,1,0.733,0.0,3,7,15,0.0,0.111
2024-04-13,고척,키움,롯데,3,0.6,2.5,2,8,15,10,0.25,8.0,-4,3,16,-1.0,0.118
2024-04-13,대구,삼성,NC,7,0.438,5.0,-1,5,17,2,0.706,0.5,3,7,17,1.5,0.118
2024-04-13,수원,KT,SSG,9,0.278,8.0,1,4,18,4,0.556,3.0,-2,5,18,4.5,0.118
2024-04-13,잠실,두산,LG,8,0.389,6.0,-2,3,18,5,0.529,3.5,1,5,18,2.5,0.118
2024-04-13,한밭,한화,KIA,6,0.529,3.5,-1,3,17,1,0.75,0.0,4,7,16,0.0,0.118
2024-04-14,고척,키움,롯데,3,0.625,2.5,3,8,16,10,0.235,9.0,-5,3,17,-2.0,0.125
2024-04-14,대구,삼성,NC,8,0.412,6.0,-2,5,18,2,0.722,0.5,4,7,18,1.5,0.125
2024-04-14,수원,KT,SSG,9,0.263,9.0,-1,3,19,4,0.579,3.0,1,5,19,4.5,0.125
2024-04-14,잠실,두산,LG,7,0.421,6.0,1,4,19,5,0.5,4.5,-1,5,19,1.5,0.125
2024-04-14,한밭,한화,KIA,6,0.5,4.5,-2,2,18,1,0.765,0.0,5,8,17,0.0,0.125
2024-04-16,고척,키움,KT,3,0.647,2.5,4,8,17,9,0.25,10.0,-2,3,20,-3.0,0.132
2024-04-16,대구,삼성,두산,8,0.444,6.0,1,6,19,7,0.45,6.0,2,5,20,0.5,0.132
2024-04-16,문학,SSG,KIA,4,0.6,3.0,2,5,20,1,0.778,0.0,6,8,18,-2.5,0.132
2024-04-16,잠실,LG,롯데,5,0.474,5.5,-2,4,20,10,0.222,10.0,-6,2,18,0.0,0.132
2024-04-16,창원,NC,한화,2,0.684,1.5,-1,7,19,6,0.474,5.5,-3,2,19,-4.0,0.132
2024-04-17,고척,키움,KT,2,0.667,1.5,5,8,18,9,0.238,10.0,-3,3,21,-3.0,0.139
2024-04-17,대구,삼성,두산,7,0.474,5.0,2,7,20,8,0.429,6.0,-1,5,21,0.5,0.139
2024-04-17,문학,SSG,KIA,4,0.619,2.0,3,5,21,1,0.737,0.0,-1,7,19,-2.5,0.139
2024-04-17,잠실,LG,롯데,5,0.5,4.5,1,4,21,10,0.211,10.0,-7,2,19,0.0,0.139
2024-04-17,창원,NC,한화,3,0.65,1.5,-2,7,20,6,0.5,4.5,1,2,20,-3.0,0.139
2024-04-18,고척,키움,KT,3,0.632,2.5,-1,7,19,9,0.273,10.0,1,3,22,-2.0,0.146
2024-04-18,대구,삼성,두산,6,0.5,5.0,3,8,21,8,0.409,7.0,-2,4,22,0.5,0.146
2024-04-18,문학,SSG,KIA,4,0.591,3.0,-1,5,22,1,0.75,0.0,1,7,20,-1.5,0.146
2024-04-18,잠실,LG,롯데,5,0.524,4.5,2,5,22,10,0.2,11.0,-8,2,20,0.0,0.146
2024-04-18,창원,NC,한화,2,0.667,1.5,1,7,21,7,0.476,5.5,-1,2,21,-3.0,0.146
2024-04-19,광주,KIA,NC,1,0.714,0.0,-1,7,21,2,0.667,1.0,1,7,21,-4.0,0.151
2024-04-19,문학,SSG,LG,3,0.609,2.0,1,6,23,6,0.5,4.5,-1,4,23,-2.0,0.151
2024-04-19,사직,롯데,KT,10,0.238,10.0,1,2,21,9,0.304,9.0,2,4,23,6.0,0.151
2024-04-19,잠실,두산,키움,8,0.391,7.0,-3,4,23,4,0.6,2.5,-2,6,20,3.0,0.151
2024-04-19,한밭,한화,삼성,7,0.476,5.0,-1,2,21,5,0.524,4.0,4,8,22,1.0,0.151
2024-04-20,광주,KIA,NC,1,0.727,0.0,1,8,22,2,0.636,2.0,-1,6,22,-4.5,0.158
2024-04-20,문학,SSG,LG,3,0.583,3.0,-1,6,24,5,0.522,4.5,1,4,24,-1.5,0.158
2024-04-20,사직,롯데,KT,10,0.273,10.0,2,2,22,9,0.292,10.0,-1,4,24,5.5,0.158
2024-04-20,잠실,두산,키움,8,0.417,7.0,1,5,24,4,0.571,3.5,-3,5,21,2.5,0.158
2024-04-20,한밭,한화,삼성,7,0.5,5.0,1,3,22,6,0.5,5.0,-1,7,23,0.5,0.158
2024-04-21,광주,KIA,NC,1,0.739,0.0,2,8,23,2,0.609,3.0,-2,5,23,-5.0,0.161
2024-04-21,문학,SSG,LG,3,0.583,3.5,-1,6,24,6,0.522,5.0,1,4,24,-1.5,0.161
2024-04-21,문학,SSG,LG,3,0.583,3.5,-1,6,24,6,0.522,5.0,1,4,24,-1.5,0.161
2024-04-21,사직,롯데,KT,10,0.273,10.5,2,2,22,9,0.292,10.5,-1,4,24,5.5,0.161
2024-04-21,사직,롯데,KT,10,0.273,10.5,2,2,22,9,0.292,10.5,-1,4,24,5.5,0.161
2024-04-21,잠실,두산,키움,8,0.417,7.5,1,5,24,4,0.571,4.0,-3,5,21,2.5,0.161
2024-04-21,잠실,두산,키움,8,0.417,7.5,1,5,24,4,0.571,4.0,-3,5,21,2.5,0.161
2024-04-21,한밭,한화,삼성,7,0.478,6.0,-1,3,23,5,0.522,5.0,1,7,24,1.0,0.161
2024-04-23,고척,키움,KIA,3,0.565,3.5,-1,6,23,1,0.708,0.0,-1,7,24,-0.5,0.172
2024-04-23,대구,삼성,LG,5,0.542,4.0,2,7,25,6,0.542,4.0,2,5,26,0.0,0.172
2024-04-23,사직,롯데,SSG,9,0.304,9.5,3,3,24,4,0.56,3.5,-2,4,26,5.5,0.172
2024-04-23,수원,KT,한화,10,0.28,10.5,-2,3,26,7,0.458,6.0,-2,3,24,6.5,0.172
2024-04-23,잠실,두산,NC,8,0.423,7.0,1,4,26,2,0.625,2.0,1,6,24,3.0,0.172
2024-04-24,고척,키움,KIA,5,0.542,4.5,-2,5,24,1,0.72,0.0,1,7,25,0.0,0.178
2024-04-24,대구,삼성,LG,4,0.56,4.0,3,7,26,6,0.52,5.0,-1,5,27,-0.5,0.178
2024-04-24,사직,롯데,SSG,10,0.304,10.0,3,3,24,3,0.56,4.0,-2,4,26,5.5,0.178
2024-04-24,수원,KT,한화,9,0.308,10.5,1,4,27,8,0.44,7.0,-3,3,25,6.0,0.178
2024-04-24,잠실,두산,NC,7,0.444,7.0,2,5,27,2,0.6,3.0,-1,5,25,2.5,0.178
2024-04-25,고척,키움,KIA,5,0.52,5.5,-3,4,25,1,0.731,0.0,2,7,26,0.0,0.185
2024-04-25,대구,삼성,LG,4,0.577,4.0,4,8,27,6,0.5,6.0,-2,4,28,-1.5,0.185
2024-04-25,사직,롯데,SSG,10,0.292,11.0,-1,3,25,3,0.577,4.0,1,5,27,5.5,0.185
2024-04-25,수원,KT,한화,9,0.333,10.5,2,4,28,8,0.423,8.0,-4,2,26,5.0,0.185
2024-04-25,잠실,두산,NC,7,0.429,8.0,-1,5,28,2,0.615,3.0,1,5,26,2.5,0.185
2024-04-26,고척,키움,삼성,6,0.5,6.5,-4,3,26,4,0.556,5.0,-1,8,28,0.5,0.192
2024-04-26,문학,SSG,KT,3,0.556,5.0,-1,5,28,9,0.357,10.5,3,5,29,-1.0,0.192
2024-04-26,잠실,LG,KIA,5,0.519,6.0,1,5,29,1,0.741,0.0,3,7,27,0.0,0.192
2024-04-26,창원,NC,롯데,2,0.593,4.0,-1,4,27,10,0.32,11.0,1,4,26,-2.0,0.192
2024-04-26,한밭,한화,두산,8,0.407,9.0,-5,2,27,7,0.448,8.0,1,5,29,3.0,0.192
2024-04-27,고척,키움,삼성,6,0.481,6.5,-5,2,27,4,0.571,4.0,1,8,29,1.5,0.199
2024-04-27,문학,SSG,KT,3,0.571,4.0,1,5,29,9,0.345,10.5,-1,5,30,-1.0,0.199
2024-04-27,잠실,LG,KIA,5,0.536,5.0,2,6,30,1,0.714,0.0,-1,6,28,0.0,0.199
2024-04-27,창원,NC,롯데,2,0.607,3.0,1,4,28,10,0.308,11.0,-1,4,27,-2.0,0.199
2024-04-27,한밭,한화,두산,8,0.393,9.0,-6,2,28,7,0.467,7.0,2,5,30,4.0,0.199
2024-04-28,고척,키움,삼성,6,0.464,6.5,-6,1,28,3,0.586,3.0,2,8,30,2.5,0.206
2024-04-28,문학,SSG,KT,4,0.552,4.0,-1,4,30,9,0.367,9.5,1,6,31,0.0,0.206
2024-04-28,잠실,LG,KIA,5,0.552,4.0,3,6,31,1,0.69,0.0,-2,6,29,0.0,0.206
2024-04-28,창원,NC,롯데,2,0.621,2.0,2,5,29,10,0.296,11.0,-2,4,28,-2.0,0.206
2024-04-28,한밭,한화,두산,8,0.414,8.0,1,3,29,7,0.452,7.0,-1,5,31,4.0,0.206
2024-04-30,광주,KIA,KT,1,0.7,0.0,1,6,30,9,0.355,10.5,-1,5,32,-5.0,0.212
2024-04-30,사직,롯데,키움,10,0.286,12.0,-3,4,29,7,0.448,7.5,-7,1,29,7.0,0.212
2024-04-30,잠실,두산,삼성,6,0.469,7.0,1,6,32,3,0.6,3.0,3,8,31,2.0,0.212
2024-04-30,창원,NC,LG,2,0.633,2.0,3,6,30,5,0.533,5.0,-1,5,32,-3.0,0.212
2024-04-30,한밭,한화,SSG,8,0.4,9.0,-1,2,30,4,0.567,4.0,1,4,31,4.0,0.212
2024-05-01,광주,KIA,KT,1,0.677,0.0,-1,6,31,9,0.375,9.5,1,5,33,-5.0,0.219
2024-05-01,사직,롯데,키움,10,0.276,12.0,-4,4,30,7,0.467,6.5,1,2,30,7.0,0.219
2024-05-01,잠실,두산,삼성,6,0.485,6.0,2,7,33,3,0.581,3.0,-1,7,32,1.0,0.219
2024-05-01,창원,NC,LG,2,0.645,1.0,4,6,31,5,0.516,5.0,-2,5,33,-4.0,0.219
2024-05-01,한밭,한화,SSG,8,0.419,8.0,1,3,31,4,0.548,4.0,-1,4,32,3.0,0.219
2024-05-02,광주,KIA,KT,1,0.688,0.0,1,6,32,9,0.364,10.5,-1,5,34,-5.0,0.226
2024-05-02,사직,롯데,키움,10,0.267,13.0,-5,3,31,6,0.484,6.5,2,3,31,8.0,0.226
2024-05-02,잠실,두산,삼성,7,0.471,7.0,-1,6,34,3,0.594,3.0,1,8,33,2.0,0.226
2024-05-02,창원,NC,LG,2,0.625,2.0,-1,6,32,5,0.531,5.0,1,5,34,-3.0,0.226
2024-05-02,한밭,한화,SSG,8,0.406,9.0,-1,2,32,4,0.562,4.0,1,4,33,4.0,0.226
2024-05-03,광주,KIA,한화,1,0.667,0.0,-1,5,33,8,0.394,9.0,-2,2,33,-4.0,0.233
2024-05-03,대구,삼성,롯데,2,0.606,2.0,2,8,34,10,0.29,12.0,1,3,32,-2.0,0.233
2024-05-03,문학,SSG,NC,4,0.576,3.0,2,5,34,3,0.606,2.0,-2,6,33,-1.0,0.233
2024-05-03,수원,KT,키움,9,0.382,9.5,1,6,35,6,0.469,6.5,-1,2,32,5.5,0.233
2024-05-03,잠실,LG,두산,5,0.545,4.0,2,5,35,7,0.457,7.0,-2,6,35,0.0,0.233
2024-05-04,광주,KIA,한화,1,0.647,0.0,-2,5,34,8,0.412,8.0,1,3,34,-4.0,0.24
2024-05-04,대구,삼성,롯데,3,0.588,2.0,-1,7,35,10,0.312,11.0,2,4,33,-2.0,0.24
2024-05-04,문학,SSG,NC,4,0.559,3.0,-1,5,35,2,0.618,1.0,1,6,34,-1.0,0.24
2024-05-04,수원,KT,키움,9,0.4,8.5,2,7,36,7,0.455,6.5,-2,2,33,4.5,0.24
2024-05-04,잠실,LG,두산,5,0.529,4.0,-1,5,36,6,0.472,6.0,1,6,36,0.0,0.24
2024-05-05,광주,KIA,한화,1,0.657,0.0,1,5,35,9,0.4,9.0,-1,3,35,-5.0,0.247
2024-05-05,대구,삼성,롯데,3,0.571,3.0,-2,6,36,10,0.333,11.0,3,4,34,-2.0,0.247
2024-05-05,문학,SSG,NC,4,0.543,4.0,-2,5,36,2,0.629,1.0,2,7,35,-1.0,0.247
2024-05-05,수원,KT,키움,8,0.417,8.5,3,7,37,7,0.441,7.5,-3,2,34,3.5,0.247
2024-05-05,잠실,LG,두산,5,0.514,5.0,-2,5,37,6,0.486,6.0,2,6,37,0.0,0.247
2024-05-07,고척,키움,두산,7,0.441,7.5,-3,2,34,6,0.486,6.0,2,6,37,2.5,0.247
2024-05-07,대구,삼성,KIA,3,0.571,3.0,-2,6,36,1,0.657,0.0,1,5,35,-2.0,0.247
2024-05-07,사직,롯데,한화,10,0.333,11.0,3,4,34,9,0.4,9.0,-1,3,35,6.0,0.247
2024-05-07,수원,KT,NC,8,0.417,8.5,3,7,37,2,0.629,1.0,2,7,35,3.5,0.247
2024-05-07,잠실,LG,SSG,5,0.514,5.0,-2,5,37,4,0.543,4.0,-2,5,36,0.0,0.247
2024-05-08,고척,키움,두산,7,0.429,8.0,-4,2,35,5,0.5,5.5,3,7,38,2.5,0.25
2024-05-08,대구,삼성,KIA,3,0.571,3.0,-2,6,36,1,0.657,0.0,1,5,35,-2.5,0.25
2024-05-08,사직,롯데,한화,10,0.333,11.0,3,4,34,9,0.4,9.0,-1,3,35,5.5,0.25
2024-05-08,수원,KT,NC,8,0.417,8.5,3,7,37,2,0.629,1.0,2,7,35,3.0,0.25
2024-05-08,잠실,LG,SSG,6,0.5,5.5,-3,5,38,4,0.556,3.5,1,5,37,0.0,0.25
2024-05-09,고척,키움,두산,8,0.417,9.0,-5,2,36,6,0.513,5.5,4,7,39,3.5,0.257
2024-05-09,대구,삼성,KIA,3,0.556,4.0,-3,5,37,1,0.667,0.0,2,5,36,-1.5,0.257
2024-05-09,사직,롯데,한화,10,0.353,11.0,4,5,35,9,0.389,10.0,-2,3,36,5.5,0.257
2024-05-09,수원,KT,NC,7,0.432,8.5,4,7,38,2,0.611,2.0,-1,6,36,3.0,0.257
2024-05-09,잠실,LG,SSG,5,0.514,5.5,1,5,39,4,0.541,4.5,-1,5,38,0.0,0.257
2024-05-10,광주,KIA,SSG,1,0.649,0.0,-1,4,37,4,0.526,4.5,-2,4,39,-4.5,0.264
2024-05-10,사직,롯데,LG,10,0.371,10.0,5,5,36,5,0.526,4.5,2,5,40,5.5,0.264
2024-05-10,잠실,두산,KT,6,0.525,4.5,5,7,40,7,0.447,7.5,5,7,39,0.0,0.264
2024-05-10,창원,NC,삼성,2,0.595,2.0,-2,6,37,3,0.568,3.0,1,6,38,-2.5,0.264
2024-05-10,한밭,한화,키움,9,0.378,10.0,-3,3,37,8,0.405,9.0,-6,2,37,5.5,0.264
2024-05-11,광주,KIA,SSG,1,0.632,0.0,-2,4,38,4,0.538,3.5,1,5,40,-3.5,0.271
2024-05-11,사직,롯데,LG,10,0.361,10.0,-1,5,37,5,0.538,3.5,3,5,41,6.5,0.271
2024-05-11,잠실,두산,KT,6,0.537,3.5,6,8,41,7,0.436,7.5,-1,7,40,0.0,0.271
2024-05-11,창원,NC,삼성,2,0.605,1.0,1,6,38,3,0.553,3.0,-1,5,39,-2.5,0.271
2024-05-11,한밭,한화,키움,9,0.395,9.0,1,4,38,8,0.395,9.0,-7,2,38,5.5,0.271
2024-05-12,광주,KIA,SSG,1,0.632,0.0,-2,4,38,5,0.538,3.5,1,5,40,-3.5,0.275
2024-05-12,광주,KIA,SSG,1,0.632,0.0,-2,4,38,5,0.538,3.5,1,5,40,-3.5,0.275
2024-05-12,사직,롯데,LG,10,0.351,10.5,-2,5,38,4,0.55,3.0,4,6,42,7.0,0.275
2024-05-12,잠실,두산,KT,6,0.537,3.5,6,8,41,7,0.436,7.5,-1,7,40,0.0,0.275
2024-05-12,잠실,두산,KT,6,0.537,3.5,6,8,41,7,0.436,7.5,-1,7,40,0.0,0.275
2024-05-12,창원,NC,삼성,2,0.59,1.5,-1,5,39,3,0.564,2.5,1,5,40,-2.0,0.275
2024-05-12,한밭,한화,키움,9,0.385,9.5,-1,3,39,8,0.41,8.5,1,3,39,6.0,0.275
2024-05-14,광주,KIA,두산,1,0.625,0.0,-1,4,40,5,0.558,2.5,8,8,43,-2.5,0.285
2024-05-14,문학,SSG,삼성,6,0.537,3.5,1,5,42,2,0.575,2.0,2,5,41,1.0,0.285
2024-05-14,수원,KT,롯데,7,0.415,8.5,-3,6,42,10,0.342,11.0,-3,5,39,6.0,0.285
2024-05-14,잠실,LG,키움,4,0.561,2.5,5,7,43,8,0.4,9.0,-1,2,40,0.0,0.285
2024-05-14,한밭,한화,NC,9,0.4,9.0,1,4,40,3,0.575,2.0,-2,4,40,6.5,0.285
2024-05-15,광주,KIA,두산,1,0.61,0.0,-2,4,41,3,0.568,1.5,9,9,44,-2.5,0.292
2024-05-15,문학,SSG,삼성,5,0.548,2.5,2,5,43,4,0.561,2.0,-1,5,42,0.0,0.292
2024-05-15,수원,KT,롯데,7,0.429,7.5,1,6,43,10,0.333,11.0,-4,5,40,5.0,0.292
2024-05-15,잠실,LG,키움,6,0.548,2.5,-1,6,44,8,0.415,8.0,1,2,41,0.0,0.292
2024-05-15,한밭,한화,NC,9,0.4,8.5,1,3,41,2,0.575,1.5,-2,3,41,6.0,0.292
2024-05-16,광주,KIA,두산,1,0.619,0.0,1,4,42,4,0.556,2.5,-1,9,45,-3.0,0.294
2024-05-16,문학,SSG,삼성,5,0.548,3.0,2,5,43,3,0.561,2.5,-1,5,42,0.0,0.294
2024-05-16,수원,KT,롯데,7,0.429,8.0,1,6,43,10,0.333,11.5,-4,5,40,5.0,0.294
2024-05-16,잠실,LG,키움,6,0.548,3.0,-1,6,44,8,0.415,8.5,1,2,41,0.0,0.294
2024-05-16,한밭,한화,NC,9,0.39,9.5,-1,3,42,2,0.585,1.5,1,4,42,6.5,0.294
2024-05-17,고척,키움,SSG,7,0.429,8.0,2,3,42,5,0.535,3.5,-1,4,44,4.5,0.301
2024-05-17,대구,삼성,한화,3,0.571,2.0,1,5,43,9,0.381,10.0,-2,3,43,-1.5,0.301
2024-05-17,수원,KT,LG,8,0.419,8.5,-1,6,44,6,0.535,3.5,-2,5,45,5.0,0.301
2024-05-17,잠실,두산,롯데,4,0.556,2.5,-1,8,46,10,0.35,11.0,1,6,41,-1.0,0.301
2024-05-17,창원,NC,KIA,2,0.595,1.0,2,5,43,1,0.619,0.0,1,4,43,-2.5,0.301
2024-05-18,고척,키움,SSG,7,0.419,9.0,-1,3,43,4,0.545,3.5,1,5,45,5.5,0.308
2024-05-18,대구,삼성,한화,2,0.581,2.0,2,5,44,9,0.372,11.0,-3,2,44,-1.5,0.308
2024-05-18,수원,KT,LG,8,0.409,9.5,-2,5,45,5,0.545,3.5,1,6,46,6.0,0.308
2024-05-18,잠실,두산,롯데,6,0.543,3.5,-2,7,47,10,0.366,11.0,2,6,42,0.0,0.308
2024-05-18,창원,NC,KIA,3,0.581,2.0,-1,4,44,1,0.628,0.0,2,5,44,-1.5,0.308
2024-05-19,고척,키움,SSG,7,0.409,10.0,-2,3,44,4,0.556,3.5,2,6,46,6.5,0.315
2024-05-19,대구,삼성,한화,2,0.591,2.0,3,6,45,9,0.364,12.0,-4,2,45,-1.5,0.315
2024-05-19,수원,KT,LG,8,0.4,10.5,-3,4,46,5,0.556,3.5,2,7,47,7.0,0.315
2024-05-19,잠실,두산,롯데,6,0.553,3.5,1,7,48,10,0.357,12.0,-1,5,43,0.0,0.315
2024-05-19,창원,NC,KIA,3,0.568,3.0,-2,3,45,1,0.636,0.0,3,5,45,-0.5,0.315
2024-05-21,고척,키움,NC,7,0.422,10.0,1,4,45,3,0.556,4.0,-3,3,46,5.5,0.322
2024-05-21,대구,삼성,KT,2,0.578,3.0,-1,6,46,8,0.413,10.5,1,4,47,-1.5,0.322
2024-05-21,사직,롯데,KIA,10,0.357,12.5,-1,4,44,1,0.644,0.0,4,5,46,8.0,0.322
2024-05-21,잠실,두산,SSG,4,0.553,4.0,1,6,49,5,0.543,4.5,-1,5,47,-0.5,0.322
2024-05-21,한밭,한화,LG,9,0.378,12.0,1,3,46,6,0.543,4.5,-1,7,48,7.5,0.322
2024-05-22,고척,키움,NC,8,0.413,10.0,-1,4,46,3,0.565,3.0,1,4,47,5.5,0.329
2024-05-22,대구,삼성,KT,2,0.565,3.0,-2,6,47,7,0.426,9.5,2,4,48,-1.5,0.329
2024-05-22,사직,롯데,KIA,10,0.372,11.5,1,4,45,1,0.63,0.0,-1,5,47,7.0,0.329
2024-05-22,잠실,두산,SSG,4,0.562,3.0,2,6,50,5,0.532,4.5,-2,5,48,-1.5,0.329
2024-05-22,한밭,한화,LG,9,0.391,11.0,2,4,47,6,0.532,4.5,-2,6,49,6.5,0.329
2024-05-23,고척,키움,NC,8,0.404,10.0,-2,4,47,3,0.574,2.0,2,4,48,5.5,0.336
2024-05-23,대구,삼성,KT,2,0.574,2.0,1,6,48,7,0.417,9.5,-1,3,49,-2.5,0.336
2024-05-23,사직,롯데,KIA,10,0.386,10.5,2,4,46,1,0.617,0.0,-2,5,48,6.0,0.336
2024-05-23,잠실,두산,SSG,4,0.571,2.0,3,6,51,5,0.521,4.5,-3,5,49,-2.5,0.336
2024-05-23,한밭,한화,LG,9,0.404,10.0,3,4,48,6,0.521,4.5,-3,5,50,5.5,0.336
2024-05-24,광주,KIA,두산,1,0.604,0.0,-3,4,49,2,0.58,1.0,4,6,52,-3.5,0.343
2024-05-24,문학,SSG,한화,6,0.51,4.5,-4,4,50,10,0.396,10.0,-1,4,49,1.0,0.343
2024-05-24,사직,롯데,삼성,9,0.4,9.5,3,5,47,3,0.562,2.0,-1,6,49,6.0,0.343
2024-05-24,수원,KT,키움,7,0.429,8.5,1,4,50,8,0.417,9.0,1,5,48,5.0,0.343
2024-05-24,잠실,LG,NC,5,0.531,3.5,1,5,51,4,0.562,2.0,-1,4,49,0.0,0.343
2024-05-25,광주,KIA,두산,1,0.592,0.0,-4,4,50,2,0.588,0.0,5,6,53,-2.5,0.35
2024-05-25,문학,SSG,한화,6,0.5,4.5,-5,4,51,9,0.408,9.0,1,4,50,2.0,0.35
2024-05-25,사직,롯데,삼성,10,0.391,9.5,-1,5,48,3,0.571,1.0,1,6,50,7.0,0.35
2024-05-25,수원,KT,키움,7,0.44,7.5,2,5,51,8,0.408,9.0,-1,4,49,5.0,0.35
2024-05-25,잠실,LG,NC,5,0.54,2.5,2,5,52,4,0.551,2.0,-2,4,50,0.0,0.35
2024-05-26,광주,KIA,두산,1,0.6,0.0,1,5,51,2,0.577,1.0,-1,5,54,-3.0,0.357
2024-05-26,문학,SSG,한화,6,0.49,5.5,-6,3,52,8,0.42,9.0,2,5,51,2.5,0.357
2024-05-26,사직,롯데,삼성,9,0.404,9.5,1,6,49,3,0.56,2.0,-1,5,51,6.5,0.357
2024-05-26,수원,KT,키움,7,0.451,7.5,3,6,52,10,0.4,10.0,-2,4,50,4.5,0.357
2024-05-26,잠실,LG,NC,4,0.549,2.5,3,5,53,5,0.54,3.0,-3,4,51,-0.5,0.357
2024-05-28,대구,삼성,키움,4,0.549,3.0,-2,5,52,10,0.4,10.5,-2,4,50,-1.0,0.361
2024-05-28,문학,SSG,LG,6,0.49,6.0,-6,3,52,3,0.558,2.5,4,6,54,2.0,0.361
2024-05-28,잠실,두산,KT,2,0.566,2.0,-2,5,55,7,0.451,8.0,3,6,52,-2.0,0.361
2024-05-28,창원,NC,KIA,5,0.529,4.0,-4,3,52,1,0.608,0.0,2,5,52,0.0,0.361
2024-05-28,한밭,한화,롯데,8,0.42,9.5,2,5,51,9,0.417,9.5,2,7,50,5.5,0.361
2024-05-29,대구,삼성,키움,4,0.538,4.0,-3,4,53,9,0.412,10.5,1,4,51,-1.0,0.368
2024-05-29,문학,SSG,LG,6,0.481,7.0,-7,2,53,2,0.566,2.5,5,7,55,2.0,0.368
2024-05-29,잠실,두산,KT,3,0.556,3.0,-3,5,56,7,0.462,8.0,4,6,53,-2.0,0.368
2024-05-29,창원,NC,KIA,5,0.519,5.0,-5,2,53,1,0.615,0.0,3,6,53,0.0,0.368
2024-05-29,한밭,한화,롯데,8,0.431,9.5,3,6,52,10,0.408,10.5,-1,6,51,4.5,0.368
2024-05-30,대구,삼성,키움,4,0.528,5.0,-4,3,54,9,0.423,10.5,2,4,52,-1.0,0.375
2024-05-30,문학,SSG,LG,6,0.472,8.0,-8,2,54,2,0.574,2.5,6,7,56,2.0,0.375
2024-05-30,잠실,두산,KT,3,0.564,3.0,1,6,57,7,0.453,9.0,-1,6,54,-3.0,0.375
2024-05-30,창원,NC,KIA,5,0.509,6.0,-6,2,54,1,0.623,0.0,4,6,54,0.0,0.375
2024-05-30,한밭,한화,롯데,8,0.442,9.5,4,7,53,10,0.4,11.5,-2,5,52,3.5,0.375
2024-05-31,고척,키움,SSG,9,0.415,11.5,-1,4,53,6,0.481,8.0,1,2,55,4.5,0.382
2024-05-31,광주,KIA,KT,1,0.63,0.0,5,6,55,8,0.444,10.0,-2,6,55,-7.0,0.382
2024-05-31,대구,삼성,한화,4,0.537,5.0,1,3,55,7,0.453,9.5,5,8,54,-2.0,0.382
2024-05-31,사직,롯데,NC,10,0.392,12.5,-3,5,53,5,0.5,7.0,-7,2,55,5.5,0.382
2024-05-31,잠실,두산,LG,2,0.571,3.0,2,6,58,3,0.564,3.5,-1,6,57,-4.0,0.382
2024-06-01,고척,키움,SSG,9,0.407,11.5,-2,4,54,5,0.491,7.0,2,2,56,4.5,0.389
2024-06-01,광주,KIA,KT,1,0.618,0.0,-1,5,56,7,0.455,9.0,1,7,56,-7.0,0.389
2024-06-01,대구,삼성,한화,4,0.545,4.0,2,4,56,8,0.444,9.5,-1,8,55,-3.0,0.389
2024-06-01,사직,롯데,NC,10,0.404,11.5,1,6,54,6,0.491,7.0,-8,2,56,4.5,0.389
2024-06-01,잠실,두산,LG,3,0.561,3.0,-1,6,59,2,0.571,2.5,1,7,58,-4.0,0.389
2024-06-02,고척,키움,SSG,9,0.4,12.5,-3,3,55,5,0.5,7.0,3,3,57,5.5,0.396
2024-06-02,광주,KIA,KT,1,0.625,0.0,1,6,57,7,0.446,10.0,-1,6,57,-7.0,0.396
2024-06-02,대구,삼성,한화,3,0.554,4.0,3,5,57,8,0.436,10.5,-2,7,56,-3.0,0.396
2024-06-02,사직,롯데,NC,10,0.396,12.5,-1,5,55,6,0.5,7.0,1,2,57,5.5,0.396
2024-06-02,잠실,두산,LG,4,0.552,4.0,-2,5,60,2,0.579,2.5,2,8,59,-3.0,0.396
2024-06-04,광주,KIA,롯데,1,0.614,0.0,-1,6,58,9,0.407,11.5,1,5,56,-6.0,0.403
2024-06-04,문학,SSG,삼성,5,0.509,6.0,4,4,58,3,0.561,3.0,4,5,58,0.0,0.403
2024-06-04,수원,KT,한화,7,0.456,9.0,1,6,58,8,0.429,10.5,-3,6,57,3.0,0.403
2024-06-04,잠실,LG,키움,2,0.586,1.5,3,9,60,10,0.393,12.5,-4,3,56,-4.5,0.403
2024-06-04,창원,NC,두산,6,0.491,7.0,-1,1,58,4,0.542,4.0,-3,4,61,1.0,0.403
2024-06-05,광주,KIA,롯데,1,0.603,0.0,-2,6,59,9,0.418,10.5,2,5,57,-6.0,0.41
2024-06-05,문학,SSG,삼성,5,0.5,6.0,-1,4,59,3,0.569,2.0,5,6,59,0.0,0.41
2024-06-05,수원,KT,한화,7,0.448,9.0,-1,6,59,8,0.439,9.5,1,6,58,3.0,0.41
2024-06-05,잠실,LG,키움,2,0.576,1.5,-1,8,61,10,0.404,11.5,1,4,57,-4.5,0.41
2024-06-05,창원,NC,두산,6,0.483,7.0,-2,1,59,4,0.55,3.0,1,4,62,1.0,0.41
2024-06-06,광주,KIA,롯데,1,0.593,0.0,-3,6,60,9,0.429,9.5,3,6,58,-5.0,0.417
2024-06-06,문학,SSG,삼성,5,0.508,5.0,1,5,60,3,0.559,2.0,-1,5,60,0.0,0.417
2024-06-06,수원,KT,한화,8,0.441,9.0,-2,5,60,7,0.448,8.5,2,7,59,4.0,0.417
2024-06-06,잠실,LG,키움,2,0.583,0.5,1,8,62,10,0.397,11.5,-1,3,58,-4.5,0.417
2024-06-06,창원,NC,두산,6,0.475,7.0,-3,1,60,4,0.557,2.0,2,4,63,2.0,0.417
2024-06-07,고척,키움,삼성,10,0.39,12.5,-2,3,59,4,0.55,3.0,-2,5,61,7.5,0.424
2024-06-07,사직,롯데,SSG,9,0.421,10.5,-1,5,59,5,0.517,5.0,2,6,61,5.5,0.424
2024-06-07,수원,KT,LG,8,0.433,10.0,-3,4,61,2,0.59,0.5,2,8,63,5.0,0.424
2024-06-07,잠실,두산,KIA,3,0.565,2.0,3,5,64,1,0.6,0.0,1,6,61,-3.0,0.424
2024-06-07,한밭,한화,NC,7,0.458,8.5,3,7,60,6,0.467,8.0,-4,1,61,3.5,0.424
2024-06-08,고척,키움,삼성,10,0.4,12.0,1,4,60,4,0.541,3.5,-3,5,62,6.5,0.431
2024-06-08,사직,롯데,SSG,8,0.431,10.0,1,5,60,5,0.508,5.5,-1,6,62,4.5,0.431
2024-06-08,수원,KT,LG,9,0.426,10.5,-4,3,62,1,0.597,0.0,3,8,64,5.0,0.431
2024-06-08,잠실,두산,KIA,3,0.571,1.5,4,6,65,2,0.59,0.5,-1,5,62,-4.0,0.431
2024-06-08,한밭,한화,NC,7,0.45,9.0,-1,6,61,6,0.475,7.5,1,2,62,3.5,0.431
2024-06-09,고척,키움,삼성,10,0.41,12.0,2,4,61,4,0.532,4.5,-4,5,63,6.0,0.436
2024-06-09,사직,롯데,SSG,8,0.431,10.5,1,5,60,5,0.508,6.0,-1,6,62,4.5,0.436
2024-06-09,사직,롯데,SSG,8,0.431,10.5,1,5,60,5,0.508,6.0,-1,6,62,4.5,0.436
2024-06-09,수원,KT,LG,9,0.419,11.5,-5,2,63,1,0.603,0.0,4,8,65,5.5,0.436
2024-06-09,잠실,두산,KIA,3,0.578,1.5,5,7,66,2,0.581,1.5,-2,4,63,-4.5,0.436
2024-06-09,한밭,한화,NC,7,0.443,10.0,-2,5,62,6,0.484,7.5,2,3,63,4.0,0.436
2024-06-11,대구,삼성,LG,4,0.54,3.5,1,6,64,1,0.594,0.0,-1,7,66,-2.0,0.444
2024-06-11,문학,SSG,KIA,5,0.508,5.5,-1,7,64,2,0.587,0.5,1,4,64,0.0,0.444
2024-06-11,사직,롯데,키움,8,0.433,10.0,1,6,62,10,0.403,12.0,-1,3,62,4.5,0.444
2024-06-11,잠실,두산,한화,3,0.569,1.5,-1,6,67,7,0.443,9.5,-2,4,63,-4.0,0.444
2024-06-11,창원,NC,KT,6,0.484,7.0,2,3,64,9,0.429,10.5,1,3,64,1.5,0.444
2024-06-12,대구,삼성,LG,4,0.547,2.5,2,6,65,1,0.585,0.0,-2,7,67,-2.0,0.451
2024-06-12,문학,SSG,KIA,5,0.516,4.5,1,7,65,2,0.578,0.5,-1,3,65,0.0,0.451
2024-06-12,사직,롯데,키움,8,0.426,10.0,-1,6,63,10,0.413,11.0,1,4,63,5.5,0.451
2024-06-12,잠실,두산,한화,3,0.561,1.5,-2,5,68,7,0.452,8.5,1,4,64,-3.0,0.451
2024-06-12,창원,NC,KT,6,0.492,6.0,3,4,65,9,0.422,10.5,-1,3,65,1.5,0.451
2024-06-13,대구,삼성,LG,3,0.554,2.0,3,6,66,2,0.576,0.5,-3,6,68,-3.0,0.458
2024-06-13,문학,SSG,KIA,5,0.508,5.0,-1,6,66,1,0.585,0.0,1,4,66,0.0,0.458
2024-06-13,사직,롯데,키움,8,0.435,9.5,1,6,64,10,0.406,11.5,-1,4,64,4.5,0.458
2024-06-13,잠실,두산,한화,4,0.552,2.0,-3,5,69,7,0.46,8.0,2,5,65,-3.0,0.458
2024-06-13,창원,NC,KT,6,0.484,6.5,-1,4,66,9,0.431,10.0,1,3,66,1.5,0.458
2024-06-14,고척,키움,두산,10,0.4,11.5,-2,4,65,4,0.559,1.0,1,6,70,7.5,0.465
2024-06-14,수원,KT,KIA,9,0.424,10.0,-1,3,67,1,0.576,0.0,-1,3,67,6.0,0.465
2024-06-14,잠실,LG,롯데,2,0.567,0.5,-4,5,69,8,0.444,8.5,2,7,65,-3.5,0.465
2024-06-14,창원,NC,삼성,6,0.492,5.5,1,4,67,3,0.561,1.0,4,6,67,1.5,0.465
2024-06-14,한밭,한화,SSG,7,0.453,8.0,-1,5,66,5,0.515,4.0,1,6,67,4.0,0.465
2024-06-15,고척,키움,두산,10,0.394,12.5,-3,4,66,4,0.565,1.0,2,7,71,8.5,0.472
2024-06-15,수원,KT,KIA,9,0.418,11.0,-2,2,68,1,0.582,0.0,1,4,68,7.0,0.472
2024-06-15,잠실,LG,롯데,2,0.574,0.5,1,5,70,8,0.438,9.5,-1,6,66,-3.5,0.472
2024-06-15,창원,NC,삼성,6,0.485,6.5,-1,4,68,3,0.567,1.0,5,6,68,2.5,0.472
2024-06-15,한밭,한화,SSG,7,0.446,9.0,-2,5,67,5,0.522,4.0,2,6,68,5.0,0.472
2024-06-16,고척,키움,두산,10,0.388,13.5,-4,3,67,2,0.571,1.0,3,7,72,9.5,0.479
2024-06-16,수원,KT,KIA,9,0.412,12.0,-3,2,69,1,0.588,0.0,2,5,69,8.0,0.479
2024-06-16,잠실,LG,롯데,3,0.565,1.5,-1,5,71,7,0.446,9.5,1,6,67,-2.5,0.479
2024-06-16,창원,NC,삼성,6,0.493,6.5,1,5,69,4,0.559,2.0,-1,5,69,2.5,0.479
2024-06-16,한밭,한화,SSG,8,0.439,10.0,-3,4,68,5,0.529,4.0,3,7,69,6.0,0.479
2024-06-18,광주,KIA,LG,1,0.594,0.0,3,6,70,2,0.571,1.5,1,5,72,-5.0,0.486
2024-06-18,대구,삼성,SSG,4,0.551,3.0,-2,5,70,5,0.522,5.0,-1,6,70,-2.0,0.486
2024-06-18,수원,KT,롯데,9,0.406,13.0,-4,2,70,8,0.439,10.5,-1,5,68,8.0,0.486
2024-06-18,잠실,두산,NC,3,0.563,2.0,-1,6,73,6,0.5,6.5,2,6,70,-3.0,0.486
2024-06-18,청주,한화,키움,7,0.448,10.0,1,4,69,10,0.397,13.5,1,4,68,5.0,0.486
2024-06-19,광주,KIA,LG,1,0.6,0.0,4,6,71,3,0.563,2.5,-1,4,73,-5.0,0.493
2024-06-19,대구,삼성,SSG,4,0.543,4.0,-3,5,71,5,0.529,5.0,1,6,71,-1.0,0.493
2024-06-19,수원,KT,롯데,9,0.414,13.0,1,3,71,8,0.433,11.5,-2,5,69,8.0,0.493
2024-06-19,잠실,두산,NC,2,0.569,2.0,1,6,74,6,0.493,7.5,-1,6,71,-3.0,0.493
2024-06-19,청주,한화,키움,7,0.456,10.0,2,4,70,10,0.391,14.5,-1,4,69,5.0,0.493
2024-06-20,광주,KIA,LG,1,0.592,0.0,-1,6,72,2,0.569,1.5,1,4,74,-5.0,0.5
2024-06-20,대구,삼성,SSG,4,0.549,3.0,1,6,72,5,0.521,5.0,-1,6,72,-2.0,0.5
2024-06-20,수원,KT,롯데,9,0.408,13.0,-1,3,72,8,0.441,10.5,1,5,70,8.0,0.5
2024-06-20,잠실,두산,NC,3,0.562,2.0,-1,5,75,6,0.5,6.5,1,6,72,-3.0,0.5
2024-06-20,청주,한화,키움,7,0.464,9.0,3,5,71,10,0.386,14.5,-2,3,70,4.0,0.5
2024-06-21,고척,키움,롯데,10,0.394,14.5,1,3,71,8,0.435,11.5,-1,5,71,8.5,0.507
2024-06-21,광주,KIA,한화,1,0.597,0.0,1,7,73,7,0.457,10.0,-1,5,72,-6.0,0.507
2024-06-21,대구,삼성,두산,4,0.556,3.0,2,7,73,2,0.568,2.0,1,5,76,-3.0,0.507
2024-06-21,문학,SSG,NC,5,0.514,6.0,-2,5,73,6,0.493,7.5,-1,5,73,0.0,0.507
2024-06-21,잠실,LG,KT,3,0.562,2.5,-1,3,75,9,0.417,13.0,1,4,73,-3.5,0.507
2024-06-22,고척,키움,롯데,10,0.403,14.5,2,4,72,8,0.429,12.5,-2,4,72,7.5,0.514
2024-06-22,광주,KIA,한화,1,0.603,0.0,2,7,74,7,0.451,11.0,-2,5,73,-7.0,0.514
2024-06-22,대구,삼성,두산,2,0.562,3.0,3,7,74,3,0.56,3.0,-1,5,77,-4.0,0.514
2024-06-22,문학,SSG,NC,5,0.507,7.0,-3,5,74,6,0.5,7.5,1,6,74,0.0,0.514
2024-06-22,잠실,LG,KT,4,0.554,3.5,-2,3,76,9,0.425,13.0,2,4,74,-3.5,0.514
2024-06-23,고척,키움,롯데,10,0.397,15.0,-1,3,73,8,0.437,12.0,1,5,73,8.5,0.517
2024-06-23,광주,KIA,한화,1,0.603,0.0,2,7,74,7,0.451,11.0,-2,5,73,-6.5,0.517
2024-06-23,광주,KIA,한화,1,0.603,0.0,2,7,74,7,0.451,11.0,-2,5,73,-6.5,0.517
2024-06-23,대구,삼성,두산,2,0.562,3.0,3,7,74,3,0.56,3.0,-1,5,77,-3.5,0.517
2024-06-23,대구,삼성,두산,2,0.562,3.0,3,7,74,3,0.56,3.0,-1,5,77,-3.5,0.517
2024-06-23,문학,SSG,NC,5,0.514,6.5,1,5,75,6,0.493,8.0,-1,5,75,0.0,0.517
2024-06-23,잠실,LG,KT,4,0.554,3.5,-2,3,76,9,0.425,13.0,2,4,74,-3.0,0.517
2024-06-23,잠실,LG,KT,4,0.554,3.5,-2,3,76,9,0.425,13.0,2,4,74,-3.0,0.517
2024-06-25,고척,키움,NC,10,0.392,15.5,-2,3,74,6,0.5,7.5,1,6,76,8.5,0.528
2024-06-25,문학,SSG,KT,5,0.507,7.0,-1,5,76,9,0.427,13.0,1,4,76,0.0,0.528
2024-06-25,사직,롯데,KIA,8,0.444,11.5,2,5,74,1,0.6,0.0,1,7,76,4.5,0.528
2024-06-25,잠실,LG,삼성,3,0.553,3.5,-1,4,78,2,0.573,2.0,5,7,76,-3.5,0.528
2024-06-25,한밭,한화,두산,7,0.452,11.0,-1,4,75,4,0.545,4.0,-3,5,79,4.0,0.528
2024-06-26,고척,키움,NC,10,0.4,15.0,1,4,75,6,0.493,8.0,-1,5,77,7.5,0.535
2024-06-26,문학,SSG,KT,5,0.5,7.5,-2,4,77,9,0.434,12.5,2,5,77,0.0,0.535
2024-06-26,사직,롯데,KIA,8,0.444,11.5,2,4,75,1,0.6,0.0,1,7,77,4.0,0.535
2024-06-26,잠실,LG,삼성,3,0.558,3.0,1,5,79,2,0.566,2.5,-1,6,77,-4.5,0.535
2024-06-26,한밭,한화,두산,7,0.459,10.5,1,5,76,4,0.538,4.5,-4,4,80,3.0,0.535
2024-06-27,고척,키움,NC,10,0.408,14.0,2,5,76,6,0.487,8.0,-2,5,78,7.5,0.542
2024-06-27,문학,SSG,KT,5,0.506,6.5,1,4,78,9,0.429,12.5,-1,5,78,0.0,0.542
2024-06-27,사직,롯데,KIA,8,0.452,10.5,3,5,76,1,0.592,0.0,-1,6,78,4.0,0.542
2024-06-27,잠실,LG,삼성,2,0.564,2.0,2,5,80,3,0.558,2.5,-2,5,78,-4.5,0.542
2024-06-27,한밭,한화,두산,7,0.453,10.5,-1,5,77,4,0.544,3.5,1,4,81,4.0,0.542
2024-06-28,광주,KIA,키움,1,0.584,0.0,-2,5,79,10,0.416,13.0,3,6,77,-6.5,0.549
2024-06-28,사직,롯데,한화,8,0.459,9.5,4,5,77,7,0.461,9.5,1,6,78,3.0,0.549
2024-06-28,수원,KT,삼성,9,0.436,11.5,1,6,79,2,0.564,1.5,1,6,79,5.0,0.549
2024-06-28,잠실,두산,SSG,4,0.537,3.5,-1,3,82,5,0.5,6.5,-1,3,79,-3.0,0.549
2024-06-28,창원,NC,LG,6,0.481,8.0,-3,4,79,3,0.557,2.0,-1,5,81,1.5,0.549
2024-06-29,광주,KIA,키움,1,0.577,0.0,-3,4,80,10,0.423,12.0,4,6,78,-6.5,0.556
2024-06-29,사직,롯데,한화,7,0.467,8.5,5,6,78,8,0.455,9.5,-1,5,79,2.0,0.556
2024-06-29,수원,KT,삼성,9,0.443,10.5,2,7,80,2,0.557,1.5,-1,6,80,4.0,0.556
2024-06-29,잠실,두산,SSG,4,0.543,2.5,1,4,83,5,0.494,6.5,-2,3,80,-4.0,0.556
2024-06-29,창원,NC,LG,6,0.487,7.0,1,4,80,3,0.55,2.0,-2,4,82,0.5,0.556
2024-06-30,광주,KIA,키움,1,0.577,0.0,-3,4,80,10,0.423,12.0,4,6,78,-6.0,0.557
2024-06-30,광주,KIA,키움,1,0.577,0.0,-3,4,80,10,0.423,12.0,4,6,78,-6.0,0.557
2024-06-30,사직,롯데,한화,7,0.467,8.5,5,6,78,8,0.455,9.5,-1,5,79,2.5,0.557
2024-06-30,사직,롯데,한화,7,0.467,8.5,5,6,78,8,0.455,9.5,-1,5,79,2.5,0.557
2024-06-30,수원,KT,삼성,9,0.443,10.5,2,7,80,2,0.557,1.5,-1,6,80,4.5,0.557
2024-06-30,수원,KT,삼성,9,0.443,10.5,2,7,80,2,0.557,1.5,-1,6,80,4.5,0.557
2024-06-30,잠실,두산,SSG,4,0.537,3.0,-1,3,84,5,0.5,6.0,1,3,81,-3.0,0.557
2024-06-30,창원,NC,LG,6,0.487,7.0,1,4,80,3,0.55,2.0,-2,4,82,1.0,0.557
2024-06-30,창원,NC,LG,6,0.487,7.0,1,4,80,3,0.55,2.0,-2,4,82,1.0,0.557
2024-07-02,고척,키움,LG,10,0.423,12.0,4,6,78,2,0.556,1.5,1,5,83,6.5,0.562
2024-07-02,대구,삼성,KIA,3,0.55,2.0,-2,5,82,1,0.577,0.0,-3,4,80,-3.5,0.562
2024-07-02,잠실,두산,롯데,4,0.53,3.5,-2,3,85,7,0.467,8.5,5,6,78,-2.0,0.562
2024-07-02,창원,NC,SSG,6,0.481,7.5,-1,4,81,5,0.506,5.5,2,4,82,2.0,0.562
2024-07-02,한밭,한화,KT,8,0.455,9.5,-1,5,79,9,0.45,10.0,3,7,82,4.0,0.562
2024-07-03,고척,키움,LG,10,0.43,12.0,5,7,79,2,0.549,2.5,-1,4,84,6.0,0.567
2024-07-03,대구,삼성,KIA,3,0.543,3.0,-3,4,83,1,0.582,0.0,1,4,81,-3.0,0.567
2024-07-03,잠실,두산,롯데,4,0.53,4.0,-2,3,85,7,0.467,9.0,5,6,78,-2.0,0.567
2024-07-03,창원,NC,SSG,6,0.481,8.0,-1,4,81,5,0.506,6.0,2,4,82,2.0,0.567
2024-07-03,한밭,한화,KT,9,0.449,10.5,-2,4,80,8,0.457,10.0,4,7,83,4.5,0.567
2024-07-04,고척,키움,LG,10,0.438,12.0,6,8,80,2,0.542,3.5,-2,4,85,5.0,0.574
2024-07-04,대구,삼성,KIA,3,0.537,4.0,-4,3,84,1,0.588,0.0,2,5,82,-3.0,0.574
2024-07-04,잠실,두산,롯데,4,0.536,4.0,1,3,86,8,0.461,10.0,-1,6,79,-3.0,0.574
2024-07-04,창원,NC,SSG,6,0.487,8.0,1,4,82,5,0.5,7.0,-1,4,83,1.0,0.574
2024-07-04,한밭,한화,KT,9,0.443,11.5,-3,3,81,7,0.463,10.0,5,7,84,4.5,0.574
2024-07-09,고척,키움,한화,10,0.432,13.0,-1,7,81,9,0.45,11.5,1,4,82,5.0,0.581
2024-07-09,대구,삼성,NC,4,0.53,5.0,-5,2,85,6,0.494,8.0,2,5,83,-3.0,0.581
2024-07-09,문학,SSG,롯데,5,0.494,8.0,-2,4,84,8,0.455,11.0,-2,5,80,0.0,0.581
2024-07-09,수원,KT,두산,7,0.458,11.0,-1,7,85,3,0.541,4.0,2,4,87,3.0,0.581
2024-07-09,잠실,LG,KIA,2,0.548,3.5,1,5,86,1,0.593,0.0,3,5,83,-4.5,0.581
2024-07-10,고척,키움,한화,10,0.439,13.0,1,7,82,9,0.444,12.5,-1,4,83,5.0,0.585
2024-07-10,대구,삼성,NC,4,0.53,5.5,-5,2,85,6,0.494,8.5,2,5,83,-2.5,0.585
2024-07-10,문학,SSG,롯데,5,0.5,8.0,1,4,85,8,0.449,12.0,-3,5,81,0.0,0.585
2024-07-10,수원,KT,두산,7,0.458,11.5,-1,7,85,3,0.541,4.5,2,4,87,3.5,0.585
2024-07-10,잠실,LG,KIA,2,0.541,4.5,-1,4,87,1,0.598,0.0,4,5,84,-3.5,0.585
2024-07-11,고척,키움,한화,10,0.434,14.0,-1,7,83,9,0.451,12.5,1,4,84,5.0,0.592
2024-07-11,대구,삼성,NC,2,0.536,5.5,1,2,86,6,0.488,9.5,-1,4,84,-3.5,0.592
2024-07-11,문학,SSG,롯데,5,0.494,9.0,-1,4,86,8,0.456,12.0,1,6,82,0.0,0.592
2024-07-11,수원,KT,두산,7,0.464,11.5,1,7,86,4,0.535,5.5,-1,4,88,2.5,0.592
2024-07-11,잠실,LG,KIA,3,0.535,5.5,-2,4,88,1,0.602,0.0,5,6,85,-3.5,0.592
2024-07-12,광주,KIA,SSG,1,0.607,0.0,6,6,86,5,0.5,9.0,1,5,87,-9.0,0.599
2024-07-12,사직,롯데,KT,8,0.45,13.0,-1,5,83,7,0.459,12.5,-1,6,87,4.0,0.599
2024-07-12,잠실,두산,삼성,3,0.54,5.5,1,5,89,2,0.541,5.5,2,3,87,-3.5,0.599
2024-07-12,창원,NC,키움,6,0.482,10.5,-2,4,85,10,0.44,14.0,1,8,84,1.5,0.599
2024-07-12,한밭,한화,LG,9,0.446,13.5,-1,4,85,4,0.529,6.5,-3,3,89,4.5,0.599
2024-07-13,광주,KIA,SSG,1,0.6,0.0,-1,6,87,5,0.506,8.0,2,5,88,-8.0,0.606
2024-07-13,사직,롯데,KT,9,0.444,13.0,-2,4,84,7,0.465,11.5,1,7,88,5.0,0.606
2024-07-13,잠실,두산,삼성,3,0.534,5.5,-1,5,90,2,0.547,4.5,3,4,88,-2.5,0.606
2024-07-13,창원,NC,키움,6,0.488,9.5,1,4,86,10,0.435,14.0,-1,7,85,1.5,0.606
2024-07-13,한밭,한화,LG,8,0.452,12.5,1,4,86,4,0.523,6.5,-4,2,90,4.5,0.606
2024-07-14,광주,KIA,SSG,1,0.593,0.0,-2,6,88,5,0.511,7.0,3,6,89,-7.0,0.613
2024-07-14,사직,롯데,KT,9,0.439,13.0,-3,4,85,7,0.471,10.5,2,7,89,6.0,0.613
2024-07-14,잠실,두산,삼성,3,0.539,4.5,1,5,91,2,0.54,4.5,-1,3,89,-2.5,0.613
2024-07-14,창원,NC,키움,6,0.494,8.5,2,5,87,10,0.43,14.0,-2,6,86,1.5,0.613
2024-07-14,한밭,한화,LG,8,0.447,12.5,-1,4,87,4,0.528,5.5,1,3,91,5.5,0.613
2024-07-16,고척,키움,KT,10,0.43,14.5,-2,6,86,7,0.471,11.0,2,7,89,6.5,0.617
2024-07-16,광주,KIA,삼성,1,0.598,0.0,1,7,89,2,0.545,4.5,1,4,90,-8.0,0.617
2024-07-16,울산,롯데,두산,9,0.439,13.5,-3,4,85,4,0.533,5.5,-1,5,92,5.5,0.617
2024-07-16,잠실,LG,SSG,3,0.533,5.5,2,4,92,5,0.506,8.0,-1,6,90,-2.5,0.617
2024-07-16,창원,NC,한화,6,0.494,9.0,2,5,87,8,0.442,13.5,-2,3,88,1.0,0.617
2024-07-17,고척,키움,KT,10,0.425,15.0,-3,5,87,7,0.477,10.5,3,7,90,7.0,0.619
2024-07-17,광주,KIA,삼성,1,0.598,0.0,1,7,89,2,0.545,4.5,1,4,90,-8.0,0.619
2024-07-17,울산,롯데,두산,8,0.446,13.0,1,4,86,4,0.527,6.0,-2,4,93,5.0,0.619
2024-07-17,잠실,LG,SSG,3,0.533,5.5,2,4,92,5,0.506,8.0,-1,6,90,-2.5,0.619
2024-07-17,창원,NC,한화,6,0.494,9.0,2,5,87,9,0.442,13.5,-2,3,88,1.0,0.619
2024-07-18,고척,키움,KT,10,0.42,16.0,-4,4,88,7,0.483,10.5,4,8,91,7.0,0.626
2024-07-18,광주,KIA,삼성,1,0.602,0.0,2,8,90,2,0.539,5.5,-1,4,91,-9.0,0.626
2024-07-18,울산,롯데,두산,8,0.452,13.0,2,4,87,4,0.522,7.0,-3,4,94,4.0,0.626
2024-07-18,잠실,LG,SSG,3,0.538,5.5,3,4,93,5,0.5,9.0,-2,5,91,-3.5,0.626
2024-07-18,창원,NC,한화,6,0.5,9.0,3,6,88,9,0.437,14.5,-3,3,89,0.0,0.626
2024-07-19,대구,삼성,롯데,3,0.533,6.5,-2,4,92,8,0.447,14.0,-1,3,88,-2.5,0.632
2024-07-19,문학,SSG,키움,6,0.5,9.5,-2,5,91,10,0.416,17.0,-5,3,89,0.5,0.632
2024-07-19,수원,KT,NC,7,0.489,10.5,5,8,92,5,0.506,9.0,4,7,89,1.5,0.632
2024-07-19,잠실,LG,두산,2,0.538,6.0,3,4,93,4,0.527,7.0,1,5,95,-3.0,0.632
2024-07-19,한밭,한화,KIA,9,0.432,15.5,-4,3,90,1,0.607,0.0,3,8,91,6.5,0.632
2024-07-20,대구,삼성,롯데,3,0.527,7.5,-3,4,93,8,0.453,14.0,1,4,89,-2.0,0.639
2024-07-20,문학,SSG,키움,5,0.505,9.5,1,5,92,10,0.411,18.0,-6,2,90,0.0,0.639
2024-07-20,수원,KT,NC,7,0.495,10.5,6,8,93,6,0.5,10.0,-1,6,90,1.0,0.639
2024-07-20,잠실,LG,두산,2,0.543,6.0,4,5,94,4,0.521,8.0,-1,4,96,-3.5,0.639
2024-07-20,한밭,한화,KIA,9,0.427,16.5,-5,3,91,1,0.611,0.0,4,8,92,7.0,0.639
2024-07-21,대구,삼성,롯데,3,0.533,7.5,1,5,94,8,0.448,15.0,-1,4,90,-2.5,0.642
2024-07-21,문학,SSG,키움,5,0.505,10.0,1,5,92,10,0.411,18.5,-6,2,90,0.0,0.642
2024-07-21,수원,KT,NC,7,0.495,11.0,6,8,93,6,0.5,10.5,-1,6,90,1.0,0.642
2024-07-21,잠실,LG,두산,2,0.543,6.5,4,5,94,4,0.521,8.5,-1,4,96,-3.5,0.642
2024-07-21,한밭,한화,KIA,9,0.422,17.5,-6,2,92,1,0.615,0.0,5,8,93,7.5,0.642
2024-07-23,광주,KIA,NC,1,0.62,0.0,6,8,94,5,0.506,10.5,1,7,91,-10.5,0.649
2024-07-23,사직,롯데,LG,8,0.443,16.0,-2,4,91,2,0.548,6.5,5,6,95,5.5,0.649
2024-07-23,수원,KT,SSG,7,0.489,12.0,-1,7,94,6,0.5,11.0,-1,5,93,1.5,0.649
2024-07-23,잠실,두산,키움,4,0.516,9.5,-2,3,97,9,0.418,18.5,1,3,91,-1.0,0.649
2024-07-23,한밭,한화,삼성,10,0.418,18.5,-7,2,93,3,0.538,7.5,2,6,95,8.0,0.649
2024-07-24,광주,KIA,NC,1,0.624,0.0,7,8,95,6,0.5,11.5,-1,6,92,-11.5,0.654
2024-07-24,사직,롯데,LG,8,0.438,17.0,-3,3,92,2,0.553,6.5,6,6,96,5.5,0.654
2024-07-24,수원,KT,SSG,7,0.489,12.5,-1,7,94,5,0.5,11.5,-1,5,93,1.0,0.654
2024-07-24,잠실,두산,키움,4,0.521,9.5,1,4,98,10,0.413,19.5,-1,2,92,-2.0,0.654
2024-07-24,한밭,한화,삼성,9,0.424,18.5,1,2,94,3,0.532,8.5,-1,5,96,7.0,0.654
2024-07-25,광주,KIA,NC,1,0.628,0.0,8,8,96,7,0.495,12.5,-2,5,93,-12.5,0.66
2024-07-25,사직,롯데,LG,8,0.438,17.5,-3,3,92,2,0.553,7.0,6,6,96,5.0,0.66
2024-07-25,수원,KT,SSG,6,0.495,12.5,1,8,95,5,0.495,12.5,-2,5,94,0.0,0.66
2024-07-25,잠실,두산,키움,4,0.526,9.5,2,4,99,10,0.409,20.5,-2,2,93,-3.0,0.66
2024-07-25,한밭,한화,삼성,9,0.43,18.5,2,3,95,3,0.526,9.5,-2,4,97,6.0,0.66
2024-07-26,고척,키움,KIA,10,0.415,19.5,1,2,94,1,0.621,0.0,-1,8,97,8.0,0.665
2024-07-26,대구,삼성,KT,3,0.526,9.0,-2,4,97,5,0.5,11.5,2,8,96,-2.5,0.665
2024-07-26,문학,SSG,두산,7,0.489,12.5,-3,4,95,4,0.52,9.5,-1,4,100,1.0,0.665
2024-07-26,잠실,LG,한화,2,0.558,6.0,7,7,97,9,0.43,18.0,2,3,95,-5.5,0.665
2024-07-26,창원,NC,롯데,6,0.5,11.5,1,6,94,8,0.433,17.5,-4,3,93,0.0,0.665
2024-07-27,고척,키움,KIA,10,0.421,18.5,2,3,95,1,0.615,0.0,-2,8,98,8.0,0.671
2024-07-27,대구,삼성,KT,3,0.521,9.0,-3,3,98,6,0.505,10.5,3,9,97,-1.5,0.671
2024-07-27,문학,SSG,두산,7,0.495,11.5,1,5,96,4,0.515,9.5,-2,3,101,1.0,0.671
2024-07-27,잠실,LG,한화,2,0.558,5.5,7,7,97,8,0.43,17.5,2,3,95,-5.0,0.671
2024-07-27,창원,NC,롯데,5,0.505,10.5,2,7,95,9,0.429,17.5,-5,3,94,0.0,0.671
2024-07-28,고척,키움,KIA,10,0.427,17.5,3,4,96,1,0.608,0.0,-3,7,99,7.0,0.676
2024-07-28,대구,삼성,KT,3,0.526,8.0,1,4,99,6,0.5,10.5,-1,8,98,-2.5,0.676
2024-07-28,문학,SSG,두산,5,0.5,10.5,2,5,97,4,0.51,9.5,-3,3,102,0.0,0.676
2024-07-28,잠실,LG,한화,2,0.558,5.0,7,7,97,9,0.43,17.0,2,3,95,-5.5,0.676
2024-07-28,창원,NC,롯데,7,0.5,10.5,-1,6,96,8,0.435,16.5,1,4,95,0.0,0.676
2024-07-30,고척,키움,NC,10,0.423,18.5,-1,4,97,7,0.495,11.5,-2,5,97,8.0,0.683
2024-07-30,광주,KIA,두산,1,0.612,0.0,1,7,100,6,0.505,10.5,-4,3,103,-10.5,0.683
2024-07-30,문학,SSG,롯데,4,0.505,10.5,3,5,98,8,0.441,16.5,2,4,96,0.0,0.683
2024-07-30,수원,KT,한화,5,0.505,10.5,1,8,99,9,0.436,17.0,3,3,96,0.0,0.683
2024-07-30,잠실,LG,삼성,2,0.552,6.0,-1,7,98,3,0.52,9.0,-1,3,100,-4.5,0.683
2024-07-31,고척,키움,NC,10,0.429,17.5,1,5,98,7,0.49,11.5,-3,4,98,8.0,0.69
2024-07-31,광주,KIA,두산,1,0.606,0.0,-1,6,101,5,0.51,9.5,1,4,104,-9.5,0.69
2024-07-31,문학,SSG,롯데,4,0.51,9.5,4,5,99,9,0.436,16.5,-1,3,97,0.0,0.69
2024-07-31,수원,KT,한화,6,0.5,10.5,-1,7,100,8,0.442,16.0,4,4,97,1.0,0.69
2024-07-31,잠실,LG,삼성,2,0.546,6.0,-2,7,99,3,0.525,8.0,1,4,101,-3.5,0.69
2024-08-01,고척,키움,NC,10,0.424,17.5,-1,5,99,7,0.495,10.5,1,4,99,9.0,0.697
2024-08-01,광주,KIA,두산,1,0.6,0.0,-2,5,102,5,0.515,8.5,2,4,105,-8.5,0.697
2024-08-01,문학,SSG,롯데,4,0.515,8.5,5,6,100,9,0.432,16.5,-2,3,98,0.0,0.697
2024-08-01,수원,KT,한화,6,0.495,10.5,-2,6,101,8,0.448,15.0,5,5,98,2.0,0.697
2024-08-01,잠실,LG,삼성,2,0.551,5.0,1,8,100,3,0.52,8.0,-1,4,102,-3.5,0.697
2024-08-02,대구,삼성,SSG,3,0.525,7.0,1,5,103,5,0.51,8.5,-1,6,101,-1.5,0.704
2024-08-02,울산,롯데,LG,9,0.438,15.5,1,3,99,2,0.545,5.0,-1,7,101,7.0,0.704
2024-08-02,잠실,두산,키움,4,0.519,7.5,3,5,106,10,0.43,16.5,1,6,100,-1.0,0.704
2024-08-02,창원,NC,KT,7,0.49,10.5,-1,4,100,6,0.49,10.5,-3,5,102,2.0,0.704
2024-08-02,한밭,한화,KIA,8,0.454,14.0,6,6,99,1,0.594,0.0,-3,4,103,5.5,0.704
2024-08-03,대구,삼성,SSG,3,0.529,6.0,2,5,104,5,0.505,8.5,-2,5,102,-2.5,0.71
2024-08-03,울산,롯데,LG,9,0.438,15.0,1,3,99,2,0.545,4.5,-1,7,101,6.5,0.71
2024-08-03,잠실,두산,키움,4,0.514,7.5,-1,5,107,10,0.436,15.5,2,6,101,-1.0,0.71
2024-08-03,창원,NC,KT,7,0.485,10.5,-2,3,101,6,0.495,9.5,1,5,103,2.0,0.71
2024-08-03,한밭,한화,KIA,8,0.459,13.0,7,7,100,1,0.588,0.0,-4,3,104,4.5,0.71
2024-08-04,대구,삼성,SSG,3,0.534,6.0,3,5,105,5,0.5,9.5,-3,5,103,-3.5,0.715
2024-08-04,울산,롯데,LG,9,0.443,15.0,2,4,100,2,0.54,5.5,-2,6,102,5.5,0.715
2024-08-04,잠실,두산,키움,4,0.509,8.5,-2,4,108,10,0.441,15.5,3,7,102,-1.0,0.715
2024-08-04,창원,NC,KT,7,0.485,11.0,-2,3,101,6,0.495,10.0,1,5,103,1.5,0.715
2024-08-04,한밭,한화,KIA,8,0.455,14.0,-1,7,101,1,0.592,0.0,1,3,105,4.5,0.715
2024-08-06,고척,키움,SSG,10,0.441,15.5,3,7,102,5,0.495,10.0,-4,5,104,5.5,0.718
2024-08-06,광주,KIA,KT,1,0.592,0.0,1,3,105,6,0.49,10.5,-1,5,104,-10.0,0.718
2024-08-06,대구,삼성,한화,3,0.538,5.5,4,6,106,8,0.455,14.0,-1,7,101,-4.5,0.718
2024-08-06,사직,롯데,NC,9,0.443,15.0,2,4,100,7,0.49,10.5,1,4,102,5.0,0.718
2024-08-06,잠실,두산,LG,4,0.509,8.5,-2,4,108,2,0.54,5.5,-2,6,102,-1.5,0.718
2024-08-07,고척,키움,SSG,10,0.437,16.5,-1,7,103,5,0.5,10.0,1,6,105,6.5,0.725
2024-08-07,광주,KIA,KT,1,0.596,0.0,2,3,106,6,0.485,11.5,-2,4,105,-10.0,0.725
2024-08-07,대구,삼성,한화,3,0.533,6.5,-1,6,107,8,0.46,14.0,1,8,102,-3.5,0.725
2024-08-07,사직,롯데,NC,9,0.449,15.0,3,5,101,7,0.485,11.5,-1,4,103,5.0,0.725
2024-08-07,잠실,두산,LG,4,0.514,8.5,1,4,109,2,0.535,6.5,-3,5,103,-1.5,0.725
2024-08-08,고척,키움,SSG,10,0.433,16.5,-2,6,104,5,0.505,9.0,2,6,106,7.5,0.732
2024-08-08,광주,KIA,KT,1,0.59,0.0,-1,3,107,6,0.49,10.5,1,4,106,-9.0,0.732
2024-08-08,대구,삼성,한화,2,0.538,5.5,1,7,108,8,0.455,14.0,-1,8,103,-3.5,0.732
2024-08-08,사직,롯데,NC,9,0.455,14.0,4,6,102,7,0.48,11.5,-2,3,104,5.0,0.732
2024-08-08,잠실,두산,LG,4,0.519,7.5,2,5,110,3,0.529,6.5,-4,4,104,-1.5,0.732
2024-08-09,광주,KIA,삼성,1,0.585,0.0,-2,3,108,3,0.533,5.5,-1,6,109,-9.0,0.738
2024-08-09,문학,SSG,두산,5,0.5,9.0,-1,5,107,4,0.514,7.5,-1,5,111,0.0,0.738
2024-08-09,수원,KT,롯데,6,0.495,9.5,2,4,107,9,0.455,13.5,4,6,102,0.5,0.738
2024-08-09,잠실,LG,NC,2,0.534,5.5,1,4,105,7,0.48,11.0,-2,3,104,-3.5,0.738
2024-08-09,한밭,한화,키움,8,0.461,13.0,1,8,104,10,0.438,15.5,1,6,105,4.0,0.738
2024-08-10,광주,KIA,삼성,1,0.589,0.0,1,4,109,3,0.528,6.5,-2,6,110,-9.5,0.744
2024-08-10,문학,SSG,두산,6,0.495,10.0,-2,4,108,4,0.518,7.5,1,6,112,0.5,0.744
2024-08-10,수원,KT,롯데,5,0.5,9.5,3,5,108,9,0.45,14.5,-1,6,103,0.0,0.744
2024-08-10,잠실,LG,NC,2,0.538,5.5,2,4,106,7,0.476,12.0,-3,2,105,-4.0,0.744
2024-08-10,한밭,한화,키움,8,0.466,13.0,2,8,105,10,0.434,16.5,-1,5,106,3.5,0.744
2024-08-11,광주,KIA,삼성,1,0.589,0.0,1,4,109,3,0.528,6.5,-2,6,110,-10.0,0.75
2024-08-11,문학,SSG,두산,6,0.491,10.5,-3,3,109,4,0.523,7.0,2,7,113,0.5,0.75
2024-08-11,수원,KT,롯데,5,0.495,10.0,-1,4,109,9,0.455,14.0,1,7,104,0.0,0.75
2024-08-11,잠실,LG,NC,2,0.543,5.0,3,4,107,7,0.471,12.5,-4,2,106,-5.0,0.75
2024-08-11,한밭,한화,키움,8,0.462,13.5,-1,7,106,10,0.439,16.0,1,6,107,3.5,0.75
2024-08-13,고척,키움,KIA,10,0.444,15.0,2,6,108,1,0.583,0.0,-1,3,110,5.5,0.757
2024-08-13,대구,삼성,KT,3,0.532,5.5,1,6,111,6,0.491,10.0,-2,4,110,-4.0,0.757
2024-08-13,잠실,두산,롯데,4,0.518,7.0,-1,6,114,8,0.461,13.0,2,7,105,-2.5,0.757
2024-08-13,창원,NC,SSG,7,0.467,12.5,-5,2,107,5,0.495,9.5,1,3,110,3.0,0.757
2024-08-13,한밭,한화,LG,9,0.457,13.5,-2,6,107,2,0.547,4.0,4,5,108,4.0,0.757
2024-08-14,고척,키움,KIA,10,0.44,16.0,-1,6,109,1,0.587,0.0,1,4,111,6.5,0.762
2024-08-14,대구,삼성,KT,3,0.536,5.5,2,7,112,6,0.486,11.0,-3,4,111,-4.0,0.762
2024-08-14,잠실,두산,롯데,4,0.518,7.5,-1,6,114,8,0.461,13.5,2,7,105,-2.0,0.762
2024-08-14,창원,NC,SSG,7,0.462,13.5,-6,2,108,5,0.5,9.5,2,4,111,4.0,0.762
2024-08-14,한밭,한화,LG,9,0.453,14.5,-3,5,108,2,0.551,4.0,5,6,109,5.0,0.762
2024-08-15,고척,키움,KIA,10,0.445,15.0,1,6,110,1,0.582,0.0,-1,4,112,6.0,0.768
2024-08-15,대구,삼성,KT,3,0.541,4.5,3,7,113,6,0.482,11.0,-4,4,112,-4.5,0.768
2024-08-15,잠실,두산,롯데,4,0.513,7.5,-2,5,115,7,0.466,12.5,3,7,106,-1.5,0.768
2024-08-15,창원,NC,SSG,8,0.462,13.0,-6,2,108,5,0.5,9.0,2,4,111,4.0,0.768
2024-08-15,한밭,한화,LG,9,0.458,13.5,1,5,109,2,0.546,4.0,-1,5,110,4.5,0.768
2024-08-16,문학,SSG,한화,5,0.505,9.0,3,5,112,9,0.454,14.5,-1,4,110,0.0,0.775
2024-08-16,사직,롯데,키움,7,0.462,13.5,-1,7,107,10,0.441,16.0,-1,5,111,4.5,0.775
2024-08-16,수원,KT,두산,6,0.486,11.0,1,4,113,4,0.518,7.5,1,5,116,2.0,0.775
2024-08-16,잠실,LG,KIA,2,0.55,4.0,1,6,111,1,0.586,0.0,1,5,113,-5.0,0.775
2024-08-16,창원,NC,삼성,8,0.458,14.0,-7,1,109,3,0.536,5.5,-1,6,114,5.0,0.775
2024-08-17,문학,SSG,한화,5,0.5,10.0,-1,5,113,8,0.459,14.5,1,5,111,0.0,0.782
2024-08-17,사직,롯데,키움,7,0.467,13.5,1,8,108,10,0.438,17.0,-2,4,112,3.5,0.782
2024-08-17,수원,KT,두산,6,0.482,12.0,-1,4,114,4,0.522,7.5,2,6,117,2.0,0.782
2024-08-17,잠실,LG,KIA,2,0.545,5.0,-1,6,112,1,0.589,0.0,2,6,114,-5.0,0.782
2024-08-17,창원,NC,삼성,9,0.454,15.0,-8,1,110,3,0.54,5.5,1,6,115,5.0,0.782
2024-08-18,문학,SSG,한화,5,0.496,11.0,-2,5,114,7,0.464,14.5,2,5,112,0.0,0.789
2024-08-18,사직,롯데,키움,8,0.462,14.5,-1,7,109,10,0.442,17.0,1,5,113,3.5,0.789
2024-08-18,수원,KT,두산,6,0.478,13.0,-2,4,115,4,0.526,7.5,3,7,118,2.0,0.789
2024-08-18,잠실,LG,KIA,3,0.541,6.0,-2,6,113,1,0.593,0.0,3,6,115,-5.0,0.789
2024-08-18,창원,NC,삼성,9,0.45,16.0,-9,1,111,2,0.544,5.5,2,6,116,5.0,0.789
2024-08-20,광주,KIA,롯데,1,0.596,0.0,4,6,116,8,0.467,14.5,1,7,110,-12.0,0.796
2024-08-20,수원,KT,키움,6,0.482,13.0,1,4,116,10,0.439,18.0,-1,5,114,1.0,0.796
2024-08-20,잠실,LG,SSG,3,0.536,7.0,-3,6,114,5,0.491,12.0,-3,4,115,-5.0,0.796
2024-08-20,청주,한화,NC,7,0.468,14.5,3,6,113,9,0.445,17.0,-10,0,112,2.5,0.796
2024-08-20,포항,삼성,두산,2,0.548,5.5,3,7,117,4,0.521,8.5,-1,6,119,-6.5,0.796
2024-08-21,광주,KIA,롯데,1,0.596,0.0,4,6,116,8,0.467,14.5,1,7,110,-12.5,0.801
2024-08-21,수원,KT,키움,6,0.478,13.5,-1,3,117,9,0.443,17.5,1,5,115,1.0,0.801
2024-08-21,잠실,LG,SSG,3,0.54,6.5,1,6,115,5,0.487,12.5,-4,3,116,-6.0,0.801
2024-08-21,청주,한화,NC,7,0.473,14.0,4,6,114,10,0.441,17.5,-11,0,113,1.5,0.801
2024-08-21,포항,삼성,두산,2,0.552,5.0,4,7,118,4,0.517,9.0,-2,5,120,-7.5,0.801
2024-08-22,광주,KIA,롯데,1,0.6,0.0,5,7,117,8,0.463,15.5,-1,6,111,-12.5,0.808
2024-08-22,수원,KT,키움,6,0.483,13.5,1,3,118,10,0.44,18.5,-1,5,116,1.0,0.808
2024-08-22,잠실,LG,SSG,3,0.535,7.5,-1,5,116,5,0.491,12.5,1,4,117,-5.0,0.808
2024-08-22,청주,한화,NC,7,0.469,15.0,-1,5,115,9,0.446,17.5,1,1,114,2.5,0.808
2024-08-22,포항,삼성,두산,2,0.547,6.0,-1,7,119,4,0.521,9.0,1,6,121,-6.5,0.808
2024-08-23,고척,키움,LG,10,0.436,19.5,-2,4,117,3,0.539,7.5,1,5,117,6.0,0.812
2024-08-23,대구,삼성,롯데,2,0.547,6.5,-1,7,119,8,0.459,16.5,-2,5,112,-7.0,0.812
2024-08-23,문학,SSG,KT,5,0.487,13.5,-1,4,118,6,0.487,13.5,2,4,119,0.0,0.812
2024-08-23,잠실,두산,한화,4,0.521,9.5,1,6,121,7,0.469,15.5,-1,5,115,-4.0,0.812
2024-08-23,창원,NC,KIA,9,0.446,18.0,1,1,114,1,0.603,0.0,6,8,118,4.5,0.812
2024-08-24,고척,키움,LG,10,0.441,18.5,1,4,118,3,0.534,7.5,-1,4,118,6.0,0.819
2024-08-24,대구,삼성,롯데,2,0.551,5.5,1,8,120,8,0.455,16.5,-3,5,113,-7.0,0.819
2024-08-24,문학,SSG,KT,6,0.483,13.5,-2,4,119,5,0.492,12.5,3,5,120,1.0,0.819
2024-08-24,잠실,두산,한화,4,0.517,9.5,-1,5,122,7,0.474,14.5,1,6,116,-3.0,0.819
2024-08-24,창원,NC,KIA,9,0.451,17.0,2,2,115,1,0.598,0.0,-1,7,119,4.5,0.819
2024-08-25,고척,키움,LG,10,0.437,19.5,-1,4,119,3,0.538,7.5,1,4,119,7.0,0.826
2024-08-25,대구,삼성,롯데,2,0.546,6.5,-1,7,121,8,0.459,16.5,1,5,114,-6.0,0.826
2024-08-25,문학,SSG,KT,6,0.479,14.5,-3,3,120,5,0.496,12.5,4,6,121,2.0,0.826
2024-08-25,잠실,두산,한화,4,0.512,10.5,-2,4,123,7,0.478,14.5,2,7,117,-2.0,0.826
2024-08-25,창원,NC,KIA,9,0.447,18.0,-1,2,116,1,0.602,0.0,1,8,120,5.5,0.826
2024-08-27,고척,키움,삼성,10,0.442,18.5,1,4,120,2,0.55,5.5,1,7,122,6.0,0.833
2024-08-27,광주,KIA,SSG,1,0.597,0.0,-1,7,121,6,0.483,13.5,1,3,121,-12.5,0.833
2024-08-27,사직,롯데,한화,8,0.455,16.5,-1,4,115,7,0.483,13.5,3,8,118,4.0,0.833
2024-08-27,잠실,LG,KT,3,0.534,7.5,-1,4,120,5,0.492,12.5,-1,6,122,-5.0,0.833
2024-08-27,창원,NC,두산,9,0.452,17.0,1,3,117,4,0.508,10.5,-3,4,124,4.5,0.833
2024-08-28,고척,키움,삼성,10,0.438,19.5,-1,4,121,2,0.554,5.5,2,7,123,6.0,0.84
2024-08-28,광주,KIA,SSG,1,0.6,0.0,1,8,122,6,0.479,14.5,-1,2,122,-13.5,0.84
2024-08-28,사직,롯데,한화,8,0.46,16.5,1,4,116,7,0.479,14.5,-1,7,119,3.0,0.84
2024-08-28,잠실,LG,KT,3,0.538,7.5,1,4,121,5,0.488,13.5,-2,5,123,-6.0,0.84
2024-08-28,창원,NC,두산,9,0.448,18.0,-1,3,118,4,0.512,10.5,1,5,125,4.5,0.84
2024-08-29,고척,키움,삼성,10,0.434,20.5,-2,4,122,2,0.557,5.5,3,8,124,7.0,0.847
2024-08-29,광주,KIA,SSG,1,0.603,0.0,2,8,123,7,0.475,15.5,-2,2,123,-13.5,0.847
2024-08-29,사직,롯데,한화,8,0.456,17.5,-1,4,117,6,0.483,14.5,1,8,120,4.0,0.847
2024-08-29,잠실,LG,KT,3,0.533,8.5,-1,4,122,5,0.492,13.5,1,6,124,-5.0,0.847
2024-08-29,창원,NC,두산,9,0.444,19.0,-2,3,119,4,0.516,10.5,2,5,126,5.5,0.847
2024-08-30,고척,키움,롯데,10,0.431,20.5,-3,3,123,8,0.461,16.5,1,4,118,8.0,0.854
2024-08-30,수원,KT,LG,5,0.496,12.5,2,7,125,3,0.529,8.5,-2,4,123,0.0,0.854
2024-08-31,대구,삼성,KIA,2,0.561,4.5,4,8,125,1,0.598,0.0,-1,7,124,-8.5,0.857
2024-08-31,문학,SSG,NC,6,0.48,14.5,1,3,124,9,0.449,18.0,1,4,120,1.5,0.857
2024-08-31,잠실,두산,롯데,4,0.512,10.5,-1,4,127,8,0.466,16.0,2,5,119,-2.5,0.857
2024-08-31,한밭,한화,KT,7,0.479,14.5,-1,7,121,5,0.492,13.0,-1,6,126,1.5,0.857
2024-09-01,대구,삼성,KIA,2,0.556,5.5,-1,7,126,1,0.602,0.0,1,7,125,-7.5,0.863
2024-09-01,문학,SSG,NC,6,0.476,15.5,-1,3,125,9,0.454,18.0,2,5,121,2.5,0.863
2024-09-01,잠실,두산,롯데,4,0.508,11.5,-2,3,128,8,0.47,16.0,3,5,120,-1.5,0.863
2024-09-03,광주,KIA,LG,1,0.605,0.0,2,7,126,3,0.533,9.0,1,5,124,-13.5,0.867
2024-09-03,대구,삼성,롯데,2,0.552,6.5,-2,6,127,7,0.475,16.0,4,6,121,-7.0,0.867
2024-09-03,창원,NC,키움,9,0.458,18.0,3,6,122,10,0.427,22.0,-4,3,124,4.5,0.867
2024-09-03,한밭,한화,두산,6,0.475,16.0,-2,6,122,4,0.504,12.5,-3,3,129,2.5,0.867
2024-09-04,광주,KIA,한화,1,0.608,0.0,3,7,127,6,0.479,16.0,1,6,123,-14.0,0.872
2024-09-04,대구,삼성,두산,2,0.556,6.5,1,6,128,4,0.5,13.5,-4,3,130,-7.5,0.872
2024-09-04,사직,롯데,KT,8,0.471,17.0,-1,6,122,5,0.496,14.0,1,7,127,3.0,0.872
2024-09-04,잠실,LG,SSG,3,0.528,10.0,-1,4,125,7,0.472,17.0,-2,3,126,-4.0,0.872
2024-09-04,창원,NC,키움,9,0.463,18.0,4,7,123,10,0.424,23.0,-5,2,125,4.0,0.872
2024-09-05,광주,KIA,한화,1,0.603,0.0,-1,6,128,6,0.484,15.0,2,6,124,-14.0,0.879
2024-09-05,사직,롯데,KT,7,0.475,16.0,1,7,123,5,0.492,14.0,-1,6,128,2.0,0.879
2024-09-05,잠실,LG,SSG,3,0.532,9.0,1,5,126,8,0.468,17.0,-3,2,127,-5.0,0.879
2024-09-05,창원,NC,키움,9,0.467,17.0,5,7,124,10,0.421,23.0,-6,2,126,3.0,0.879
2024-09-06,광주,KIA,키움,1,0.606,0.0,1,7,129,10,0.425,23.0,1,3,127,-14.0,0.885
2024-09-06,사직,롯데,삼성,8,0.471,17.0,-1,6,124,2,0.559,6.0,2,7,129,3.0,0.885
2024-09-06,잠실,LG,한화,3,0.528,10.0,-1,4,127,6,0.48,16.0,-1,6,125,-4.0,0.885
2024-09-06,창원,NC,KT,9,0.463,18.0,-1,6,125,5,0.496,14.0,1,6,129,4.0,0.885
2024-09-07,광주,KIA,키움,1,0.609,0.0,2,7,130,10,0.422,24.0,-1,2,128,-14.5,0.89
2024-09-07,대구,삼성,NC,2,0.562,6.0,3,7,130,9,0.46,19.0,-2,6,126,-8.5,0.89
2024-09-07,사직,롯데,SSG,8,0.467,18.0,-2,6,125,7,0.472,17.5,1,3,128,3.5,0.89
2024-09-07,수원,KT,두산,4,0.5,14.0,2,6,130,5,0.496,14.5,-5,2,131,-0.5,0.89
2024-09-07,잠실,LG,한화,3,0.524,11.0,-2,4,128,6,0.484,16.0,1,6,126,-3.5,0.89
2024-09-08,광주,KIA,키움,1,0.612,0.0,3,8,131,10,0.419,25.0,-2,2,129,-15.0,0.897
2024-09-08,대구,삼성,NC,2,0.558,7.0,-1,7,131,9,0.464,19.0,1,6,127,-8.0,0.897
2024-09-08,사직,롯데,SSG,8,0.467,18.5,-2,5,126,7,0.472,18.0,1,3,129,3.5,0.897
2024-09-08,잠실,LG,한화,3,0.528,11.0,1,4,129,6,0.48,17.0,-1,5,127,-4.0,0.897
2024-09-10,고척,키움,두산,10,0.415,26.0,-3,1,130,4,0.5,15.0,1,3,132,10.5,0.903
2024-09-10,문학,SSG,한화,6,0.477,18.0,2,4,130,7,0.476,18.0,-2,4,128,2.5,0.903
2024-09-10,수원,KT,NC,5,0.496,15.5,-1,5,131,9,0.46,20.0,-1,6,128,0.0,0.903
2024-09-10,잠실,LG,롯데,3,0.531,11.0,2,5,130,8,0.463,19.5,-3,5,127,-4.5,0.903
2024-09-11,문학,SSG,롯데,6,0.481,17.5,3,4,131,8,0.468,19.0,1,5,128,2.0,0.908
2024-09-11,수원,KT,NC,4,0.5,15.0,1,6,132,9,0.457,20.5,-2,6,129,-0.5,0.908
2024-09-11,잠실,LG,키움,3,0.527,11.5,-1,4,131,10,0.42,25.5,1,2,131,-4.0,0.908
2024-09-11,한밭,한화,삼성,7,0.472,18.5,-3,4,129,2,0.562,7.0,1,7,132,3.0,0.908
2024-09-12,광주,KIA,롯데,1,0.615,0.0,4,8,132,7,0.472,18.5,2,5,129,-15.5,0.914
2024-09-12,수원,KT,NC,4,0.504,14.5,2,7,133,9,0.453,21.0,-3,5,130,-1.0,0.914
2024-09-12,잠실,LG,키움,3,0.523,12.0,-2,4,132,10,0.424,25.0,2,3,132,-3.5,0.914
2024-09-12,한밭,한화,삼성,8,0.469,19.0,-4,3,130,2,0.565,6.5,2,7,133,3.5,0.914
2024-09-13,문학,SSG,LG,6,0.477,18.5,-1,4,132,3,0.523,12.5,-2,4,132,2.5,0.918
2024-09-13,사직,롯데,한화,7,0.468,19.5,-1,4,130,8,0.465,20.0,-5,3,131,3.5,0.918
2024-09-13,잠실,두산,NC,5,0.496,16.0,-1,3,133,9,0.45,22.0,-4,4,131,0.0,0.918
2024-09-14,광주,KIA,키움,1,0.618,0.0,5,8,133,10,0.424,25.5,2,3,132,-16.0,0.919
2024-09-14,문학,SSG,삼성,6,0.477,18.5,-1,4,132,2,0.568,6.5,3,7,134,2.5,0.919
2024-09-14,사직,롯데,한화,8,0.465,20.0,-2,3,131,7,0.469,19.5,1,4,132,4.0,0.919
2024-09-14,잠실,두산,KT,5,0.496,16.0,-1,3,133,4,0.508,14.5,3,7,134,0.0,0.919
2024-09-14,창원,NC,LG,9,0.45,22.0,-4,4,131,3,0.523,12.5,-2,4,132,6.0,0.919
2024-09-15,광주,KIA,키움,1,0.621,0.0,6,9,134,10,0.421,26.5,-1,3,133,-16.0,0.926
2024-09-15,문학,SSG,삼성,6,0.481,18.5,1,5,133,2,0.564,7.5,-1,6,135,2.5,0.926
2024-09-15,사직,롯데,한화,7,0.469,20.0,1,4,132,8,0.466,20.5,-1,3,133,4.0,0.926
2024-09-15,창원,NC,LG,9,0.446,23.0,-5,3,132,3,0.527,12.5,1,5,133,7.0,0.926
2024-09-16,수원,KT,KIA,4,0.504,15.0,-1,6,135,1,0.617,0.0,-1,8,135,-0.5,0.932
2024-09-16,잠실,두산,키움,5,0.5,15.5,1,4,134,10,0.425,25.5,1,4,134,0.0,0.932
2024-09-17,고척,키움,KT,10,0.422,26.5,-1,4,135,5,0.5,16.0,-2,6,136,10.5,0.935
2024-09-17,문학,SSG,KIA,6,0.485,18.0,2,5,134,1,0.619,0.0,1,8,136,2.0,0.935
2024-09-17,사직,롯데,LG,7,0.473,19.5,2,4,133,3,0.523,13.0,-1,4,134,3.5,0.935
2024-09-17,잠실,두산,삼성,4,0.504,15.5,2,4,135,2,0.56,8.0,-2,6,136,-0.5,0.935
2024-09-17,창원,NC,한화,9,0.45,22.5,1,3,133,8,0.462,21.0,-2,2,134,6.5,0.935
2024-09-18,사직,롯데,LG,7,0.477,18.5,3,5,134,3,0.519,13.0,-2,4,135,3.5,0.942
2024-09-18,수원,KT,삼성,5,0.504,15.0,1,6,137,2,0.556,8.0,-3,6,137,0.0,0.942
2024-09-18,창원,NC,한화,9,0.447,22.5,-1,2,134,8,0.466,20.0,1,3,135,7.5,0.942
2024-09-19,문학,SSG,키움,6,0.489,17.0,3,6,135,10,0.419,26.5,-2,4,136,1.5,0.946
2024-09-19,사직,롯데,LG,7,0.473,19.0,-1,5,135,3,0.522,12.5,1,4,136,3.5,0.946
2024-09-19,수원,KT,삼성,5,0.5,15.5,-1,6,138,2,0.559,7.5,1,6,138,0.0,0.946
2024-09-19,잠실,두산,KIA,4,0.507,14.5,3,4,136,1,0.615,0.0,-1,7,137,-1.0,0.946
2024-09-19,창원,NC,한화,9,0.451,22.0,1,3,135,8,0.463,20.5,-1,2,136,6.5,0.946
2024-09-20,문학,SSG,키움,6,0.493,16.0,4,7,136,10,0.416,26.5,-3,3,137,1.5,0.953
2024-09-20,잠실,LG,두산,3,0.526,11.5,2,5,137,4,0.511,13.5,4,5,137,-3.0,0.953
2024-09-20,창원,NC,롯데,9,0.448,22.0,-1,3,136,7,0.47,19.0,-2,5,136,7.5,0.953
2024-09-21,광주,KIA,NC,1,0.61,0.0,-2,7,138,9,0.448,22.0,-1,3,136,-14.5,0.953
2024-09-21,대구,삼성,키움,2,0.555,7.5,-1,5,139,10,0.416,26.5,-3,3,137,-7.0,0.953
2024-09-21,수원,KT,SSG,5,0.504,14.5,1,6,139,6,0.493,16.0,4,7,136,0.0,0.953
2024-09-21,잠실,LG,두산,3,0.526,11.5,2,5,137,4,0.511,13.5,4,5,137,-3.0,0.953
2024-09-21,잠실,LG,두산,3,0.526,11.5,2,5,137,4,0.511,13.5,4,5,137,-3.0,0.953
2024-09-21,한밭,한화,롯데,8,0.467,19.5,1,3,137,7,0.47,19.0,-2,5,136,5.0,0.953
2024-09-22,광주,KIA,NC,1,0.61,0.0,-2,7,138,9,0.448,22.0,-1,3,136,-15.0,0.957
2024-09-22,대구,삼성,키움,2,0.555,7.5,-1,5,139,10,0.416,26.5,-3,3,137,-7.5,0.957
2024-09-22,수원,KT,SSG,5,0.5,15.0,-1,5,140,6,0.496,15.5,5,8,137,0.0,0.957
2024-09-22,잠실,LG,두산,3,0.526,11.5,1,5,139,4,0.511,13.5,-1,6,139,-3.5,0.957
2024-09-22,한밭,한화,롯데,8,0.467,19.5,1,3,137,7,0.47,19.0,-2,5,136,4.5,0.957
2024-09-23,광주,KIA,삼성,1,0.61,0.0,-2,7,138,2,0.558,7.0,1,5,140,-15.0,0.963
2024-09-23,잠실,두산,SSG,4,0.507,14.0,-2,6,140,5,0.5,15.0,6,8,138,-1.0,0.963
2024-09-23,한밭,한화,롯데,7,0.471,19.0,2,4,138,8,0.466,19.5,-3,5,137,4.0,0.963
2024-09-24,고척,키움,한화,10,0.413,27.5,-4,3,138,8,0.467,20.0,-1,4,139,11.5,0.967
2024-09-24,광주,KIA,삼성,1,0.613,0.0,1,7,139,2,0.554,8.0,-1,5,141,-16.0,0.967
2024-09-24,문학,SSG,LG,6,0.496,16.0,-1,8,139,3,0.529,11.5,2,5,140,0.0,0.967
2024-09-24,수원,KT,롯데,5,0.496,16.0,-2,5,141,7,0.47,19.5,1,5,138,0.0,0.967
2024-09-24,잠실,두산,NC,4,0.511,14.0,1,7,141,9,0.448,22.5,-1,3,136,-2.0,0.967
2024-09-25,광주,KIA,롯데,1,0.616,0.0,2,7,140,7,0.467,20.5,-1,4,139,-16.0,0.974
2024-09-25,대구,삼성,키움,2,0.55,9.0,-2,4,142,10,0.417,27.5,1,4,139,-7.0,0.974
2024-09-25,잠실,LG,한화,3,0.532,11.5,3,6,141,8,0.464,21.0,-2,4,140,-4.5,0.974
2024-09-25,창원,NC,SSG,9,0.444,23.5,-2,2,137,6,0.493,17.0,-2,7,140,7.5,0.974
2024-09-26,사직,롯데,두산,7,0.471,19.5,1,5,140,4,0.514,13.5,2,7,142,4.0,0.979
2024-09-26,잠실,LG,키움,3,0.529,11.5,-1,6,142,10,0.414,27.5,-1,4,140,-4.0,0.979
2024-09-26,창원,NC,SSG,9,0.441,23.5,-3,2,138,6,0.496,16.0,1,7,141,8.0,0.979
2024-09-27,사직,롯데,NC,8,0.467,20.0,-1,5,141,9,0.438,24.0,-4,2,139,4.5,0.983
2024-09-27,수원,KT,키움,6,0.5,15.5,1,5,142,10,0.411,28.0,-2,3,141,0.0,0.983
2024-09-27,한밭,한화,KIA,7,0.468,20.0,1,5,141,1,0.612,0.0,-1,6,141,4.5,0.983
2024-09-28,대구,삼성,LG,2,0.553,7.5,1,4,143,3,0.532,10.5,1,6,143,-7.0,0.988
2024-09-28,사직,롯데,KIA,8,0.471,19.0,1,5,142,1,0.607,0.0,-2,5,142,4.5,0.988
2024-09-28,수원,KT,키움,5,0.504,14.5,2,5,143,10,0.408,28.0,-3,2,142,0.0,0.988
2024-09-28,창원,NC,두산,9,0.435,24.0,-5,2,140,4,0.518,12.5,3,8,143,9.5,0.988
2024-09-28,한밭,한화,SSG,7,0.471,19.0,2,5,142,6,0.5,15.0,2,8,142,4.5,0.988
2024-09-29,한밭,한화,NC,7,0.468,20.0,-1,5,143,9,0.432,25.0,-6,2,141,5.5,0.994
2024-09-30,광주,KIA,NC,1,0.61,0.0,1,5,143,9,0.436,24.5,1,3,142,-14.5,0.996
2024-09-30,문학,SSG,키움,6,0.504,15.0,3,8,143,10,0.406,29.0,-4,2,143,0.5,0.996
2024-10-01,창원,NC,롯데,9,0.433,25.5,-1,2,143,7,0.468,20.5,-1,4,143,10.5,0.999
2025-03-22,광주,KIA,NC,,,,0,,0,,,,0,,0,,0.0
2025-03-22,대구,삼성,키움,,,,0,,0,,,,0,,0,,0.0
2025-03-22,문학,SSG,두산,,,,0,,0,,,,0,,0,,0.0
2025-03-22,수원,KT,한화,,,,0,,0,,,,0,,0,,0.0
2025-03-22,잠실,LG,롯데,,,,0,,0,,,,0,,0,,0.0
2025-03-23,광주,KIA,NC,1,1.0,0.0,1,1,1,6,0.0,1.0,-1,0,1,0.0,0.007
2025-03-23,대구,삼성,키움,2,1.0,0.0,1,1,1,7,0.0,1.0,-1,0,1,0.0,0.007
2025-03-23,문학,SSG,두산,3,1.0,0.0,1,1,1,8,0.0,1.0,-1,0,1,0.0,0.007
2025-03-23,수원,KT,한화,9,0.0,1.0,-1,0,1,4,1.0,0.0,1,1,1,1.0,0.007
2025-03-23,잠실,LG,롯데,5,1.0,0.0,1,1,1,10,0.0,1.0,-1,0,1,0.0,0.007
2025-03-25,광주,KIA,키움,4,0.5,1.0,-1,1,2,8,0.0,2.0,-2,0,2,0.0,0.014
2025-03-25,대구,삼성,NC,1,1.0,0.0,2,2,2,5,0.5,1.0,1,1,2,-1.0,0.014
2025-03-25,문학,SSG,롯데,2,1.0,0.0,2,2,2,10,0.0,2.0,-2,0,2,-1.0,0.014
2025-03-25,수원,KT,두산,6,0.5,1.0,1,1,2,9,0.0,2.0,-2,0,2,0.0,0.014
2025-03-25,잠실,LG,한화,3,1.0,0.0,2,2,2,7,0.5,1.0,-1,1,2,-1.0,0.014
2025-03-26,광주,KIA,키움,3,0.667,1.0,1,2,3,9,0.0,3.0,-3,0,3,0.0,0.021
2025-03-26,대구,삼성,NC,1,1.0,0.0,3,3,3,6,0.333,2.0,-1,1,3,-1.0,0.021
2025-03-26,문학,SSG,롯데,4,0.667,1.0,-1,2,3,8,0.333,2.0,1,1,3,0.0,0.021
2025-03-26,수원,KT,두산,5,0.667,1.0,2,2,3,10,0.0,3.0,-3,0,3,0.0,0.021
2025-03-26,잠실,LG,한화,2,1.0,0.0,3,3,3,7,0.333,2.0,-2,1,3,-1.0,0.021
2025-03-27,광주,KIA,키움,4,0.5,2.0,-1,2,4,7,0.25,3.0,1,1,4,0.0,0.028
2025-03-27,대구,삼성,NC,2,0.75,1.0,-1,3,4,5,0.5,2.0,1,2,4,-1.0,0.028
2025-03-27,문학,SSG,롯데,3,0.75,1.0,1,3,4,10,0.25,3.0,-1,1,4,-1.0,0.028
2025-03-27,수원,KT,두산,6,0.5,2.0,-1,2,4,8,0.25,3.0,1,1,4,0.0,0.028
2025-03-27,잠실,LG,한화,1,1.0,0.0,4,4,4,9,0.25,3.0,-3,1,4,-2.0,0.028
2025-03-28,고척,키움,SSG,7,0.4,3.0,2,2,5,2,0.8,1.0,2,4,5,1.0,0.035
2025-03-28,대전,한화,KIA,9,0.2,4.0,-4,1,5,6,0.4,3.0,-2,2,5,2.0,0.035
2025-03-28,사직,롯데,KT,10,0.2,4.0,-2,1,5,5,0.6,2.0,1,3,5,2.0,0.035
2025-03-28,잠실,두산,삼성,8,0.2,4.0,-1,1,5,4,0.6,2.0,-2,3,5,2.0,0.035
2025-03-28,창원,NC,LG,3,0.6,2.0,2,3,5,1,1.0,0.0,5,5,5,0.0,0.035
2025-03-29,고척,키움,SSG,6,0.5,3.0,3,3,6,2,0.667,2.0,-1,4,6,0.0,0.042
2025-03-29,대전,한화,KIA,9,0.333,4.0,1,2,6,7,0.333,4.0,-3,2,6,1.0,0.042
2025-03-29,사직,롯데,KT,10,0.167,5.0,-3,1,6,3,0.667,2.0,2,4,6,2.0,0.042
2025-03-29,잠실,두산,삼성,8,0.333,4.0,1,2,6,5,0.5,3.0,-3,3,6,1.0,0.042
2025-03-29,창원,NC,LG,4,0.5,3.0,-1,3,6,1,1.0,0.0,6,6,6,0.0,0.042
2025-03-30,고척,키움,SSG,3,0.571,3.0,4,4,7,4,0.571,3.0,-2,4,7,0.0,0.049
2025-03-30,대전,한화,KIA,7,0.429,4.0,2,3,7,8,0.286,5.0,-4,2,7,1.0,0.049
2025-03-30,사직,롯데,KT,10,0.286,5.0,1,2,7,5,0.571,3.0,-1,4,7,2.0,0.049
2025-03-30,잠실,두산,삼성,9,0.286,5.0,-1,2,7,2,0.571,3.0,1,4,7,2.0,0.049
2025-03-30,창원,NC,LG,6,0.429,4.0,-2,3,7,1,1.0,0.0,7,7,7,1.0,0.049
2025-04-01,광주,KIA,삼성,7,0.375,4.5,1,3,8,2,0.625,2.5,2,5,8,1.0,0.054
2025-04-01,대전,한화,롯데,8,0.375,4.5,-1,3,8,9,0.286,5.0,1,2,8,1.0,0.054
2025-04-01,수원,KT,LG,4,0.571,3.0,-1,4,8,1,1.0,0.0,7,7,7,-0.5,0.054
2025-04-01,잠실,두산,키움,10,0.25,5.5,-2,2,8,5,0.5,3.5,-1,4,8,2.0,0.054
2025-04-01,창원,NC,SSG,6,0.429,4.0,-2,3,7,3,0.625,2.5,1,5,8,0.5,0.054
2025-04-02,광주,KIA,삼성,7,0.375,4.5,1,3,8,2,0.625,2.5,2,5,8,1.0,0.054
2025-04-02,대전,한화,롯데,8,0.375,4.5,-1,3,8,9,0.286,5.0,1,2,8,1.0,0.054
2025-04-02,수원,KT,LG,4,0.571,3.0,-1,4,8,1,1.0,0.0,7,7,7,-0.5,0.054
2025-04-02,잠실,두산,키움,10,0.25,5.5,-2,2,8,5,0.5,3.5,-1,4,8,2.0,0.054
2025-04-02,창원,NC,SSG,6,0.429,4.0,-2,3,7,3,0.625,2.5,1,5,8,0.5,0.054
2025-04-03,광주,KIA,삼성,8,0.333,4.5,-1,3,9,2,0.667,1.5,3,6,9,1.0,0.06
2025-04-03,대전,한화,롯데,10,0.333,4.5,-2,3,9,7,0.375,4.0,2,3,9,1.0,0.06
2025-04-03,수원,KT,LG,4,0.625,2.0,1,5,9,1,0.875,0.0,-1,7,8,-1.5,0.06
2025-04-03,잠실,두산,키움,9,0.333,4.5,1,3,9,5,0.444,3.5,-2,4,9,1.0,0.06
2025-04-03,창원,NC,SSG,6,0.429,3.5,-2,3,7,3,0.625,2.0,1,5,8,0.0,0.06
2025-04-04,고척,키움,NC,8,0.4,4.5,-3,4,10,6,0.429,4.0,-2,3,7,0.5,0.065
2025-04-04,대구,삼성,한화,3,0.6,2.5,-1,6,10,10,0.3,5.5,-3,3,10,-1.5,0.065
2025-04-04,문학,SSG,KT,2,0.625,2.5,1,5,8,4,0.556,3.0,-1,5,10,-1.5,0.065
2025-04-04,사직,롯데,두산,5,0.444,4.0,3,4,10,9,0.4,4.5,2,4,10,0.0,0.065
2025-04-04,잠실,LG,KIA,1,0.889,0.0,1,8,9,7,0.4,4.5,1,4,10,-4.0,0.065
2025-04-05,고척,키움,NC,5,0.455,4.5,1,5,11,8,0.375,5.0,-3,3,8,0.0,0.072
2025-04-05,대구,삼성,한화,3,0.636,2.5,1,6,11,10,0.273,6.5,-4,2,11,-2.0,0.072
2025-04-05,문학,SSG,KT,2,0.667,2.5,2,6,9,4,0.5,4.0,-2,5,11,-2.0,0.072
2025-04-05,사직,롯데,두산,7,0.4,5.0,-1,4,11,6,0.455,4.5,3,5,11,0.5,0.072
2025-04-05,잠실,LG,KIA,1,0.9,0.0,2,9,10,9,0.364,5.5,-1,3,11,-4.5,0.072
2025-04-06,고척,키움,NC,7,0.417,5.0,-1,5,12,6,0.444,4.5,1,4,9,0.5,0.076
2025-04-06,대구,삼성,한화,3,0.583,3.0,-1,5,12,10,0.333,6.0,1,3,12,-1.5,0.076
2025-04-06,문학,SSG,KT,2,0.667,2.5,2,6,9,4,0.5,4.0,-2,5,11,-2.0,0.076
2025-04-06,사직,롯데,두산,5,0.455,4.5,1,5,12,8,0.417,5.0,-1,5,12,0.0,0.076
2025-04-06,잠실,LG,KIA,1,0.9,0.0,2,9,10,9,0.364,5.5,-1,3,11,-4.5,0.076
2025-04-08,고척,키움,LG,8,0.385,6.0,-2,5,13,1,0.909,0.0,3,9,11,1.0,0.083
2025-04-08,대구,삼성,SSG,3,0.615,3.0,1,5,13,2,0.7,2.5,3,7,10,-2.0,0.083
2025-04-08,사직,롯데,KIA,7,0.417,5.5,-1,4,13,9,0.333,6.5,-2,3,12,0.5,0.083
2025-04-08,수원,KT,NC,6,0.455,5.0,-3,4,12,4,0.5,4.5,2,5,10,0.0,0.083
2025-04-08,잠실,두산,한화,5,0.462,5.0,1,6,13,10,0.308,7.0,-1,3,13,0.0,0.083
2025-04-09,고척,키움,LG,9,0.357,7.0,-3,4,14,1,0.917,0.0,4,9,12,2.0,0.09
2025-04-09,대구,삼성,SSG,2,0.643,3.0,2,6,14,3,0.636,3.5,-1,6,11,-2.0,0.09
2025-04-09,사직,롯데,KIA,8,0.385,6.5,-2,4,14,7,0.385,6.5,1,3,13,1.5,0.09
2025-04-09,수원,KT,NC,5,0.5,5.0,1,4,13,6,0.455,5.5,-1,5,11,0.0,0.09
2025-04-09,잠실,두산,한화,4,0.5,5.0,2,6,14,10,0.286,8.0,-2,3,14,0.0,0.09
2025-04-10,고척,키움,LG,8,0.4,6.0,1,4,15,1,0.846,0.0,-1,8,13,1.0,0.097
2025-04-10,대구,삼성,SSG,3,0.6,3.0,-1,6,15,2,0.667,2.5,1,6,12,-2.0,0.097
2025-04-10,사직,롯데,KIA,9,0.357,6.5,-3,4,15,6,0.429,5.5,2,4,14,1.5,0.097
2025-04-10,수원,KT,NC,4,0.538,4.0,2,5,14,7,0.417,5.5,-2,4,12,-1.0,0.097
2025-04-10,잠실,두산,한화,5,0.467,5.0,-1,6,15,10,0.333,7.0,1,4,15,0.0,0.097
2025-04-11,광주,KIA,SSG,7,0.4,6.5,-1,4,15,3,0.615,3.5,-1,6,13,1.0,0.104
2025-04-11,대전,한화,키움,10,0.375,7.0,2,4,16,9,0.375,7.0,-1,3,16,1.5,0.104
2025-04-11,사직,NC,롯데,5,0.462,5.5,1,5,13,8,0.4,6.5,1,5,16,0.0,0.104
2025-04-11,수원,KT,삼성,4,0.5,5.0,-1,4,15,2,0.625,3.0,1,7,16,-0.5,0.104
2025-04-11,잠실,LG,두산,1,0.857,0.0,1,8,14,6,0.438,6.0,-2,5,16,-5.5,0.104
2025-04-12,광주,KIA,SSG,9,0.375,7.5,-2,4,16,2,0.643,3.5,1,6,14,1.0,0.111
2025-04-12,대전,한화,키움,8,0.412,7.0,3,4,17,10,0.353,8.0,-2,2,17,0.5,0.111
2025-04-12,사직,NC,롯데,6,0.429,6.5,-1,4,14,5,0.438,6.5,2,5,17,0.0,0.111
2025-04-12,수원,KT,삼성,4,0.533,5.0,1,4,16,3,0.588,4.0,-1,6,17,-1.5,0.111
2025-04-12,잠실,LG,두산,1,0.867,0.0,2,8,15,7,0.412,7.0,-3,5,17,-6.5,0.111
2025-04-13,광주,KIA,SSG,10,0.375,8.0,-2,4,16,2,0.643,4.0,1,6,14,1.5,0.115
2025-04-13,대전,한화,키움,9,0.389,8.0,-1,4,18,7,0.389,8.0,1,3,18,1.5,0.115
2025-04-13,사직,NC,롯데,6,0.4,7.5,-2,3,15,5,0.471,6.5,3,6,18,1.0,0.115
2025-04-13,수원,KT,삼성,4,0.533,5.5,1,4,16,3,0.588,4.5,-1,6,17,-1.0,0.115
2025-04-13,잠실,LG,두산,1,0.875,0.0,3,8,16,8,0.389,8.0,-4,5,18,-6.5,0.115
2025-04-15,광주,KIA,KT,9,0.412,7.0,1,5,17,3,0.562,4.5,2,5,17,0.5,0.122
2025-04-15,문학,SSG,한화,2,0.6,4.0,-1,5,15,8,0.421,7.0,1,5,19,-2.5,0.122
2025-04-15,사직,롯데,키움,5,0.444,6.5,-1,5,19,10,0.368,8.0,-1,3,19,0.0,0.122
2025-04-15,잠실,LG,삼성,1,0.824,0.0,-1,7,17,4,0.556,4.5,-2,5,18,-6.5,0.122
2025-04-15,창원,NC,두산,6,0.438,6.5,1,4,16,7,0.421,7.0,1,5,19,0.0,0.122
2025-04-16,광주,KIA,KT,7,0.444,7.0,2,5,18,3,0.529,5.5,-1,5,18,0.5,0.128
2025-04-16,문학,SSG,한화,2,0.562,5.0,-2,5,16,6,0.45,7.0,2,6,20,-1.5,0.128
2025-04-16,사직,롯데,키움,5,0.474,6.5,1,5,20,10,0.35,9.0,-2,3,20,0.0,0.128
2025-04-16,잠실,LG,삼성,1,0.833,0.0,1,8,18,4,0.526,5.5,-3,4,19,-6.5,0.128
2025-04-16,창원,NC,두산,8,0.438,7.0,1,4,16,9,0.421,7.5,1,5,19,0.5,0.128
2025-04-17,광주,KIA,KT,8,0.421,8.0,-1,5,19,2,0.556,5.5,1,5,19,1.5,0.133
2025-04-17,문학,SSG,한화,3,0.529,6.0,-3,5,17,6,0.476,7.0,3,7,21,-0.5,0.133
2025-04-17,사직,롯데,키움,5,0.5,6.5,2,6,21,10,0.333,10.0,-3,2,21,0.0,0.133
2025-04-17,잠실,LG,삼성,1,0.842,0.0,2,8,19,4,0.5,6.5,-4,4,20,-6.5,0.133
2025-04-17,창원,NC,두산,7,0.438,7.5,1,4,16,9,0.421,8.0,1,5,19,1.0,0.133
2025-04-18,고척,키움,KT,10,0.318,10.0,-4,2,22,2,0.526,5.5,-1,5,20,4.0,0.139
2025-04-18,대구,삼성,롯데,3,0.524,5.5,1,4,21,4,0.524,5.5,3,6,22,-0.5,0.139
2025-04-18,대전,한화,NC,5,0.5,6.0,4,7,22,8,0.438,7.0,1,4,16,0.0,0.139
2025-04-18,문학,SSG,LG,6,0.5,6.0,-4,4,18,1,0.8,0.0,-1,7,20,0.0,0.139
2025-04-18,잠실,두산,KIA,9,0.421,7.5,1,5,19,7,0.45,7.0,1,5,20,1.5,0.139
2025-04-19,고척,키움,KT,10,0.348,10.0,1,3,23,5,0.5,6.5,-2,5,21,3.5,0.146
2025-04-19,대구,삼성,롯데,4,0.5,6.5,-1,4,22,2,0.545,5.5,4,7,23,0.0,0.146
2025-04-19,대전,한화,NC,3,0.522,6.0,5,8,23,9,0.412,8.0,-1,4,17,-0.5,0.146
2025-04-19,문학,SSG,LG,6,0.474,7.0,-5,3,19,1,0.81,0.0,1,7,21,0.5,0.146
2025-04-19,잠실,두산,KIA,7,0.45,7.5,2,5,20,8,0.429,8.0,-1,5,21,1.0,0.146
2025-04-20,고척,키움,KT,10,0.333,11.0,-1,3,24,3,0.524,6.5,1,6,22,4.5,0.153
2025-04-20,대구,삼성,롯데,4,0.522,6.5,1,4,23,5,0.522,6.5,-1,7,24,0.0,0.153
2025-04-20,대전,한화,NC,2,0.542,6.0,6,9,24,9,0.389,9.0,-2,4,18,-0.5,0.153
2025-04-20,문학,SSG,LG,7,0.45,8.0,-6,2,20,1,0.818,0.0,2,7,22,1.5,0.153
2025-04-20,잠실,두산,KIA,8,0.429,8.5,-1,4,21,6,0.455,8.0,1,6,22,2.0,0.153
2025-04-22,고척,키움,두산,10,0.32,11.0,-2,2,25,8,0.409,8.5,-2,4,22,4.5,0.16
2025-04-22,대구,삼성,KIA,5,0.5,6.5,-1,3,24,6,0.478,7.0,2,6,23,0.0,0.16
2025-04-22,사직,롯데,한화,4,0.542,5.5,1,8,25,2,0.56,5.0,7,9,25,-1.0,0.16
2025-04-22,수원,KT,SSG,3,0.545,5.5,2,6,23,7,0.476,7.0,1,3,21,-1.0,0.16
2025-04-22,잠실,LG,NC,1,0.783,0.0,-1,7,23,9,0.368,9.0,-3,3,19,-6.5,0.16
2025-04-23,고척,키움,두산,10,0.346,10.0,1,3,26,9,0.391,8.5,-3,3,23,4.0,0.164
2025-04-23,대구,삼성,KIA,5,0.5,6.0,-1,3,24,6,0.478,6.5,2,6,23,0.0,0.164
2025-04-23,사직,롯데,한화,4,0.542,5.0,1,8,25,3,0.56,4.5,7,9,25,-1.0,0.164
2025-04-23,수원,KT,SSG,2,0.565,4.5,3,6,24,7,0.455,7.0,-1,2,22,-1.5,0.164
2025-04-23,잠실,LG,NC,1,0.75,0.0,-2,6,24,8,0.4,8.0,1,3,20,-6.0,0.164
2025-04-24,고척,키움,두산,10,0.333,11.0,-1,3,27,8,0.417,8.5,1,3,24,5.0,0.171
2025-04-24,대구,삼성,KIA,4,0.52,6.0,1,4,25,7,0.458,7.5,-1,5,24,0.0,0.171
2025-04-24,사직,롯데,한화,5,0.52,6.0,-1,7,26,2,0.577,4.5,8,9,26,0.0,0.171
2025-04-24,수원,KT,SSG,3,0.542,5.5,-1,6,25,6,0.478,7.0,1,3,23,-0.5,0.171
2025-04-24,잠실,LG,NC,1,0.76,0.0,1,6,25,9,0.381,9.0,-1,3,21,-6.0,0.171
2025-04-25,광주,KIA,LG,7,0.44,7.5,-2,5,25,1,0.731,0.0,-1,5,26,2.0,0.178
2025-04-25,대구,삼성,NC,3,0.538,5.0,2,4,26,9,0.409,8.0,1,4,22,-0.5,0.178
2025-04-25,대전,한화,KT,2,0.556,4.5,-1,8,27,5,0.52,5.5,-2,5,26,-1.0,0.178
2025-04-25,문학,SSG,키움,6,0.5,6.0,2,3,24,10,0.321,11.0,-2,2,28,0.5,0.178
2025-04-25,잠실,두산,롯데,8,0.44,7.5,2,4,25,4,0.538,5.0,1,7,27,2.0,0.178
2025-04-26,광주,KIA,LG,7,0.423,8.5,-3,5,26,1,0.741,0.0,1,6,27,3.0,0.185
2025-04-26,대구,삼성,NC,2,0.556,5.0,3,5,27,9,0.391,9.0,-1,3,23,-0.5,0.185
2025-04-26,대전,한화,KT,5,0.536,5.5,-2,8,28,4,0.538,5.5,1,5,27,0.0,0.185
2025-04-26,문학,SSG,키움,6,0.52,6.0,3,4,25,10,0.31,12.0,-3,2,29,0.5,0.185
2025-04-26,잠실,두산,롯데,8,0.423,8.5,-1,4,26,3,0.556,5.0,2,7,28,3.0,0.185
2025-04-27,광주,KIA,LG,7,0.444,7.5,1,5,27,1,0.714,0.0,-1,5,28,2.0,0.192
2025-04-27,대구,삼성,NC,2,0.571,4.0,4,6,28,9,0.375,9.0,-2,3,24,-1.5,0.192
2025-04-27,대전,한화,KT,4,0.552,4.5,1,8,29,5,0.519,5.5,-1,5,28,-1.0,0.192
2025-04-27,문학,SSG,키움,6,0.5,6.0,-1,4,26,10,0.333,11.0,1,3,30,0.5,0.192
2025-04-27,잠실,두산,롯데,8,0.407,8.5,-2,4,27,3,0.571,4.0,3,8,29,3.0,0.192
2025-04-29,고척,키움,롯데,10,0.355,10.0,2,4,31,4,0.552,4.0,-1,7,30,4.5,0.199
2025-04-29,광주,KIA,NC,7,0.464,6.5,2,5,28,9,0.36,9.0,-3,3,25,1.0,0.199
2025-04-29,대전,한화,LG,3,0.567,3.5,2,8,30,1,0.69,0.0,-2,4,29,-2.0,0.199
2025-04-29,문학,SSG,삼성,6,0.481,6.0,-2,4,27,2,0.586,3.0,5,7,29,0.5,0.199
2025-04-29,잠실,두산,KT,8,0.429,7.5,1,5,28,5,0.5,5.5,-2,4,29,2.0,0.199
2025-04-30,고척,키움,롯데,10,0.344,10.0,-1,4,32,4,0.567,3.0,1,7,31,5.5,0.206
2025-04-30,광주,KIA,NC,6,0.483,5.5,3,6,29,9,0.346,9.0,-4,2,26,1.0,0.206
2025-04-30,대전,한화,LG,3,0.581,2.5,3,8,31,1,0.667,0.0,-3,4,30,-2.0,0.206
2025-04-30,문학,SSG,삼성,7,0.464,6.0,-3,4,28,2,0.6,2.0,6,8,30,1.5,0.206
2025-04-30,잠실,두산,KT,8,0.414,7.5,-1,4,29,5,0.517,4.5,1,5,30,3.0,0.206
2025-05-01,고척,키움,롯데,10,0.333,10.0,-2,3,33,4,0.581,2.0,2,7,32,6.5,0.212
2025-05-01,광주,KIA,NC,6,0.467,5.5,-1,5,30,9,0.37,8.0,1,3,27,2.0,0.212
2025-05-01,대전,한화,LG,3,0.594,1.5,4,8,32,1,0.645,0.0,-4,3,31,-2.0,0.212
2025-05-01,문학,SSG,삼성,7,0.464,5.5,-3,4,29,2,0.6,1.5,6,7,31,2.0,0.212
2025-05-01,잠실,두산,KT,8,0.4,7.5,-2,3,30,5,0.533,3.5,2,6,31,4.0,0.212
2025-05-02,광주,KIA,한화,7,0.467,5.5,-1,5,30,2,0.594,1.5,4,8,32,2.0,0.217
2025-05-02,대구,삼성,두산,4,0.581,2.0,-1,7,32,8,0.4,7.5,-2,3,31,-1.5,0.217
2025-05-02,사직,롯데,NC,3,0.594,1.5,3,7,33,9,0.37,8.0,1,3,27,-2.0,0.217
2025-05-02,수원,KT,키움,5,0.533,3.5,2,5,32,10,0.324,10.5,-3,3,34,0.0,0.217
2025-05-02,잠실,LG,SSG,1,0.645,0.0,-4,3,31,6,0.483,5.0,1,5,30,-3.5,0.217
2025-05-03,광주,KIA,한화,7,0.452,5.5,-2,5,31,2,0.606,0.5,5,8,33,2.0,0.224
2025-05-03,대구,삼성,두산,4,0.594,1.0,1,7,33,8,0.387,7.5,-3,3,32,-2.5,0.224
2025-05-03,사직,롯데,NC,3,0.606,0.5,4,8,34,9,0.357,8.0,-1,3,28,-3.0,0.224
2025-05-03,수원,KT,키움,5,0.516,3.5,-1,4,33,10,0.343,9.5,1,4,35,0.0,0.224
2025-05-03,잠실,LG,SSG,1,0.625,0.0,-5,2,32,6,0.5,4.0,2,5,31,-3.5,0.224
2025-05-04,광주,KIA,한화,7,0.452,6.0,-2,5,31,2,0.606,1.0,5,8,33,2.5,0.229
2025-05-04,대구,삼성,두산,4,0.576,2.0,-1,7,34,8,0.406,7.5,1,4,33,-1.5,0.229
2025-05-04,사직,롯데,NC,3,0.588,1.5,-1,7,35,9,0.379,8.0,1,4,29,-2.0,0.229
2025-05-04,수원,KT,키움,5,0.531,3.5,1,4,34,10,0.333,10.5,-1,3,36,0.0,0.229
2025-05-04,잠실,LG,SSG,1,0.636,0.0,1,3,33,6,0.484,5.0,-1,5,32,-3.5,0.229
2025-05-05,고척,키움,KIA,10,0.324,11.5,-2,3,37,7,0.438,7.0,-3,4,32,8.0,0.236
2025-05-05,대전,한화,삼성,2,0.618,1.0,6,8,34,4,0.559,3.0,-2,6,35,-2.5,0.236
2025-05-05,사직,롯데,SSG,3,0.571,2.5,-2,7,36,6,0.469,6.0,-2,4,33,-1.0,0.236
2025-05-05,수원,KT,NC,5,0.545,3.5,2,5,35,9,0.4,8.0,2,4,30,0.0,0.236
2025-05-05,잠실,두산,LG,8,0.424,7.5,2,4,34,1,0.647,0.0,2,4,34,4.0,0.236
2025-05-06,고척,키움,KIA,10,0.316,11.5,-3,3,38,7,0.455,6.0,1,4,33,8.0,0.243
2025-05-06,대전,한화,삼성,1,0.629,0.0,7,8,35,4,0.543,3.0,-3,5,36,-3.5,0.243
2025-05-06,사직,롯데,SSG,3,0.556,2.5,-3,6,37,6,0.485,5.0,1,4,34,-1.0,0.243
2025-05-06,수원,KT,NC,5,0.529,3.5,-1,5,36,9,0.419,7.0,3,5,31,0.0,0.243
2025-05-06,잠실,두산,LG,8,0.441,6.5,3,4,35,2,0.629,0.0,-1,3,35,3.0,0.243
2025-05-07,고척,키움,KIA,10,0.308,12.5,-4,3,39,6,0.471,6.0,2,5,34,8.0,0.25
2025-05-07,대전,한화,삼성,1,0.639,0.0,8,8,36,4,0.528,4.0,-4,4,37,-4.5,0.25
2025-05-07,사직,롯데,SSG,3,0.568,2.5,1,6,38,7,0.471,6.0,-1,3,35,-2.0,0.25
2025-05-07,수원,KT,NC,5,0.514,4.5,-2,4,37,8,0.438,7.0,4,5,32,0.0,0.25
2025-05-07,잠실,두산,LG,9,0.429,7.5,-1,4,36,2,0.639,0.0,1,4,36,3.0,0.25
2025-05-09,고척,키움,한화,10,0.325,12.5,1,3,40,1,0.649,0.0,9,9,37,7.0,0.257
2025-05-09,대구,삼성,LG,4,0.514,5.0,-5,3,38,2,0.622,1.0,-1,3,37,-0.5,0.257
2025-05-09,문학,SSG,KIA,7,0.457,7.0,-2,3,36,6,0.457,7.0,-1,5,35,1.5,0.257
2025-05-09,수원,KT,롯데,5,0.5,5.5,-3,4,38,3,0.579,2.5,2,6,39,0.0,0.257
2025-05-09,잠실,두산,NC,9,0.444,7.5,1,5,37,8,0.455,7.0,5,6,33,2.0,0.257
2025-05-10,고척,키움,한화,10,0.317,13.5,-1,2,41,1,0.658,0.0,10,10,38,7.5,0.258
2025-05-10,대구,삼성,LG,4,0.514,5.5,-5,3,38,2,0.622,1.5,-1,3,37,-0.5,0.258
2025-05-10,대구,삼성,LG,4,0.514,5.5,-5,3,38,2,0.622,1.5,-1,3,37,-0.5,0.258
2025-05-10,문학,SSG,KIA,7,0.457,7.5,-2,3,36,6,0.457,7.5,-1,5,35,1.5,0.258
2025-05-10,문학,SSG,KIA,7,0.457,7.5,-2,3,36,6,0.457,7.5,-1,5,35,1.5,0.258
2025-05-10,수원,KT,롯데,5,0.5,6.0,-3,4,38,3,0.579,3.0,2,6,39,0.0,0.258
2025-05-10,수원,KT,롯데,5,0.5,6.0,-3,4,38,3,0.579,3.0,2,6,39,0.0,0.258
2025-05-10,잠실,두산,NC,9,0.444,8.0,1,5,37,8,0.455,7.5,5,6,33,2.0,0.258
2025-05-10,잠실,두산,NC,9,0.444,8.0,1,5,37,8,0.455,7.5,5,6,33,2.0,0.258
2025-05-11,고척,키움,한화,10,0.31,14.5,-2,2,42,1,0.667,0.0,11,10,39,7.5,0.267
2025-05-11,대구,삼성,LG,4,0.487,7.0,-7,1,40,2,0.641,1.0,2,5,39,0.0,0.267
2025-05-11,문학,SSG,KIA,8,0.444,8.5,-3,3,37,6,0.472,7.5,1,6,36,1.5,0.267
2025-05-11,문학,SSG,KIA,8,0.444,8.5,-3,3,37,6,0.472,7.5,1,6,36,1.5,0.267
2025-05-11,수원,KT,롯데,5,0.486,7.0,-4,4,39,3,0.59,3.0,3,7,40,0.0,0.267
2025-05-11,수원,KT,롯데,5,0.486,7.0,-4,4,39,3,0.59,3.0,3,7,40,0.0,0.267
2025-05-11,잠실,두산,NC,9,0.444,8.5,1,4,38,7,0.455,8.0,5,6,34,1.5,0.267
2025-05-11,잠실,두산,NC,9,0.444,8.5,1,4,38,7,0.455,8.0,5,6,34,1.5,0.267
2025-05-13,광주,KIA,롯데,8,0.447,9.0,-2,4,38,3,0.6,3.0,4,6,42,1.0,0.278
2025-05-13,대전,한화,두산,1,0.675,0.0,12,10,40,9,0.421,10.0,-2,4,40,-8.0,0.278
2025-05-13,문학,SSG,NC,6,0.474,8.0,2,5,39,4,0.486,7.5,7,8,36,0.0,0.278
2025-05-13,잠실,LG,키움,2,0.65,1.0,3,6,40,10,0.302,15.5,-3,2,43,-7.0,0.278
2025-05-13,포항,삼성,KT,5,0.475,8.0,-8,1,41,7,0.474,8.0,-5,2,41,0.0,0.278
2025-05-14,광주,KIA,롯데,7,0.462,8.0,1,4,39,3,0.585,3.0,-1,5,43,1.0,0.285
2025-05-14,대전,한화,두산,1,0.659,0.0,-1,9,41,9,0.436,9.0,1,5,41,-7.0,0.285
2025-05-14,문학,SSG,NC,5,0.487,7.0,3,5,40,6,0.472,7.5,-1,7,37,0.0,0.285
2025-05-14,잠실,LG,키움,2,0.659,0.0,4,7,41,10,0.295,15.5,-4,2,44,-7.0,0.285
2025-05-14,포항,삼성,KT,4,0.488,7.0,1,2,42,8,0.462,8.0,-6,2,42,0.0,0.285
2025-05-15,광주,KIA,롯데,8,0.45,9.0,-1,4,40,3,0.595,3.0,1,5,44,1.0,0.292
2025-05-15,대전,한화,두산,2,0.643,1.0,-2,8,42,9,0.45,9.0,2,6,42,-7.0,0.292
2025-05-15,문학,SSG,NC,6,0.475,8.0,-1,4,41,4,0.486,7.5,1,8,38,0.0,0.292
2025-05-15,잠실,LG,키움,1,0.667,0.0,5,8,42,10,0.289,16.5,-5,1,45,-8.0,0.292
2025-05-15,포항,삼성,KT,5,0.476,8.0,-1,1,43,7,0.475,8.0,1,3,43,0.0,0.292
2025-05-16,광주,KIA,두산,7,0.463,9.0,1,5,41,8,0.463,9.0,3,6,43,1.0,0.299
2025-05-16,대전,한화,SSG,2,0.628,2.0,-3,7,43,5,0.488,8.0,1,5,42,-6.0,0.299
2025-05-16,사직,롯데,삼성,3,0.581,4.0,-1,5,45,4,0.488,8.0,1,2,44,-4.0,0.299
2025-05-16,울산,NC,키움,6,0.474,8.5,-1,7,39,10,0.283,17.5,-6,1,46,0.5,0.299
2025-05-16,잠실,LG,KT,1,0.674,0.0,6,8,43,9,0.463,9.0,-1,2,44,-8.0,0.299
2025-05-17,광주,KIA,두산,7,0.463,9.0,1,5,41,8,0.463,9.0,3,6,43,1.0,0.299
2025-05-17,광주,KIA,두산,7,0.463,9.0,1,5,41,8,0.463,9.0,3,6,43,1.0,0.299
2025-05-17,대전,한화,SSG,2,0.628,2.0,-3,7,43,5,0.488,8.0,1,5,42,-6.0,0.299
2025-05-17,대전,한화,SSG,2,0.628,2.0,-3,7,43,5,0.488,8.0,1,5,42,-6.0,0.299
2025-05-17,사직,롯데,삼성,3,0.581,4.0,-1,5,45,4,0.488,8.0,1,2,44,-4.0,0.299
2025-05-17,사직,롯데,삼성,3,0.581,4.0,-1,5,45,4,0.488,8.0,1,2,44,-4.0,0.299
2025-05-17,울산,NC,키움,6,0.474,8.5,-1,7,39,10,0.283,17.5,-6,1,46,0.5,0.299
2025-05-17,울산,NC,키움,6,0.474,8.5,-1,7,39,10,0.283,17.5,-6,1,46,0.5,0.299
2025-05-17,잠실,LG,KT,1,0.674,0.0,6,8,43,9,0.463,9.0,-1,2,44,-8.0,0.299
2025-05-17,잠실,LG,KT,1,0.674,0.0,6,8,43,9,0.463,9.0,-1,2,44,-8.0,0.299
2025-05-18,광주,KIA,두산,4,0.488,7.0,3,6,43,9,0.442,9.0,-2,4,45,0.0,0.312
2025-05-18,대전,한화,SSG,2,0.622,1.0,-1,6,45,5,0.488,7.0,1,5,44,-6.0,0.312
2025-05-18,사직,롯데,삼성,3,0.6,2.0,2,7,47,8,0.467,8.0,-2,2,46,-5.0,0.312
2025-05-18,울산,NC,키움,7,0.475,7.5,-1,6,41,10,0.292,16.5,1,2,48,0.5,0.312
2025-05-18,잠실,LG,KT,1,0.644,0.0,-2,7,45,6,0.488,7.0,2,3,46,-7.0,0.312
2025-05-20,고척,키움,삼성,10,0.286,17.5,-1,2,49,8,0.457,9.0,-3,2,47,10.5,0.319
2025-05-20,사직,롯데,LG,3,0.609,2.0,3,7,48,1,0.652,0.0,1,7,46,-5.0,0.319
2025-05-20,수원,KT,KIA,7,0.477,8.0,-1,3,47,4,0.5,7.0,4,6,44,1.0,0.319
2025-05-20,울산,NC,한화,6,0.488,7.5,1,6,42,2,0.609,2.0,-2,5,46,0.5,0.319
2025-05-20,잠실,두산,SSG,9,0.432,10.0,-3,4,46,5,0.5,7.0,2,6,45,3.0,0.319
2025-05-21,고척,키움,삼성,10,0.28,18.5,-2,1,50,8,0.468,9.0,1,3,48,10.5,0.326
2025-05-21,사직,롯데,LG,3,0.596,3.0,-1,6,49,1,0.66,0.0,2,8,47,-5.0,0.326
2025-05-21,수원,KT,KIA,6,0.489,8.0,1,4,48,5,0.489,8.0,-1,6,45,0.0,0.326
2025-05-21,울산,NC,한화,7,0.476,8.5,-1,5,43,2,0.617,2.0,1,5,47,0.5,0.326
2025-05-21,잠실,두산,SSG,9,0.422,11.0,-4,3,47,4,0.511,7.0,3,7,46,3.0,0.326
2025-05-22,고척,키움,삼성,10,0.275,19.0,-3,1,51,7,0.479,8.5,2,4,49,11.5,0.333
2025-05-22,사직,롯데,LG,3,0.596,3.0,-1,5,50,1,0.66,0.0,2,7,48,-4.5,0.333
2025-05-22,수원,KT,KIA,5,0.5,7.5,2,5,49,8,0.478,8.5,-2,5,46,0.0,0.333
2025-05-22,울산,NC,한화,6,0.488,8.0,1,6,44,2,0.604,2.5,-1,4,48,0.5,0.333
2025-05-22,잠실,두산,SSG,9,0.413,11.5,-5,3,48,4,0.522,6.5,4,8,47,4.0,0.333
2025-05-23,고척,키움,KT,10,0.269,19.0,-4,1,52,8,0.489,7.5,-1,5,50,12.0,0.34
2025-05-23,대구,삼성,KIA,6,0.49,7.5,3,5,50,7,0.489,7.5,1,6,47,0.5,0.34
2025-05-23,대전,한화,롯데,3,0.592,2.5,-2,3,49,2,0.604,2.0,1,5,51,-4.5,0.34
2025-05-23,문학,SSG,LG,4,0.511,6.5,-1,7,48,1,0.646,0.0,-1,6,49,-0.5,0.34
2025-05-23,잠실,두산,NC,9,0.426,10.5,1,4,49,5,0.5,7.0,2,6,45,3.5,0.34
2025-05-24,고척,키움,KT,10,0.264,20.0,-5,1,53,6,0.5,7.5,1,6,51,12.5,0.347
2025-05-24,대구,삼성,KIA,8,0.48,8.5,-1,5,51,4,0.5,7.5,2,7,48,1.0,0.347
2025-05-24,대전,한화,롯데,2,0.6,2.5,1,3,50,3,0.592,3.0,-1,5,52,-5.0,0.347
2025-05-24,문학,SSG,LG,5,0.5,7.5,-2,6,49,1,0.653,0.0,1,6,50,0.0,0.347
2025-05-24,잠실,두산,NC,9,0.426,11.0,1,4,50,7,0.5,7.5,2,5,46,3.5,0.347
2025-05-25,고척,키움,KT,10,0.259,20.0,-6,1,54,6,0.51,6.5,2,7,52,13.5,0.354
2025-05-25,대구,삼성,KIA,7,0.49,7.5,1,5,52,8,0.49,7.5,-1,6,49,1.0,0.354
2025-05-25,대전,한화,롯데,3,0.588,2.5,-1,3,51,2,0.6,2.0,1,6,53,-4.0,0.354
2025-05-25,문학,SSG,LG,5,0.51,6.5,1,6,50,1,0.64,0.0,-1,5,51,0.0,0.354
2025-05-25,잠실,두산,NC,9,0.417,11.0,-1,3,51,4,0.511,6.5,3,6,47,4.5,0.354
2025-05-27,광주,KIA,키움,8,0.48,8.5,-2,6,50,10,0.255,21.0,-7,1,55,1.0,0.361
2025-05-27,대구,삼성,롯데,5,0.5,7.5,2,6,53,3,0.588,3.0,-1,5,54,0.0,0.361
2025-05-27,문학,SSG,NC,6,0.5,7.5,-1,6,51,7,0.5,7.5,-1,5,48,0.0,0.361
2025-05-27,수원,KT,두산,4,0.52,6.5,3,7,53,9,0.429,11.0,1,3,52,-1.0,0.361
2025-05-27,잠실,LG,한화,1,0.647,0.0,1,5,52,2,0.596,2.5,1,4,52,-7.5,0.361
2025-05-28,광주,KIA,키움,8,0.49,8.5,1,6,51,10,0.25,22.0,-8,1,56,1.0,0.368
2025-05-28,대구,삼성,롯데,5,0.509,7.5,3,6,54,3,0.577,4.0,-2,5,55,0.0,0.368
2025-05-28,문학,SSG,NC,6,0.5,8.0,-1,5,52,7,0.5,8.0,-1,5,49,0.5,0.368
2025-05-28,수원,KT,두산,4,0.529,6.5,4,8,54,9,0.42,12.0,-1,2,53,-1.0,0.368
2025-05-28,잠실,LG,한화,1,0.654,0.0,2,5,53,2,0.585,3.5,-1,4,53,-7.5,0.368
2025-05-29,광주,KIA,키움,7,0.5,7.5,2,6,52,10,0.246,22.0,-9,1,57,0.5,0.374
2025-05-29,대구,삼성,롯데,6,0.509,7.0,3,6,54,3,0.577,3.5,-2,5,55,0.0,0.374
2025-05-29,문학,SSG,NC,5,0.51,7.0,1,6,53,8,0.489,8.0,-2,4,50,0.0,0.374
2025-05-29,수원,KT,두산,4,0.519,6.5,-1,7,55,9,0.431,11.0,1,3,54,-0.5,0.374
2025-05-29,잠실,LG,한화,1,0.642,0.0,-1,5,54,2,0.593,2.5,1,4,54,-7.0,0.374
2025-05-30,고척,키움,두산,10,0.246,22.5,-9,0,58,9,0.423,12.0,-1,3,55,15.5,0.381
2025-05-30,사직,롯데,SSG,3,0.566,4.5,-3,4,56,5,0.519,7.0,2,6,54,-2.5,0.381
2025-05-30,수원,KT,KIA,4,0.528,6.5,1,7,56,7,0.5,8.0,2,5,53,-0.5,0.381
2025-05-30,잠실,LG,삼성,1,0.648,0.0,1,6,55,6,0.519,7.0,4,7,55,-7.0,0.381
2025-05-30,창원,NC,한화,8,0.479,9.0,-3,4,51,2,0.582,3.5,-1,4,55,2.0,0.381
2025-05-31,고척,키움,두산,10,0.241,22.5,-10,0,59,9,0.434,11.0,1,4,56,16.5,0.388
2025-05-31,사직,롯데,SSG,3,0.574,3.5,1,4,57,6,0.509,7.0,-1,5,55,-2.5,0.388
2025-05-31,수원,KT,KIA,4,0.537,5.5,2,8,57,7,0.491,8.0,-1,4,54,-0.5,0.388
2025-05-31,잠실,LG,삼성,1,0.636,0.0,-1,5,56,5,0.527,6.0,5,8,56,-6.0,0.388
2025-05-31,창원,NC,한화,8,0.469,9.0,-4,3,52,2,0.589,2.5,1,5,56,3.0,0.388
2025-06-01,고척,키움,두산,10,0.254,21.5,1,1,60,9,0.426,11.0,-1,4,57,16.5,0.394
2025-06-01,사직,롯데,SSG,3,0.564,3.5,-1,3,58,6,0.519,6.0,1,5,56,-1.5,0.394
2025-06-01,수원,KT,KIA,4,0.545,4.5,3,8,58,7,0.481,8.0,-2,4,55,-0.5,0.394
2025-06-01,잠실,LG,삼성,1,0.625,0.0,-2,4,57,5,0.536,5.0,6,9,57,-5.0,0.394
2025-06-01,창원,NC,한화,8,0.46,9.0,-5,3,53,2,0.596,1.5,2,5,57,4.0,0.394
2025-06-03,대전,한화,KT,2,0.586,1.5,-1,5,58,5,0.536,4.5,-1,7,59,-3.0,0.401
2025-06-03,문학,SSG,삼성,6,0.527,5.0,2,5,57,4,0.544,4.0,7,9,58,0.5,0.401
2025-06-03,사직,롯데,키움,3,0.554,3.5,-2,3,59,10,0.267,20.5,2,2,61,-1.0,0.401
2025-06-03,잠실,두산,KIA,9,0.418,11.0,-2,4,58,7,0.491,7.0,1,5,56,6.5,0.401
2025-06-03,창원,NC,LG,8,0.471,8.0,1,3,54,1,0.614,0.0,-3,4,58,3.5,0.401
2025-06-04,대전,한화,KT,2,0.593,1.5,1,6,59,6,0.526,5.5,-2,7,60,-3.5,0.408
2025-06-04,문학,SSG,삼성,4,0.536,5.0,3,6,58,5,0.534,5.0,-1,8,59,0.0,0.408
2025-06-04,사직,롯데,키움,3,0.561,3.5,1,4,60,10,0.262,21.5,-1,2,62,-1.5,0.408
2025-06-04,잠실,두산,KIA,9,0.411,12.0,-3,3,59,7,0.5,7.0,2,5,57,7.0,0.408
2025-06-04,창원,NC,LG,8,0.462,9.0,-1,2,55,1,0.621,0.0,1,5,59,4.0,0.408
2025-06-05,대전,한화,KT,2,0.6,0.5,2,6,60,6,0.517,5.5,-3,6,61,-4.5,0.415
2025-06-05,문학,SSG,삼성,4,0.544,4.0,4,7,59,5,0.525,5.0,-2,7,60,-1.0,0.415
2025-06-05,사직,롯데,키움,3,0.552,3.5,-1,3,61,10,0.274,20.5,1,3,63,-1.5,0.415
2025-06-05,잠실,두산,KIA,9,0.404,12.0,-4,3,60,7,0.509,6.0,3,5,58,7.0,0.415
2025-06-05,창원,NC,LG,8,0.472,8.0,1,3,56,1,0.61,0.0,-1,4,60,3.0,0.415
2025-06-06,고척,키움,LG,10,0.286,20.5,2,4,64,1,0.617,0.0,1,5,61,15.5,0.422
2025-06-06,광주,KIA,한화,7,0.5,7.0,-1,5,59,2,0.59,1.5,-1,6,61,2.0,0.422
2025-06-06,대구,삼성,NC,5,0.533,5.0,1,8,61,8,0.463,9.0,-1,2,57,0.0,0.422
2025-06-06,수원,KT,SSG,6,0.525,5.5,1,6,62,4,0.534,5.0,-1,6,60,0.5,0.422
2025-06-06,잠실,두산,롯데,9,0.414,12.0,1,4,61,3,0.542,4.5,-2,3,62,7.0,0.422
2025-06-07,고척,키움,LG,10,0.297,19.5,3,5,65,1,0.607,0.0,-1,4,62,15.0,0.429
2025-06-07,광주,KIA,한화,7,0.508,6.0,1,6,60,2,0.581,1.5,-2,5,62,1.5,0.429
2025-06-07,대구,삼성,NC,3,0.541,4.0,2,8,62,8,0.455,9.0,-2,2,58,-0.5,0.429
2025-06-07,수원,KT,SSG,4,0.533,4.5,2,6,63,6,0.525,5.0,-2,6,61,0.0,0.429
2025-06-07,잠실,두산,롯데,9,0.424,11.0,2,4,62,5,0.533,4.5,-3,2,63,6.5,0.429
2025-06-08,고척,키움,LG,10,0.308,18.5,4,6,66,1,0.597,0.0,-2,3,63,14.5,0.436
2025-06-08,광주,KIA,한화,7,0.5,6.0,-1,5,61,2,0.587,0.5,1,6,63,2.0,0.436
2025-06-08,대구,삼성,NC,5,0.532,4.0,-1,7,63,8,0.464,8.0,1,3,59,0.0,0.436
2025-06-08,수원,KT,SSG,3,0.541,3.5,3,6,64,6,0.517,5.0,-3,6,62,-0.5,0.436
2025-06-08,잠실,두산,롯데,9,0.417,11.0,-1,4,63,4,0.541,3.5,1,3,64,7.0,0.436
2025-06-10,고척,키움,NC,10,0.303,19.5,-1,6,67,8,0.456,9.0,-1,3,60,15.0,0.443
2025-06-10,광주,KIA,삼성,7,0.508,6.0,1,5,62,4,0.54,4.0,1,7,64,1.5,0.443
2025-06-10,대전,한화,두산,2,0.578,1.5,-1,5,64,9,0.41,12.0,-2,3,64,-3.0,0.443
2025-06-10,수원,KT,롯데,5,0.532,4.5,-1,6,65,3,0.548,3.5,2,4,65,0.0,0.443
2025-06-10,잠실,LG,SSG,1,0.603,0.0,1,4,64,6,0.525,5.0,1,6,63,-4.5,0.443
2025-06-11,고척,키움,NC,10,0.303,19.0,-1,6,68,8,0.456,8.5,-1,3,61,15.5,0.45
2025-06-11,광주,KIA,삼성,7,0.5,6.0,-1,5,63,3,0.547,3.0,2,7,65,2.5,0.45
2025-06-11,대전,한화,두산,2,0.585,0.5,1,6,65,9,0.403,12.0,-3,3,65,-3.0,0.45
2025-06-11,수원,KT,롯데,4,0.54,3.5,1,6,66,5,0.54,3.5,-1,4,66,0.0,0.45
2025-06-11,잠실,LG,SSG,1,0.594,0.0,-1,3,65,6,0.532,4.0,2,6,64,-3.5,0.45
2025-06-12,고척,키움,NC,10,0.299,20.0,-2,6,69,8,0.466,8.5,1,4,62,15.5,0.457
2025-06-12,광주,KIA,삼성,7,0.508,6.0,1,6,64,4,0.538,4.0,-1,6,66,1.5,0.457
2025-06-12,대전,한화,두산,2,0.591,0.5,2,6,66,9,0.397,13.0,-4,2,66,-4.0,0.457
2025-06-12,수원,KT,롯데,5,0.531,4.5,-1,5,67,3,0.547,3.5,1,4,67,0.0,0.457
2025-06-12,잠실,LG,SSG,1,0.6,0.0,1,4,66,6,0.524,5.0,-1,6,65,-4.5,0.457
2025-06-13,대구,삼성,KT,4,0.545,4.0,1,6,67,5,0.523,5.5,-2,4,68,-1.5,0.464
2025-06-13,대전,한화,LG,2,0.597,0.5,3,6,67,1,0.606,0.0,2,5,67,-5.0,0.464
2025-06-13,문학,SSG,롯데,6,0.516,6.0,-2,5,66,3,0.554,3.5,2,5,68,0.5,0.464
2025-06-13,잠실,두산,키움,9,0.391,14.0,-5,2,67,10,0.294,21.0,-3,5,70,8.5,0.464
2025-06-13,창원,NC,KIA,8,0.475,8.5,2,5,63,7,0.5,7.0,-1,6,65,3.0,0.464
2025-06-14,대구,삼성,KT,4,0.545,4.0,1,6,67,5,0.523,5.5,-2,4,68,-1.5,0.465
2025-06-14,대전,한화,LG,2,0.597,0.5,3,6,67,1,0.606,0.0,2,5,67,-5.0,0.465
2025-06-14,문학,SSG,롯데,6,0.516,6.0,-2,5,66,3,0.554,3.5,2,5,68,0.5,0.465
2025-06-14,잠실,두산,키움,9,0.391,14.0,-5,2,67,10,0.294,21.0,-3,5,70,8.5,0.465
2025-06-14,창원,NC,KIA,8,0.483,8.0,3,5,64,7,0.492,7.5,-2,5,66,2.5,0.465
2025-06-15,대구,삼성,KT,4,0.537,4.5,-1,5,68,5,0.53,5.0,1,5,69,-0.5,0.472
2025-06-15,대전,한화,LG,2,0.597,0.5,3,6,68,1,0.606,0.0,2,5,68,-4.5,0.472
2025-06-15,문학,SSG,롯데,6,0.508,6.5,-3,4,67,3,0.561,3.0,3,6,69,1.5,0.472
2025-06-15,잠실,두산,키움,9,0.4,13.5,1,3,68,10,0.29,21.5,-4,4,71,8.5,0.472
2025-06-15,창원,NC,KIA,8,0.475,8.5,-1,5,65,7,0.5,7.0,1,5,67,3.5,0.472
2025-06-17,고척,키움,SSG,10,0.286,22.0,-5,4,72,6,0.515,6.0,1,4,68,17.0,0.479
2025-06-17,광주,KIA,KT,7,0.507,6.5,2,5,68,4,0.537,4.5,2,6,70,1.5,0.479
2025-06-17,대구,삼성,두산,5,0.529,5.0,-2,5,69,9,0.409,13.0,2,4,69,0.0,0.479
2025-06-17,사직,롯데,한화,3,0.552,3.5,-1,5,70,1,0.603,0.0,4,6,69,-1.5,0.479
2025-06-17,잠실,LG,NC,2,0.597,0.5,-1,4,69,8,0.468,9.0,-2,4,66,-4.5,0.479
2025-06-18,고척,키움,SSG,10,0.282,23.0,-6,3,73,6,0.522,6.0,2,4,69,17.5,0.486
2025-06-18,광주,KIA,KT,7,0.515,6.5,3,6,69,5,0.529,5.5,-1,6,71,1.0,0.486
2025-06-18,대구,삼성,두산,4,0.536,5.0,1,6,70,9,0.403,14.0,-1,4,70,-0.5,0.486
2025-06-18,사직,롯데,한화,3,0.544,4.5,-2,5,71,1,0.609,0.0,5,6,70,-1.0,0.486
2025-06-18,잠실,LG,NC,2,0.588,1.5,-2,4,70,8,0.476,9.0,1,5,67,-4.0,0.486
2025-06-19,고척,키움,SSG,10,0.292,22.0,1,3,74,7,0.515,6.0,-1,4,70,16.5,0.493
2025-06-19,광주,KIA,KT,5,0.522,5.5,4,6,70,6,0.522,5.5,-2,5,72,0.0,0.493
2025-06-19,대구,삼성,두산,4,0.543,4.0,2,6,71,9,0.397,14.0,-2,3,71,-1.5,0.493
2025-06-19,사직,롯데,한화,3,0.551,3.5,1,6,72,1,0.6,0.0,-1,6,71,-2.0,0.493
2025-06-19,잠실,LG,NC,2,0.594,0.5,1,4,71,8,0.469,9.0,-1,5,68,-5.0,0.493
2025-06-20,대전,한화,키움,1,0.592,0.0,-2,6,72,10,0.288,22.0,-1,2,75,-4.5,0.5
2025-06-20,문학,SSG,KIA,6,0.522,5.0,1,5,71,5,0.529,4.5,5,7,71,0.5,0.5
2025-06-20,사직,롯데,삼성,3,0.557,2.5,2,7,73,4,0.535,4.0,-1,5,72,-2.0,0.5
2025-06-20,수원,KT,NC,7,0.514,5.5,-3,4,73,8,0.477,8.0,1,5,69,1.0,0.5
2025-06-20,잠실,LG,두산,2,0.586,0.5,-1,4,72,9,0.406,13.0,1,3,72,-4.0,0.5
2025-06-21,대전,한화,키움,1,0.592,0.0,-2,6,72,10,0.288,22.0,-1,2,75,-4.5,0.501
2025-06-21,문학,SSG,KIA,6,0.522,5.0,1,5,71,4,0.529,4.5,5,7,71,0.5,0.501
2025-06-21,사직,롯데,삼성,3,0.563,2.0,3,7,74,5,0.528,4.5,-2,5,73,-2.5,0.501
2025-06-21,수원,KT,NC,7,0.514,5.5,-3,4,73,8,0.477,8.0,1,5,69,1.0,0.501
2025-06-21,잠실,LG,두산,2,0.586,0.5,-1,4,72,9,0.406,13.0,1,3,72,-4.0,0.501
2025-06-22,대전,한화,키움,1,0.592,0.0,-2,6,72,10,0.288,22.0,-1,2,75,-4.5,0.506
2025-06-22,문학,SSG,KIA,6,0.522,5.0,1,5,72,4,0.529,4.5,5,6,72,0.5,0.506
2025-06-22,사직,롯데,삼성,3,0.563,2.0,3,7,74,5,0.528,4.5,-2,5,73,-2.5,0.506
2025-06-22,수원,KT,NC,7,0.521,5.0,1,4,74,8,0.47,8.5,-1,5,70,0.5,0.506
2025-06-22,잠실,LG,두산,2,0.577,1.0,-2,4,73,9,0.414,12.5,2,4,73,-3.5,0.506
2025-06-24,고척,키움,KIA,10,0.284,23.0,-2,1,76,4,0.535,4.5,6,7,73,17.5,0.512
2025-06-24,대구,삼성,한화,5,0.521,5.5,-3,4,74,1,0.597,0.0,1,6,73,0.0,0.512
2025-06-24,수원,KT,LG,7,0.514,6.0,-1,4,75,2,0.583,1.0,1,4,74,0.5,0.512
2025-06-24,잠실,두산,SSG,9,0.408,13.5,-1,4,74,6,0.514,6.0,-1,4,73,8.0,0.512
2025-06-24,창원,NC,롯데,8,0.478,8.5,1,6,71,3,0.569,2.0,4,7,75,3.0,0.512
2025-06-25,고척,키움,KIA,10,0.293,22.5,1,2,77,4,0.528,5.0,-1,6,74,17.0,0.517
2025-06-25,대구,삼성,한화,5,0.521,5.5,-3,4,74,1,0.597,0.0,1,6,73,0.0,0.517
2025-06-25,수원,KT,LG,6,0.521,5.5,1,4,76,2,0.575,1.5,-1,4,75,0.0,0.517
2025-06-25,잠실,두산,SSG,9,0.417,13.0,1,5,75,7,0.507,6.5,-2,3,74,7.5,0.517
2025-06-25,창원,NC,롯데,8,0.478,8.5,1,6,71,3,0.569,2.0,4,7,75,3.0,0.517
2025-06-26,고척,키움,KIA,10,0.289,22.5,-1,2,78,4,0.534,4.0,1,7,75,18.0,0.521
2025-06-26,대구,삼성,한화,5,0.527,4.5,1,4,75,1,0.589,0.0,-1,6,74,0.0,0.521
2025-06-26,수원,KT,LG,6,0.521,5.0,1,4,76,2,0.575,1.0,-1,4,75,0.5,0.521
2025-06-26,잠실,두산,SSG,9,0.417,12.5,1,5,75,7,0.507,6.0,-2,3,74,8.0,0.521
2025-06-26,창원,NC,롯데,8,0.485,7.5,2,6,72,3,0.562,2.0,-1,7,76,3.0,0.521
2025-06-27,고척,키움,삼성,10,0.289,23.0,-1,2,79,5,0.52,5.5,-1,4,76,17.5,0.528
2025-06-27,문학,SSG,한화,6,0.514,6.0,1,4,75,1,0.595,0.0,1,6,75,0.5,0.528
2025-06-27,사직,롯데,KT,3,0.568,2.0,1,7,77,7,0.514,6.0,-1,4,77,-3.5,0.528
2025-06-27,잠실,LG,KIA,2,0.581,1.0,1,4,76,4,0.534,4.5,1,7,76,-4.5,0.528
2025-06-27,창원,NC,두산,8,0.478,8.5,-1,5,73,9,0.411,13.5,-1,5,76,3.0,0.528
2025-06-28,고척,키움,삼성,10,0.299,22.0,1,3,80,7,0.513,5.5,-2,3,77,17.0,0.535
2025-06-28,문학,SSG,한화,5,0.521,5.0,2,5,76,1,0.587,0.0,-1,5,76,0.0,0.535
2025-06-28,사직,롯데,KT,3,0.56,2.0,-1,6,78,6,0.52,5.0,1,5,78,-3.0,0.535
2025-06-28,잠실,LG,KIA,2,0.587,0.0,2,4,77,4,0.527,4.5,-1,6,77,-5.0,0.535
2025-06-28,창원,NC,두산,8,0.486,7.5,1,5,74,9,0.405,13.5,-2,5,77,2.5,0.535
2025-06-29,고척,키움,삼성,10,0.308,22.0,2,4,81,7,0.506,6.5,-3,3,78,17.0,0.542
2025-06-29,문학,SSG,한화,6,0.514,6.0,-1,5,77,1,0.592,0.0,1,5,77,1.0,0.542
2025-06-29,사직,롯데,KT,3,0.553,3.0,-2,5,79,5,0.526,5.0,2,5,79,-2.0,0.542
2025-06-29,잠실,LG,KIA,2,0.579,1.0,-1,4,78,4,0.533,4.5,1,6,78,-4.0,0.542
2025-06-29,창원,NC,두산,8,0.493,7.5,2,6,75,9,0.4,14.5,-3,4,78,2.5,0.542
2025-07-01,광주,KIA,SSG,4,0.539,3.5,2,6,79,5,0.52,5.0,1,5,78,-1.5,0.549
2025-07-01,대전,한화,NC,1,0.584,0.0,-1,5,78,8,0.486,7.5,-1,6,76,-5.0,0.549
2025-07-01,사직,롯데,LG,3,0.558,2.0,1,6,80,2,0.571,1.0,-2,4,79,-3.0,0.549
2025-07-01,수원,KT,키움,6,0.519,5.0,-1,4,80,10,0.316,21.0,3,5,82,0.0,0.549
2025-07-01,잠실,두산,삼성,9,0.408,13.5,1,4,79,7,0.5,6.5,-4,3,79,8.5,0.549
2025-07-02,광주,KIA,SSG,4,0.545,3.5,3,6,80,5,0.513,6.0,-1,4,79,-2.5,0.556
2025-07-02,대전,한화,NC,1,0.59,0.0,1,5,79,8,0.479,8.5,-2,5,77,-6.0,0.556
2025-07-02,사직,롯데,LG,3,0.551,3.0,-1,6,81,2,0.577,1.0,1,5,80,-3.0,0.556
2025-07-02,수원,KT,키움,6,0.513,6.0,-2,4,81,10,0.325,21.0,4,6,83,0.0,0.556
2025-07-02,잠실,두산,삼성,9,0.403,14.5,-1,4,80,7,0.506,6.5,1,3,80,8.5,0.556
2025-07-03,광주,KIA,SSG,4,0.538,3.5,-1,5,81,5,0.519,5.0,1,5,80,-1.5,0.562
2025-07-03,대전,한화,NC,1,0.582,0.0,-1,4,80,8,0.486,7.5,1,6,78,-5.0,0.562
2025-07-03,사직,롯데,LG,3,0.557,2.0,1,6,82,2,0.57,1.0,-1,4,81,-3.0,0.562
2025-07-03,수원,KT,키움,6,0.519,5.0,1,5,82,10,0.321,21.0,-1,5,84,0.0,0.562
2025-07-03,잠실,두산,삼성,9,0.41,13.5,1,5,81,7,0.5,6.5,-1,2,81,8.5,0.562
2025-07-04,고척,키움,한화,10,0.317,21.5,-2,5,85,1,0.582,0.0,-1,4,81,17.0,0.569
2025-07-04,광주,KIA,롯데,4,0.544,3.0,1,6,82,3,0.562,1.5,2,6,83,-1.5,0.569
2025-07-04,대구,삼성,LG,7,0.506,6.0,1,3,82,2,0.562,1.5,-2,4,82,1.5,0.569
2025-07-04,잠실,두산,KT,9,0.405,14.0,-1,4,82,5,0.525,4.5,2,6,83,9.5,0.569
2025-07-04,창원,NC,SSG,8,0.486,7.5,1,5,79,6,0.513,5.5,-1,4,81,3.0,0.569
2025-07-05,고척,키움,한화,10,0.313,22.5,-3,5,86,1,0.588,0.0,1,5,82,18.0,0.576
2025-07-05,광주,KIA,롯데,4,0.55,3.0,2,6,83,3,0.556,2.5,-1,5,84,-1.5,0.576
2025-07-05,대구,삼성,LG,7,0.512,6.0,2,4,83,2,0.556,2.5,-3,4,83,1.5,0.576
2025-07-05,잠실,두산,KT,9,0.4,15.0,-2,3,83,5,0.531,4.5,3,6,84,10.5,0.576
2025-07-05,창원,NC,SSG,8,0.48,8.5,-1,5,80,6,0.519,5.5,1,5,82,4.0,0.576
2025-07-06,고척,키움,한화,10,0.31,23.5,-4,4,87,1,0.593,0.0,2,5,83,18.0,0.583
2025-07-06,광주,KIA,롯데,2,0.556,3.0,3,7,84,4,0.549,3.5,-2,4,85,-2.5,0.583
2025-07-06,대구,삼성,LG,7,0.518,6.0,3,5,84,3,0.549,3.5,-4,3,84,0.5,0.583
2025-07-06,잠실,두산,KT,9,0.407,15.0,1,4,84,6,0.524,5.5,-1,6,85,9.5,0.583
2025-07-06,창원,NC,SSG,8,0.474,9.5,-2,4,81,5,0.525,5.5,2,6,83,4.0,0.583
2025-07-08,대전,한화,KIA,1,0.598,0.0,3,6,84,4,0.549,4.0,-1,6,85,-6.5,0.59
2025-07-08,문학,SSG,KT,5,0.519,6.5,-1,6,84,6,0.518,6.5,-2,5,86,0.0,0.59
2025-07-08,사직,롯데,두산,3,0.554,3.5,1,5,86,9,0.415,15.0,2,4,85,-3.0,0.59
2025-07-08,잠실,LG,키움,2,0.554,3.5,1,4,85,10,0.306,24.5,-5,4,88,-3.0,0.59
2025-07-08,창원,NC,삼성,8,0.481,9.5,1,4,82,7,0.512,7.0,-1,4,85,3.0,0.59
2025-07-09,대전,한화,KIA,1,0.602,0.0,4,6,85,4,0.542,5.0,-2,6,86,-6.5,0.597
2025-07-09,문학,SSG,KT,5,0.524,6.5,1,6,85,6,0.512,7.5,-3,5,87,0.0,0.597
2025-07-09,사직,롯데,두산,3,0.548,4.5,-1,4,87,9,0.422,15.0,3,5,86,-2.0,0.597
2025-07-09,잠실,LG,키움,2,0.56,3.5,2,4,86,10,0.302,25.5,-6,4,89,-3.0,0.597
2025-07-09,창원,NC,삼성,8,0.487,9.5,2,5,83,7,0.506,8.0,-2,4,86,3.0,0.597
2025-07-10,대전,한화,KIA,1,0.607,0.0,5,7,86,4,0.536,6.0,-3,6,87,-7.5,0.604
2025-07-10,문학,SSG,KT,5,0.518,7.5,-1,5,86,6,0.518,7.5,1,5,88,0.0,0.604
2025-07-10,사직,롯데,두산,3,0.553,4.5,1,5,88,9,0.417,16.0,-1,5,87,-3.0,0.604
2025-07-10,잠실,LG,키움,2,0.565,3.5,3,4,87,10,0.299,26.5,-7,3,90,-4.0,0.604
2025-07-10,창원,NC,삼성,8,0.494,9.5,3,5,84,7,0.5,9.0,-3,4,87,2.0,0.604
2025-07-17,광주,KIA,NC,4,0.529,7.0,-4,5,88,7,0.5,9.5,4,5,85,-0.5,0.611
2025-07-17,대구,삼성,키움,8,0.494,10.0,-4,4,88,10,0.307,26.5,1,3,91,2.5,0.611
2025-07-17,문학,SSG,두산,6,0.512,8.5,-2,5,87,9,0.424,16.0,1,6,88,1.0,0.611
2025-07-17,수원,KT,한화,5,0.523,7.5,2,5,89,1,0.612,0.0,6,7,87,0.0,0.611
2025-07-17,잠실,LG,롯데,2,0.558,4.5,-1,4,88,3,0.547,5.5,-1,5,89,-3.0,0.611
2025-07-18,광주,KIA,NC,4,0.529,7.0,-4,5,88,7,0.5,9.5,4,5,85,-0.5,0.611
2025-07-18,대구,삼성,키움,8,0.494,10.0,-4,4,88,10,0.307,26.5,1,3,91,2.5,0.611
2025-07-18,문학,SSG,두산,6,0.512,8.5,-2,5,87,9,0.424,16.0,1,6,88,1.0,0.611
2025-07-18,수원,KT,한화,5,0.523,7.5,2,5,89,1,0.612,0.0,6,7,87,0.0,0.611
2025-07-18,잠실,LG,롯데,2,0.558,4.5,-1,4,88,3,0.547,5.5,-1,5,89,-3.0,0.611
2025-07-19,광주,KIA,NC,4,0.529,7.5,-4,5,88,7,0.5,10.0,4,5,85,-1.0,0.614
2025-07-19,대구,삼성,키움,8,0.494,10.5,-4,4,88,10,0.307,27.0,1,3,91,2.0,0.614
2025-07-19,문학,SSG,두산,6,0.512,9.0,-2,5,87,9,0.424,16.5,1,6,88,0.5,0.614
2025-07-19,수원,KT,한화,5,0.517,8.5,-1,5,90,1,0.616,0.0,7,8,88,0.0,0.614
2025-07-19,잠실,LG,롯데,2,0.563,4.5,1,5,89,3,0.54,6.5,-2,4,90,-4.0,0.614
2025-07-20,광주,KIA,NC,4,0.529,8.0,-4,5,88,7,0.5,10.5,4,5,85,-1.5,0.618
2025-07-20,대구,삼성,키움,8,0.494,11.0,-4,4,88,10,0.307,27.5,1,3,91,1.5,0.618
2025-07-20,문학,SSG,두산,6,0.506,10.0,-3,4,88,9,0.43,16.5,2,6,89,0.5,0.618
2025-07-20,수원,KT,한화,5,0.511,9.5,-2,5,91,1,0.621,0.0,8,8,89,0.0,0.618
2025-07-20,잠실,LG,롯데,2,0.557,5.5,-1,4,90,3,0.545,6.5,1,5,91,-4.0,0.618
2025-07-22,고척,키움,롯데,10,0.303,28.5,-1,2,92,3,0.539,7.5,-1,4,92,18.0,0.625
2025-07-22,광주,KIA,LG,4,0.535,8.0,1,5,89,2,0.562,5.5,1,5,91,-2.5,0.625
2025-07-22,대구,삼성,SSG,6,0.5,11.0,1,5,89,7,0.5,11.0,-4,4,89,0.5,0.625
2025-07-22,잠실,두산,한화,9,0.437,16.5,3,7,90,1,0.625,0.0,9,9,90,6.0,0.625
2025-07-22,창원,NC,KT,8,0.494,11.5,-1,5,86,5,0.506,10.5,-3,4,92,1.0,0.625
2025-07-23,고척,키움,롯데,10,0.311,28.5,1,2,93,3,0.533,8.5,-2,3,93,18.0,0.632
2025-07-23,광주,KIA,LG,4,0.529,9.0,-1,4,90,2,0.567,5.5,2,6,92,-1.5,0.632
2025-07-23,대구,삼성,SSG,6,0.506,11.0,2,5,90,7,0.494,12.0,-5,3,90,0.5,0.632
2025-07-23,잠실,두산,한화,9,0.432,17.5,-1,6,91,1,0.629,0.0,10,10,91,7.0,0.632
2025-07-23,창원,NC,KT,8,0.488,12.5,-2,5,87,5,0.511,10.5,1,4,93,2.0,0.632
2025-07-24,고척,키움,롯데,10,0.308,28.5,-1,2,94,3,0.538,7.5,1,4,94,19.0,0.639
2025-07-24,광주,KIA,LG,4,0.523,9.0,-2,4,91,2,0.571,4.5,3,7,93,-0.5,0.639
2025-07-24,대구,삼성,SSG,6,0.511,10.0,3,6,91,7,0.489,12.0,-6,3,91,0.5,0.639
2025-07-24,잠실,두산,한화,9,0.438,16.5,1,7,92,1,0.622,0.0,-1,9,92,7.0,0.639
2025-07-24,창원,NC,KT,8,0.482,12.5,-3,4,88,5,0.516,9.5,2,4,94,3.0,0.639
2025-07-25,대전,한화,SSG,1,0.622,0.0,-1,8,93,7,0.494,11.5,1,3,92,-9.5,0.646
2025-07-25,사직,롯데,KIA,3,0.543,7.0,2,5,95,5,0.517,9.5,-3,3,92,-2.5,0.646
2025-07-25,수원,KT,삼성,4,0.522,9.0,3,5,95,6,0.505,10.5,-1,5,92,-0.5,0.646
2025-07-25,잠실,두산,LG,9,0.438,16.5,1,7,93,2,0.576,4.0,4,8,94,7.0,0.646
2025-07-25,창원,NC,키움,8,0.476,13.0,-4,4,89,10,0.304,29.0,-2,2,95,3.5,0.646
2025-07-26,대전,한화,SSG,1,0.626,0.0,1,8,94,7,0.489,12.5,-1,2,93,-10.5,0.653
2025-07-26,사직,롯데,KIA,3,0.548,7.0,3,5,96,5,0.511,10.5,-4,2,93,-3.5,0.653
2025-07-26,수원,KT,삼성,4,0.527,9.0,4,6,96,6,0.5,11.5,-2,4,93,-1.5,0.653
2025-07-26,잠실,두산,LG,9,0.433,17.5,-1,6,94,2,0.581,4.0,5,8,95,7.0,0.653
2025-07-26,창원,NC,키움,8,0.482,13.0,1,5,90,10,0.301,30.0,-3,2,96,2.5,0.653
2025-07-27,대전,한화,SSG,1,0.62,0.0,-1,7,95,7,0.495,11.5,1,3,94,-10.5,0.66
2025-07-27,사직,롯데,KIA,3,0.553,6.0,4,6,97,5,0.505,10.5,-5,1,94,-4.5,0.66
2025-07-27,수원,KT,삼성,4,0.521,9.0,-1,6,97,6,0.505,10.5,1,4,94,-1.5,0.66
2025-07-27,잠실,두산,LG,9,0.429,17.5,-2,5,95,2,0.585,3.0,6,8,96,7.0,0.66
2025-07-27,창원,NC,키움,8,0.488,12.0,2,6,91,10,0.298,30.0,-4,2,97,1.5,0.66
2025-07-29,광주,KIA,두산,6,0.5,10.5,-6,1,95,9,0.435,16.5,1,5,96,0.0,0.667
2025-07-29,대전,한화,삼성,1,0.613,0.0,-2,6,96,5,0.5,10.5,-1,4,95,-10.5,0.667
2025-07-29,문학,SSG,키움,7,0.5,10.5,2,3,95,10,0.295,30.0,-5,2,98,0.0,0.667
2025-07-29,사직,롯데,NC,3,0.558,5.0,5,6,98,8,0.494,11.0,3,6,92,-5.5,0.667
2025-07-29,잠실,LG,KT,2,0.579,3.0,-1,7,97,4,0.526,8.0,1,6,98,-7.5,0.667
2025-07-30,광주,KIA,두산,7,0.495,10.5,-7,1,96,9,0.441,15.5,2,6,97,1.0,0.674
2025-07-30,대전,한화,삼성,1,0.606,0.0,-3,5,97,6,0.505,9.5,1,5,96,-9.5,0.674
2025-07-30,문학,SSG,키움,5,0.505,9.5,3,4,96,10,0.292,30.0,-6,2,99,0.0,0.674
2025-07-30,사직,롯데,NC,3,0.562,4.0,6,7,99,8,0.489,11.0,-1,5,93,-5.5,0.674
2025-07-30,잠실,LG,KT,2,0.583,2.0,1,8,98,4,0.521,8.0,-1,5,99,-7.5,0.674
2025-07-31,광주,KIA,두산,7,0.495,11.0,-7,1,97,9,0.441,16.0,2,5,98,1.0,0.681
2025-07-31,대전,한화,삼성,1,0.611,0.0,1,5,98,6,0.5,10.5,-1,5,97,-10.0,0.681
2025-07-31,문학,SSG,키움,5,0.505,10.0,3,4,97,10,0.292,30.5,-6,2,100,0.0,0.681
2025-07-31,사직,롯데,NC,3,0.557,5.0,-1,7,100,8,0.494,11.0,1,5,94,-5.0,0.681
2025-07-31,잠실,LG,KT,2,0.588,2.0,2,8,99,4,0.515,9.0,-2,5,100,-8.0,0.681
2025-08-01,고척,키움,롯데,10,0.289,31.5,-7,1,101,3,0.561,5.0,1,7,101,21.5,0.688
2025-08-01,광주,KIA,한화,6,0.5,11.0,1,2,98,1,0.615,0.0,2,5,99,1.0,0.688
2025-08-01,대구,삼성,LG,7,0.495,11.5,-2,5,98,2,0.592,2.0,3,9,100,1.5,0.688
2025-08-01,잠실,두산,SSG,9,0.436,17.0,-1,4,99,4,0.511,10.0,4,5,98,7.0,0.688
2025-08-01,창원,NC,KT,8,0.489,12.0,-1,4,95,5,0.51,10.0,-3,5,101,2.0,0.688
2025-08-02,고척,키움,롯데,10,0.296,30.5,1,2,102,3,0.556,5.0,-1,7,102,20.5,0.694
2025-08-02,광주,KIA,한화,5,0.505,10.0,2,2,99,1,0.608,0.0,-1,4,100,0.0,0.694
2025-08-02,대구,삼성,LG,8,0.49,11.5,-3,4,99,2,0.596,1.0,4,9,101,1.5,0.694
2025-08-02,잠실,두산,SSG,9,0.432,17.0,-2,3,100,4,0.516,9.0,5,6,99,7.0,0.694
2025-08-02,창원,NC,KT,7,0.495,11.0,1,5,96,6,0.505,10.0,-4,5,102,1.0,0.694
2025-08-03,고척,키움,롯데,10,0.293,31.0,-1,1,103,3,0.56,4.5,1,8,103,21.0,0.7
2025-08-03,광주,KIA,한화,5,0.505,10.0,2,2,99,1,0.608,0.0,-1,4,100,0.0,0.7
2025-08-03,대구,삼성,LG,8,0.485,12.0,-4,3,100,2,0.6,0.5,5,9,102,2.0,0.7
2025-08-03,잠실,두산,SSG,9,0.438,16.5,1,4,101,4,0.51,9.5,-1,6,100,6.5,0.7
2025-08-03,창원,NC,KT,7,0.5,10.5,2,6,97,6,0.5,10.5,-5,4,103,0.5,0.7
2025-08-05,대전,한화,KT,1,0.608,0.0,-1,4,100,6,0.5,10.5,-5,3,104,-10.0,0.706
2025-08-05,문학,SSG,삼성,4,0.515,9.0,1,7,101,8,0.48,12.5,-5,2,101,-1.0,0.706
2025-08-05,사직,롯데,KIA,3,0.564,4.0,2,8,104,5,0.505,10.0,2,2,99,-6.0,0.706
2025-08-05,잠실,LG,두산,2,0.604,0.0,6,9,103,9,0.433,17.0,-1,3,102,-10.0,0.706
2025-08-05,창원,NC,키움,7,0.5,10.5,2,6,98,10,0.29,31.5,-2,1,104,0.5,0.706
2025-08-06,대전,한화,KT,2,0.602,1.0,-2,3,101,6,0.505,10.5,1,3,105,-9.0,0.713
2025-08-06,문학,SSG,삼성,5,0.51,10.0,-1,6,102,8,0.485,12.5,1,3,102,0.0,0.713
2025-08-06,사직,롯데,KIA,3,0.559,5.0,-1,7,105,4,0.51,10.0,3,3,100,-5.0,0.713
2025-08-06,잠실,LG,두산,1,0.608,0.0,7,9,104,9,0.429,18.0,-2,3,103,-10.0,0.713
2025-08-06,창원,NC,키움,7,0.495,11.5,-1,6,99,10,0.297,31.5,1,2,105,1.5,0.713
2025-08-07,대전,한화,KT,1,0.606,0.0,1,4,102,6,0.5,10.5,-1,2,106,-10.0,0.719
2025-08-07,문학,SSG,삼성,4,0.515,9.0,1,7,103,8,0.48,12.5,-1,3,103,-1.0,0.719
2025-08-07,사직,롯데,KIA,3,0.563,4.0,1,7,106,5,0.505,10.0,-1,3,101,-6.0,0.719
2025-08-07,잠실,LG,두산,2,0.602,0.0,-1,8,105,9,0.434,17.0,1,4,104,-10.0,0.719
2025-08-07,창원,NC,키움,7,0.489,11.5,-2,5,100,10,0.304,30.5,2,3,106,1.5,0.719
2025-08-08,고척,키움,두산,10,0.311,30.5,3,4,107,9,0.43,18.0,-1,4,105,20.5,0.726
2025-08-08,사직,롯데,SSG,3,0.558,5.0,-1,6,107,5,0.51,10.0,-1,6,104,-5.0,0.726
2025-08-08,수원,KT,삼성,6,0.505,10.5,1,3,107,7,0.485,12.5,1,3,104,0.5,0.726
2025-08-08,잠실,LG,한화,1,0.606,0.0,1,8,106,2,0.6,1.0,-1,4,103,-10.0,0.726
2025-08-08,창원,NC,KIA,8,0.484,12.5,-3,4,101,4,0.51,10.0,1,4,102,2.5,0.726
2025-08-09,고척,키움,두산,10,0.308,31.5,-1,4,108,9,0.436,18.0,1,4,106,20.5,0.733
2025-08-09,사직,롯데,SSG,3,0.552,6.0,-2,5,108,4,0.515,10.0,1,6,105,-5.0,0.733
2025-08-09,수원,KT,삼성,6,0.5,11.5,-1,2,108,7,0.49,12.5,2,4,105,0.5,0.733
2025-08-09,잠실,LG,한화,1,0.61,0.0,2,9,107,2,0.594,2.0,-2,3,104,-11.0,0.733
2025-08-09,창원,NC,KIA,8,0.49,12.5,1,4,102,5,0.505,11.0,-1,4,103,1.5,0.733
2025-08-10,고척,키움,두산,10,0.305,32.5,-2,4,109,9,0.441,18.0,2,4,107,21.0,0.738
2025-08-10,사직,롯데,SSG,3,0.552,6.5,-2,5,108,4,0.515,10.5,1,6,105,-5.0,0.738
2025-08-10,수원,KT,삼성,6,0.505,11.5,1,3,109,8,0.486,13.5,-1,3,106,0.0,0.738
2025-08-10,잠실,LG,한화,1,0.613,0.0,3,9,108,2,0.588,3.0,-3,3,105,-11.5,0.738
2025-08-10,창원,NC,KIA,7,0.49,13.0,1,4,102,5,0.505,11.5,-1,4,103,1.5,0.738
2025-08-12,대구,삼성,KIA,8,0.481,13.5,-2,3,107,6,0.5,11.5,-2,4,104,3.0,0.744
2025-08-12,대전,한화,롯데,2,0.592,2.0,1,4,106,3,0.547,6.5,-3,4,109,-8.5,0.744
2025-08-12,문학,SSG,키움,4,0.52,9.5,2,6,106,10,0.311,31.5,1,5,110,-1.0,0.744
2025-08-12,수원,KT,LG,5,0.509,10.5,2,4,110,1,0.607,0.0,-1,8,109,0.0,0.744
2025-08-12,잠실,두산,NC,9,0.437,18.0,-1,4,108,7,0.495,12.0,2,5,103,7.5,0.744
2025-08-13,대구,삼성,KIA,8,0.477,14.5,-3,3,108,5,0.505,11.5,1,5,105,3.0,0.751
2025-08-13,대전,한화,롯데,2,0.596,2.0,2,5,107,3,0.542,7.5,-4,4,110,-9.5,0.751
2025-08-13,문학,SSG,키움,4,0.524,9.5,3,7,107,10,0.308,32.5,-1,5,111,-2.0,0.751
2025-08-13,수원,KT,LG,6,0.505,11.5,-1,4,111,1,0.611,0.0,1,8,110,0.0,0.751
2025-08-13,잠실,두산,NC,9,0.433,19.0,-2,4,109,7,0.5,12.0,3,5,104,7.5,0.751
2025-08-14,대구,삼성,KIA,8,0.472,15.0,-4,3,109,5,0.51,11.0,2,6,106,4.0,0.754
2025-08-14,대전,한화,롯데,2,0.6,1.5,3,5,108,3,0.537,8.0,-5,3,111,-9.5,0.754
2025-08-14,문학,SSG,키움,4,0.524,9.5,3,7,107,10,0.308,32.5,-1,5,111,-1.5,0.754
2025-08-14,수원,KT,LG,6,0.505,11.5,-1,4,111,1,0.611,0.0,1,8,110,0.5,0.754
2025-08-14,잠실,두산,NC,9,0.433,19.0,-2,4,109,7,0.5,12.0,3,5,104,8.0,0.754
2025-08-15,고척,키움,KT,10,0.315,32.0,1,5,112,6,0.505,11.5,-1,4,111,21.5,0.76
2025-08-15,문학,SSG,LG,4,0.519,10.0,-1,6,108,1,0.611,0.0,1,8,110,-0.5,0.76
2025-08-15,사직,롯데,삼성,3,0.532,8.5,-6,3,112,8,0.468,15.5,-5,3,110,-2.0,0.76
2025-08-15,잠실,두산,KIA,9,0.438,18.5,1,5,110,5,0.515,10.5,3,7,107,8.0,0.76
2025-08-15,창원,NC,한화,7,0.495,12.5,-1,5,105,2,0.604,1.0,4,5,109,2.0,0.76
2025-08-16,고척,키움,KT,10,0.321,32.0,2,6,113,6,0.5,12.5,-2,4,112,20.5,0.767
2025-08-16,문학,SSG,LG,4,0.514,11.0,-2,5,109,1,0.615,0.0,2,8,111,-0.5,0.767
2025-08-16,사직,롯데,삼성,3,0.527,9.5,-7,2,113,8,0.473,15.5,1,4,111,-2.0,0.767
2025-08-16,잠실,두산,KIA,9,0.443,18.5,2,5,111,5,0.51,11.5,-1,6,108,7.0,0.767
2025-08-16,창원,NC,한화,7,0.49,13.5,-2,4,106,2,0.607,1.0,5,6,110,2.0,0.767
2025-08-17,고척,키움,KT,10,0.327,31.0,3,7,114,6,0.495,12.5,-3,4,113,19.5,0.774
2025-08-17,문학,SSG,LG,4,0.519,10.0,1,6,110,1,0.609,0.0,-1,7,112,-1.5,0.774
2025-08-17,사직,롯데,삼성,3,0.523,9.5,-8,1,114,8,0.477,14.5,2,4,112,-2.0,0.774
2025-08-17,잠실,두산,KIA,9,0.449,17.5,3,6,112,5,0.505,11.5,-2,5,109,6.0,0.774
2025-08-17,창원,NC,한화,7,0.495,12.5,1,4,107,2,0.602,1.0,-1,6,111,1.0,0.774
2025-08-19,광주,KIA,키움,6,0.5,12.5,-3,4,110,10,0.324,32.0,-1,6,115,0.0,0.781
2025-08-19,대전,한화,두산,2,0.596,2.0,-2,5,112,9,0.454,17.5,4,7,113,-10.5,0.781
2025-08-19,수원,KT,SSG,5,0.5,12.5,1,5,114,4,0.514,11.0,-1,5,111,0.0,0.781
2025-08-19,잠실,LG,롯데,1,0.613,0.0,1,7,113,3,0.523,10.0,-8,1,115,-12.5,0.781
2025-08-19,창원,NC,삼성,7,0.5,12.5,2,5,108,8,0.477,15.0,2,4,113,0.0,0.781
2025-08-20,광주,KIA,키움,5,0.505,12.5,1,5,111,10,0.321,33.0,-2,5,116,0.0,0.787
2025-08-20,대전,한화,두산,2,0.591,3.0,-3,5,113,9,0.459,17.5,5,7,114,-9.5,0.787
2025-08-20,수원,KT,SSG,6,0.505,12.5,2,5,115,4,0.509,12.0,-2,5,112,0.0,0.787
2025-08-20,잠실,LG,롯데,1,0.616,0.0,2,7,114,3,0.518,11.0,-9,0,116,-12.5,0.787
2025-08-20,창원,NC,삼성,7,0.495,13.5,-1,5,109,8,0.482,15.0,3,4,114,1.0,0.787
2025-08-21,광주,KIA,키움,6,0.5,13.5,-1,4,112,10,0.327,33.0,1,5,117,0.0,0.794
2025-08-21,대전,한화,두산,2,0.586,4.0,-4,5,114,9,0.464,17.5,6,8,115,-9.5,0.794
2025-08-21,수원,KT,SSG,5,0.5,13.5,-1,5,116,3,0.514,12.0,1,5,113,0.0,0.794
2025-08-21,잠실,LG,롯데,1,0.619,0.0,3,8,115,4,0.513,12.0,-10,0,117,-13.5,0.794
2025-08-21,창원,NC,삼성,7,0.49,14.5,-2,5,110,8,0.487,15.0,4,4,115,1.0,0.794
2025-08-22,광주,KIA,LG,6,0.495,14.0,-2,4,113,1,0.619,0.0,3,7,116,0.0,0.801
2025-08-22,대구,삼성,키움,8,0.482,15.5,-1,4,116,10,0.333,32.5,2,6,118,1.5,0.801
2025-08-22,대전,한화,SSG,2,0.58,4.5,-5,5,115,3,0.518,11.5,2,6,114,-9.5,0.801
2025-08-22,잠실,두산,KT,9,0.468,17.0,7,8,116,5,0.496,14.0,-2,4,117,3.0,0.801
2025-08-22,창원,NC,롯데,7,0.495,14.0,1,6,111,4,0.513,12.0,-10,0,118,0.0,0.801
2025-08-23,광주,KIA,LG,7,0.491,15.0,-3,4,114,1,0.623,0.0,4,7,117,1.0,0.808
2025-08-23,대구,삼성,키움,8,0.487,15.5,1,5,117,10,0.33,33.5,-1,6,119,1.5,0.808
2025-08-23,대전,한화,SSG,2,0.575,5.5,-6,4,116,3,0.523,11.5,3,6,115,-8.5,0.808
2025-08-23,잠실,두산,KT,9,0.464,18.0,-1,7,117,5,0.5,14.0,1,5,118,4.0,0.808
2025-08-23,창원,NC,롯데,6,0.5,14.0,2,6,112,4,0.509,13.0,-11,0,119,0.0,0.808
2025-08-24,광주,KIA,LG,8,0.486,16.0,-4,3,115,1,0.626,0.0,5,7,118,2.0,0.815
2025-08-24,대구,삼성,키움,7,0.491,15.5,2,6,118,10,0.328,34.5,-2,5,120,1.5,0.815
2025-08-24,대전,한화,SSG,2,0.579,5.5,1,4,117,3,0.518,12.5,-1,5,116,-8.5,0.815
2025-08-24,잠실,두산,KT,9,0.46,19.0,-2,7,118,5,0.504,14.0,2,5,119,5.0,0.815
2025-08-24,창원,NC,롯데,4,0.505,14.0,3,6,113,6,0.504,14.0,-12,0,120,0.0,0.815
2025-08-26,고척,키움,한화,10,0.325,35.5,-3,5,121,2,0.583,5.5,2,4,118,21.5,0.822
2025-08-26,문학,SSG,KIA,3,0.513,13.5,-2,4,117,8,0.482,17.0,-5,2,116,-0.5,0.822
2025-08-26,사직,롯데,KT,5,0.509,14.0,1,1,121,4,0.509,14.0,3,5,120,0.0,0.822
2025-08-26,잠실,두산,삼성,9,0.456,20.0,-3,7,119,7,0.496,15.5,3,7,119,6.0,0.822
2025-08-26,창원,NC,LG,6,0.5,15.0,-1,5,114,1,0.629,0.0,6,8,119,1.0,0.822
2025-08-27,고척,키움,한화,10,0.322,35.5,-4,4,122,2,0.586,4.5,3,4,119,21.5,0.829
2025-08-27,문학,SSG,KIA,3,0.518,12.5,1,5,118,8,0.478,17.0,-6,1,117,-1.5,0.829
2025-08-27,사직,롯데,KT,4,0.513,13.0,2,2,122,6,0.504,14.0,-1,5,121,-1.0,0.829
2025-08-27,잠실,두산,삼성,9,0.452,20.0,-4,6,120,7,0.5,14.5,4,8,120,6.0,0.829
2025-08-27,창원,NC,LG,5,0.505,14.0,1,6,115,1,0.624,0.0,-1,7,120,0.0,0.829
2025-08-28,고척,키움,한화,10,0.319,36.5,-5,3,123,2,0.59,4.5,4,4,120,22.5,0.836
2025-08-28,문학,SSG,KIA,3,0.513,13.5,-1,5,119,8,0.482,17.0,1,2,118,-0.5,0.836
2025-08-28,사직,롯데,KT,5,0.508,14.0,-1,2,123,4,0.508,14.0,1,6,122,0.0,0.836
2025-08-28,잠실,두산,삼성,9,0.448,21.0,-5,5,121,6,0.504,14.5,5,8,121,7.0,0.836
2025-08-28,창원,NC,LG,7,0.5,15.0,-1,6,116,1,0.627,0.0,1,7,121,1.0,0.836
2025-08-29,대전,한화,삼성,2,0.593,4.5,5,5,121,6,0.5,15.5,-1,7,122,-10.5,0.843
2025-08-29,문학,SSG,NC,4,0.509,14.5,-2,4,120,7,0.495,16.0,-2,5,117,-0.5,0.843
2025-08-29,사직,롯데,두산,3,0.513,14.0,1,3,124,9,0.453,21.0,1,5,122,-1.0,0.843
2025-08-29,수원,KT,KIA,5,0.504,15.0,-1,6,123,8,0.487,17.0,2,3,119,0.0,0.843
2025-08-29,잠실,LG,키움,1,0.63,0.0,2,8,122,10,0.317,37.5,-6,2,124,-15.0,0.843
2025-08-30,대전,한화,삼성,2,0.588,4.5,-1,5,122,5,0.504,14.5,1,8,123,-10.0,0.85
2025-08-30,문학,SSG,NC,3,0.513,13.5,1,5,121,8,0.491,16.0,-3,4,118,-1.0,0.85
2025-08-30,사직,롯데,두산,4,0.508,14.0,-1,3,125,9,0.458,20.0,2,5,123,-0.5,0.85
2025-08-30,수원,KT,KIA,6,0.5,15.0,-2,5,124,7,0.491,16.0,3,4,120,0.5,0.85
2025-08-30,잠실,LG,키움,1,0.625,0.0,-1,7,123,10,0.322,36.5,1,3,125,-14.5,0.85
2025-08-31,대전,한화,삼성,2,0.583,5.5,-2,5,123,5,0.508,14.5,2,8,124,-9.0,0.857
2025-08-31,문학,SSG,NC,3,0.508,14.5,-1,5,122,7,0.496,16.0,1,5,119,0.0,0.857
2025-08-31,사직,롯데,두산,4,0.508,14.5,-1,3,126,9,0.458,20.5,2,4,124,0.0,0.857
2025-08-31,수원,KT,KIA,6,0.504,15.0,1,5,125,8,0.487,17.0,-1,3,121,0.5,0.857
2025-08-31,잠실,LG,키움,1,0.628,0.0,1,7,124,10,0.32,37.5,-1,3,126,-14.5,0.857
2025-09-02,대전,한화,KIA,2,0.579,5.5,-3,5,124,8,0.483,17.0,-2,3,122,-8.0,0.864
2025-09-02,문학,SSG,키움,3,0.513,13.5,1,5,123,10,0.325,36.5,1,3,127,0.0,0.864
2025-09-02,수원,KT,NC,6,0.508,14.0,2,6,126,7,0.491,16.0,-1,5,120,0.5,0.864
2025-09-02,잠실,LG,롯데,1,0.623,0.0,-1,6,125,4,0.512,13.5,1,4,127,-13.5,0.864
2025-09-03,광주,KIA,SSG,8,0.479,18.0,-3,3,123,3,0.517,13.5,2,5,124,3.5,0.869
2025-09-03,대구,삼성,키움,4,0.512,14.0,3,8,125,10,0.323,37.5,-1,2,128,-0.5,0.869
2025-09-03,대전,한화,NC,2,0.582,5.5,1,6,125,7,0.496,16.0,1,5,121,-9.0,0.869
2025-09-03,수원,KT,롯데,6,0.504,15.0,-1,6,127,5,0.508,14.5,-1,4,128,0.5,0.869
2025-09-04,광주,KIA,SSG,8,0.475,18.5,-4,3,124,3,0.521,13.0,3,5,125,4.0,0.875
2025-09-04,대구,삼성,키움,4,0.508,14.5,-1,8,126,10,0.328,37.0,1,3,129,0.0,0.875
2025-09-04,수원,KT,LG,5,0.508,14.5,1,6,128,1,0.626,0.0,1,7,126,0.0,0.875
2025-09-04,창원,NC,두산,7,0.491,16.5,-1,4,122,9,0.454,21.0,-1,3,125,2.0,0.875
2025-09-05,광주,KIA,KT,8,0.475,19.0,-4,3,124,6,0.504,15.5,-1,5,129,3.5,0.878
2025-09-05,대구,삼성,키움,4,0.508,15.0,-1,8,126,10,0.328,37.5,1,3,129,-0.5,0.878
2025-09-05,문학,SSG,롯데,3,0.521,13.5,3,5,125,5,0.504,15.5,-2,4,129,-2.0,0.878
2025-09-05,창원,NC,두산,7,0.487,17.5,-2,3,123,9,0.458,21.0,1,3,126,2.0,0.878
2025-09-06,대구,삼성,한화,4,0.512,14.5,1,8,127,2,0.585,5.5,2,7,126,-1.0,0.882
2025-09-06,문학,SSG,롯데,3,0.525,13.0,4,6,126,6,0.5,16.0,-3,4,130,-2.5,0.882
2025-09-06,잠실,두산,LG,9,0.463,20.5,2,4,127,1,0.629,0.0,2,7,127,5.0,0.882
2025-09-06,창원,NC,KIA,7,0.483,18.0,-3,3,124,8,0.475,19.0,-4,3,124,2.5,0.882
2025-09-07,대구,삼성,한화,4,0.508,15.0,-1,7,128,2,0.589,5.0,3,7,127,-0.5,0.885
2025-09-07,잠실,LG,SSG,1,0.629,0.0,2,7,127,3,0.525,13.0,4,6,126,-15.5,0.885
2025-09-07,창원,NC,KIA,8,0.479,18.5,-4,2,125,7,0.479,18.5,1,4,125,3.0,0.885
2025-09-09,고척,키움,LG,10,0.325,37.5,-1,3,130,1,0.624,0.0,-1,6,128,22.5,0.889
2025-09-09,광주,KIA,삼성,8,0.475,18.5,-1,4,126,4,0.512,14.0,1,7,129,3.5,0.889
2025-09-09,사직,롯데,한화,6,0.5,15.5,-3,4,130,2,0.584,5.0,-1,6,128,0.5,0.889
2025-09-09,수원,KT,두산,5,0.504,15.0,-1,5,129,9,0.463,20.0,2,4,127,0.0,0.889
2025-09-09,창원,NC,SSG,7,0.483,17.5,1,3,126,3,0.528,12.0,5,7,127,2.5,0.889
2025-09-10,광주,KIA,삼성,8,0.475,18.0,-1,4,126,4,0.512,13.5,1,7,129,4.0,0.893
2025-09-10,사직,롯데,한화,6,0.496,15.5,-4,3,131,2,0.587,4.0,1,6,129,1.5,0.893
2025-09-10,잠실,두산,LG,9,0.459,20.0,-1,4,128,1,0.619,0.0,-2,5,129,6.0,0.893
2025-09-10,창원,NC,SSG,7,0.483,17.0,1,3,126,3,0.528,11.5,5,7,127,3.0,0.893
2025-09-11,고척,키움,NC,10,0.331,37.0,1,4,131,7,0.488,17.0,2,4,127,22.5,0.899
2025-09-11,광주,KIA,롯데,8,0.48,18.0,1,5,127,6,0.492,16.5,-5,2,132,3.5,0.899
2025-09-11,대구,삼성,SSG,5,0.508,14.5,-1,6,130,3,0.524,12.5,-1,6,128,0.0,0.899
2025-09-11,잠실,LG,KT,1,0.622,0.0,1,6,130,4,0.508,14.5,1,5,130,-14.5,0.899
2025-09-12,광주,KIA,두산,8,0.476,18.0,-1,4,128,9,0.455,20.5,-2,4,129,3.5,0.904
2025-09-12,대전,한화,키움,2,0.591,3.5,2,6,130,10,0.336,36.0,2,5,132,-11.0,0.904
2025-09-12,잠실,LG,NC,1,0.617,0.0,-1,5,131,7,0.484,17.0,-1,4,128,-14.5,0.904
2025-09-13,대구,삼성,KT,5,0.504,14.5,-2,5,131,4,0.512,13.5,2,6,131,0.0,0.906
2025-09-13,대전,한화,키움,2,0.591,3.5,2,6,130,10,0.336,36.0,2,5,132,-11.0,0.906
2025-09-13,사직,롯데,SSG,6,0.496,15.5,1,3,133,3,0.528,11.5,1,7,129,1.0,0.906
2025-09-13,잠실,LG,KIA,1,0.617,0.0,-1,5,131,8,0.48,17.5,1,4,129,-14.5,0.906
2025-09-13,창원,NC,두산,7,0.484,17.0,-1,4,128,9,0.452,21.0,-3,4,130,2.5,0.906
2025-09-14,대구,삼성,KT,5,0.5,14.5,-3,5,132,4,0.516,12.5,3,6,132,0.0,0.912
2025-09-14,대전,한화,키움,2,0.594,2.5,3,6,131,10,0.333,36.0,-1,5,133,-12.0,0.912
2025-09-14,잠실,LG,KIA,1,0.612,0.0,-2,4,132,8,0.484,16.5,2,4,130,-14.5,0.912
2025-09-14,창원,NC,두산,7,0.488,16.0,1,4,129,9,0.448,21.0,-4,4,131,1.5,0.912
2025-09-15,대전,한화,키움,2,0.589,3.5,-1,6,132,10,0.338,36.0,1,6,134,-11.0,0.918
2025-09-16,광주,KIA,한화,8,0.48,17.5,-1,4,131,2,0.592,3.0,1,7,133,3.0,0.919
2025-09-16,대구,삼성,롯데,5,0.504,14.5,1,5,133,6,0.5,15.0,2,3,134,0.0,0.919
2025-09-16,수원,KT,LG,4,0.512,13.5,-1,6,133,1,0.615,0.0,1,5,133,-1.0,0.919
2025-09-16,잠실,두산,키움,9,0.444,22.0,-5,3,132,10,0.336,36.5,-1,5,135,7.5,0.919
2025-09-16,창원,NC,SSG,7,0.492,16.0,2,5,130,3,0.524,12.0,-1,7,130,1.5,0.919
2025-09-17,광주,KIA,한화,8,0.477,18.5,-2,4,132,2,0.595,3.0,2,8,134,4.0,0.926
2025-09-17,대구,삼성,롯데,5,0.508,14.5,2,5,134,6,0.496,16.0,-1,3,135,0.0,0.926
2025-09-17,수원,KT,LG,4,0.508,14.5,-2,6,134,1,0.618,0.0,2,5,134,0.0,0.926
2025-09-17,잠실,두산,키움,9,0.441,23.0,-6,2,133,10,0.341,36.5,1,6,136,8.5,0.926
2025-09-17,창원,NC,SSG,7,0.488,17.0,-1,4,131,3,0.528,12.0,1,7,131,2.5,0.926
2025-09-17,창원,NC,SSG,7,0.488,17.0,-1,4,131,3,0.528,12.0,1,7,131,2.5,0.926
2025-09-18,광주,KIA,한화,8,0.473,19.0,-3,4,133,2,0.598,2.5,3,8,135,4.5,0.931
2025-09-18,수원,KT,LG,4,0.508,14.5,-2,6,134,1,0.618,0.0,2,5,134,0.0,0.931
2025-09-18,수원,KT,LG,4,0.508,14.5,-2,6,134,1,0.618,0.0,2,5,134,0.0,0.931
2025-09-18,잠실,두산,키움,9,0.438,23.5,-7,2,134,10,0.346,36.0,2,6,137,9.0,0.931
2025-09-18,창원,NC,삼성,7,0.492,16.5,1,5,132,5,0.508,14.5,2,5,134,2.0,0.931
2025-09-19,문학,SSG,두산,3,0.523,13.5,-1,7,132,9,0.442,24.0,1,3,135,-3.0,0.938
2025-09-19,수원,KT,한화,5,0.5,16.5,-4,4,136,2,0.602,3.0,4,8,136,0.0,0.938
2025-09-19,창원,NC,롯데,7,0.488,18.0,-1,5,133,6,0.496,17.0,-1,3,135,1.5,0.938
2025-09-20,광주,KIA,NC,8,0.469,20.5,-4,4,134,7,0.484,18.5,-2,5,134,4.0,0.939
2025-09-20,문학,SSG,두산,3,0.523,13.5,-1,7,132,9,0.442,24.0,1,3,135,-3.0,0.939
2025-09-20,사직,롯데,키움,6,0.5,16.5,1,4,136,10,0.343,37.5,-1,6,138,0.0,0.939
2025-09-20,수원,KT,한화,5,0.5,16.5,-4,4,136,2,0.602,3.0,4,8,136,0.0,0.939
2025-09-20,잠실,LG,삼성,1,0.624,0.0,4,6,136,4,0.511,15.0,3,5,135,-16.5,0.939
2025-09-21,광주,KIA,NC,8,0.473,19.5,1,4,135,7,0.481,18.5,-3,5,135,4.0,0.946
2025-09-21,문학,SSG,두산,3,0.527,12.5,1,7,133,9,0.438,24.0,-1,2,136,-3.0,0.946
2025-09-21,수원,KT,삼성,5,0.504,15.5,1,5,137,4,0.515,14.0,4,6,136,0.0,0.946
2025-09-22,문학,SSG,두산,3,0.531,12.0,2,7,134,9,0.435,24.5,-2,1,137,-3.0,0.95
2025-09-23,대구,삼성,두산,4,0.511,14.5,-1,5,137,9,0.439,24.0,1,2,138,-0.5,0.951
2025-09-23,문학,SSG,KIA,3,0.527,12.5,-1,6,135,8,0.47,20.0,-1,4,136,-2.5,0.951
2025-09-23,수원,KT,키움,5,0.507,15.0,2,5,138,10,0.348,36.5,1,6,139,0.0,0.951
2025-09-23,울산,롯데,NC,6,0.496,16.5,-1,3,137,7,0.485,18.0,1,5,136,1.5,0.951
2025-09-24,고척,키움,KIA,10,0.346,37.0,-1,6,140,8,0.466,20.5,-2,3,137,22.5,0.957
2025-09-24,대구,삼성,롯데,4,0.515,14.0,1,6,138,6,0.492,17.0,-2,3,138,-0.5,0.957
2025-09-24,문학,SSG,한화,3,0.53,12.0,1,6,136,2,0.597,3.0,-1,7,137,-2.5,0.957
2025-09-24,창원,NC,LG,7,0.489,17.5,2,5,137,1,0.619,0.0,-1,5,137,3.0,0.957
2025-09-25,대구,삼성,키움,4,0.518,13.0,2,6,139,10,0.343,37.0,-2,5,141,-1.0,0.961
2025-09-25,문학,SSG,KT,3,0.53,11.5,1,6,136,5,0.511,14.0,3,6,139,-2.5,0.961
2025-09-25,울산,롯데,LG,7,0.489,17.0,-3,3,139,1,0.615,0.0,-2,5,138,3.0,0.961
2025-09-25,잠실,두산,한화,9,0.436,24.0,-1,2,139,2,0.597,2.5,-1,7,137,10.0,0.961
2025-09-26,대전,한화,LG,2,0.593,3.5,-2,7,138,1,0.618,0.0,1,6,139,-10.5,0.967
2025-09-26,문학,SSG,KT,3,0.526,12.5,-1,5,137,5,0.515,14.0,4,6,140,-1.5,0.967
2025-09-26,사직,롯데,삼성,7,0.485,18.0,-4,3,140,4,0.522,13.0,3,7,140,4.0,0.967
2025-09-26,잠실,두산,NC,9,0.44,24.0,1,3,140,6,0.492,17.0,3,6,138,10.0,0.967
2025-09-27,광주,KIA,NC,8,0.47,19.5,1,4,138,6,0.496,16.0,4,6,139,5.5,0.972
2025-09-27,대전,한화,LG,2,0.596,2.5,1,7,139,1,0.613,0.0,-1,5,140,-11.5,0.972
2025-09-27,잠실,두산,SSG,9,0.437,24.0,-1,3,141,3,0.53,11.5,1,6,138,10.0,0.972
2025-09-28,고척,키움,삼성,10,0.341,38.0,-3,4,142,4,0.518,13.5,-1,7,141,23.5,0.976
2025-09-28,광주,KIA,NC,8,0.467,20.5,-1,3,139,6,0.5,16.0,5,6,140,6.0,0.976
2025-09-28,대전,한화,LG,2,0.591,3.5,-1,6,140,1,0.616,0.0,1,6,141,-11.0,0.976
2025-09-28,잠실,두산,롯데,9,0.434,25.0,-2,3,142,7,0.489,17.5,1,4,141,10.5,0.976
2025-09-29,광주,KIA,NC,8,0.467,20.5,-1,3,139,6,0.5,16.0,5,6,140,6.0,0.979
2025-09-29,대전,한화,LG,2,0.591,3.5,-1,6,140,1,0.616,0.0,1,6,141,-11.0,0.979
2025-09-29,문학,SSG,롯데,3,0.533,11.5,2,6,139,7,0.485,18.0,-1,4,142,-3.0,0.979
2025-09-30,고척,키움,SSG,10,0.338,38.0,-4,4,143,3,0.537,10.5,3,7,140,24.0,0.983
2025-09-30,대구,삼성,KIA,4,0.521,12.5,1,8,142,8,0.463,20.5,-2,2,140,-1.5,0.983
2025-09-30,대전,한화,롯데,2,0.594,2.5,1,6,141,7,0.482,18.0,-2,3,143,-11.5,0.983
2025-09-30,잠실,LG,두산,1,0.612,0.0,-1,6,142,9,0.438,24.0,1,4,143,-14.0,0.983
2025-09-30,창원,NC,KT,6,0.504,15.0,6,7,141,5,0.511,14.0,-1,5,141,1.0,0.983
2025-10-01,광주,KIA,KT,8,0.46,20.5,-3,2,141,6,0.507,14.0,-2,4,142,6.5,0.99
2025-10-01,문학,SSG,한화,3,0.54,9.5,4,7,141,2,0.597,1.5,2,7,142,-4.5,0.99
2025-10-01,잠실,LG,NC,1,0.607,0.0,-2,5,143,5,0.507,14.0,7,7,142,-14.0,0.99
2025-10-02,광주,KIA,SSG,8,0.457,20.5,-4,2,142,3,0.543,8.5,5,8,142,7.5,0.994
2025-10-03,광주,KIA,삼성,8,0.46,20.0,1,3,143,4,0.525,11.0,2,8,143,7.0,0.996
2025-10-03,수원,KT,한화,6,0.511,13.0,1,5,143,2,0.593,1.5,-1,6,143,0.0,0.996
2025-10-03,창원,NC,SSG,5,0.511,13.0,8,8,143,3,0.54,9.0,-1,7,143,0.0,0.996
2025-10-04,광주,KIA,삼성,8,0.46,20.0,1,3,143,4,0.525,11.0,2,8,143,7.0,0.997
2025-10-04,창원,NC,SSG,5,0.511,13.0,8,8,143,3,0.54,9.0,-1,7,143,0.0,0.997
2026-03-28,대구,삼성,롯데,,,,0,,0,,,,0,,0,,0.0
2026-03-28,대전,한화,키움,,,,0,,0,,,,0,,0,,0.0
2026-03-28,문학,SSG,KIA,,,,0,,0,,,,0,,0,,0.0
2026-03-28,잠실,LG,KT,,,,0,,0,,,,0,,0,,0.0
2026-03-28,창원,NC,두산,,,,0,,0,,,,0,,0,,0.0
2026-03-29,대구,삼성,롯데,6,0.0,1.0,-1,0,1,1,1.0,0.0,1,1,1,1.0,0.008
2026-03-29,대전,한화,키움,2,1.0,0.0,1,1,1,7,0.0,1.0,-1,0,1,0.0,0.008
2026-03-29,문학,SSG,KIA,3,1.0,0.0,1,1,1,8,0.0,1.0,-1,0,1,0.0,0.008
2026-03-29,잠실,LG,KT,9,0.0,1.0,-1,0,1,4,1.0,0.0,1,1,1,1.0,0.008
2026-03-29,창원,NC,두산,5,1.0,0.0,1,1,1,10,0.0,1.0,-1,0,1,0.0,0.008
2026-03-31,대구,삼성,두산,7,0.0,2.0,-2,0,2,6,0.5,1.0,1,1,2,1.0,0.015
2026-03-31,대전,한화,KT,2,1.0,0.0,2,2,2,4,1.0,0.0,2,2,2,-1.0,0.015
2026-03-31,문학,SSG,키움,3,1.0,0.0,2,2,2,8,0.0,2.0,-2,0,2,-1.0,0.015
2026-03-31,잠실,LG,KIA,10,0.0,2.0,-2,0,2,9,0.0,2.0,-2,0,2,1.0,0.015
2026-03-31,창원,NC,롯데,5,0.5,1.0,-1,1,2,1,1.0,0.0,2,2,2,0.0,0.015
2026-04-01,대구,삼성,두산,8,0.0,2.5,-2,0,3,6,0.5,1.5,1,1,3,1.5,0.023
2026-04-01,대전,한화,KT,4,0.667,1.0,-1,2,3,2,1.0,0.0,3,3,3,0.0,0.023
2026-04-01,문학,SSG,키움,1,1.0,0.0,3,3,3,9,0.0,3.0,-3,0,3,-1.0,0.023
2026-04-01,잠실,LG,KIA,10,0.0,3.0,-3,0,3,7,0.333,2.0,1,1,3,2.0,0.023
2026-04-01,창원,NC,롯데,5,0.667,1.0,1,2,3,3,0.667,1.0,-1,2,3,0.0,0.023
2026-04-02,대구,삼성,두산,6,0.333,2.5,1,1,4,7,0.333,2.5,-1,1,4,0.5,0.03
2026-04-02,대전,한화,KT,5,0.5,2.0,-2,2,4,1,1.0,0.0,4,4,4,0.0,0.03
2026-04-02,문학,SSG,키움,2,0.75,1.0,-1,3,4,8,0.25,3.0,1,1,4,-1.0,0.03
2026-04-02,잠실,LG,KIA,10,0.25,3.0,1,1,4,9,0.25,3.0,-1,1,4,1.0,0.03
2026-04-02,창원,NC,롯데,3,0.75,1.0,2,3,4,4,0.5,2.0,-2,2,4,-1.0,0.03
2026-04-03,고척,키움,LG,9,0.2,4.0,-1,1,5,7,0.4,3.0,2,2,5,1.0,0.038
2026-04-03,광주,KIA,NC,10,0.2,4.0,-2,1,5,3,0.8,1.0,3,4,5,1.0,0.038
2026-04-03,사직,롯데,SSG,5,0.4,3.0,-3,2,5,2,0.8,1.0,1,4,5,0.0,0.038
2026-04-03,수원,KT,삼성,1,1.0,0.0,5,5,5,4,0.5,2.5,2,2,5,-3.0,0.038
2026-04-03,잠실,두산,한화,8,0.25,3.5,-2,1,5,6,0.4,3.0,-3,2,5,0.5,0.038
2026-04-04,고척,키움,LG,7,0.333,3.0,1,2,6,8,0.333,3.0,-1,2,6,1.0,0.045
2026-04-04,광주,KIA,NC,10,0.167,4.0,-3,1,6,3,0.833,0.0,4,5,6,2.0,0.045
2026-04-04,사직,롯데,SSG,6,0.333,3.0,-4,2,6,1,0.833,0.0,2,5,6,1.0,0.045
2026-04-04,수원,KT,삼성,2,0.833,0.0,-1,5,6,4,0.6,1.5,3,3,6,-2.0,0.045
2026-04-04,잠실,두산,한화,9,0.2,3.5,-3,1,6,5,0.5,2.0,1,3,6,1.5,0.045
2026-04-05,고척,키움,LG,8,0.286,4.0,-1,2,7,6,0.429,3.0,1,3,7,2.0,0.053
2026-04-05,광주,KIA,NC,10,0.143,5.0,-4,1,7,2,0.857,0.0,5,6,7,3.0,0.053
2026-04-05,사직,롯데,SSG,7,0.286,4.0,-5,2,7,1,0.857,0.0,3,6,7,2.0,0.053
2026-04-05,수원,KT,삼성,3,0.714,1.0,-2,5,7,4,0.667,1.5,4,4,7,-1.0,0.053
2026-04-05,잠실,두산,한화,9,0.167,4.5,-4,1,7,5,0.571,2.0,2,4,7,2.5,0.053
2026-04-07,광주,KIA,삼성,10,0.25,5.0,1,2,8,4,0.571,2.5,-1,4,8,2.0,0.06
2026-04-07,문학,SSG,한화,1,0.875,0.0,4,7,8,5,0.5,3.0,-1,4,8,-3.0,0.06
2026-04-07,사직,롯데,KT,8,0.25,5.0,-6,2,8,2,0.75,1.0,1,6,8,2.0,0.06
2026-04-07,잠실,두산,키움,7,0.286,4.5,1,2,8,9,0.25,5.0,-2,2,8,1.5,0.06
2026-04-07,창원,NC,LG,3,0.75,1.0,-1,6,8,6,0.5,3.0,2,4,8,-2.0,0.06
2026-04-08,광주,KIA,삼성,10,0.222,5.0,-1,2,9,4,0.625,1.5,1,5,9,3.0,0.068
2026-04-08,문학,SSG,한화,1,0.778,0.0,-1,7,9,5,0.556,2.0,1,5,9,-2.0,0.068
2026-04-08,사직,롯데,KT,9,0.222,5.0,-7,2,9,2,0.778,0.0,2,7,9,3.0,0.068
2026-04-08,잠실,두산,키움,8,0.25,4.5,-1,2,9,7,0.333,4.0,1,3,9,2.5,0.068
2026-04-08,창원,NC,LG,3,0.667,1.0,-2,6,9,6,0.556,2.0,3,5,9,-1.0,0.068
2026-04-09,광주,KIA,삼성,10,0.3,4.0,1,3,10,6,0.556,1.5,-1,5,10,3.0,0.075
2026-04-09,문학,SSG,한화,1,0.7,0.0,-2,7,10,3,0.6,1.0,2,6,10,-1.0,0.075
2026-04-09,사직,롯데,KT,8,0.3,4.0,1,3,10,2,0.7,0.0,-1,7,10,3.0,0.075
2026-04-09,잠실,두산,키움,7,0.333,3.5,1,3,10,9,0.3,4.0,-1,3,10,2.5,0.075
2026-04-09,창원,NC,LG,5,0.6,1.0,-3,6,10,4,0.6,1.0,4,6,10,0.0,0.075
2026-04-10,고척,키움,롯데,9,0.3,4.0,-1,3,10,8,0.3,4.0,1,3,10,3.0,0.075
2026-04-10,대구,삼성,NC,6,0.556,1.5,-1,5,10,5,0.6,1.0,-3,6,10,0.5,0.075
2026-04-10,대전,한화,KIA,3,0.6,1.0,2,6,10,10,0.3,4.0,1,3,10,0.0,0.075
2026-04-10,수원,KT,두산,2,0.7,0.0,-1,7,10,7,0.333,3.5,1,3,10,-1.0,0.075
2026-04-10,잠실,LG,SSG,4,0.6,1.0,4,6,10,1,0.7,0.0,-2,7,10,0.0,0.075
2026-04-11,고척,키움,롯데,10,0.273,4.0,-2,3,11,8,0.364,3.0,2,3,11,3.0,0.083
2026-04-11,대구,삼성,NC,4,0.6,0.5,1,6,11,6,0.545,1.0,-4,5,11,-0.5,0.083
2026-04-11,대전,한화,KIA,5,0.545,1.0,-1,5,11,9,0.364,3.0,2,4,11,0.0,0.083
2026-04-11,수원,KT,두산,3,0.636,0.0,-2,6,11,7,0.4,2.5,2,4,11,-1.0,0.083
2026-04-11,잠실,LG,SSG,2,0.636,0.0,5,7,11,1,0.636,0.0,-3,6,11,-1.0,0.083
2026-04-12,고척,키움,롯데,10,0.25,5.0,-3,3,12,7,0.417,3.0,3,3,12,3.0,0.09
2026-04-12,대구,삼성,NC,3,0.636,0.5,2,7,12,6,0.5,2.0,-5,5,12,-1.5,0.09
2026-04-12,대전,한화,KIA,5,0.5,2.0,-2,4,12,8,0.417,3.0,3,5,12,0.0,0.09
2026-04-12,수원,KT,두산,2,0.667,0.0,1,6,12,9,0.364,3.5,-1,3,12,-2.0,0.09
2026-04-12,잠실,LG,SSG,1,0.667,0.0,6,8,12,4,0.583,1.0,-4,5,12,-2.0,0.09
2026-04-14,광주,KIA,키움,6,0.462,3.0,4,5,13,10,0.308,5.0,1,4,13,0.0,0.098
2026-04-14,대전,한화,삼성,5,0.462,3.0,-3,4,13,3,0.667,0.5,3,8,13,0.0,0.098
2026-04-14,문학,SSG,두산,4,0.538,2.0,-5,4,13,9,0.333,4.5,-2,3,13,-1.0,0.098
2026-04-14,잠실,LG,롯데,1,0.692,0.0,7,9,13,8,0.385,4.0,-1,3,13,-3.0,0.098
2026-04-14,창원,NC,KT,7,0.462,3.0,-6,4,13,2,0.692,0.0,2,6,13,0.0,0.098
2026-04-15,광주,KIA,키움,5,0.5,3.0,5,6,14,10,0.286,6.0,-1,3,14,0.0,0.106
2026-04-15,대전,한화,삼성,7,0.429,4.0,-4,4,14,2,0.692,0.5,4,8,14,1.0,0.106
2026-04-15,문학,SSG,두산,4,0.5,3.0,-6,4,14,8,0.385,4.5,1,4,14,0.0,0.106
2026-04-15,잠실,LG,롯데,1,0.714,0.0,8,9,14,9,0.357,5.0,-2,3,14,-3.0,0.106
2026-04-15,창원,NC,KT,6,0.5,3.0,1,4,14,3,0.643,1.0,-1,5,14,0.0,0.106
2026-04-16,광주,KIA,키움,5,0.533,2.5,6,7,15,10,0.267,6.5,-2,3,15,0.0,0.113
2026-04-16,대전,한화,삼성,8,0.4,4.5,-5,4,15,1,0.714,0.0,5,8,15,2.0,0.113
2026-04-16,문학,SSG,두산,4,0.533,2.5,1,4,15,9,0.357,5.0,-1,4,15,0.0,0.113
2026-04-16,잠실,LG,롯데,2,0.667,0.5,-1,8,15,7,0.4,4.5,1,4,15,-2.0,0.113
2026-04-16,창원,NC,KT,6,0.467,3.5,-1,3,15,3,0.667,0.5,1,5,15,1.0,0.113
2026-04-17,대구,삼성,LG,1,0.733,0.0,6,8,16,2,0.688,0.5,1,9,16,-2.5,0.121
2026-04-17,사직,롯데,한화,7,0.375,5.5,-1,4,16,8,0.375,5.5,-6,3,16,3.0,0.121
2026-04-17,수원,KT,키움,3,0.688,0.5,2,6,16,10,0.25,7.5,-3,2,16,-2.0,0.121
2026-04-17,잠실,두산,KIA,9,0.333,6.0,-2,4,16,5,0.562,2.5,7,8,16,3.5,0.121
2026-04-17,창원,NC,SSG,6,0.438,4.5,-2,2,16,4,0.562,2.5,2,4,16,2.0,0.121
2026-04-18,대구,삼성,LG,1,0.733,0.0,6,8,16,3,0.688,0.5,1,9,16,-2.5,0.124
2026-04-18,사직,롯데,한화,7,0.375,5.5,-1,4,16,8,0.375,5.5,-6,3,16,3.0,0.124
2026-04-18,수원,KT,키움,2,0.706,0.0,3,7,17,10,0.235,8.0,-4,2,17,-2.5,0.124
2026-04-18,잠실,두산,KIA,9,0.312,6.5,-3,4,17,4,0.588,2.0,8,9,17,4.0,0.124
2026-04-18,창원,NC,SSG,6,0.438,4.5,-2,2,16,5,0.562,2.5,2,4,16,2.0,0.124
2026-04-19,대구,삼성,LG,1,0.75,0.0,7,8,17,3,0.647,1.5,-1,8,17,-3.0,0.131
2026-04-19,사직,롯데,한화,8,0.353,6.5,-2,4,17,6,0.412,5.5,1,3,17,3.5,0.131
2026-04-19,수원,KT,키움,2,0.722,0.0,4,7,18,10,0.222,9.0,-5,2,18,-3.0,0.131
2026-04-19,잠실,두산,KIA,9,0.353,6.5,1,4,18,5,0.556,3.0,-1,8,18,3.5,0.131
2026-04-19,창원,NC,SSG,7,0.412,5.5,-3,1,17,4,0.588,2.5,3,4,17,2.5,0.131
2026-04-21,고척,키움,NC,10,0.263,8.0,1,2,19,7,0.444,4.5,1,2,18,5.0,0.139
2026-04-21,대구,삼성,SSG,1,0.706,0.0,-1,8,18,4,0.556,2.5,-1,3,18,-3.0,0.139
2026-04-21,사직,롯데,두산,9,0.333,6.5,-3,4,18,8,0.389,5.5,2,5,19,3.5,0.139
2026-04-21,수원,KT,KIA,2,0.684,0.0,-1,6,19,5,0.526,3.0,-2,8,19,-3.0,0.139
2026-04-21,잠실,LG,한화,3,0.667,0.5,1,8,18,6,0.444,4.5,2,4,18,-2.5,0.139
2026-04-22,고척,키움,NC,10,0.3,8.0,2,3,20,7,0.421,5.5,-1,2,19,4.0,0.146
2026-04-22,대구,삼성,SSG,3,0.667,1.0,-2,7,19,4,0.579,2.5,1,4,19,-3.0,0.146
2026-04-22,사직,롯데,두산,9,0.316,7.5,-4,4,19,8,0.421,5.5,3,5,20,3.5,0.146
2026-04-22,수원,KT,KIA,1,0.7,0.0,1,7,20,5,0.5,4.0,-3,7,20,-4.0,0.146
2026-04-22,잠실,LG,한화,2,0.684,0.5,2,8,19,6,0.421,5.5,-1,3,19,-3.5,0.146
2026-04-23,고척,키움,NC,9,0.333,8.0,3,4,21,8,0.4,6.5,-2,2,20,3.0,0.154
2026-04-23,대구,삼성,SSG,3,0.632,2.0,-3,7,20,4,0.6,2.5,2,5,20,-3.0,0.154
2026-04-23,사직,롯데,두산,10,0.3,8.5,-5,3,20,6,0.45,5.5,4,5,21,3.5,0.154
2026-04-23,수원,KT,KIA,1,0.714,0.0,2,8,21,5,0.476,5.0,-4,6,21,-5.0,0.154
2026-04-23,잠실,LG,한화,2,0.7,0.5,3,8,20,7,0.4,6.5,-2,2,20,-4.5,0.154
2026-04-24,고척,키움,삼성,10,0.318,9.0,-1,4,22,4,0.6,3.0,-4,6,21,3.0,0.161
2026-04-24,광주,KIA,롯데,5,0.455,6.0,-5,5,22,9,0.333,8.5,1,3,21,0.0,0.161
2026-04-24,대전,한화,NC,6,0.429,6.5,1,3,21,7,0.429,6.5,1,3,21,0.5,0.161
2026-04-24,문학,SSG,KT,3,0.619,2.5,3,6,21,1,0.727,0.0,3,8,22,-3.5,0.161
2026-04-24,잠실,두산,LG,8,0.429,6.5,-1,5,22,2,0.667,1.5,-1,7,21,0.5,0.161
2026-04-25,고척,키움,삼성,9,0.348,8.0,1,4,23,4,0.571,3.0,-5,5,22,3.0,0.169
2026-04-25,광주,KIA,롯데,5,0.478,5.0,1,5,23,10,0.318,8.5,-1,2,22,0.0,0.169
2026-04-25,대전,한화,NC,7,0.409,6.5,-1,3,22,6,0.455,5.5,2,4,22,1.5,0.169
2026-04-25,문학,SSG,KT,3,0.636,1.5,4,7,22,1,0.696,0.0,-1,7,23,-3.5,0.169
2026-04-25,잠실,두산,LG,8,0.409,6.5,-2,5,23,2,0.682,0.5,1,7,22,1.5,0.169
2026-04-26,고척,키움,삼성,9,0.375,7.5,2,5,24,4,0.545,3.5,-6,4,23,3.0,0.176
2026-04-26,광주,KIA,롯데,5,0.5,4.5,2,5,24,10,0.304,9.0,-2,2,23,0.0,0.176
2026-04-26,대전,한화,NC,6,0.435,6.0,1,4,23,7,0.435,6.0,-1,4,23,1.5,0.176
2026-04-26,문학,SSG,KT,3,0.652,1.0,5,8,23,2,0.667,0.5,-2,7,24,-3.5,0.176
2026-04-26,잠실,두산,LG,8,0.391,7.0,-3,4,24,1,0.696,0.0,2,7,23,2.5,0.176
2026-04-28,대전,한화,SSG,7,0.417,6.5,-1,4,24,3,0.625,1.5,-1,8,24,2.0,0.184
2026-04-28,사직,롯데,키움,10,0.304,9.0,-2,2,24,9,0.4,7.0,3,6,25,4.5,0.184
2026-04-28,수원,KT,LG,1,0.68,0.0,1,7,25,2,0.667,0.5,-1,6,24,-4.5,0.184
2026-04-28,잠실,두산,삼성,8,0.417,6.5,1,5,25,4,0.522,4.0,-7,3,24,2.0,0.184
2026-04-28,창원,NC,KIA,6,0.458,5.5,1,4,24,5,0.5,4.5,2,4,25,1.0,0.184
2026-04-29,대전,한화,SSG,7,0.44,6.5,1,5,25,3,0.6,2.5,-2,7,25,1.0,0.192
2026-04-29,사직,롯데,키움,10,0.333,9.0,1,2,25,9,0.385,8.0,-1,6,26,3.5,0.192
2026-04-29,수원,KT,LG,1,0.692,0.0,2,7,26,2,0.64,1.5,-2,6,25,-5.5,0.192
2026-04-29,잠실,두산,삼성,8,0.4,7.5,-1,5,26,4,0.542,4.0,1,3,25,2.0,0.192
2026-04-29,창원,NC,KIA,6,0.48,5.5,2,5,25,5,0.48,5.5,-1,3,26,0.0,0.192
2026-04-30,대전,한화,SSG,7,0.423,7.5,-1,5,26,2,0.615,2.5,1,7,26,2.0,0.199
2026-04-30,사직,롯데,키움,10,0.32,10.0,-1,2,26,9,0.407,8.0,1,7,27,4.5,0.199
2026-04-30,수원,KT,LG,1,0.704,0.0,3,7,27,3,0.615,2.5,-3,5,26,-5.5,0.199
2026-04-30,잠실,두산,삼성,8,0.423,7.5,1,6,27,4,0.52,5.0,-1,2,26,2.0,0.199
2026-04-30,창원,NC,KIA,6,0.462,6.5,-1,5,26,5,0.5,5.5,1,3,27,1.0,0.199
2026-05-01,고척,키움,두산,9,0.393,8.0,-1,7,28,7,0.444,6.5,2,6,28,2.5,0.207
2026-05-01,광주,KIA,KT,5,0.481,5.5,-1,3,28,1,0.679,0.0,-1,6,28,0.0,0.207
2026-05-01,대구,삼성,한화,4,0.5,5.0,-2,1,27,8,0.407,7.5,-2,4,27,-0.5,0.207
2026-05-01,문학,SSG,롯데,2,0.63,1.5,2,7,27,10,0.346,9.0,1,3,27,-4.0,0.207
2026-05-01,잠실,LG,NC,3,0.63,1.5,1,6,27,6,0.481,5.5,1,6,27,-4.0,0.207
2026-05-02,고척,키움,두산,9,0.379,9.0,-2,6,29,7,0.464,6.5,3,6,29,2.5,0.214
2026-05-02,광주,KIA,KT,5,0.464,6.5,-2,3,29,1,0.69,0.0,1,7,29,0.0,0.214
2026-05-02,대구,삼성,한화,4,0.519,5.0,1,2,28,8,0.393,8.5,-3,3,28,-1.5,0.214
2026-05-02,문학,SSG,롯데,3,0.607,2.5,-1,7,28,10,0.37,9.0,2,4,28,-4.0,0.214
2026-05-02,잠실,LG,NC,2,0.643,1.5,2,6,28,6,0.464,6.5,-1,5,28,-5.0,0.214
2026-05-03,고척,키움,두산,9,0.4,8.0,1,6,30,7,0.448,6.5,-1,5,30,2.5,0.222
2026-05-03,광주,KIA,KT,5,0.483,5.5,1,4,30,1,0.667,0.0,-1,6,30,0.0,0.222
2026-05-03,대구,삼성,한화,4,0.5,5.0,-1,2,29,8,0.414,7.5,1,4,29,-0.5,0.222
2026-05-03,문학,SSG,롯데,3,0.586,2.5,-2,6,29,10,0.393,8.0,3,5,29,-3.0,0.222
2026-05-03,잠실,LG,NC,2,0.655,0.5,3,6,29,6,0.448,6.5,-2,5,29,-5.0,0.222
2026-05-05,광주,KIA,한화,5,0.467,6.5,-1,4,31,9,0.4,8.5,-1,4,30,0.0,0.229
2026-05-05,대구,삼성,키움,4,0.517,5.0,1,3,30,10,0.387,9.0,-1,5,31,-1.5,0.229
2026-05-05,문학,SSG,NC,3,0.567,3.5,-3,5,30,6,0.467,6.5,1,6,30,-3.0,0.229
2026-05-05,수원,KT,롯데,1,0.677,0.0,1,6,31,8,0.414,8.0,4,6,30,-6.5,0.229
2026-05-05,잠실,LG,두산,2,0.633,1.5,-1,5,30,7,0.467,6.5,1,5,31,-5.0,0.229
2026-05-06,광주,KIA,한화,5,0.484,6.5,1,5,32,9,0.387,9.5,-2,3,31,0.0,0.237
2026-05-06,대구,삼성,키움,4,0.533,5.0,2,4,31,10,0.375,10.0,-2,5,32,-1.5,0.237
2026-05-06,문학,SSG,NC,3,0.567,4.0,-3,4,31,6,0.467,7.0,1,5,31,-2.5,0.237
2026-05-06,수원,KT,롯데,1,0.688,0.0,2,6,32,8,0.4,9.0,-1,5,31,-6.5,0.237
2026-05-06,잠실,LG,두산,2,0.645,1.5,1,6,31,7,0.452,7.5,-1,5,32,-5.0,0.237
2026-05-07,광주,KIA,한화,5,0.469,6.5,-1,4,33,9,0.406,8.5,1,4,32,0.0,0.244
2026-05-07,대구,삼성,키움,4,0.548,4.0,3,5,32,10,0.364,10.0,-3,4,33,-2.5,0.244
2026-05-07,문학,SSG,NC,3,0.581,3.0,1,4,32,6,0.452,7.0,-1,4,32,-3.5,0.244
2026-05-07,수원,KT,롯데,1,0.667,0.0,-1,6,33,8,0.419,8.0,1,6,32,-6.5,0.244
2026-05-07,잠실,LG,두산,2,0.656,0.5,2,6,32,7,0.438,7.5,-2,5,33,-6.0,0.244
2026-05-08,고척,키움,KT,10,0.353,10.5,-4,3,34,1,0.667,0.0,-1,6,33,4.0,0.25
2026-05-08,대전,한화,LG,8,0.424,8.0,2,4,33,2,0.636,1.0,-1,5,33,1.5,0.25
2026-05-08,사직,롯데,KIA,9,0.419,8.0,1,6,32,6,0.455,7.0,-2,3,34,1.5,0.25
2026-05-08,잠실,두산,SSG,7,0.455,7.0,1,6,34,4,0.562,3.5,-1,3,33,0.5,0.25
2026-05-08,창원,NC,삼성,5,0.469,6.5,1,5,33,3,0.562,3.5,4,6,33,0.0,0.25
2026-05-09,고척,키움,KT,10,0.343,11.5,-5,2,35,1,0.676,0.0,1,7,34,4.5,0.258
2026-05-09,대전,한화,LG,8,0.412,9.0,-1,4,34,2,0.647,1.0,1,6,34,2.0,0.258
2026-05-09,사직,롯데,KIA,9,0.406,9.0,-1,6,33,5,0.471,7.0,1,4,35,2.0,0.258
2026-05-09,잠실,두산,SSG,7,0.441,8.0,-1,5,35,4,0.576,3.5,1,4,34,1.0,0.258
2026-05-09,창원,NC,삼성,6,0.455,7.5,-1,4,34,3,0.576,3.5,5,7,34,0.5,0.258
2026-05-10,고척,키움,KT,10,0.343,11.5,-5,2,36,1,0.676,0.0,1,6,35,5.0,0.265
2026-05-10,대전,한화,LG,8,0.429,8.5,1,4,35,2,0.629,1.5,-1,6,35,2.0,0.265
2026-05-10,사직,롯데,KIA,9,0.394,9.5,-2,6,34,5,0.486,6.5,2,5,36,3.0,0.265
2026-05-10,잠실,두산,SSG,6,0.457,7.5,1,6,36,4,0.559,4.0,-1,4,35,1.0,0.265
2026-05-10,창원,NC,삼성,7,0.441,8.0,-2,3,35,3,0.588,3.0,6,7,35,1.5,0.265
2026-05-12,고척,키움,한화,10,0.361,10.5,1,2,37,7,0.444,7.5,2,5,36,4.0,0.273
2026-05-12,광주,KIA,두산,5,0.472,6.5,-1,4,37,6,0.472,6.5,2,6,37,0.0,0.273
2026-05-12,사직,롯데,NC,9,0.412,8.5,1,6,35,8,0.429,8.0,-3,3,36,2.0,0.273
2026-05-12,수원,KT,SSG,1,0.657,0.0,-1,5,36,4,0.543,4.0,-2,3,36,-6.5,0.273
2026-05-12,잠실,LG,삼성,2,0.611,1.5,-2,6,36,3,0.6,2.0,7,8,36,-5.0,0.273
2026-05-13,고척,키움,한화,10,0.351,10.5,-1,2,38,6,0.459,6.5,3,6,37,5.0,0.281
2026-05-13,광주,KIA,두산,7,0.459,6.5,-2,4,38,5,0.486,5.5,3,6,38,1.0,0.281
2026-05-13,사직,롯데,NC,9,0.4,8.5,-1,6,36,8,0.444,7.0,1,3,37,3.0,0.281
2026-05-13,수원,KT,SSG,1,0.639,0.0,-2,4,37,4,0.556,3.0,1,3,37,-5.5,0.281
2026-05-13,잠실,LG,삼성,3,0.595,1.5,-3,5,37,2,0.611,1.0,8,9,37,-4.0,0.281
2026-05-14,고척,키움,한화,10,0.368,10.5,1,3,39,7,0.447,7.5,-1,6,38,4.0,0.288
2026-05-14,광주,KIA,두산,5,0.474,6.5,1,5,39,6,0.474,6.5,-1,5,39,0.0,0.288
2026-05-14,사직,롯데,NC,9,0.417,8.5,1,6,37,8,0.432,8.0,-1,3,38,2.0,0.288
2026-05-14,수원,KT,SSG,1,0.649,0.0,1,5,38,4,0.541,4.0,-1,3,38,-6.5,0.288
2026-05-14,잠실,LG,삼성,2,0.605,1.5,1,5,38,3,0.595,2.0,-1,8,38,-5.0,0.288
2026-05-15,대구,삼성,KIA,2,0.605,1.0,1,9,39,5,0.487,5.5,2,5,40,-4.5,0.296
2026-05-15,문학,SSG,LG,4,0.553,3.0,1,4,39,3,0.59,1.5,-1,4,39,-2.5,0.296
2026-05-15,수원,KT,한화,1,0.632,0.0,-1,4,39,6,0.462,6.5,1,6,39,-5.5,0.296
2026-05-15,잠실,두산,롯데,7,0.462,6.5,-2,5,40,9,0.405,8.5,-1,5,38,1.0,0.296
2026-05-15,창원,NC,키움,8,0.447,7.0,1,4,39,10,0.359,10.5,-1,2,40,1.5,0.296
2026-05-16,대구,삼성,KIA,3,0.59,1.0,-1,8,40,5,0.5,4.5,3,6,41,-3.5,0.303
2026-05-16,문학,SSG,LG,4,0.538,3.0,-1,4,40,2,0.6,0.5,1,5,40,-1.5,0.303
2026-05-16,수원,KT,한화,1,0.615,0.0,-2,4,40,6,0.475,5.5,2,7,40,-4.5,0.303
2026-05-16,잠실,두산,롯데,7,0.45,6.5,-3,4,41,9,0.421,7.5,1,5,39,2.0,0.303
2026-05-16,창원,NC,키움,8,0.436,7.0,-1,3,40,10,0.375,9.5,1,3,41,2.5,0.303
2026-05-17,대구,삼성,KIA,1,0.6,0.0,1,8,41,6,0.488,4.5,-1,5,42,-4.5,0.311
2026-05-17,문학,SSG,LG,4,0.55,2.0,1,5,41,3,0.585,0.5,-1,4,41,-2.5,0.311
2026-05-17,수원,KT,한화,2,0.6,0.0,-3,3,41,5,0.488,4.5,3,8,41,-4.5,0.311
2026-05-17,잠실,두산,롯데,7,0.463,5.5,1,5,42,9,0.41,7.5,-1,4,40,1.0,0.311
2026-05-17,창원,NC,키움,8,0.45,6.0,1,4,41,10,0.366,9.5,-1,3,42,1.5,0.311
2026-05-19,고척,키움,SSG,10,0.381,9.5,1,4,43,4,0.537,3.0,-1,4,42,5.0,0.318
2026-05-19,광주,KIA,LG,5,0.5,4.5,1,6,43,2,0.595,0.5,1,4,42,0.0,0.318
2026-05-19,대전,한화,롯데,6,0.476,5.5,-1,7,42,9,0.4,8.5,-2,4,41,1.0,0.318
2026-05-19,잠실,두산,NC,7,0.476,5.5,2,6,43,8,0.439,7.0,-1,4,42,1.0,0.318
2026-05-19,포항,삼성,KT,3,0.585,1.0,-1,7,42,1,0.61,0.0,1,3,42,-3.5,0.318
2026-05-20,고척,키움,SSG,10,0.395,8.5,2,5,44,4,0.524,3.0,-2,4,43,5.0,0.326
2026-05-20,광주,KIA,LG,5,0.512,3.5,2,7,44,3,0.581,0.5,-1,4,43,0.0,0.326
2026-05-20,대전,한화,롯데,7,0.465,5.5,-2,6,43,9,0.415,7.5,1,4,42,2.0,0.326
2026-05-20,잠실,두산,NC,6,0.488,4.5,3,6,44,8,0.429,7.0,-2,3,43,1.0,0.326
2026-05-20,포항,삼성,KT,1,0.595,0.0,1,7,43,2,0.595,0.0,-1,3,43,-3.5,0.326
2026-05-21,고척,키움,SSG,10,0.409,8.0,3,6,45,4,0.512,3.5,-3,3,44,4.5,0.327
2026-05-21,광주,KIA,LG,5,0.512,3.5,2,7,44,3,0.581,0.5,-1,4,43,0.0,0.327
2026-05-21,대전,한화,롯데,7,0.465,5.5,-2,6,43,9,0.415,7.5,1,4,42,2.0,0.327
2026-05-21,잠실,두산,NC,6,0.488,4.5,3,6,44,8,0.429,7.0,-2,3,43,1.0,0.327
2026-05-21,포항,삼성,KT,1,0.595,0.0,1,7,43,2,0.595,0.0,-1,3,43,-3.5,0.327
2026-05-22,광주,KIA,SSG,5,0.5,4.5,-1,6,45,4,0.5,4.5,-4,3,45,0.0,0.335
2026-05-22,대전,한화,두산,7,0.455,6.5,-3,6,44,6,0.5,4.5,4,7,45,2.0,0.335
2026-05-22,사직,롯데,삼성,8,0.429,7.5,2,5,43,1,0.605,0.0,2,7,44,3.0,0.335
2026-05-22,수원,KT,NC,3,0.581,1.0,-2,2,44,10,0.419,8.0,-3,3,44,-3.5,0.335
2026-05-22,잠실,LG,키움,2,0.591,0.5,1,4,44,9,0.422,8.0,4,7,46,-4.0,0.335
2026-05-23,광주,KIA,SSG,4,0.511,4.5,1,6,46,5,0.489,5.5,-5,3,46,-1.0,0.342
2026-05-23,대전,한화,두산,7,0.467,6.5,1,6,45,6,0.489,5.5,-1,6,46,1.0,0.342
2026-05-23,사직,롯데,삼성,9,0.419,8.5,-1,5,44,1,0.614,0.0,3,7,45,3.0,0.342
2026-05-23,수원,KT,NC,2,0.591,1.0,1,3,45,10,0.409,9.0,-4,3,45,-4.5,0.342
2026-05-23,잠실,LG,키움,3,0.578,1.5,-1,4,45,8,0.435,8.0,5,7,47,-4.0,0.342
2026-05-24,광주,KIA,SSG,4,0.522,3.5,2,7,47,6,0.478,5.5,-6,2,47,-2.0,0.35
2026-05-24,대전,한화,두산,5,0.478,5.5,2,6,46,7,0.478,5.5,-2,5,47,0.0,0.35
2026-05-24,사직,롯데,삼성,8,0.432,7.5,1,5,45,1,0.6,0.0,-1,6,46,2.0,0.35
2026-05-24,수원,KT,NC,2,0.6,0.0,2,4,46,10,0.4,9.0,-5,3,46,-5.5,0.35
2026-05-24,잠실,LG,키움,3,0.587,0.5,1,5,46,9,0.426,8.0,-1,7,48,-5.0,0.35
2026-05-26,고척,키움,KIA,9,0.417,9.0,-2,6,49,4,0.532,3.5,3,8,48,3.5,0.357
2026-05-26,문학,SSG,삼성,6,0.468,6.5,-7,2,48,1,0.609,0.0,1,6,47,1.0,0.357
2026-05-26,사직,롯데,LG,8,0.422,8.5,-1,5,46,2,0.596,0.5,2,6,47,3.0,0.357
2026-05-26,잠실,두산,KT,7,0.468,6.5,-3,4,48,3,0.587,1.0,-1,4,47,1.0,0.357
2026-05-26,창원,NC,한화,10,0.413,9.0,1,3,47,5,0.489,5.5,3,6,47,3.5,0.357
2026-05-27,고척,키움,KIA,10,0.408,9.5,-3,6,50,4,0.542,3.0,4,8,49,4.0,0.362
2026-05-27,문학,SSG,삼성,6,0.468,6.5,-7,2,48,1,0.609,0.0,1,6,47,1.0,0.362
2026-05-27,사직,롯데,LG,8,0.413,9.0,-2,4,47,2,0.604,0.0,3,6,48,3.5,0.362
2026-05-27,잠실,두산,KT,7,0.458,7.0,-4,4,49,3,0.596,0.5,1,4,48,1.5,0.362
2026-05-27,창원,NC,한화,9,0.413,9.0,1,3,47,5,0.489,5.5,3,6,47,3.5,0.362
2026-05-28,고척,키움,KIA,10,0.4,10.5,-4,5,51,4,0.551,3.0,5,8,50,4.0,0.37
2026-05-28,문학,SSG,삼성,7,0.458,7.5,-8,1,49,1,0.617,0.0,2,7,48,1.0,0.37
2026-05-28,사직,롯데,LG,9,0.404,10.0,-3,4,48,2,0.612,0.0,4,7,49,3.5,0.37
2026-05-28,잠실,두산,KT,6,0.469,7.0,1,5,50,3,0.583,1.5,-1,4,49,0.5,0.37
2026-05-28,창원,NC,한화,8,0.426,9.0,2,4,48,5,0.479,6.5,-1,6,48,2.5,0.37
2026-05-29,고척,키움,KT,10,0.392,11.5,-5,5,52,3,0.592,1.5,1,5,50,5.0,0.377
2026-05-29,대구,삼성,두산,1,0.625,0.0,3,7,49,6,0.46,8.0,-1,5,51,-6.5,0.377
2026-05-29,대전,한화,SSG,5,0.49,6.5,1,6,49,7,0.449,8.5,-9,1,50,0.0,0.377
2026-05-29,잠실,LG,KIA,2,0.6,1.0,-1,6,50,4,0.56,3.0,6,8,51,-5.5,0.377
2026-05-29,창원,NC,롯데,9,0.417,10.0,-1,3,49,8,0.417,10.0,1,4,49,3.5,0.377
2026-05-30,고척,키움,KT,10,0.385,11.5,-6,4,53,3,0.6,0.5,2,6,51,6.0,0.385
2026-05-30,대구,삼성,두산,1,0.612,0.0,-1,7,50,6,0.471,7.0,1,5,52,-5.5,0.385
2026-05-30,대전,한화,SSG,5,0.5,5.5,2,6,50,7,0.44,8.5,-10,0,51,0.0,0.385
2026-05-30,잠실,LG,KIA,2,0.608,0.0,1,7,51,4,0.549,3.0,-1,8,52,-5.5,0.385
2026-05-30,창원,NC,롯데,9,0.408,10.0,-2,3,50,8,0.429,9.0,2,5,50,4.5,0.385
2026-05-31,고척,키움,KT,10,0.377,12.5,-7,3,54,2,0.608,0.5,3,6,52,7.0,0.392
2026-05-31,대구,삼성,두산,3,0.6,1.0,-2,6,51,6,0.481,7.0,2,5,53,-4.5,0.392
2026-05-31,대전,한화,SSG,5,0.51,5.5,3,6,51,7,0.431,9.5,-11,0,52,0.0,0.392
2026-05-31,잠실,LG,KIA,1,0.615,0.0,2,7,52,4,0.538,4.0,-2,7,53,-5.5,0.392
2026-05-31,창원,NC,롯데,9,0.42,10.0,1,3,51,8,0.42,10.0,-1,5,51,4.5,0.392
2026-06-02,광주,KIA,롯데,4,0.528,5.0,-3,6,54,9,0.412,11.0,-2,4,52,-0.5,0.4
2026-06-02,대구,삼성,NC,3,0.608,1.0,1,7,52,7,0.431,10.0,2,4,52,-4.5,0.4
2026-06-02,문학,SSG,키움,8,0.423,10.5,-12,0,53,10,0.37,13.5,-8,2,55,5.0,0.4
2026-06-02,수원,KT,LG,2,0.615,0.5,4,7,53,1,0.623,0.0,3,8,53,-5.0,0.4
2026-06-02,잠실,두산,한화,6,0.472,8.0,-1,4,54,5,0.519,5.5,4,7,52,2.5,0.4
2026-06-03,광주,KIA,롯데,4,0.537,5.0,1,7,55,9,0.404,12.0,-3,3,53,-1.5,0.407
2026-06-03,대구,삼성,NC,2,0.615,1.0,2,7,53,7,0.423,11.0,-1,4,53,-5.5,0.407
2026-06-03,문학,SSG,키움,8,0.415,11.5,-13,0,54,10,0.382,13.5,1,2,56,5.0,0.407
2026-06-03,수원,KT,LG,3,0.604,1.5,-1,7,54,1,0.63,0.0,4,8,54,-5.0,0.407
2026-06-03,잠실,두산,한화,6,0.481,8.0,1,4,55,5,0.509,6.5,-1,7,53,1.5,0.407
2026-06-04,광주,KIA,롯데,4,0.527,5.0,-1,6,56,9,0.415,11.0,1,4,54,-1.0,0.415
2026-06-04,대구,삼성,NC,3,0.604,1.0,-1,6,54,7,0.434,10.0,1,5,54,-5.0,0.415
2026-06-04,문학,SSG,키움,8,0.426,10.5,1,1,55,10,0.375,13.5,-1,1,57,4.5,0.415
2026-06-04,수원,KT,LG,2,0.611,0.5,1,7,55,1,0.618,0.0,-1,8,55,-5.5,0.415
2026-06-04,잠실,두산,한화,6,0.481,7.5,1,4,56,5,0.509,6.0,-1,7,54,1.5,0.415
2026-06-05,광주,KIA,삼성,4,0.536,5.0,1,6,57,3,0.593,2.0,-2,5,55,-2.0,0.422
2026-06-05,문학,SSG,KT,8,0.436,10.5,2,2,56,2,0.6,1.5,-1,6,56,3.5,0.422
2026-06-05,사직,롯데,한화,9,0.407,12.0,-1,3,55,5,0.5,7.0,-2,6,55,5.0,0.422
2026-06-05,잠실,두산,키움,6,0.491,7.5,2,5,57,10,0.368,14.5,-2,1,58,0.5,0.422
2026-06-05,창원,NC,LG,7,0.444,10.0,2,6,55,1,0.625,0.0,1,8,56,3.0,0.422
2026-06-06,광주,KIA,삼성,4,0.544,5.0,2,6,58,3,0.582,3.0,-3,5,56,-2.0,0.43
2026-06-06,문학,SSG,KT,7,0.446,10.5,3,3,57,2,0.589,2.5,-2,6,57,3.5,0.43
2026-06-06,사직,롯데,한화,9,0.4,13.0,-2,3,56,5,0.509,7.0,1,6,56,6.0,0.43
2026-06-06,잠실,두산,키움,6,0.5,7.5,3,6,58,10,0.362,15.5,-3,1,59,0.5,0.43
2026-06-06,창원,NC,LG,8,0.436,11.0,-1,6,56,1,0.632,0.0,2,8,57,4.0,0.43
2026-06-07,광주,KIA,삼성,4,0.534,5.0,-1,5,59,3,0.589,2.0,1,5,57,-1.0,0.437
2026-06-07,문학,SSG,KT,8,0.439,10.5,-1,3,58,2,0.596,1.5,1,6,58,4.5,0.437
2026-06-07,사직,롯데,한화,9,0.393,13.0,-3,3,57,5,0.518,6.0,2,6,57,7.0,0.437
2026-06-07,잠실,두산,키움,6,0.509,6.5,4,7,59,10,0.356,15.5,-4,1,60,0.5,0.437
2026-06-07,창원,NC,LG,7,0.446,10.0,1,6,57,1,0.621,0.0,-1,7,58,4.0,0.437
2026-06-09,고척,키움,NC,10,0.367,14.5,1,2,61,7,0.456,9.0,2,6,58,9.5,0.445
2026-06-09,대전,한화,KIA,5,0.526,5.0,3,7,58,4,0.542,4.0,1,5,60,0.0,0.445
2026-06-09,사직,롯데,두산,9,0.386,13.0,-4,3,58,6,0.5,6.5,-1,6,60,8.0,0.445
2026-06-09,수원,KT,삼성,2,0.586,1.5,-1,6,59,3,0.579,2.0,-1,4,58,-3.5,0.445
2026-06-09,잠실,LG,SSG,1,0.61,0.0,-2,6,59,8,0.448,9.5,1,4,59,-5.0,0.445
2026-06-10,고척,키움,NC,10,0.377,14.5,2,3,62,7,0.448,10.0,-1,6,59,8.5,0.452
2026-06-10,대전,한화,KIA,5,0.517,6.0,-1,6,59,4,0.55,4.0,2,5,61,0.0,0.452
2026-06-10,사직,롯데,두산,9,0.379,14.0,-5,2,59,6,0.508,6.5,1,7,61,8.0,0.452
2026-06-10,수원,KT,삼성,2,0.593,1.5,1,6,60,3,0.569,3.0,-2,3,59,-4.5,0.452
2026-06-10,잠실,LG,SSG,1,0.617,0.0,1,7,60,8,0.441,10.5,-1,4,60,-6.0,0.452
2026-06-11,고척,키움,NC,10,0.371,15.5,-1,3,63,7,0.458,10.0,1,7,60,9.5,0.46
2026-06-11,대전,한화,KIA,5,0.525,6.0,1,6,60,4,0.541,5.0,-1,5,62,0.0,0.46
2026-06-11,사직,롯데,두산,9,0.39,14.0,1,2,60,6,0.5,7.5,-1,6,62,8.0,0.46
2026-06-11,수원,KT,삼성,2,0.6,1.5,2,6,61,3,0.559,4.0,-3,3,60,-4.5,0.46
2026-06-11,잠실,LG,SSG,1,0.623,0.0,2,7,61,8,0.433,11.5,-2,4,61,-6.0,0.46
2026-06-12,고척,키움,한화,10,0.365,16.5,-2,3,64,4,0.533,6.0,2,6,61,10.5,0.468
2026-06-12,광주,KIA,두산,5,0.532,6.0,-2,5,63,6,0.508,7.5,1,6,63,0.0,0.468
2026-06-12,대구,삼성,SSG,3,0.567,4.0,1,4,61,8,0.426,12.5,-3,4,62,-2.0,0.468
2026-06-12,수원,KT,NC,2,0.59,2.5,-1,5,62,7,0.467,10.0,2,7,61,-3.5,0.468
2026-06-12,잠실,LG,롯데,1,0.629,0.0,3,7,62,9,0.383,15.0,-1,2,61,-6.0,0.468
2026-06-13,고척,키움,한화,10,0.375,15.5,1,4,65,4,0.525,6.0,-1,5,62,9.5,0.475
2026-06-13,광주,KIA,두산,5,0.524,6.0,-3,5,64,6,0.516,6.5,2,7,64,0.0,0.475
2026-06-13,대구,삼성,SSG,3,0.557,4.0,-1,3,62,8,0.435,11.5,1,5,63,-2.0,0.475
2026-06-13,수원,KT,NC,2,0.597,1.5,1,5,63,7,0.459,10.0,-1,6,62,-4.5,0.475
2026-06-13,잠실,LG,롯데,1,0.619,0.0,-1,6,63,9,0.393,14.0,1,3,62,-6.0,0.475
2026-06-14,고척,키움,한화,10,0.385,15.5,2,4,66,5,0.516,7.0,-2,5,63,8.5,0.483
2026-06-14,광주,KIA,두산,4,0.531,6.0,1,5,65,6,0.508,7.5,-1,6,65,-1.0,0.483
2026-06-14,대구,삼성,SSG,3,0.565,4.0,1,3,63,8,0.429,12.5,-1,5,64,-3.0,0.483
2026-06-14,수원,KT,NC,2,0.603,1.5,2,6,64,7,0.452,11.0,-2,6,63,-5.5,0.483
2026-06-14,잠실,LG,롯데,1,0.625,0.0,1,6,64,9,0.387,15.0,-1,3,63,-7.0,0.483
2026-06-16,광주,KIA,LG,4,0.523,7.0,-1,5,66,1,0.631,0.0,2,7,65,-0.5,0.489
2026-06-16,대구,삼성,키움,3,0.571,4.0,2,4,64,9,0.394,15.5,3,5,67,-3.5,0.489
2026-06-16,문학,SSG,롯데,8,0.422,13.5,-2,4,65,10,0.381,16.0,-2,2,64,6.0,0.489
2026-06-16,잠실,두산,KT,5,0.516,7.5,1,7,66,2,0.603,2.0,2,6,64,0.0,0.489
2026-06-16,창원,NC,한화,7,0.452,11.5,-2,6,63,6,0.508,8.0,-3,5,64,4.0,0.489
2026-06-17,광주,KIA,LG,4,0.515,8.0,-2,4,67,1,0.636,0.0,3,7,66,-0.5,0.496
2026-06-17,대구,삼성,키움,3,0.578,4.0,3,5,65,10,0.388,16.5,-1,5,68,-4.5,0.496
2026-06-17,문학,SSG,롯데,8,0.415,14.5,-3,3,66,9,0.391,16.0,1,3,65,6.0,0.496
2026-06-17,잠실,두산,KT,5,0.508,8.5,-1,6,67,2,0.609,2.0,3,6,65,0.0,0.496
2026-06-17,창원,NC,한화,7,0.46,11.5,1,6,64,6,0.5,9.0,-4,5,65,3.0,0.496
2026-06-18,광주,KIA,LG,4,0.522,7.0,1,4,68,1,0.627,0.0,-1,6,67,-1.5,0.504
2026-06-18,대구,삼성,키움,3,0.585,3.0,4,6,66,10,0.382,16.5,-2,5,69,-5.5,0.504
2026-06-18,문학,SSG,롯데,8,0.409,14.5,-4,2,67,9,0.4,15.0,2,4,66,6.0,0.504
2026-06-18,잠실,두산,KT,5,0.5,8.5,-2,5,68,2,0.615,1.0,4,7,66,0.0,0.504
2026-06-18,창원,NC,한화,7,0.469,10.5,2,6,65,6,0.492,9.0,-5,4,66,2.0,0.504
2026-06-19,고척,키움,롯데,10,0.377,16.5,-3,5,70,9,0.4,14.5,2,4,67,9.0,0.511
2026-06-19,대전,한화,삼성,6,0.485,9.0,-6,3,67,3,0.591,2.0,5,6,67,1.5,0.511
2026-06-19,수원,KT,KIA,2,0.606,1.0,-1,7,67,4,0.529,6.0,2,5,69,-6.5,0.511
2026-06-19,잠실,LG,두산,1,0.618,0.0,-2,6,68,5,0.507,7.5,1,5,69,-7.5,0.511
2026-06-19,창원,NC,SSG,7,0.477,9.5,3,7,66,8,0.409,14.0,-4,2,68,2.0,0.511
2026-06-20,고척,키움,롯데,10,0.371,17.5,-4,4,71,8,0.409,14.5,3,5,68,9.0,0.519
2026-06-20,대전,한화,삼성,6,0.485,9.5,-6,2,68,3,0.591,2.5,5,6,68,1.0,0.519
2026-06-20,수원,KT,KIA,2,0.597,2.0,-2,6,68,4,0.536,6.0,3,5,70,-6.5,0.519
2026-06-20,잠실,LG,두산,1,0.623,0.0,1,7,69,5,0.5,8.5,-1,5,70,-8.5,0.519
2026-06-20,창원,NC,SSG,7,0.485,9.5,4,7,67,9,0.403,15.0,-5,1,69,1.0,0.519
2026-06-21,고척,키움,롯데,10,0.366,18.5,-5,3,72,8,0.418,14.5,4,6,69,9.0,0.526
2026-06-21,대전,한화,삼성,6,0.493,9.5,1,3,69,3,0.582,3.5,-1,6,69,0.0,0.526
2026-06-21,수원,KT,KIA,2,0.603,2.0,1,7,69,4,0.529,7.0,-1,4,71,-7.5,0.526
2026-06-21,잠실,LG,두산,1,0.629,0.0,2,7,70,5,0.493,9.5,-2,4,71,-9.5,0.526
2026-06-21,창원,NC,SSG,7,0.478,10.5,-1,6,68,9,0.412,15.0,1,2,70,1.0,0.526
2026-06-23,고척,키움,KIA,10,0.361,19.5,-6,3,73,4,0.535,7.0,1,5,72,9.0,0.534
2026-06-23,대전,한화,두산,6,0.485,10.5,-1,2,70,5,0.486,10.5,-3,4,72,0.0,0.534
2026-06-23,사직,롯데,NC,8,0.426,14.5,5,6,70,7,0.471,11.5,-2,6,69,4.0,0.534
2026-06-23,수원,KT,SSG,2,0.594,3.0,-1,6,70,9,0.42,15.0,2,3,71,-7.5,0.534
2026-06-23,잠실,LG,삼성,1,0.634,0.0,3,7,71,3,0.588,3.5,1,7,70,-10.5,0.534
2026-06-24,고척,키움,KIA,10,0.356,20.5,-7,3,74,4,0.542,7.0,2,6,73,10.0,0.541
2026-06-24,대전,한화,두산,5,0.493,10.5,1,2,71,6,0.479,11.5,-4,3,73,0.0,0.541
2026-06-24,사직,롯데,NC,8,0.435,14.5,6,7,71,7,0.464,12.5,-3,5,70,4.0,0.541
2026-06-24,수원,KT,SSG,2,0.6,3.0,1,6,71,9,0.414,16.0,-1,3,72,-7.5,0.541
2026-06-24,잠실,LG,삼성,1,0.639,0.0,4,7,72,3,0.58,4.5,-1,6,71,-10.5,0.541
2026-06-25,고척,키움,KIA,10,0.351,21.5,-8,2,75,4,0.548,7.0,3,7,74,10.0,0.549
2026-06-25,대전,한화,두산,6,0.486,11.5,-1,2,72,5,0.486,11.5,1,3,74,0.0,0.549
2026-06-25,사직,롯데,NC,8,0.443,14.5,7,7,72,7,0.457,13.5,-4,4,71,3.0,0.549
2026-06-25,수원,KT,SSG,2,0.592,4.0,-1,6,72,9,0.423,16.0,1,3,73,-7.5,0.549
2026-06-25,잠실,LG,삼성,1,0.644,0.0,5,8,73,3,0.571,5.5,-2,6,72,-11.5,0.549
2026-06-26,대구,삼성,KT,3,0.577,4.5,1,6,73,2,0.597,3.0,1,6,73,-6.0,0.557
2026-06-26,문학,SSG,한화,9,0.417,16.0,-1,3,74,6,0.479,11.5,-2,2,73,5.5,0.557
2026-06-26,사직,롯데,LG,8,0.437,14.5,-1,7,73,1,0.635,0.0,-1,7,74,4.0,0.557
2026-06-26,잠실,두산,KIA,5,0.493,10.5,2,4,75,4,0.554,6.0,4,7,75,0.0,0.557
2026-06-26,창원,NC,키움,7,0.465,12.5,1,5,72,10,0.347,21.5,-9,1,76,2.0,0.557
2026-06-27,대구,삼성,KT,3,0.583,3.5,2,6,74,2,0.589,3.0,-1,5,74,-6.0,0.564
2026-06-27,문학,SSG,한화,9,0.411,16.0,-2,3,75,6,0.486,10.5,1,3,74,6.5,0.564
2026-06-27,사직,롯데,LG,8,0.444,13.5,1,8,74,1,0.627,0.0,-2,6,75,4.0,0.564
2026-06-27,잠실,두산,KIA,5,0.5,9.5,3,4,76,4,0.547,6.0,-1,7,76,0.0,0.564
2026-06-27,창원,NC,키움,7,0.472,11.5,2,6,73,10,0.342,21.5,-10,0,77,2.0,0.564
2026-06-28,대구,삼성,KT,2,0.589,3.5,3,6,75,3,0.581,4.0,-2,4,75,-6.0,0.572
2026-06-28,문학,SSG,한화,9,0.405,17.0,-3,3,76,6,0.493,10.5,2,4,75,7.5,0.572
2026-06-28,사직,롯데,LG,8,0.438,14.5,-1,7,75,1,0.632,0.0,1,6,76,5.0,0.572
2026-06-28,잠실,두산,KIA,5,0.507,9.5,4,5,77,4,0.539,7.0,-2,7,77,0.0,0.572
2026-06-28,창원,NC,키움,7,0.466,12.5,-1,5,74,10,0.351,21.5,1,1,78,3.0,0.572
2026-06-30,고척,키움,LG,10,0.346,21.5,-1,1,79,1,0.623,0.0,-1,6,77,12.0,0.579
2026-06-30,광주,KIA,SSG,4,0.545,6.0,1,7,78,9,0.4,17.0,-4,3,77,-3.5,0.579
2026-06-30,대전,한화,KT,6,0.5,9.5,3,5,76,3,0.573,4.0,-3,3,76,0.0,0.579
2026-06-30,잠실,두산,롯데,5,0.5,9.5,-1,5,78,8,0.446,13.5,1,7,76,0.0,0.579
2026-06-30,창원,NC,삼성,7,0.473,11.5,1,5,75,2,0.595,2.5,4,6,76,2.0,0.579
2026-07-01,고척,키움,LG,10,0.354,20.5,1,2,80,1,0.615,0.0,-2,6,78,12.0,0.585
2026-07-01,광주,KIA,SSG,4,0.551,5.0,2,7,79,9,0.395,17.0,-5,3,78,-3.5,0.585
2026-07-01,대전,한화,KT,6,0.5,9.0,3,5,76,3,0.573,3.5,-3,3,76,0.5,0.585
2026-07-01,잠실,두산,롯데,5,0.506,8.5,1,5,79,8,0.44,13.5,-1,7,77,0.0,0.585
2026-07-01,창원,NC,삼성,7,0.467,11.5,-1,4,76,2,0.6,1.5,5,6,77,3.0,0.585
2026-07-02,고척,키움,LG,10,0.35,21.5,-1,2,81,1,0.62,0.0,1,6,79,12.0,0.593
2026-07-02,광주,KIA,SSG,4,0.551,5.5,2,6,80,9,0.395,17.5,-5,3,79,-4.0,0.593
2026-07-02,대전,한화,KT,6,0.493,10.0,-1,5,77,3,0.579,3.5,1,4,77,0.5,0.593
2026-07-02,잠실,두산,롯데,5,0.5,9.5,-1,5,80,8,0.447,13.5,1,7,78,0.0,0.593
2026-07-02,창원,NC,삼성,7,0.474,11.5,1,4,77,2,0.592,2.5,-1,6,78,2.0,0.593
2026-07-03,고척,키움,두산,10,0.346,22.5,-2,2,82,5,0.506,9.5,1,6,81,13.0,0.6
2026-07-03,광주,KIA,NC,4,0.557,5.5,3,7,81,7,0.468,12.5,-1,4,78,-4.0,0.6
2026-07-03,문학,SSG,삼성,9,0.39,18.5,-6,2,80,2,0.597,2.5,1,7,79,9.0,0.6
2026-07-03,수원,KT,롯데,3,0.571,4.5,-1,4,78,8,0.442,14.5,-1,6,79,-5.0,0.6
2026-07-03,잠실,LG,한화,1,0.625,0.0,2,6,80,6,0.5,10.0,1,6,78,-9.5,0.6
2026-07-04,고척,키움,두산,10,0.354,21.5,1,3,83,6,0.5,9.5,-1,6,82,12.5,0.608
2026-07-04,광주,KIA,NC,4,0.55,5.5,-1,6,82,7,0.474,11.5,1,5,79,-3.5,0.608
2026-07-04,문학,SSG,삼성,9,0.385,18.5,-7,1,81,2,0.603,1.5,2,7,80,9.5,0.608
2026-07-04,수원,KT,롯데,3,0.564,4.5,-2,3,79,8,0.449,13.5,1,6,80,-4.5,0.608
2026-07-04,잠실,LG,한화,1,0.617,0.0,-1,5,81,5,0.506,9.0,2,6,79,-9.0,0.608
2026-07-05,고척,키움,두산,10,0.349,22.5,-1,3,84,5,0.506,9.5,1,7,83,13.0,0.615
2026-07-05,광주,KIA,NC,4,0.543,6.5,-2,5,83,7,0.481,11.5,2,6,80,-3.0,0.615
2026-07-05,문학,SSG,삼성,9,0.38,19.5,-8,1,82,2,0.608,1.5,3,8,81,10.0,0.615
2026-07-05,수원,KT,롯데,3,0.557,5.5,-3,3,80,8,0.456,13.5,2,6,81,-4.0,0.615
2026-07-05,잠실,LG,한화,1,0.622,0.0,1,5,82,6,0.5,10.0,-1,6,80,-9.5,0.615
2026-07-07,대구,삼성,LG,2,0.613,1.0,4,9,82,1,0.622,0.0,1,5,82,-8.0,0.62
2026-07-07,대전,한화,NC,6,0.5,10.0,-1,6,80,7,0.481,11.5,2,6,80,1.0,0.62
2026-07-07,사직,롯데,KIA,8,0.45,14.0,-1,5,82,4,0.543,6.5,-2,5,83,5.0,0.62
2026-07-07,수원,KT,키움,3,0.562,5.0,1,3,81,10,0.345,23.0,-2,3,85,-4.0,0.62
2026-07-07,잠실,두산,SSG,5,0.512,9.0,2,7,84,9,0.375,20.0,-9,0,83,0.0,0.62
2026-07-08,대구,삼성,LG,1,0.617,0.0,5,9,83,2,0.614,0.0,-1,4,83,-9.0,0.627
2026-07-08,대전,한화,NC,6,0.494,10.0,-2,5,81,7,0.487,10.5,3,7,81,1.0,0.627
2026-07-08,사직,롯데,KIA,8,0.457,13.0,1,6,83,4,0.537,6.5,-3,4,84,4.0,0.627
2026-07-08,수원,KT,키움,3,0.568,4.0,2,4,82,10,0.341,23.0,-3,3,86,-5.0,0.627
2026-07-08,잠실,두산,SSG,5,0.506,9.0,-1,6,85,9,0.383,19.0,1,1,84,0.0,0.627
2026-07-09,대구,삼성,LG,2,0.61,1.0,-1,8,84,1,0.619,0.0,1,5,84,-8.0,0.633
2026-07-09,대전,한화,NC,6,0.494,10.5,-2,5,81,7,0.487,11.0,3,7,81,1.5,0.633
2026-07-09,사직,롯데,KIA,8,0.463,13.0,2,6,84,4,0.53,7.5,-4,3,85,4.0,0.633
2026-07-09,수원,KT,키움,3,0.573,4.0,3,4,83,10,0.337,24.0,-4,3,87,-5.0,0.633
2026-07-09,잠실,두산,SSG,5,0.512,9.0,1,6,86,9,0.378,20.0,-1,1,85,0.0,0.633
2026-07-16,대구,삼성,롯데,1,0.614,0.0,1,8,85,8,0.458,13.0,-1,6,85,-8.0,0.64
2026-07-16,대전,한화,키움,6,0.5,9.5,1,6,82,10,0.337,23.5,-4,3,87,1.5,0.64
2026-07-16,문학,SSG,KIA,9,0.373,20.0,-2,1,86,4,0.536,6.5,1,4,86,12.0,0.64
2026-07-16,잠실,LG,KT,2,0.612,0.0,-1,5,85,3,0.573,3.5,3,4,83,-8.0,0.64
2026-07-16,창원,NC,두산,7,0.481,11.0,-1,6,82,5,0.518,8.0,2,6,87,3.0,0.64
2026-07-17,대구,삼성,롯데,1,0.619,0.0,2,8,86,8,0.452,14.0,-2,5,86,-9.0,0.647
2026-07-17,대전,한화,키움,6,0.494,10.5,-1,6,83,10,0.345,23.5,1,3,88,1.5,0.647
2026-07-17,문학,SSG,KIA,9,0.381,20.0,1,2,87,4,0.529,7.5,-1,4,87,11.0,0.647
2026-07-17,잠실,LG,KT,2,0.605,1.0,-2,4,86,3,0.578,3.5,4,5,84,-8.0,0.647
2026-07-17,창원,NC,두산,7,0.488,11.0,1,6,83,5,0.512,9.0,-1,6,88,2.0,0.647
2026-07-18,대구,삼성,롯데,1,0.619,0.0,2,8,86,8,0.452,14.0,-2,5,86,-8.5,0.653
2026-07-18,대전,한화,키움,6,0.488,11.0,-2,5,84,10,0.352,23.0,2,4,89,2.5,0.653
2026-07-18,문학,SSG,KIA,9,0.376,20.5,-1,2,88,4,0.535,7.0,1,4,88,12.0,0.653
2026-07-18,잠실,LG,KT,2,0.598,1.5,-3,4,87,3,0.583,3.0,5,6,85,-7.0,0.653
2026-07-18,창원,NC,두산,7,0.482,11.5,-1,6,84,5,0.517,8.5,1,6,89,3.0,0.653
2026-07-19,대구,삼성,롯데,1,0.624,0.0,3,8,87,8,0.447,15.0,-3,5,87,-8.5,0.661
2026-07-19,대전,한화,키움,6,0.482,12.0,-3,4,85,10,0.36,23.0,3,4,90,3.5,0.661
2026-07-19,문학,SSG,KIA,9,0.372,21.5,-2,2,89,4,0.54,7.0,2,4,89,13.0,0.661
2026-07-19,잠실,LG,KT,2,0.591,2.5,-4,4,88,3,0.588,3.0,6,7,86,-6.0,0.661
2026-07-19,창원,NC,두산,7,0.476,12.5,-2,5,85,5,0.523,8.5,2,7,90,4.0,0.661
2026-07-21,고척,키움,삼성,10,0.36,22.5,3,4,91,1,0.616,0.0,-1,8,88,15.0,0.668
2026-07-21,광주,KIA,한화,4,0.545,6.0,3,5,90,6,0.482,11.5,-3,3,86,-1.5,0.668
2026-07-21,사직,롯데,SSG,8,0.453,14.0,1,5,88,9,0.368,21.5,-3,2,90,6.5,0.668
2026-07-21,수원,KT,두산,2,0.593,2.0,7,7,87,5,0.528,7.5,3,7,91,-5.5,0.668
2026-07-21,잠실,LG,NC,3,0.584,2.5,-5,3,89,7,0.471,12.5,-3,5,86,-5.0,0.668
2026-07-22,고척,키움,삼성,10,0.356,23.5,-1,4,92,1,0.621,0.0,1,8,89,15.5,0.676
2026-07-22,광주,KIA,한화,4,0.551,6.0,4,5,91,7,0.476,12.5,-4,3,87,-2.0,0.676
2026-07-22,사직,롯데,SSG,8,0.46,14.0,2,6,89,9,0.364,22.5,-4,2,91,6.0,0.676
2026-07-22,수원,KT,두산,2,0.593,2.5,7,7,88,5,0.528,8.0,3,7,92,-5.5,0.676
2026-07-22,잠실,LG,NC,3,0.578,3.5,-6,2,90,6,0.477,12.5,1,5,87,-4.5,0.676
2026-07-23,고척,키움,삼성,10,0.363,22.5,1,4,93,1,0.614,0.0,-1,7,90,15.0,0.68
2026-07-23,광주,KIA,한화,4,0.544,6.0,-1,5,92,6,0.482,11.5,1,3,88,-1.5,0.68
2026-07-23,사직,롯데,SSG,8,0.455,14.0,-1,5,90,9,0.371,21.5,1,3,92,6.5,0.68
2026-07-23,수원,KT,두산,2,0.593,2.0,7,7,88,5,0.528,7.5,3,7,92,-5.5,0.68
2026-07-23,잠실,LG,NC,3,0.578,3.0,-6,2,90,7,0.477,12.0,1,5,87,-4.5,0.68
2026-07-24,광주,KIA,키움,4,0.538,7.0,-2,5,93,10,0.359,23.5,-1,4,94,-1.0,0.686
2026-07-24,대전,한화,LG,6,0.488,11.5,2,3,89,3,0.571,4.0,-7,2,91,3.5,0.686
2026-07-24,문학,SSG,NC,9,0.378,21.5,2,4,93,7,0.483,12.0,2,6,88,13.5,0.686
2026-07-24,사직,롯데,KT,8,0.449,15.0,-2,4,91,2,0.593,2.5,7,7,88,7.0,0.686
2026-07-24,잠실,두산,삼성,5,0.528,8.0,3,7,92,1,0.618,0.0,1,7,91,0.0,0.686
2026-07-25,광주,KIA,키움,4,0.533,8.0,-3,5,94,10,0.366,23.5,1,5,95,-1.0,0.694
2026-07-25,대전,한화,LG,6,0.494,11.5,3,4,90,3,0.565,5.0,-8,1,92,2.5,0.694
2026-07-25,문학,SSG,NC,9,0.385,21.5,3,4,94,7,0.477,13.0,-1,5,89,12.5,0.694
2026-07-25,사직,롯데,KT,8,0.444,16.0,-3,4,92,2,0.598,2.5,8,8,89,7.0,0.694
2026-07-25,잠실,두산,삼성,5,0.522,9.0,-1,6,93,1,0.622,0.0,2,7,92,0.0,0.694
2026-07-26,광주,KIA,키움,4,0.538,8.0,1,6,95,10,0.362,24.5,-1,5,96,-2.0,0.701
2026-07-26,대전,한화,LG,6,0.489,12.5,-1,4,91,3,0.57,5.0,1,2,93,2.5,0.701
2026-07-26,문학,SSG,NC,9,0.391,21.5,4,5,95,7,0.472,14.0,-2,4,90,11.5,0.701
2026-07-26,사직,롯데,KT,8,0.44,17.0,-4,3,93,2,0.602,2.5,9,9,90,7.0,0.701
2026-07-26,잠실,두산,삼성,5,0.516,10.0,-2,5,94,1,0.626,0.0,3,7,93,0.0,0.701
2026-07-28,대구,삼성,KIA,1,0.62,0.0,-1,7,94,4,0.532,8.0,-1,5,96,-9.0,0.709
2026-07-28,대전,한화,롯데,6,0.494,11.5,1,4,92,8,0.446,16.0,1,3,94,2.5,0.709
2026-07-28,문학,SSG,두산,9,0.391,21.0,4,5,96,5,0.522,9.0,1,6,95,12.0,0.709
2026-07-28,잠실,LG,키움,3,0.564,5.0,-1,1,94,10,0.368,23.5,1,6,97,-4.0,0.709
2026-07-28,창원,NC,KT,7,0.472,13.5,-2,3,91,2,0.596,2.5,-1,8,91,4.5,0.709
2026-07-29,대구,삼성,KIA,1,0.624,0.0,1,7,95,5,0.526,9.0,-2,5,97,-9.0,0.716
2026-07-29,대전,한화,롯데,6,0.489,12.5,-1,4,93,8,0.452,16.0,2,4,95,3.5,0.716
2026-07-29,문학,SSG,두산,9,0.387,22.0,-1,4,97,4,0.527,9.0,2,6,96,13.0,0.716
2026-07-29,잠실,LG,키움,3,0.568,5.0,1,2,95,10,0.365,24.5,-1,5,98,-4.0,0.716
2026-07-29,창원,NC,KT,7,0.467,14.5,-3,3,92,2,0.6,2.5,1,8,92,5.5,0.716
2026-07-30,대구,삼성,KIA,1,0.617,0.0,-1,6,96,4,0.531,8.0,1,5,98,-9.0,0.724
2026-07-30,대전,한화,롯데,6,0.495,11.5,1,5,94,8,0.447,16.0,-1,4,96,2.5,0.724
2026-07-30,문학,SSG,두산,9,0.394,21.0,1,5,98,5,0.521,9.0,-1,5,97,12.0,0.724
2026-07-30,잠실,LG,키움,3,0.562,5.0,-1,2,96,10,0.371,23.5,1,5,99,-4.0,0.724
2026-07-30,창원,NC,KT,7,0.462,14.5,-4,2,93,2,0.604,1.5,2,8,93,5.5,0.724
2026-07-31,고척,키움,SSG,10,0.367,23.5,-1,4,100,9,0.389,21.0,-1,5,99,15.5,0.732
2026-07-31,사직,롯데,삼성,8,0.442,16.0,-2,4,97,1,0.611,0.0,-2,5,97,8.0,0.732
2026-07-31,수원,KT,한화,2,0.609,0.5,3,8,94,6,0.5,10.5,2,6,95,-7.5,0.732
2026-07-31,잠실,두산,LG,5,0.526,8.0,1,6,98,3,0.567,4.0,1,3,97,0.0,0.732
2026-07-31,창원,NC,KIA,7,0.457,14.5,-5,2,94,4,0.536,7.0,2,5,99,6.5,0.732
2026-08-01,고척,키움,SSG,10,0.374,23.5,1,5,101,9,0.385,22.0,-2,5,100,15.5,0.739
2026-08-01,사직,롯데,삼성,8,0.438,17.0,-3,3,98,1,0.615,0.0,1,6,98,9.0,0.739
2026-08-01,수원,KT,한화,2,0.613,0.5,4,8,95,6,0.495,11.5,-1,6,96,-7.5,0.739
2026-08-01,잠실,두산,LG,4,0.531,8.0,2,6,99,3,0.561,5.0,-1,3,98,0.0,0.739
2026-08-01,창원,NC,KIA,7,0.462,14.5,1,3,95,5,0.531,8.0,-1,4,100,6.5,0.739
2026-08-02,고척,키움,SSG,10,0.37,24.0,-1,5,102,9,0.392,21.5,1,6,101,16.0,0.744
2026-08-02,사직,롯데,삼성,8,0.438,17.0,-3,3,98,2,0.615,0.0,1,6,98,9.0,0.744
2026-08-02,수원,KT,한화,1,0.617,0.0,5,8,96,6,0.489,12.0,-2,6,97,-8.0,0.744
2026-08-02,잠실,두산,LG,4,0.531,8.0,2,5,100,3,0.561,5.0,-1,3,99,0.0,0.744
2026-08-02,창원,NC,KIA,7,0.462,14.5,1,3,95,5,0.531,8.0,-1,4,100,6.5,0.744
2026-08-04,광주,KIA,KT,5,0.531,8.5,-1,4,100,1,0.621,0.0,6,8,97,0.0,0.75
2026-08-04,대구,삼성,한화,2,0.608,1.0,-1,5,99,6,0.484,13.0,-3,5,98,-7.5,0.75
2026-08-04,문학,SSG,LG,9,0.388,22.5,-1,5,102,3,0.556,6.0,-2,3,100,14.0,0.75
2026-08-04,사직,롯데,키움,8,0.443,17.0,1,3,99,10,0.376,24.0,1,5,103,8.5,0.75
2026-08-04,잠실,두산,NC,4,0.536,8.0,3,5,101,7,0.462,15.0,1,3,95,-0.5,0.75
2026-08-05,광주,KIA,KT,5,0.531,8.5,-1,4,100,1,0.621,0.0,6,8,97,0.0,0.754
2026-08-05,대구,삼성,한화,2,0.602,1.5,-2,5,100,6,0.49,12.5,1,5,99,-7.0,0.754
2026-08-05,문학,SSG,LG,9,0.394,22.0,1,5,103,3,0.55,6.5,-3,3,101,13.5,0.754
2026-08-05,사직,롯데,키움,8,0.449,16.5,2,4,100,10,0.373,24.5,-1,5,104,8.0,0.754
2026-08-05,잠실,두산,NC,4,0.536,8.0,3,5,101,7,0.462,15.0,1,3,95,-0.5,0.754
2026-08-06,광주,KIA,KT,5,0.531,8.5,-1,4,100,1,0.621,0.0,6,8,97,0.0,0.754
2026-08-06,대구,삼성,한화,2,0.602,1.5,-2,5,100,6,0.49,12.5,1,5,99,-7.0,0.754
2026-08-06,문학,SSG,LG,9,0.394,22.0,1,5,103,3,0.55,6.5,-3,3,101,13.5,0.754
2026-08-06,사직,롯데,키움,8,0.449,16.5,2,4,100,10,0.373,24.5,-1,5,104,8.0,0.754
2026-08-06,잠실,두산,NC,4,0.536,8.0,3,5,101,7,0.462,15.0,1,3,95,-0.5,0.754
2026-08-07,대구,삼성,두산,2,0.602,1.5,-2,5,100,4,0.536,8.0,3,5,101,-7.0,0.754
2026-08-07,대전,한화,키움,6,0.49,12.5,1,5,99,10,0.373,24.5,-1,5,104,4.0,0.754
2026-08-07,수원,KT,롯데,1,0.621,0.0,6,8,97,8,0.449,16.5,2,4,100,-8.5,0.754
2026-08-07,잠실,LG,KIA,3,0.55,6.5,-3,3,101,5,0.531,8.5,-1,4,100,-2.0,0.754
2026-08-07,창원,NC,SSG,7,0.462,15.0,1,3,95,9,0.394,22.0,1,5,103,6.5,0.754
2026-08-08,대구,삼성,두산,2,0.602,1.5,-2,5,100,4,0.536,8.0,3,5,101,-7.0,0.754
2026-08-08,대전,한화,키움,6,0.49,12.5,1,5,99,10,0.373,24.5,-1,5,104,4.0,0.754
2026-08-08,수원,KT,롯데,1,0.621,0.0,6,8,97,8,0.449,16.5,2,4,100,-8.5,0.754
2026-08-08,잠실,LG,KIA,3,0.55,6.5,-3,3,101,5,0.531,8.5,-1,4,100,-2.0,0.754
2026-08-08,창원,NC,SSG,7,0.462,15.0,1,3,95,9,0.394,22.0,1,5,103,6.5,0.754
2026-08-09,대구,삼성,두산,2,0.602,1.5,-2,5,100,4,0.536,8.0,3,5,101,-7.0,0.754
2026-08-09,대전,한화,키움,6,0.49,12.5,1,5,99,10,0.373,24.5,-1,5,104,4.0,0.754
2026-08-09,수원,KT,롯데,1,0.621,0.0,6,8,97,8,0.449,16.5,2,4,100,-8.5,0.754
2026-08-09,잠실,LG,KIA,3,0.55,6.5,-3,3,101,5,0.531,8.5,-1,4,100,-2.0,0.754
2026-08-09,창원,NC,SSG,7,0.462,15.0,1,3,95,9,0.394,22.0,1,5,103,6.5,0.754
2026-08-11,고척,키움,LG,10,0.373,24.5,-1,5,104,3,0.55,6.5,-3,3,101,16.0,0.754
2026-08-11,광주,KIA,삼성,5,0.531,8.5,-1,4,100,2,0.602,1.5,-2,5,100,0.0,0.754
2026-08-11,문학,SSG,롯데,9,0.394,22.0,1,5,103,8,0.449,16.5,2,4,100,13.5,0.754
2026-08-11,잠실,두산,한화,4,0.536,8.0,3,5,101,6,0.49,12.5,1,5,99,-0.5,0.754
2026-08-11,창원,NC,KT,7,0.462,15.0,1,3,95,1,0.621,0.0,6,8,97,6.5,0.754
2026-08-12,고척,키움,LG,10,0.369,25.5,-2,4,105,3,0.554,6.5,1,4,102,17.0,0.762
2026-08-12,광주,KIA,삼성,5,0.535,8.5,1,4,101,2,0.596,2.5,-3,4,101,0.0,0.762
2026-08-12,문학,SSG,롯데,9,0.4,22.0,2,5,104,8,0.444,17.5,-1,4,101,13.5,0.762
2026-08-12,잠실,두산,한화,4,0.541,8.0,4,6,102,6,0.485,13.5,-1,4,100,-0.5,0.762
2026-08-12,창원,NC,KT,7,0.457,16.0,-1,3,96,1,0.625,0.0,7,9,98,7.5,0.762
2026-08-13,고척,키움,LG,10,0.375,24.5,1,5,106,3,0.549,6.5,-1,3,103,16.5,0.769
2026-08-13,광주,KIA,삼성,4,0.54,7.5,2,5,102,2,0.59,2.5,-4,3,102,-0.5,0.769
2026-08-13,문학,SSG,롯데,9,0.406,21.0,3,5,105,8,0.44,17.5,-2,4,102,13.0,0.769
2026-08-13,잠실,두산,한화,5,0.535,8.0,-1,6,103,6,0.49,12.5,1,5,101,0.0,0.769
2026-08-13,창원,NC,KT,7,0.463,15.0,1,3,97,1,0.619,0.0,-1,8,99,7.0,0.769
2026-08-14,광주,KIA,두산,5,0.535,7.5,-1,5,103,4,0.54,7.0,1,7,104,0.0,0.777
2026-08-14,대구,삼성,한화,2,0.594,1.5,1,3,103,6,0.485,12.5,-1,4,102,-6.0,0.777
2026-08-14,사직,롯데,NC,8,0.446,16.5,1,5,103,7,0.469,14.0,2,3,98,9.0,0.777
2026-08-14,수원,KT,키움,1,0.612,0.0,-2,7,100,10,0.371,24.5,-1,4,107,-7.5,0.777
2026-08-14,잠실,LG,SSG,3,0.553,5.5,1,4,104,9,0.402,21.0,-1,5,106,-2.0,0.777
2026-08-15,광주,KIA,두산,5,0.529,8.5,-2,5,104,4,0.545,7.0,2,7,105,0.0,0.784
2026-08-15,대구,삼성,한화,2,0.598,1.5,2,4,104,6,0.48,13.5,-2,4,103,-7.0,0.784
2026-08-15,사직,롯데,NC,8,0.441,17.5,-1,4,104,7,0.474,14.0,3,4,99,9.0,0.784
2026-08-15,수원,KT,키움,1,0.616,0.0,1,8,101,10,0.368,25.5,-2,4,108,-8.5,0.784
2026-08-15,잠실,LG,SSG,3,0.548,6.5,-1,3,105,9,0.408,21.0,1,6,107,-2.0,0.784
2026-08-16,광주,KIA,두산,5,0.534,7.5,1,5,105,4,0.539,7.0,-1,6,106,0.0,0.792
2026-08-16,대구,삼성,한화,2,0.602,0.5,3,4,105,6,0.475,13.5,-3,3,104,-7.0,0.792
2026-08-16,사직,롯데,NC,8,0.447,16.5,1,4,105,7,0.469,14.0,-1,4,100,9.0,0.792
2026-08-16,수원,KT,키움,1,0.61,0.0,-1,7,102,10,0.374,24.5,1,4,109,-7.5,0.792
2026-08-16,잠실,LG,SSG,3,0.552,5.5,1,4,106,9,0.404,21.0,-1,5,108,-2.0,0.792
2026-08-18,대구,삼성,SSG,2,0.602,1.0,3,4,105,9,0.41,21.0,1,6,109,-7.0,0.796
2026-08-18,대전,한화,KIA,6,0.475,14.0,-3,3,104,4,0.538,7.5,2,6,106,6.0,0.796
2026-08-18,사직,롯데,키움,8,0.447,17.0,1,4,105,10,0.37,25.5,-1,4,110,9.0,0.796
2026-08-18,잠실,LG,KT,3,0.547,6.5,-1,3,107,1,0.614,0.0,1,7,103,-1.5,0.796
2026-08-18,창원,NC,두산,7,0.469,14.5,-1,4,100,5,0.534,8.0,-2,6,107,6.5,0.796
2026-08-19,대구,삼성,SSG,2,0.596,1.0,-1,4,106,9,0.415,20.0,2,7,110,-6.0,0.804
2026-08-19,대전,한화,KIA,6,0.471,14.0,-4,2,105,4,0.543,6.5,3,7,107,7.0,0.804
2026-08-19,사직,롯데,키움,8,0.452,16.0,2,5,106,10,0.367,25.5,-2,3,111,9.0,0.804
2026-08-19,잠실,LG,KT,3,0.551,5.5,1,4,108,1,0.608,0.0,-1,6,104,-1.5,0.804
2026-08-19,창원,NC,두산,7,0.465,14.5,-2,4,101,5,0.538,7.0,1,6,108,7.5,0.804
2026-08-20,대구,삼성,SSG,2,0.6,0.0,1,5,107,9,0.411,20.0,-1,6,111,-6.0,0.811
2026-08-20,대전,한화,KIA,6,0.466,14.0,-5,2,106,4,0.547,5.5,4,7,108,8.0,0.811
2026-08-20,사직,롯데,키움,8,0.457,15.0,3,6,107,10,0.364,25.5,-3,3,112,9.0,0.811
2026-08-20,잠실,LG,KT,3,0.556,4.5,2,5,109,1,0.602,0.0,-2,5,105,-1.5,0.811
2026-08-20,창원,NC,두산,7,0.46,14.5,-3,4,102,5,0.543,6.0,2,6,109,8.5,0.811
2026-08-21,고척,키움,KIA,10,0.36,26.5,-4,2,113,3,0.551,5.5,5,7,109,19.5,0.819
2026-08-21,대전,한화,LG,8,0.462,15.0,-6,2,107,4,0.55,5.5,-1,5,110,8.0,0.819
2026-08-21,문학,SSG,KT,9,0.417,20.0,1,7,112,1,0.606,0.0,1,5,106,13.0,0.819
2026-08-21,잠실,두산,롯데,5,0.538,7.0,-1,6,110,7,0.462,15.0,4,7,108,0.0,0.819
2026-08-21,창원,NC,삼성,6,0.465,14.5,1,5,103,2,0.594,1.0,-1,4,108,7.5,0.819
2026-08-22,고척,키움,KIA,10,0.357,27.0,-5,2,114,3,0.556,5.0,6,8,110,19.5,0.827
2026-08-22,대전,한화,LG,8,0.467,14.5,1,3,108,4,0.545,6.0,-2,5,111,7.0,0.827
2026-08-22,문학,SSG,KT,9,0.417,20.0,1,6,113,1,0.606,0.0,1,4,107,12.5,0.827
2026-08-22,잠실,두산,롯데,5,0.533,7.5,-2,5,111,7,0.467,14.5,5,7,109,0.0,0.827
2026-08-22,창원,NC,삼성,6,0.471,14.0,2,6,104,2,0.589,1.5,-2,4,109,6.5,0.827
2026-08-23,고척,키움,KIA,10,0.363,26.5,1,3,115,3,0.55,5.5,-1,7,111,19.0,0.83
2026-08-23,대전,한화,LG,7,0.467,14.5,1,3,108,4,0.545,6.0,-2,5,111,7.0,0.83
2026-08-23,문학,SSG,KT,9,0.417,20.0,1,6,113,1,0.606,0.0,1,4,107,12.5,0.83
2026-08-23,잠실,두산,롯데,5,0.533,7.5,-2,5,111,6,0.467,14.5,5,7,109,0.0,0.83
2026-08-23,창원,NC,삼성,8,0.466,14.5,-1,5,105,2,0.593,1.0,1,5,110,7.0,0.83
2026-08-25,고척,키움,삼성,10,0.368,26.5,2,3,116,2,0.596,1.0,2,6,111,19.0,0.837
2026-08-25,광주,KIA,롯데,4,0.545,6.5,-2,6,112,6,0.463,15.5,-1,6,110,-1.0,0.837
2026-08-25,문학,SSG,한화,9,0.413,21.0,-1,5,114,7,0.462,15.5,-1,2,109,13.5,0.837
2026-08-25,수원,KT,두산,1,0.61,0.0,2,4,108,5,0.537,7.5,1,5,112,-7.5,0.837
2026-08-25,잠실,LG,NC,3,0.55,6.0,1,5,112,8,0.462,15.5,-2,5,106,-1.5,0.837
2026-08-26,고척,키움,삼성,10,0.368,26.0,2,3,117,2,0.596,0.5,2,6,112,19.5,0.845
2026-08-26,광주,KIA,롯데,4,0.55,5.5,1,7,113,6,0.459,15.5,-2,6,111,-1.0,0.845
2026-08-26,문학,SSG,한화,9,0.418,20.0,1,5,115,7,0.458,15.5,-2,2,110,13.5,0.845
2026-08-26,수원,KT,두산,1,0.604,0.0,-1,4,109,5,0.541,6.5,2,6,113,-6.5,0.845
2026-08-26,잠실,LG,NC,3,0.554,5.0,2,6,113,8,0.457,15.5,-3,4,107,-1.5,0.845
2026-08-27,고척,키움,삼성,10,0.365,27.0,-1,3,118,2,0.6,0.5,3,6,113,19.5,0.852
2026-08-27,광주,KIA,롯데,4,0.554,5.5,2,8,114,6,0.455,16.5,-3,6,112,-2.0,0.852
2026-08-27,문학,SSG,한화,9,0.423,20.0,2,6,116,7,0.454,16.5,-3,1,111,12.5,0.852
2026-08-27,수원,KT,두산,1,0.607,0.0,1,5,110,5,0.536,7.5,-1,5,114,-7.5,0.852
2026-08-27,잠실,LG,NC,3,0.558,5.0,3,6,114,8,0.453,16.5,-4,3,108,-2.5,0.852
2026-08-28,광주,KIA,SSG,3,0.554,6.0,2,8,114,9,0.429,20.0,3,6,117,-2.5,0.858
2026-08-28,대구,삼성,KT,2,0.604,0.5,4,6,114,1,0.611,0.0,2,5,111,-8.0,0.858
2026-08-28,대전,한화,NC,8,0.45,17.5,-4,1,112,6,0.458,16.5,1,3,109,9.0,0.858
2026-08-28,사직,롯데,LG,7,0.455,17.0,-3,6,112,4,0.553,6.0,-1,6,115,8.5,0.858
2026-08-28,잠실,두산,키움,5,0.532,8.5,-2,4,115,10,0.362,28.0,-2,2,119,0.0,0.858
2026-08-29,광주,KIA,SSG,3,0.554,6.0,2,8,114,9,0.429,20.0,3,6,117,-2.5,0.858
2026-08-29,대구,삼성,KT,2,0.604,0.5,4,6,114,1,0.611,0.0,2,5,111,-8.0,0.858
2026-08-29,대전,한화,NC,8,0.45,17.5,-4,1,112,6,0.458,16.5,1,3,109,9.0,0.858
2026-08-29,사직,롯데,LG,7,0.455,17.0,-3,6,112,4,0.553,6.0,-1,6,115,8.5,0.858
2026-08-29,잠실,두산,키움,5,0.532,8.5,-2,4,115,10,0.362,28.0,-2,2,119,0.0,0.858
2026-08-30,광주,KIA,SSG,3,0.558,5.5,3,8,115,9,0.425,20.5,-1,6,118,-2.5,0.866
2026-08-30,대구,삼성,KT,1,0.607,0.0,5,6,115,2,0.606,0.5,-1,5,112,-8.0,0.866
2026-08-30,대전,한화,NC,8,0.445,18.0,-5,1,113,6,0.463,16.0,2,4,110,10.0,0.866
2026-08-30,사직,롯데,LG,7,0.45,17.5,-4,5,113,4,0.557,5.5,1,6,116,9.5,0.866
2026-08-30,잠실,두산,키움,5,0.536,8.0,1,5,116,10,0.359,28.5,-3,2,120,0.0,0.866
2026-09-01,고척,키움,SSG,10,0.356,29.0,-4,2,121,9,0.425,20.5,-1,6,118,21.5,0.869
2026-09-01,대구,삼성,롯데,1,0.607,0.0,5,6,115,7,0.45,17.5,-4,5,113,-7.5,0.869
2026-09-01,수원,KT,한화,2,0.606,0.5,-1,5,112,8,0.441,18.5,-6,1,114,-7.0,0.869
2026-09-01,잠실,두산,LG,5,0.54,7.5,2,6,117,4,0.557,5.5,1,6,116,0.0,0.869
2026-09-01,창원,NC,KIA,6,0.468,15.5,3,5,111,3,0.558,5.5,3,8,115,8.0,0.869
2026-09-02,고척,키움,SSG,10,0.353,30.0,-5,2,122,9,0.43,20.5,1,6,119,21.5,0.876
2026-09-02,대구,삼성,롯데,1,0.611,0.0,6,7,116,7,0.446,18.5,-5,5,114,-8.5,0.876
2026-09-02,수원,KT,한화,2,0.609,0.5,1,5,113,8,0.438,19.5,-7,1,115,-8.0,0.876
2026-09-02,잠실,두산,LG,5,0.535,8.5,-1,5,118,3,0.56,5.5,2,7,117,0.0,0.876
2026-09-02,창원,NC,KIA,6,0.473,15.5,4,6,112,4,0.553,6.5,-1,7,116,7.0,0.876
2026-09-03,고척,키움,SSG,10,0.35,31.0,-6,2,123,8,0.435,20.5,2,6,120,21.5,0.884
2026-09-03,대구,삼성,롯데,1,0.614,0.0,7,7,117,7,0.442,19.5,-6,4,115,-9.5,0.884
2026-09-03,수원,KT,한화,2,0.613,0.5,2,6,114,9,0.434,20.5,-8,1,116,-9.0,0.884
2026-09-03,잠실,두산,LG,5,0.53,9.5,-2,4,119,3,0.564,5.5,3,7,118,0.0,0.884
2026-09-03,창원,NC,KIA,6,0.477,15.5,5,6,113,4,0.548,7.5,-2,6,117,6.0,0.884
2026-09-04,고척,키움,NC,10,0.355,30.5,1,3,124,6,0.477,15.5,5,6,113,20.5,0.89
2026-09-04,광주,KIA,KT,4,0.548,7.5,-2,6,117,1,0.616,0.0,3,7,115,-2.5,0.89
2026-09-04,문학,SSG,두산,8,0.431,21.0,-1,6,121,5,0.526,10.0,-3,4,120,11.0,0.89
2026-09-04,사직,롯데,한화,7,0.447,19.0,1,4,116,9,0.43,21.0,-9,1,117,9.0,0.89
2026-09-04,잠실,LG,삼성,3,0.568,5.0,4,7,119,2,0.609,0.5,-1,7,118,-5.0,0.89
2026-09-05,고척,키움,NC,10,0.352,30.5,-1,2,125,6,0.482,14.5,6,6,114,20.5,0.897
2026-09-05,광주,KIA,KT,4,0.552,6.5,1,6,118,1,0.611,0.0,-1,6,116,-3.5,0.897
2026-09-05,문학,SSG,두산,8,0.436,20.0,1,6,122,5,0.521,10.0,-4,4,121,10.0,0.897
2026-09-05,사직,롯데,한화,7,0.443,19.0,-1,3,117,9,0.435,20.0,1,1,118,9.0,0.897
2026-09-05,잠실,LG,삼성,3,0.571,4.0,5,8,120,2,0.603,0.5,-2,7,119,-6.0,0.897
2026-09-06,고척,키움,NC,10,0.35,31.0,-2,1,126,6,0.487,14.0,7,7,115,20.5,0.905
2026-09-06,광주,KIA,KT,4,0.556,6.0,2,6,119,2,0.605,0.5,-2,6,117,-4.5,0.905
2026-09-06,문학,SSG,두산,7,0.441,19.5,2,7,123,5,0.517,10.5,-5,3,122,9.0,0.905
2026-09-06,사직,롯데,한화,8,0.44,19.5,-2,2,118,9,0.44,19.5,2,2,119,9.0,0.905
2026-09-06,잠실,LG,삼성,3,0.567,4.5,-1,8,121,1,0.607,0.0,1,7,120,-6.0,0.905
2026-09-08,대구,삼성,KIA,1,0.61,0.0,2,7,121,4,0.559,6.0,3,6,120,-10.5,0.913
2026-09-08,대전,한화,두산,7,0.444,19.5,3,3,120,5,0.521,10.5,1,3,123,9.0,0.913
2026-09-08,수원,KT,SSG,2,0.6,1.5,-3,5,118,8,0.437,20.5,-1,7,124,-9.0,0.913
2026-09-08,잠실,LG,키움,3,0.562,5.5,-2,7,122,10,0.355,31.0,1,2,127,-5.0,0.913
2026-09-08,창원,NC,롯데,6,0.482,15.0,-1,7,116,9,0.436,20.5,-3,1,119,4.5,0.913
2026-09-09,광주,KIA,NC,4,0.555,7.0,-1,6,121,6,0.478,16.0,-2,7,117,-4.5,0.92
2026-09-09,대구,삼성,KT,1,0.613,0.0,3,8,122,2,0.603,1.5,1,6,119,-11.5,0.92
2026-09-09,대전,한화,LG,7,0.449,19.5,4,4,121,3,0.557,6.5,-3,6,123,8.0,0.92
2026-09-09,잠실,두산,SSG,5,0.517,11.5,-1,3,124,9,0.433,21.5,-2,6,125,0.0,0.92
2026-09-10,광주,KIA,NC,4,0.55,7.0,-2,6,122,6,0.483,15.0,1,8,118,-4.5,0.926
2026-09-10,문학,SSG,한화,9,0.438,20.5,1,6,126,7,0.454,18.5,5,5,122,9.0,0.926
2026-09-10,사직,롯데,KT,8,0.441,20.0,1,2,120,2,0.607,0.5,2,6,120,8.5,0.926
2026-09-10,잠실,두산,키움,5,0.512,11.5,-2,3,125,10,0.36,30.5,2,3,128,0.0,0.926
2026-09-11,광주,KIA,SSG,4,0.545,7.5,-3,5,123,8,0.443,20.0,2,6,127,-3.5,0.932
2026-09-11,대구,삼성,키움,2,0.608,0.0,-1,7,123,10,0.357,31.0,-1,3,129,-11.0,0.932
2026-09-11,대전,한화,NC,7,0.45,19.0,-1,5,123,6,0.487,14.5,2,8,119,8.0,0.932
2026-09-11,사직,롯데,KT,9,0.437,20.5,-1,2,121,1,0.61,0.0,3,6,121,9.5,0.932
2026-09-12,고척,키움,롯데,10,0.354,32.0,-2,3,130,9,0.433,21.5,-2,2,122,20.5,0.938
2026-09-12,대구,삼성,LG,2,0.612,0.0,1,7,124,3,0.553,7.0,-4,5,124,-11.5,0.938
2026-09-12,수원,KT,KIA,1,0.613,0.0,4,7,122,4,0.549,7.5,1,5,124,-11.5,0.938
2026-09-12,잠실,두산,NC,5,0.516,11.5,1,3,126,6,0.492,14.5,3,8,120,0.0,0.938
2026-09-13,광주,KIA,한화,4,0.545,8.5,-1,4,125,7,0.446,20.5,-2,5,124,-4.0,0.944
2026-09-13,대구,삼성,LG,2,0.607,1.0,-1,6,125,3,0.556,7.0,1,6,125,-11.5,0.944
2026-09-13,수원,KT,롯데,1,0.617,0.0,5,7,123,9,0.438,21.5,1,3,123,-12.5,0.944
2026-09-13,잠실,두산,NC,5,0.512,12.5,-1,2,127,6,0.496,14.5,4,8,121,0.0,0.944
2026-09-15,대구,삼성,롯데,2,0.602,2.0,-2,5,126,9,0.434,22.5,-1,3,124,-10.5,0.95
2026-09-15,대전,한화,KT,7,0.443,21.5,-3,5,125,1,0.62,0.0,6,7,124,9.0,0.95
2026-09-15,문학,SSG,KIA,8,0.439,22.0,-1,6,128,4,0.548,8.5,1,5,126,9.5,0.95
2026-09-15,창원,NC,LG,6,0.492,15.5,-1,7,122,3,0.56,7.0,2,6,126,3.0,0.95
2026-09-16,대전,한화,KT,8,0.439,22.5,-4,5,126,1,0.623,0.0,7,7,125,9.5,0.956
2026-09-16,사직,롯데,SSG,9,0.431,23.5,-2,3,125,7,0.444,22.0,1,6,129,10.5,0.956
2026-09-16,잠실,두산,삼성,5,0.516,13.0,1,3,128,2,0.605,2.0,1,5,127,0.0,0.956
2026-09-16,창원,NC,LG,6,0.488,16.5,-2,6,123,3,0.563,7.0,3,6,127,3.5,0.956
2026-09-17,광주,KIA,키움,4,0.544,9.5,-1,5,127,10,0.352,34.0,-3,3,131,-3.0,0.962
2026-09-17,창원,NC,SSG,6,0.484,17.0,-3,5,124,7,0.448,21.5,2,6,130,4.5,0.962
2026-09-18,대전,한화,삼성,8,0.439,22.5,-4,5,127,2,0.6,2.5,-1,5,128,10.0,0.965
2026-09-18,사직,롯데,NC,9,0.427,24.0,-3,2,126,6,0.48,17.5,-4,4,125,11.5,0.965
2026-09-18,수원,KT,LG,1,0.623,0.0,7,7,126,3,0.567,6.5,4,6,128,-12.5,0.965
2026-09-18,잠실,두산,키움,5,0.52,12.5,2,4,129,10,0.349,34.5,-4,3,132,0.0,0.965
2026-09-19,사직,롯데,삼성,9,0.432,23.0,1,3,127,2,0.603,1.5,1,6,129,11.0,0.971
2026-09-19,수원,KT,두산,1,0.618,0.0,-1,7,127,5,0.52,12.0,2,4,130,-12.0,0.971
2026-09-19,잠실,LG,한화,3,0.57,5.5,5,6,129,8,0.435,22.5,-5,4,128,-6.5,0.971
2026-09-19,창원,NC,KIA,6,0.476,17.5,-5,4,126,4,0.548,8.5,1,5,128,5.5,0.971
2026-09-20,문학,SSG,키움,7,0.452,21.0,3,7,131,10,0.349,34.5,-4,3,133,8.0,0.977
2026-09-20,사직,롯데,삼성,8,0.437,23.0,2,4,128,2,0.598,2.5,-1,5,130,10.0,0.977
2026-09-20,수원,KT,두산,1,0.621,0.0,1,8,128,5,0.516,13.0,-1,4,131,-13.0,0.977
2026-09-20,잠실,LG,한화,3,0.574,5.5,6,6,130,9,0.432,23.5,-6,3,129,-7.5,0.977
2026-09-20,창원,NC,KIA,6,0.472,18.5,-6,4,127,4,0.551,8.5,2,5,129,5.5,0.977
2026-09-22,고척,키움,두산,10,0.346,35.5,-5,2,134,5,0.512,14.0,-2,4,132,21.5,0.985
2026-09-22,대구,삼성,NC,2,0.594,3.5,-2,4,131,6,0.468,19.5,-7,3,128,-10.5,0.985
2026-09-22,대전,한화,롯데,9,0.429,24.5,-7,2,130,8,0.441,23.0,3,5,129,10.5,0.985
2026-09-22,문학,SSG,KT,7,0.457,21.0,4,7,132,1,0.624,0.0,2,8,129,7.0,0.985
2026-09-23,대전,한화,롯데,9,0.425,25.5,-8,1,131,8,0.445,23.0,4,5,130,11.5,0.991
2026-09-23,수원,KT,NC,1,0.627,0.0,3,8,130,6,0.465,20.5,-8,2,129,-14.0,0.991
2026-09-23,잠실,두산,KIA,5,0.516,14.0,1,4,133,4,0.555,9.0,3,5,130,0.0,0.991
2026-09-24,문학,SSG,삼성,7,0.453,21.5,-1,6,133,2,0.597,3.0,1,4,132,8.5,0.995
2026-09-24,수원,KT,NC,1,0.622,0.0,-1,7,131,6,0.469,19.5,1,2,130,-13.0,0.995
2026-09-24,잠실,LG,롯데,3,0.577,5.5,7,7,131,8,0.45,22.0,5,6,131,-7.5,0.995
2026-09-25,문학,SSG,삼성,8,0.45,22.5,-2,6,134,2,0.6,3.0,2,5,133,9.0,1.0
2026-09-25,잠실,두산,롯데,5,0.519,13.5,2,5,134,7,0.454,22.0,6,7,132,0.0,1.0
2026-09-25,창원,NC,한화,6,0.465,20.5,-1,1,131,9,0.422,26.0,-9,0,132,7.0,1.0
2026-09-26,광주,KIA,LG,4,0.55,9.5,-1,5,131,3,0.573,6.5,-1,7,132,-4.0,1.0
2026-09-26,수원,KT,키움,1,0.625,0.0,1,7,132,10,0.344,36.5,-6,2,135,-13.5,1.0
2026-09-26,창원,NC,한화,6,0.465,20.5,-1,1,131,9,0.422,26.0,-9,0,132,7.0,1.0
2026-09-27,광주,KIA,LG,4,0.55,9.5,-1,5,131,3,0.573,6.5,-1,7,132,-4.0,1.0
2026-09-27,사직,롯데,한화,7,0.454,22.0,6,7,132,9,0.422,26.0,-9,0,132,8.5,1.0
2026-09-27,잠실,두산,KT,5,0.519,13.5,2,5,134,1,0.625,0.0,1,7,132,0.0,1.0
2026-09-27,창원,NC,키움,6,0.465,20.5,-1,1,131,10,0.344,36.5,-6,2,135,7.0,1.0
2026-09-29,광주,KIA,KT,4,0.55,9.5,-1,5,131,1,0.625,0.0,1,7,132,-4.0,1.0
2026-09-29,대구,삼성,한화,2,0.6,3.0,2,5,133,9,0.422,26.0,-9,0,132,-10.5,1.0
2026-09-29,문학,SSG,LG,8,0.45,22.5,-2,6,134,3,0.573,6.5,-1,7,132,9.0,1.0
2026-09-29,사직,롯데,키움,7,0.454,22.0,6,7,132,10,0.344,36.5,-6,2,135,8.5,1.0
2026-09-29,잠실,두산,NC,5,0.519,13.5,2,5,134,6,0.465,20.5,-1,1,131,0.0,1.0
2026-09-30,광주,KIA,KT,4,0.55,9.5,-1,5,131,1,0.625,0.0,1,7,132,-4.0,1.0
2026-09-30,대구,삼성,한화,2,0.6,3.0,2,5,133,9,0.422,26.0,-9,0,132,-10.5,1.0
2026-09-30,문학,SSG,LG,8,0.45,22.5,-2,6,134,3,0.573,6.5,-1,7,132,9.0,1.0
2026-09-30,사직,롯데,키움,7,0.454,22.0,6,7,132,10,0.344,36.5,-6,2,135,8.5,1.0
2026-09-30,잠실,두산,NC,5,0.519,13.5,2,5,134,6,0.465,20.5,-1,1,131,0.0,1.0
2026-10-01,광주,KIA,KT,4,0.55,9.5,-1,5,131,1,0.625,0.0,1,7,132,-4.0,1.0
2026-10-01,대구,삼성,한화,2,0.6,3.0,2,5,133,9,0.422,26.0,-9,0,132,-10.5,1.0
2026-10-01,문학,SSG,LG,8,0.45,22.5,-2,6,134,3,0.573,6.5,-1,7,132,9.0,1.0
2026-10-01,잠실,두산,NC,5,0.519,13.5,2,5,134,6,0.465,20.5,-1,1,131,0.0,1.0
2026-10-03,대구,삼성,두산,2,0.6,3.0,2,5,133,5,0.519,13.5,2,5,134,-10.5,1.0
2026-10-03,대전,한화,키움,9,0.422,26.0,-9,0,132,10,0.344,36.5,-6,2,135,12.5,1.0
2026-10-03,수원,KT,롯데,1,0.625,0.0,1,7,132,7,0.454,22.0,6,7,132,-13.5,1.0
2026-10-03,잠실,LG,KIA,3,0.573,6.5,-1,7,132,4,0.55,9.5,-1,5,131,-7.0,1.0
2026-10-03,창원,NC,SSG,6,0.465,20.5,-1,1,131,8,0.45,22.5,-2,6,134,7.0,1.0
2026-10-04,대구,삼성,두산,2,0.6,3.0,2,5,133,5,0.519,13.5,2,5,134,-10.5,1.0
2026-10-04,대전,한화,키움,9,0.422,26.0,-9,0,132,10,0.344,36.5,-6,2,135,12.5,1.0
2026-10-04,수원,KT,롯데,1,0.625,0.0,1,7,132,7,0.454,22.0,6,7,132,-13.5,1.0
2026-10-04,잠실,LG,KIA,3,0.573,6.5,-1,7,132,4,0.55,9.5,-1,5,131,-7.0,1.0
2026-10-04,창원,NC,SSG,6,0.465,20.5,-1,1,131,8,0.45,22.5,-2,6,134,7.0,1.0
2026-10-05,대구,삼성,두산,2,0.6,3.0,2,5,133,5,0.519,13.5,2,5,134,-10.5,1.0
2026-10-05,대전,한화,키움,9,0.422,26.0,-9,0,132,10,0.344,36.5,-6,2,135,12.5,1.0
2026-10-05,수원,KT,롯데,1,0.625,0.0,1,7,132,7,0.454,22.0,6,7,132,-13.5,1.0
2026-10-05,잠실,LG,KIA,3,0.573,6.5,-1,7,132,4,0.55,9.5,-1,5,131,-7.0,1.0
2026-10-05,창원,NC,SSG,6,0.465,20.5,-1,1,131,8,0.45,22.5,-2,6,134,7.0,1.0
2026-10-06,고척,키움,KT,10,0.344,36.5,-6,2,135,1,0.625,0.0,1,7,132,23.0,1.0
2026-10-06,광주,KIA,삼성,4,0.55,9.5,-1,5,131,2,0.6,3.0,2,5,133,-4.0,1.0
2026-10-06,대전,한화,SSG,9,0.422,26.0,-9,0,132,8,0.45,22.5,-2,6,134,12.5,1.0
2026-10-06,사직,롯데,두산,7,0.454,22.0,6,7,132,5,0.519,13.5,2,5,134,8.5,1.0
2026-10-06,잠실,LG,NC,3,0.573,6.5,-1,7,132,6,0.465,20.5,-1,1,131,-7.0,1.0
2026-10-07,고척,키움,한화,10,0.344,36.5,-6,2,135,9,0.422,26.0,-9,0,132,23.0,1.0
2026-10-07,문학,SSG,NC,8,0.45,22.5,-2,6,134,6,0.465,20.5,-1,1,131,9.0,1.0
2026-10-07,사직,롯데,KIA,7,0.454,22.0,6,7,132,4,0.55,9.5,-1,5,131,8.5,1.0
2026-10-07,수원,KT,삼성,1,0.625,0.0,1,7,132,2,0.6,3.0,2,5,133,-13.5,1.0
2026-10-07,잠실,LG,두산,3,0.573,6.5,-1,7,132,5,0.519,13.5,2,5,134,-7.0,1.0
